the_geom,OBJECTID_1,OBJECTID,ADDRESS,CITY,STATE,ZIP_CODE,TAX_MAP_NO,GRADE,SCHOOL_ID,FAX_,PHONE_,FullName,Status,Affiliated,Website,Label1,Label2
POINT (-85.310042987313 35.02630097447),1,48,2500 S Market St,Chattanooga,TN,37408,155D A 002,9-12,137,423-209-5869,423-209-5868,The Howard School,PUBLIC,,http://howard.hcde.org/,Howard,High
POINT (-85.294798867996 35.050253862633),37,82,865 E Third St,Chattanooga,TN,37403,136P D 003,K-12,46,423-209-5817,423-209-5816,Chattanooga School for the Arts & Sciences,PUBLIC,,http://csasupper.hcde.org/   http://csaslower.hcde.org/,CSAS,Elem-High
POINT (-85.257361857906 35.062147500955),36,97,2100 Glass St,Chattanooga,TN,37406,136E B 004,K-5,113,423-493-0302,423-493-0300,Hardy Elementary School,PUBLIC,,http://hardy.hcde.org/,Hardy,Elem
POINT (-85.153369059183 35.062382914193),5,53,6837 Tyner Rd,Chattanooga,TN,37421,139H A 010,6-8,239,423-855-2699,423-855-2648,Tyner Middle Academy,PUBLIC,,http://www.tynermiddleacademy.com/,Tyner,Middle
POINT (-85.22666211543 35.031645503502),24,99,800 Woodmore Ln,Chattanooga,TN,37411,147N B 043,PK-5,245,423-493-0396,423-493-0394,Woodmore Elementary School,PUBLIC,,http://woodmore.hcde.org/,Woodmore,Elem
POINT (-85.147205831207 35.058467940156),31,119,7126 Tyner Rd,Chattanooga,TN,37421,139I K 022,K-5,17,423-855-2668,423-855-2611,Bess T. Shepherd Elementary,PUBLIC,,http://bts.hcde.org/,B T Shepherd,Elem
POINT (-85.295788839287 35.089687615062),32,120,901 Altamont Rd,Chattanooga,TN,37415,127A B 026,K-8,56,423-209-7741,423-209-7740,Dawn School,PUBLIC,,http://dawn.hcde.org/,Dawn,Elem-Middle
POINT (-85.307816927005 35.035906519702),35,126,1601 Market St,Chattanooga,TN,37402,145LA A 001,K-5,16,423-209-5747,423-209-5748,Battle Academy,PUBLIC,,http://www.battleacademy.hcde.org/,Battle,Academy
POINT (-85.276177602437 35.023199474655),40,118,1603 S Lyerly St,Chattanooga,TN,37404,156B G 005,K-5,78,423-493-7784,423-493-7780,East Side Elementary School,PUBLIC,,http://ese.hcde.org/,East Side,Elem
POINT (-85.271802403659 35.04022387625),22,95,2000 E 3rd St,Chattanooga,TN,37404,146C P 030,K-5,194,423-493-0388,423-493-0385,Orchard Knob Elementary School,PUBLIC,,http://oke.hcde.org/,Orchard Knob,Elem
POINT (-85.178259014036 35.09118798106),27,113,4850 Jersey Pike,Chattanooga,TN,37416,129C A 003,K-5,159,423-855-2607,423-855-2605,"Lakeside Academy of Math, Science and Technology",PUBLIC,,http://lakesideacademy.hcde.org/,Lakeside,Academy
POINT (-85.139376692807 35.10949903073),7,55,5716 Highway 58,Harrison,TN,37341,121  003,6-8,35,423-344-1471,423-344-1439,Brown Middle School,PUBLIC,,http://bms.hcde.org/,Brown,Middle
POINT (-85.366075555874 35.033132015007),33,121,350 Lookout High St,Chattanooga,TN,37419,144N A 028,6-12,165,423-821-7951,423-825-7352,Lookout Valley High and Middle School,PUBLIC,,http://lvmhs.hcde.org/,Lookout Valley,Middle-High
POINT (-85.153820291934 35.060744617035),4,52,6836 Tyner Rd,Chattanooga,TN,37421,139H B 004,9-12,237,423-855-9417,423-855-2635,Tyner Academy,PUBLIC,,http://www.tyneracademy.org/,Tyner,High
POINT (-85.147492564462 35.024877979099),39,0,7553 Igou Gap Rd,Chattanooga,TN,37421,159B B 019,4-5,62,,423-855-6161,East Brainerd Intermediate Elementary School,PUBLIC,,http://ebe.hcde.org/,E Brainerd Inter.,Elem
POINT (-85.211068429296 35.13162681762),11,75,5210 Cassandra Smith Rd,Hixson,TN,37343,110  012,K-5,19,423-842-0659,423-842-8200,Big Ridge Elementary School,PUBLIC,,http://bigridge.hcde.org/,Big Ridge,Elem
POINT (-85.213577794889 35.006987758618),41,3744,5600 Brainerd Rd Ste A-24,Chattanooga,TN,37411,157M A 001,K-2,0,423-402-8012,423-521-0402,Chattanooga Charter School of Excellence,PUBLIC,Elementary Charter,http://chattanoogacharter.com,Chatt. Charter,K-Elem
POINT (-85.176375077103 35.084278702949),28,114,7821 Hancock Rd,Chattanooga,TN,37407,129F B 012,6-12,250,423-893-3521,423-893-3520,Washington Alternative School,PUBLIC,,http://washington.hcde.org/,Washington,Alternative
POINT (-85.301429901742 35.076844625893),15,80,1219 West Mississippi Ave,Chattanooga,TN,37405,126M M 041,6-8,43,423-209-5920,423-209-5914,Normal Park Musuem Magnet - Upper,PUBLIC,,http://normalpark.com/,Normal Park Upper,Middle
POINT (-85.253491190722 35.114140112942),12,76,4134 Hixson Pike,Hixson,TN,37415,118D J 002,K-5,58,423-870-0615,423-870-0615,DuPont Elementary School,PUBLIC,,http://www.dupontelementary.org/,DuPont,Elem
POINT (-85.217865077346 35.028260600536),2,50,1020 N Moore Rd,Chattanooga,TN,37411,147N K 002,9-12,21,423-855-2628,423-855-2615,Brainerd High School,PUBLIC,,http://bhs.hcde.org/,Brainerd,High
POINT (-85.282003357615 35.001376869472),29,115,2700 E 34th St,Chattanooga,TN,37407,168B J 012,6-8,64,423-493-0343,423-493-0334,East Lake Academy of Fine Arts,PUBLIC,,http://eastlakeacademy.hcde.org/,E Lake,Academy
POINT (-85.276909723105 35.033530113132),38,40,1802 Bailey Ave,Chattanooga,TN,37404,146J U 003,6-12,8001,,423-493-4337,Chattanooga Girls Leadership Academy,PUBLIC,,http://cglaonline.com/,CGLA,Middle-High
POINT (-85.210271579621 35.080185529935),25,100,4302 Bonny Oaks Dr,Chattanooga,TN,37416,128L B 011,K-5,133,423-855-2604,423-855-2602,Hillcrest Elementary School,PUBLIC,,http://hillcrest.hcde.org/,Hillcrest,Elem
POINT (-85.356979522531 35.044501221644),17,83,701 Browns Ferry Rd,Chattanooga,TN,37419,144D B 013,K-5,241,423-825-1463,423-825-0661,Lookout Valley Elementary School,PUBLIC,,http://www.lookoutvalleyelementary.org/,Lookout Valley,Elem
POINT (-85.189567042765 35.019926434921),26,112,6579 East Brainerd Rd,Chattanooga,TN,37421,158B C 039,K-8,162,423-855-9429,423-855-2614,Chattanooga School for the Liberal Arts,PUBLIC,,http://csla.hcde.org/,CSLA,Elem-Middle
POINT (-85.161446619488 35.014804079003),42,0,7453 East Brainerd Road,Chattanooga,TN,37421,158E D 006,K-3,62,423-855-2610,423-855-2600,East Brainerd Primary Elementary School,PUBLIC,,http://ebe.hcde.org/?PageName=Contact,E Brainerd Prim.,Elem
POINT (-85.246041404579 35.149138372713),10,74,5950 Winding Ln,Hixson,TN,37343,100H B 006,K-5,127,423-870-0628,423-870-0621,Hixson Elementary School,PUBLIC,,http://hes.hcde.org/,Hixson,Elem
POINT (-85.142271531777 35.110470967192),8,56,5637 Highway 58,Harrison,TN,37341,121B A 006,K-5,90,423-344-1430,423-344-1428,Harrison Elementary School,PUBLIC,,http://harrison.hcde.org/,Harrison,Elem
POINT (-85.221423596138 35.040750610252),23,98,1300 Shallowford Rd,Chattanooga,TN,37411,147F F 004,6-8,55,423-493-0327,423-493-0323,Dalewood Middle School,PUBLIC,,http://dms.hcde.org/,Dalewood,Middle
POINT (-85.31808702878 35.01102128164),30,117,927 W 37th St,Chattanooga,TN,37410,155N C 001,PK-5,37,423-825-7335,423-825-7337,Calvin Donaldson Environmental Science Academy,PUBLIC,,http://cde.hcde.org/,Calvin Donaldson,Academy
POINT (-85.229900140482 35.012605872009),18,88,4808 Brainerd Rd,Chattanooga,TN,37411,157J R 011,K-5,97,423-493-0354,423-493-0348,Barger Academy of Fine Arts,PUBLIC,,http://bargeracademy.hcde.org/,Barger,Academy
POINT (-85.294516255313 35.068749571563),16,81,1009 Mississippi Ave,Chattanooga,TN,37405,136A F 021,K-5,41,423-209-5900,423-209-5900,Normal Park Museum Magnet - Lower,PUBLIC,,http://normalpark.com/,Normal Park Lower,Elem
POINT (-85.27621401924 35.044116340966),21,94,500 North Highland Park Ave,Chattanooga,TN,37404,146B Q 001,6-8,200,423-493-7795,423-493-7793,Orchard Knob Middle School,PUBLIC,,http://okms.hcde.org/,Orchard Knob,Middle
POINT (-85.290344877985 35.008556069271),19,91,1815 E 32nd St,Chattanooga,TN,37407,156P H 002.04,K-5,48,423-493-0362,423-493-0357,Clifton Hills Elementary School,PUBLIC,,http://che.hcde.org/,Clifton Hills,Elem
POINT (-85.279315940543 34.998772144071),20,92,3600 13th Ave,Chattanooga,TN,37407,168G L 001,K-5,63,423-493-0370,423-493-0366,East Lake Elementary School,PUBLIC,,http://ele.hcde.org/,E Lake,Elem
POINT (-85.062923485562 35.093714970098),3,51,6123 Mountain View Rd,Ooltewah,TN,37363,123 007.01,9-12,160,423-238-5871,423-238-5221,Ooltewah High School,PUBLIC,,http://ohs.hcde.org/,Ooltewah,High
POINT (-85.274062602643 35.10177240833),13,77,3330 Hixson Pike,Hixson,TN,37415,118K A 045,PK-5,183,423-870-0611,423-870-0610,Rivermont Elementary School,PUBLIC,,http://res.hcde.org/,Rivermont,Elem
POINT (-85.321503518537 35.110705394442),9,65,1100 Mountain Creek Rd,Red Bank,TN,37405,117C A 009.03,K-5,171,423-874-1918,423-874-1917,Red Bank Elementary School,PUBLIC,,http://rbe.hcde.org/,Red Bank,Elem
POINT (-85.303539786528 35.079284994901),14,79,1301 Dallas Rd,Chattanooga,TN,37405,126L C 001,6-12,45,423-209-5930,423-209-5929,Chattanooga Center for the Creative Arts,PUBLIC,,http://cca.hcde.org/,Chatt. CCA,Middle-High
POINT (-85.135548952517 35.109626582881),6,54,5728 Highway 58,Harrison,TN,37341,121  003,9-12,40,423-344-1470,423-344-1447,Central High School,PUBLIC,,http://chs.hcde.org/,Central,High
POINT (-85.299275987829 35.043801970989),34,125,718 E 8th St,Chattanooga,TN,37403,145E H 001,K-5,33,423-209-5760,423-209-5762,Brown International Academy,PUBLIC,,http://brownacademy.hcde.org/,Brown,Academy
