Ethnicity,Gender,Start date,End date,Status
,,12/15/2016,12/15/2019,Active
,,12/15/2016,12/15/2019,Active
,,,,Active
African American,Male,07/02/2019,07/02/2022,Active
,,09/07/2016,12/28/2018,Term Completed
Caucasian/Non-Hispanic,Female,01/05/2016,01/05/2019,Term Completed
Caucasian/Non-Hispanic,Male,09/01/2016,09/01/2019,Term Completed
,,07/16/2020,09/07/2021,Active
,,09/01/2015,09/01/2018,Term Completed
,,07/11/2017,07/10/2020,Term Completed
Caucasian/Non-Hispanic,Male,02/23/2021,02/23/2024,Active
Caucasian/Non-Hispanic,Male,08/09/2021,04/14/2025,Active
,,11/18/2014,11/18/2017,Term Completed
,Female,01/01/2000,09/09/2016,Term Completed
African American,Female,09/29/2015,09/29/2018,Term Completed
,Female,01/01/2000,10/08/2015,Term Completed
Caucasian/Non-Hispanic,Male,03/31/2020,03/31/2025,Active
Caucasian/Non-Hispanic,Male,,,Term Completed
African American,Male,01/01/2000,06/21/2017,Term Completed
,,02/11/2020,02/09/2024,Resigned
Caucasian/Non-Hispanic,Male,,,Term Completed
,,02/23/2021,02/23/2024,Term Completed
,,07/30/2013,02/09/2024,Term Completed
,Male,03/23/2021,06/01/2026,Active
,,12/19/2019,12/19/2022,Term Completed
,,12/19/2019,12/19/2022,Term Completed
Caucasian/Non-Hispanic,Male,02/24/2026,02/24/2031,Upcoming
Caucasian/Non-Hispanic,Male,02/24/2026,06/01/2026,Upcoming
,,12/19/2019,12/19/2022,Term Completed
,,02/05/2019,02/05/2024,Active
,,12/19/2019,12/19/2022,Term Completed
African American,Male,07/01/2013,06/30/2017,Term Completed
,,12/19/2019,12/19/2022,Term Completed
,,,,Active
,,12/19/2019,12/19/2022,Term Completed
Caucasian/Non-Hispanic,Female,06/08/2021,06/09/2025,Active
Caucasian/Non-Hispanic,Male,10/14/2014,10/14/2017,Active
Caucasian/Non-Hispanic,Male,12/19/2020,12/19/2023,Active
,,07/21/2015,07/21/2019,Term Completed
,,12/18/2019,12/18/2021,Term Completed
,,12/18/2019,12/18/2021,Term Completed
Caucasian/Non-Hispanic,Female,01/07/2013,12/31/2016,Term Completed
,,08/01/2020,08/01/2021,Term Completed
Caucasian/Non-Hispanic,Male,01/01/2000,09/01/2017,Term Completed
,,01/02/2017,11/16/2017,Term Completed
African American,Female,08/11/2021,08/10/2024,Active
Caucasian/Non-Hispanic,Male,03/26/2019,03/24/2020,Term Completed
,,03/19/2021,03/19/2024,Active
Caucasian/Non-Hispanic,Female,,,Term Completed
,,02/14/2018,02/21/2019,Term Completed
,,03/19/2021,03/19/2024,Active
Caucasian/Non-Hispanic,Male,04/01/2013,04/01/2017,Term Completed
Caucasian/Non-Hispanic,Male,09/10/2016,09/10/2020,Term Completed
African American,Male,06/08/2021,06/08/2024,Active
Caucasian/Non-Hispanic,Male,10/20/2015,01/12/2024,Active
African American,Female,06/15/2010,02/09/2024,Active
,Male,08/31/2021,08/31/2024,Active
,,03/01/2016,01/01/2018,Term Completed
,,02/23/2016,06/18/2018,Resigned
Caucasian/Non-Hispanic,Male,01/01/2000,07/01/2017,Term Completed
Caucasian/Non-Hispanic,Female,12/01/2020,12/05/2023,Active
Caucasian/Non-Hispanic,Male,08/14/2018,08/14/2022,Term Completed
,Female,09/10/2016,09/10/2020,Term Completed
Caucasian/Non-Hispanic,Male,01/01/2000,06/21/2017,Term Completed
Caucasian/Non-Hispanic,Female,10/17/2017,10/17/2022,Term Completed
Caucasian/Non-Hispanic,Male,01/01/2000,12/03/2016,Term Completed
Caucasian/Non-Hispanic,Male,01/01/2000,08/26/2015,Term Completed
Caucasian/Non-Hispanic,Male,01/01/2000,05/07/2016,Term Completed
Caucasian/Non-Hispanic,Male,01/01/2000,05/31/2016,Term Completed
,,01/21/2022,01/21/2025,Active
,,09/11/2020,09/11/2024,Active
Caucasian/Non-Hispanic,Male,01/01/2000,06/21/2017,Term Completed
African American,Female,01/01/2000,05/07/2017,Term Completed
African American,Male,01/01/2000,08/18/2016,Term Completed
African American,Female,05/10/2016,05/10/2018,Term Completed
African American,Female,01/01/2000,08/16/2015,Term Completed
,Male,01/01/2000,10/10/2015,Term Completed
Caucasian/Non-Hispanic,Male,01/01/2000,09/09/2016,Term Completed
Hispanic,Male,12/10/2019,12/10/2023,Active
,,09/06/2016,09/06/2020,Term Completed
Caucasian/Non-Hispanic,Male,01/01/2000,09/09/2016,Term Completed
Caucasian/Non-Hispanic,Female,,,Term Completed
Caucasian/Non-Hispanic,Female,04/05/2022,04/05/2025,Active
,,09/13/2016,09/13/2019,Term Completed
,,08/01/2020,08/01/2021,Term Completed
,,03/31/2020,03/31/2025,Active
,,09/13/2016,09/13/2019,Term Completed
,,09/13/2016,09/13/2019,Term Completed
African American,Male,01/01/2000,04/15/2019,Term Completed
,,09/13/2016,09/13/2019,Term Completed
,,09/22/2015,09/22/2018,Term Completed
Caucasian/Non-Hispanic,Male,03/31/2020,03/31/2025,Resigned
,,09/13/2016,09/13/2019,Term Completed
,,02/17/2015,02/17/2018,Term Completed
Caucasian/Non-Hispanic,Male,03/01/2011,03/01/2013,Term Completed
Caucasian/Non-Hispanic,Male,01/01/2000,06/24/2014,Term Completed
Caucasian/Non-Hispanic,Male,06/26/1999,02/10/2018,Term Completed
,,02/15/2020,02/15/2023,Active
Caucasian/Non-Hispanic,Male,01/01/2000,01/16/2016,Terminated
,,01/01/2000,02/16/2016,Resigned
,,09/01/2016,09/01/2019,Term Completed
Caucasian/Non-Hispanic,Male,01/01/2000,09/01/2014,Term Completed
African American,Male,09/01/2012,09/01/2015,Term Completed
,,09/01/2014,09/01/2017,Term Completed
African American,Male,04/15/2014,04/17/2017,Term Completed
African American,Female,01/01/2000,12/14/2016,Term Completed
,,01/01/2016,01/01/2018,Term Completed
,,02/10/2015,02/10/2018,Term Completed
Asian or Pacific Islander,Female,11/16/2021,11/15/2024,Active
Caucasian/Non-Hispanic,Male,01/01/2000,05/01/2016,Term Completed
Caucasian/Non-Hispanic,Male,01/01/2000,05/01/2016,Term Completed
African American,Female,01/01/2000,05/01/2016,Term Completed
African American,Male,01/01/2000,06/01/2014,Term Completed
,,09/01/2015,01/01/2018,Term Completed
Caucasian/Non-Hispanic,Female,03/27/2018,03/27/2021,Term Completed
Caucasian/Non-Hispanic,Female,03/28/2021,03/26/2024,Active
Caucasian/Non-Hispanic,Male,09/01/2013,09/01/2016,Term Completed
,,08/01/2017,08/01/2020,Term Completed
,,07/26/2020,07/26/2023,Active
,,08/02/2020,08/02/2023,Active
,,08/25/2020,08/25/2023,Active
,,08/02/2020,08/02/2023,Active
Caucasian/Non-Hispanic,Female,01/23/2018,01/23/2022,Term Completed
African American,Female,06/24/2014,06/24/2018,Term Completed
African American,Female,06/25/2013,06/30/2016,Term Completed
,,09/15/2015,09/15/2018,Active
Caucasian/Non-Hispanic,Male,04/30/2013,04/30/2016,Active
Caucasian/Non-Hispanic,Female,06/24/2014,06/24/2018,Term Completed
,Male,01/01/2000,06/30/2013,Term Completed
Caucasian/Non-Hispanic,Male,08/07/2018,04/15/2020,Resigned
African American,Female,10/28/2003,08/14/2023,Active
Caucasian/Non-Hispanic,Male,01/10/1978,08/14/2023,Active
Caucasian/Non-Hispanic,Female,11/11/2014,01/31/2020,Term Completed
,,05/05/2017,05/05/2020,Term Completed
Caucasian/Non-Hispanic,Female,02/23/2019,02/23/2022,Term Completed
,,02/10/2015,02/10/2018,Term Completed
African American,Male,02/23/2020,02/23/2023,Active
Caucasian/Non-Hispanic,Female,02/14/2018,02/14/2021,Term Completed
Caucasian/Non-Hispanic,Male,02/23/2020,02/23/2023,Active
Caucasian/Non-Hispanic,Male,02/14/2020,02/14/2021,Term Completed
Other,Male,02/14/2020,02/14/2021,Term Completed
,,02/14/2018,02/21/2019,Term Completed
Caucasian/Non-Hispanic,Male,02/22/2019,02/22/2019,Term Completed
Caucasian/Non-Hispanic,Male,02/23/2021,02/23/2022,Term Completed
,,09/13/2016,09/13/2019,Term Completed
African American,Male,01/01/2000,09/01/2014,Term Completed
Caucasian/Non-Hispanic,Male,04/05/2022,04/05/2023,Active
,,05/01/2018,04/30/2021,Term Completed
Caucasian/Non-Hispanic,Female,01/01/2000,06/30/2016,Term Completed
,,11/03/2015,11/04/2018,Active
African American,Male,04/05/2022,04/05/2025,Active
Caucasian/Non-Hispanic,Male,01/23/2018,01/23/2020,Term Completed
Caucasian/Non-Hispanic,Male,01/01/2000,08/16/2016,Resigned
,Male,01/01/2000,08/01/2013,Resigned
Caucasian/Non-Hispanic,Female,01/01/2000,08/01/2015,Term Completed
,Female,01/01/2000,07/01/2015,Term Completed
,,05/03/2018,09/06/2022,Active
Caucasian/Non-Hispanic,Female,05/01/2020,05/01/2022,Term Completed
Caucasian/Non-Hispanic,Male,05/10/2016,05/10/2018,Term Completed
Caucasian/Non-Hispanic,Male,01/01/2014,01/01/2019,Term Completed
Caucasian/Non-Hispanic,Male,01/01/2000,07/31/2016,Term Completed
Caucasian/Non-Hispanic,Male,10/04/2016,07/31/2019,Term Completed
,,05/03/2020,05/03/2022,Term Completed
Caucasian/Non-Hispanic,Male,05/02/2016,05/02/2018,Term Completed
African American,Female,06/01/2018,05/31/2019,Term Completed
,,05/03/2020,05/03/2022,Term Completed
Caucasian/Non-Hispanic,Male,05/02/2016,05/02/2018,Term Completed
,,05/01/2020,05/01/2022,Term Completed
Caucasian/Non-Hispanic,Male,05/02/2016,05/02/2018,Term Completed
,,09/25/2015,04/01/2017,Term Completed
,,05/03/2018,09/07/2021,Active
Caucasian/Non-Hispanic,Male,07/30/2018,07/30/2021,Term Completed
,,09/01/2020,09/05/2023,Active
,,09/03/2019,09/06/2022,Active
Caucasian/Non-Hispanic,Female,10/16/2012,10/15/2015,Term Completed
Caucasian/Non-Hispanic,Male,05/24/2011,08/28/2017,Term Completed
Caucasian/Non-Hispanic,Female,01/05/2019,01/05/2022,Term Completed
Caucasian/Non-Hispanic,Male,10/16/2018,10/16/2022,Term Completed
,,06/25/2019,07/31/2019,Term Completed
African American,Male,08/26/2008,,Term Completed
,,02/01/2022,02/07/2025,Active
,,01/01/2015,01/01/2020,Term Completed
Caucasian/Non-Hispanic,Male,06/19/2018,06/19/2022,Active
Caucasian/Non-Hispanic,Male,12/03/2013,12/03/2018,Term Completed
African American,Male,02/23/2019,02/23/2022,Term Completed
African American,Male,04/18/2018,04/18/2022,Term Completed
Caucasian/Non-Hispanic,Male,06/19/2018,06/19/2023,Active
Caucasian/Non-Hispanic,Male,10/01/2012,01/01/2016,Term Completed
Asian or Pacific Islander,Female,09/01/2020,04/16/2021,Resigned
African American,Male,05/09/2017,05/05/2020,Term Completed
Caucasian/Non-Hispanic,Female,04/17/2021,04/15/2026,Active
,,01/20/2015,01/20/2017,Term Completed
,,04/01/2020,04/01/2022,Active
Caucasian/Non-Hispanic,Female,06/05/2018,10/19/2024,Active
Caucasian/Non-Hispanic,Male,12/14/2021,12/14/2025,Term Completed
,,08/28/2018,08/28/2021,Term Completed
Caucasian/Non-Hispanic,Male,08/26/2008,01/12/2024,Active
,,02/09/2016,02/09/2019,Term Completed
Caucasian/Non-Hispanic,Male,09/28/2021,09/28/2023,Active
,,09/13/2016,02/17/2020,Term Completed
Caucasian/Non-Hispanic,Female,03/31/2020,03/31/2023,Active
,,03/01/2021,03/01/2023,Active
Caucasian/Non-Hispanic,Female,,,Term Completed
Caucasian/Non-Hispanic,Male,,,Term Completed
Caucasian/Non-Hispanic,Female,,,Term Completed
Caucasian/Non-Hispanic,Female,,,Term Completed
,,03/01/2021,03/01/2023,Active
Other,Male,03/26/2019,03/24/2020,Term Completed
African American,Female,02/14/2019,02/14/2022,Term Completed
Caucasian/Non-Hispanic,Male,01/01/2000,04/15/2018,Term Completed
Caucasian/Non-Hispanic,Female,08/29/2021,08/29/2024,Active
African American,Female,07/14/2020,07/31/2023,Active
Caucasian/Non-Hispanic,Female,,08/13/2017,Term Completed
Caucasian/Non-Hispanic,Female,,,Term Completed
African American,Male,08/07/2018,08/07/2021,Term Completed
Caucasian/Non-Hispanic,Male,12/10/2019,12/10/2023,Active
African American,Female,01/01/2000,08/01/2015,Term Completed
,Male,01/01/2000,09/16/2016,Term Completed
African American,Female,12/10/2019,12/10/2023,Active
,Male,01/01/2000,09/09/2016,Term Completed
Caucasian/Non-Hispanic,Male,09/28/2010,06/26/2018,Term Completed
Caucasian/Non-Hispanic,Male,01/01/2000,08/17/2016,Term Completed
,Male,,,Resigned
,,04/08/2022,04/08/2025,Active
,Male,01/01/2000,09/09/2016,Term Completed
,,03/02/2021,03/05/2024,Active
,Male,09/10/2016,09/10/2020,Term Completed
African American,Female,07/01/2016,07/01/2018,Term Completed
,Male,06/01/2015,05/31/2023,Active
Other,Male,01/01/2000,05/31/2016,Term Completed
,Female,01/01/2000,08/01/2015,Other
,Female,01/01/2000,05/01/2015,Resigned
,,12/18/2019,12/18/2021,Active
,Female,01/01/2000,04/30/2013,Term Completed
,,12/18/2019,12/18/2021,Term Completed
,Female,01/01/2000,04/30/2013,Term Completed
,,07/01/2021,12/18/2021,Active
,,07/01/2019,07/01/2023,Term Completed
,,07/01/2021,07/01/2023,Active
African American,Male,01/01/2000,12/15/2015,Term Completed
,Male,01/01/2000,03/01/2016,Term Completed
,Male,06/01/2016,05/31/2021,Term Completed
Caucasian/Non-Hispanic,Male,08/27/2015,07/31/2019,Term Completed
,Female,01/01/2000,04/30/2013,Term Completed
Caucasian/Non-Hispanic,Male,12/04/2016,07/31/2018,Term Completed
,,08/01/2019,04/16/2023,Term Completed
African American,Male,04/16/2019,04/16/2024,Term Completed
Caucasian/Non-Hispanic,Female,01/01/2000,06/30/2016,Term Completed
,Female,12/19/2019,12/19/2022,Active
,,12/19/2019,12/19/2022,Term Completed
Caucasian/Non-Hispanic,Male,01/01/2000,09/06/2014,Term Completed
,,12/19/2019,12/19/2022,Term Completed
,,02/10/2021,02/09/2024,Active
Caucasian/Non-Hispanic,Male,08/29/2017,08/29/2020,Term Completed
,,02/11/2018,02/11/2021,Term Completed
,,12/19/2019,12/19/2022,Term Completed
,,12/19/2019,12/19/2021,Term Completed
,Male,01/01/2000,04/30/2013,Resigned
Caucasian/Non-Hispanic,Female,05/09/2017,06/15/2020,Term Completed
,Female,06/01/2018,05/31/2022,Term Completed
,,05/01/2016,05/31/2024,Active
African American,Male,05/06/2020,05/06/2023,Active
Caucasian/Non-Hispanic,Male,06/01/2020,06/01/2023,Active
,,12/18/2019,12/18/2021,Term Completed
Caucasian/Non-Hispanic,Male,05/05/2017,05/05/2020,Term Completed
Caucasian/Non-Hispanic,Male,12/03/2013,12/04/2023,Active
Caucasian/Non-Hispanic,Female,01/07/2007,12/04/2023,Active
Caucasian/Non-Hispanic,Female,06/08/2021,06/09/2026,Active
Caucasian/Non-Hispanic,Male,02/23/2021,02/23/2022,Term Completed
,,05/01/2020,05/01/2022,Active
,,,,Active
,,,,Active
Caucasian/Non-Hispanic,Male,01/01/2000,05/31/2016,Term Completed
African American,Male,01/01/2000,06/30/2016,Term Completed
Caucasian/Non-Hispanic,Male,11/08/2005,03/24/2015,Term Completed
Caucasian/Non-Hispanic,Male,02/11/2018,02/11/2021,Term Completed
Caucasian/Non-Hispanic,Female,01/01/2000,09/06/2014,Term Completed
Caucasian/Non-Hispanic,Female,01/01/2000,12/18/2015,Active
Caucasian/Non-Hispanic,Female,05/07/2013,05/07/2016,Active
Caucasian/Non-Hispanic,Female,01/01/2000,12/18/2015,Active
Caucasian/Non-Hispanic,Female,01/01/2000,12/18/2013,Term Completed
Caucasian/Non-Hispanic,Male,10/01/2012,01/01/2017,Term Completed
Caucasian/Non-Hispanic,Male,04/26/2011,05/03/2015,Term Completed
Caucasian/Non-Hispanic,Male,09/01/2012,09/01/2015,Term Completed
African American,Male,09/01/2014,09/05/2023,Active
Caucasian/Non-Hispanic,Male,11/20/2012,04/01/2015,Term Completed
Caucasian/Non-Hispanic,Male,11/13/2012,04/01/2015,Term Completed
Caucasian/Non-Hispanic,Male,01/01/2000,04/01/2013,Term Completed
Caucasian/Non-Hispanic,Female,03/01/2011,03/01/2013,Term Completed
Caucasian/Non-Hispanic,Male,01/01/2000,05/01/2016,Term Completed
Caucasian/Non-Hispanic,Female,,,Term Completed
Caucasian/Non-Hispanic,Male,01/01/2000,12/28/2018,Term Completed
Caucasian/Non-Hispanic,Female,01/01/2000,08/31/2016,Term Completed
Caucasian/Non-Hispanic,Female,,,Term Completed
Caucasian/Non-Hispanic,Male,01/01/2000,09/01/2014,Term Completed
Caucasian/Non-Hispanic,Female,01/01/2000,09/01/2015,Term Completed
Caucasian/Non-Hispanic,Female,01/01/2000,09/01/2015,Term Completed
Caucasian/Non-Hispanic,Female,01/01/2000,06/01/2014,Term Completed
Caucasian/Non-Hispanic,Female,01/01/2000,08/01/2013,Term Completed
Caucasian/Non-Hispanic,Female,01/01/2000,05/01/2015,Term Completed
African American,Male,01/01/2000,08/01/2015,Term Completed
Caucasian/Non-Hispanic,Male,01/01/2000,07/01/2014,Term Completed
Caucasian/Non-Hispanic,Female,01/01/2000,08/07/2015,Term Completed
Caucasian/Non-Hispanic,Female,01/01/2000,09/01/2015,Term Completed
Caucasian/Non-Hispanic,Female,09/01/2015,01/01/2018,Term Completed
Caucasian/Non-Hispanic,Female,07/17/2007,06/18/2018,Term Completed
Caucasian/Non-Hispanic,Female,07/16/2013,07/18/2018,Term Completed
Caucasian/Non-Hispanic,Female,01/07/2007,12/03/2018,Term Completed
Caucasian/Non-Hispanic,Male,09/13/2016,09/13/2019,Term Completed
Caucasian/Non-Hispanic,Female,12/22/2015,12/23/2018,Active
Caucasian/Non-Hispanic,Male,01/10/1978,06/30/2015,Term Completed
Caucasian/Non-Hispanic,Male,08/26/2014,12/29/2018,Resigned
Caucasian/Non-Hispanic,Male,01/01/2000,06/21/2017,Term Completed
Caucasian/Non-Hispanic,Male,09/01/2018,09/01/2021,Term Completed
Caucasian/Non-Hispanic,Male,01/01/2000,06/21/2017,Term Completed
Caucasian/Non-Hispanic,Male,07/07/2009,06/30/2017,Term Completed
Caucasian/Non-Hispanic,Male,09/01/2013,09/01/2016,Term Completed
Caucasian/Non-Hispanic,Male,09/02/2016,09/02/2019,Term Completed
Caucasian/Non-Hispanic,Male,05/10/2016,06/01/2020,Term Completed
Caucasian/Non-Hispanic,Male,05/10/2016,05/08/2020,Term Completed
Caucasian/Non-Hispanic,Male,01/01/2000,01/05/2016,Term Completed
Caucasian/Non-Hispanic,Male,01/06/2016,07/31/2018,Term Completed
African American,Male,01/01/2000,08/12/2016,Term Completed
African American,Male,08/13/2016,07/31/2019,Term Completed
Caucasian/Non-Hispanic,Male,01/01/2000,11/08/2015,Term Completed
Caucasian/Non-Hispanic,Female,10/19/2010,12/03/2016,Term Completed
Caucasian/Non-Hispanic,Female,02/14/2017,02/14/2020,Term Completed
African American,Male,01/01/2000,06/01/2014,Term Completed
Caucasian/Non-Hispanic,Female,01/01/2000,06/21/2017,Term Completed
,,02/14/2018,02/14/2021,Term Completed
Caucasian/Non-Hispanic,Female,02/23/2020,02/23/2023,Active
Caucasian/Non-Hispanic,Female,02/23/2021,02/23/2024,Active
African American,Male,07/25/2017,07/25/2020,Term Completed
Caucasian/Non-Hispanic,Male,01/01/2016,01/01/2021,Term Completed
Caucasian/Non-Hispanic,Female,02/14/2018,02/14/2021,Term Completed
Caucasian/Non-Hispanic,Male,02/14/2018,02/20/2020,Term Completed
African American,Female,02/14/2018,02/20/2020,Term Completed
Caucasian/Non-Hispanic,Male,03/26/2019,03/24/2020,Term Completed
Caucasian/Non-Hispanic,Female,11/06/2018,11/06/2022,Term Completed
,,02/14/2018,02/21/2019,Term Completed
,,03/26/2019,03/24/2020,Term Completed
Caucasian/Non-Hispanic,Male,11/03/2015,11/04/2018,Active
,,02/14/2018,02/21/2019,Term Completed
African American,Female,03/01/2016,01/01/2018,Term Completed
African American,Female,01/01/2000,06/01/2014,Term Completed
Caucasian/Non-Hispanic,Female,03/27/2018,03/27/2021,Term Completed
,,03/01/2016,01/01/2018,Term Completed
,,03/01/2016,01/01/2018,Term Completed
,,03/01/2016,01/01/2018,Term Completed
,,03/01/2016,01/01/2018,Term Completed
,,03/01/2016,01/01/2018,Term Completed
,,03/01/2016,01/01/2018,Term Completed
Caucasian/Non-Hispanic,Female,09/01/2015,01/01/2018,Term Completed
Caucasian/Non-Hispanic,Female,02/14/2018,04/16/2020,Term Completed
Caucasian/Non-Hispanic,Male,09/01/2015,09/01/2018,Term Completed
Caucasian/Non-Hispanic,Female,10/15/2014,10/15/2017,Term Completed
Caucasian/Non-Hispanic,Female,02/23/2020,02/23/2023,Active
Caucasian/Non-Hispanic,Female,06/19/2018,04/16/2021,Resigned
Caucasian/Non-Hispanic,Male,12/08/2020,12/08/2024,Active
African American,Male,01/01/2000,12/15/2015,Term Completed
African American,Female,01/01/2000,12/14/2016,Term Completed
Caucasian/Non-Hispanic,Male,01/01/2000,12/15/2015,Term Completed
Caucasian/Non-Hispanic,Male,01/01/2000,02/28/2015,Term Completed
Caucasian/Non-Hispanic,Female,01/01/2000,12/15/2016,Term Completed
Caucasian/Non-Hispanic,Male,01/01/2000,12/15/2015,Term Completed
Caucasian/Non-Hispanic,Male,01/01/2000,12/15/2015,Term Completed
Caucasian/Non-Hispanic,Female,01/01/2000,12/15/2015,Term Completed
Caucasian/Non-Hispanic,Male,01/01/2000,02/28/2015,Term Completed
Caucasian/Non-Hispanic,Female,01/01/2000,12/15/2015,Term Completed
Other,Female,02/14/2018,02/18/2021,Term Completed
Caucasian/Non-Hispanic,Male,02/14/2018,02/21/2019,Term Completed
Caucasian/Non-Hispanic,Female,01/01/2000,12/18/2013,Term Completed
,,,,Active
African American,Female,03/27/2018,07/31/2020,Term Completed
Caucasian/Non-Hispanic,Male,09/13/2016,01/13/2021,Resigned
Caucasian/Non-Hispanic,Female,01/01/2000,01/16/2016,Terminated
Caucasian/Non-Hispanic,Female,03/04/2013,06/30/2017,Term Completed
Caucasian/Non-Hispanic,Female,08/05/2013,12/31/2015,Term Completed
Caucasian/Non-Hispanic,Female,01/07/2013,12/31/2016,Term Completed
Caucasian/Non-Hispanic,Female,01/01/2017,01/01/2019,Term Completed
Caucasian/Non-Hispanic,Female,01/01/2000,08/26/2017,Term Completed
Caucasian/Non-Hispanic,Male,05/09/2017,05/31/2020,Term Completed
Caucasian/Non-Hispanic,Female,08/04/2014,12/31/2016,Term Completed
African American,Male,06/01/2014,05/31/2019,Term Completed
Caucasian/Non-Hispanic,Male,01/01/2000,09/01/2015,Term Completed
Caucasian/Non-Hispanic,Male,01/01/2000,06/01/2016,Term Completed
Caucasian/Non-Hispanic,Male,06/02/2016,06/01/2021,Term Completed
Caucasian/Non-Hispanic,Female,01/01/2000,09/01/2015,Term Completed
African American,Female,06/02/2014,06/01/2019,Term Completed
African American,Female,01/01/2000,06/01/2014,Term Completed
Caucasian/Non-Hispanic,Female,01/01/2000,05/22/2017,Active
Caucasian/Non-Hispanic,Female,09/06/2016,10/30/2020,Resigned
,,01/02/2018,01/02/2020,Term Completed
African American,Male,,07/30/2016,Term Completed
Caucasian/Non-Hispanic,Female,01/01/2000,09/25/2017,Active
African American,Female,01/01/2000,07/17/2012,Term Completed
African American,Female,,,Term Completed
Caucasian/Non-Hispanic,Female,03/01/2021,03/01/2023,Active
Caucasian/Non-Hispanic,Male,07/01/2021,,Upcoming
Caucasian/Non-Hispanic,Female,03/01/2021,03/01/2024,Term Completed
Caucasian/Non-Hispanic,Female,03/01/2024,03/01/2024,Upcoming
Caucasian/Non-Hispanic,Female,08/02/2016,08/02/2018,Term Completed
Caucasian/Non-Hispanic,Female,08/04/2014,08/01/2016,Term Completed
Caucasian/Non-Hispanic,Male,06/24/2014,06/24/2018,Term Completed
African American,Male,09/10/2016,09/10/2020,Term Completed
Caucasian/Non-Hispanic,Male,02/09/2021,02/09/2024,Active
African American,Male,01/01/2000,09/09/2016,Term Completed
African American,Female,07/25/2017,07/25/2020,Term Completed
Caucasian/Non-Hispanic,Female,03/08/2011,07/31/2018,Term Completed
African American,Male,01/01/2000,07/31/2017,Term Completed
African American,Female,10/28/2003,07/01/2015,Term Completed
African American,Female,07/07/2014,06/30/2016,Term Completed
Asian or Pacific Islander,Male,,09/24/2016,Term Completed
Caucasian/Non-Hispanic,Female,04/16/2016,04/16/2021,Term Completed
Caucasian/Non-Hispanic,Female,01/01/2000,04/15/2016,Term Completed
Caucasian/Non-Hispanic,Male,01/01/2000,07/01/2017,Term Completed
Caucasian/Non-Hispanic,Male,01/01/2000,05/01/2016,Term Completed
Caucasian/Non-Hispanic,Male,,,Term Completed
Caucasian/Non-Hispanic,Male,06/02/2013,06/01/2018,Term Completed
Caucasian/Non-Hispanic,Male,01/01/2000,02/18/2016,Term Completed
African American,Female,,07/31/2013,Term Completed
Other,Male,01/01/2000,04/01/2014,Term Completed
Caucasian/Non-Hispanic,Male,07/14/2020,07/31/2023,Active
Caucasian/Non-Hispanic,Male,11/01/2016,10/31/2020,Term Completed
Caucasian/Non-Hispanic,Male,04/25/2017,07/08/2019,Resigned
Caucasian/Non-Hispanic,Male,08/04/2020,07/31/2023,Active
Caucasian/Non-Hispanic,Male,11/01/2016,10/31/2020,Term Completed
Caucasian/Non-Hispanic,Male,11/01/2016,10/31/2020,Term Completed
Caucasian/Non-Hispanic,Male,09/06/2016,05/14/2018,Resigned
Caucasian/Non-Hispanic,Male,02/14/2017,02/14/2021,Term Completed
Caucasian/Non-Hispanic,Female,01/26/2021,01/27/2026,Active
Caucasian/Non-Hispanic,Male,10/14/2014,10/14/2017,Term Completed
Caucasian/Non-Hispanic,Male,02/07/2017,01/12/2024,Active
Caucasian/Non-Hispanic,Male,12/04/2021,12/31/2021,Term Completed
Caucasian/Non-Hispanic,Female,02/14/2017,02/13/2021,Term Completed
African American,Female,03/09/2021,03/09/2024,Active
Caucasian/Non-Hispanic,Female,01/01/2000,09/09/2016,Term Completed
Caucasian/Non-Hispanic,Male,02/14/2017,09/28/2023,Active
Caucasian/Non-Hispanic,Male,02/14/2017,02/13/2021,Term Completed
Caucasian/Non-Hispanic,Male,07/19/2016,07/19/2024,Active
Caucasian/Non-Hispanic,Male,,07/18/2016,Term Completed
,,07/24/2018,07/24/2021,Term Completed
,,07/24/2018,07/24/2021,Active
Caucasian/Non-Hispanic,Male,08/26/2014,08/26/2017,Term Completed
Caucasian/Non-Hispanic,Male,08/26/2014,08/26/2020,Term Completed
,,03/27/2021,03/27/2024,Active
African American,Female,03/27/2018,03/26/2021,Term Completed
,,08/27/2020,08/27/2023,Active
African American,Female,07/25/2017,07/25/2020,Term Completed
,,09/06/2016,09/06/2020,Term Completed
,,09/15/2015,09/15/2019,Term Completed
Caucasian/Non-Hispanic,Male,02/09/2021,02/09/2025,Active
,,08/18/2020,08/20/2024,Term Completed
African American,Male,09/06/2016,08/06/2019,Term Completed
Caucasian/Non-Hispanic,Male,01/26/2021,01/26/2025,Active
African American,Male,07/02/2013,07/02/2016,Term Completed
Caucasian/Non-Hispanic,Male,01/26/2021,01/26/2025,Active
Caucasian/Non-Hispanic,Male,01/26/2021,01/26/2025,Active
Caucasian/Non-Hispanic,Male,01/23/2018,01/22/2020,Term Completed
African American,Female,12/19/2019,12/19/2022,Term Completed
Caucasian/Non-Hispanic,Male,12/18/2019,12/01/2021,Term Completed
Caucasian/Non-Hispanic,Female,12/18/2019,12/01/2022,Term Completed
Caucasian/Non-Hispanic,Female,08/16/2022,08/16/2025,Active
African American,Male,04/05/2022,04/05/2023,Active
,,09/28/2021,09/28/2023,Active
African American,Female,08/23/2022,08/23/2024,Active
Caucasian/Non-Hispanic,Male,08/14/2018,08/14/2022,Term Completed
Caucasian/Non-Hispanic,Female,12/20/2022,12/20/2025,Active
Caucasian/Non-Hispanic,Female,12/02/2021,12/02/2023,Active
Caucasian/Non-Hispanic,Male,04/20/2021,04/20/2027,Active
Other,Female,12/19/2019,12/19/2022,Term Completed
African American,Female,12/19/2019,12/19/2022,Term Completed
,,03/23/2021,03/23/2027,Active
,,04/12/2023,04/11/2028,Active
Caucasian/Non-Hispanic,Male,01/01/2000,07/31/2017,Term Completed
,,03/15/2023,03/15/2025,Active
African American,Male,02/22/2023,02/21/2024,Active
Caucasian/Non-Hispanic,Male,07/26/2022,09/26/2024,Active
Caucasian/Non-Hispanic,Female,11/16/2022,11/16/2024,Active
Hispanic,Female,03/09/2021,03/09/2024,Active
,,11/16/2022,11/16/2024,Active
Caucasian/Non-Hispanic,Male,06/19/2018,06/19/2022,Term Completed
Caucasian/Non-Hispanic,Male,02/15/2023,02/14/2028,Active
Caucasian/Non-Hispanic,Male,02/23/2021,02/23/2024,Active
,,04/01/2022,04/01/2025,Active
Other,Male,07/07/2022,07/31/2024,Active
Caucasian/Non-Hispanic,Female,04/19/2022,04/18/2023,Active
Caucasian/Non-Hispanic,Male,10/17/2017,10/17/2022,Term Completed
Caucasian/Non-Hispanic,Male,08/01/2019,08/01/2022,Term Completed
Caucasian/Non-Hispanic,Male,10/17/2017,10/17/2022,Term Completed
,,06/01/2021,06/01/2025,Active
Caucasian/Non-Hispanic,Female,01/18/2023,01/17/2024,Active
,,01/01/2000,05/31/2021,Term Completed
Caucasian/Non-Hispanic,Male,09/28/2021,09/28/2023,Active
,,08/09/2022,08/09/2028,Active
,,08/09/2022,08/09/2026,Term Completed
Caucasian/Non-Hispanic,Male,09/06/2016,09/06/2019,Term Completed
Caucasian/Non-Hispanic,Male,10/17/2017,10/17/2022,Term Completed
African American,Male,06/16/2015,06/16/2019,Term Completed
Caucasian/Non-Hispanic,Female,04/16/2019,07/01/2019,Resigned
Caucasian/Non-Hispanic,Female,01/11/2023,01/10/2027,Active
Caucasian/Non-Hispanic,Male,03/08/2023,03/08/2024,Active
Caucasian/Non-Hispanic,Female,10/17/2017,10/17/2022,Term Completed
African American,Female,04/12/2023,04/12/2024,Active
Caucasian/Non-Hispanic,Male,09/28/2021,09/28/2023,Term Completed
,,12/02/2021,12/02/2023,Active
,,12/02/2021,12/02/2023,Active
Other,Male,04/25/2017,04/25/2022,Term Completed
Caucasian/Non-Hispanic,Female,08/23/2022,08/23/2024,Active
Unknown,Male,01/05/2019,01/05/2022,Term Completed
Caucasian/Non-Hispanic,Male,04/01/2022,04/01/2025,Active
African American,Female,02/22/2023,02/21/2024,Active
Caucasian/Non-Hispanic,Male,08/02/2022,08/02/2024,Active
,,01/21/2017,04/15/2022,Term Completed
Caucasian/Non-Hispanic,Male,04/12/2023,04/12/2026,Active
Caucasian/Non-Hispanic,Male,02/15/2021,02/15/2025,Active
,,06/25/2022,06/25/2026,Active
African American,Male,03/22/2023,03/22/2025,Active
,,09/08/2022,09/08/2025,Active
,,12/01/2022,,Active
,,11/16/2022,11/16/2024,Active
Caucasian/Non-Hispanic,Male,09/28/2021,09/28/2023,Active
African American,Female,,,Active
Caucasian/Non-Hispanic,Male,08/01/2018,07/31/2021,Term Completed
Caucasian/Non-Hispanic,Male,01/11/2023,01/10/2027,Active
Caucasian/Non-Hispanic,Male,02/09/2021,02/09/2027,Active
,,02/01/2022,02/01/2028,Active
,,08/01/2020,08/01/2023,Resigned
African American,Female,05/10/2022,05/10/2025,Active
African American,Female,02/15/2023,02/14/2028,Active
,,10/14/2014,10/14/2017,Term Completed
Caucasian/Non-Hispanic,Female,01/01/2000,12/09/2018,Term Completed
Caucasian/Non-Hispanic,Male,08/01/2019,07/31/2022,Term Completed
Caucasian/Non-Hispanic,Male,06/01/2017,05/31/2025,Active
Caucasian/Non-Hispanic,Male,05/31/2022,05/31/2027,Active
Caucasian/Non-Hispanic,Male,01/01/2000,01/23/2021,Term Completed
Caucasian/Non-Hispanic,Female,03/15/2023,03/15/2025,Active
Caucasian/Non-Hispanic,Male,09/01/2020,07/31/2022,Term Completed
Caucasian/Non-Hispanic,Male,02/14/2017,02/13/2021,Term Completed
Caucasian/Non-Hispanic,Female,04/01/2022,04/01/2025,Active
Caucasian/Non-Hispanic,Female,12/19/2019,12/19/2022,Active
African American,Male,06/09/2020,06/09/2022,Term Completed
,,07/27/2021,07/27/2022,Term Completed
Other,Female,02/15/2023,02/21/2024,Active
Caucasian/Non-Hispanic,Male,07/02/2019,07/02/2022,Term Completed
Caucasian/Non-Hispanic,Male,03/03/2006,05/03/2019,Term Completed
Caucasian/Non-Hispanic,Male,11/19/2013,07/31/2023,Active
Caucasian/Non-Hispanic,Male,02/23/2021,02/23/2024,Active
Caucasian/Non-Hispanic,Female,03/28/2021,03/26/2024,Term Completed
,,,,Active
,,02/15/2023,02/14/2028,Active
Caucasian/Non-Hispanic,Female,12/18/2019,12/01/2021,Term Completed
African American,Male,09/15/2015,07/31/2021,Active
,,03/01/2021,03/01/2023,Term Completed
,,08/31/2020,08/31/2024,Active
African American,Female,06/02/2019,06/02/2024,Term Completed
Caucasian/Non-Hispanic,Male,11/19/2013,07/31/2023,Active
Caucasian/Non-Hispanic,Male,05/19/1992,07/19/2019,Term Completed
,,01/01/2022,12/31/2026,Active
Caucasian/Non-Hispanic,Female,04/05/2023,04/04/2024,Active
,,05/31/2022,05/31/2025,Active
African American,Female,02/22/2023,02/21/2024,Active
African American,Male,09/14/2022,09/13/2026,Active
Caucasian/Non-Hispanic,Male,01/01/2000,05/31/2026,Active
,,08/16/2022,08/16/2024,Active
African American,Male,03/08/2023,03/08/2024,Active
Caucasian/Non-Hispanic,Male,10/22/2019,10/22/2025,Active
Caucasian/Non-Hispanic,Female,11/06/2018,11/06/2022,Active
Unknown,Male,,01/08/2022,Active
,,,,Active
Caucasian/Non-Hispanic,Male,05/10/2021,04/07/2025,Term Completed
Caucasian/Non-Hispanic,Female,12/18/2021,12/18/2023,Active
African American,Male,09/06/2022,09/06/2025,Active
Caucasian/Non-Hispanic,Male,05/15/2018,05/15/2022,Term Completed
Caucasian/Non-Hispanic,Male,05/15/2018,05/15/2022,Term Completed
Caucasian/Non-Hispanic,Female,02/23/2021,02/23/2024,Term Completed
,,08/20/2020,08/19/2024,Active
African American,Female,12/19/2019,12/19/2022,Active
African American,Female,09/06/2022,09/06/2023,Active
African American,Male,12/02/2021,12/02/2023,Active
Caucasian/Non-Hispanic,Male,05/07/2013,01/06/2024,Active
African American,Male,08/23/2022,08/23/2023,Active
Caucasian/Non-Hispanic,Female,04/01/2022,04/01/2025,Active
Caucasian/Non-Hispanic,Male,03/03/2015,02/09/2024,Active
African American,Female,10/11/2022,10/11/2023,Active
African American,Female,07/25/2017,06/13/2024,Active
,,01/11/2023,01/10/2027,Active
Caucasian/Non-Hispanic,Male,02/09/2021,12/15/2022,Term Completed
,,02/15/2023,02/14/2028,Active
,,11/29/2020,11/29/2024,Active
Caucasian/Non-Hispanic,Male,01/01/2000,05/07/2017,Term Completed
African American,Female,01/01/2000,08/18/2024,Active
Caucasian/Non-Hispanic,Female,01/18/2023,01/17/2024,Active
,,08/09/2022,08/09/2024,Active
Caucasian/Non-Hispanic,Male,04/03/2018,04/03/2021,Term Completed
,,11/16/2022,11/16/2024,Active
Caucasian/Non-Hispanic,Male,05/17/2022,05/17/2028,Active
African American,Female,08/23/2022,08/23/2024,Active
,,05/02/2022,05/18/2024,Active
Caucasian/Non-Hispanic,Female,12/10/2018,12/10/2022,Active
,,06/09/2020,06/09/2022,Term Completed
Caucasian/Non-Hispanic,Female,11/17/2017,12/31/2021,Term Completed
African American,Female,02/22/2023,02/21/2024,Active
African American,Female,09/02/2021,09/02/2023,Active
Caucasian/Non-Hispanic,Female,12/20/2022,12/20/2025,Active
,,06/09/2021,05/31/2026,Active
,,02/19/2020,05/31/2025,Active
Caucasian/Non-Hispanic,Female,09/01/2022,08/31/2025,Active
Caucasian/Non-Hispanic,Female,01/18/2023,01/17/2024,Active
Caucasian/Non-Hispanic,Male,09/01/2022,08/31/2026,Active
Caucasian/Non-Hispanic,Female,03/16/2021,03/16/2024,Active
,,08/23/2022,08/23/2024,Active
African American,Male,07/11/2017,07/10/2022,Term Completed
Caucasian/Non-Hispanic,Female,08/14/2018,07/31/2021,Term Completed
Caucasian/Non-Hispanic,Male,08/30/2022,08/30/2025,Active
African American,Male,08/19/2016,08/19/2020,Term Completed
,,,,Term Completed
,,11/16/2022,11/16/2024,Active
Caucasian/Non-Hispanic,Female,01/18/2023,01/17/2025,Active
African American,Male,,,Active
Caucasian/Non-Hispanic,Female,06/16/2022,07/31/2024,Term Completed
Caucasian/Non-Hispanic,Male,09/01/2022,08/31/2026,Active
African American,Male,08/30/2016,09/14/2022,Term Completed
Caucasian/Non-Hispanic,Male,06/19/2018,06/19/2022,Resigned
Caucasian/Non-Hispanic,Female,04/25/2017,12/02/2019,Resigned
Caucasian/Non-Hispanic,Male,01/02/2021,12/31/2025,Active
Caucasian/Non-Hispanic,Male,01/02/2018,12/31/2022,Term Completed
,,08/18/2021,08/18/2024,Active
African American,Female,06/02/2019,06/01/2024,Active
African American,Female,12/19/2019,12/19/2022,Term Completed
,,,,Active
African American,Male,08/07/2019,08/07/2022,Term Completed
,,06/16/2015,11/08/2018,Term Completed
African American,Female,08/23/2022,08/23/2024,Active
Caucasian/Non-Hispanic,Male,10/19/2022,10/18/2024,Term Completed
Caucasian/Non-Hispanic,Male,07/30/2013,03/15/2025,Active
Prefer not to Answer,Other,09/18/2018,09/18/2022,Term Completed
African American,Female,12/20/2022,12/20/2025,Active
Caucasian/Non-Hispanic,Male,08/21/2018,08/21/2022,Active
,,08/23/2022,08/23/2023,Active
Caucasian/Non-Hispanic,Female,04/03/2018,04/03/2021,Term Completed
,,12/19/2019,12/19/2022,Active
Caucasian/Non-Hispanic,Male,02/14/2017,09/28/2023,Term Completed
,,06/07/2022,06/07/2026,Active
African American,Female,02/22/2023,02/21/2024,Active
Caucasian/Non-Hispanic,Female,01/01/2000,12/31/2024,Active
Caucasian/Non-Hispanic,Male,08/07/2018,08/31/2025,Active
Caucasian/Non-Hispanic,Male,07/31/2020,07/31/2025,Active
African American,Female,04/01/2022,04/01/2025,Term Completed
Caucasian/Non-Hispanic,Male,05/06/2020,05/06/2023,Active
,,03/02/2023,03/02/2025,Active
,,10/10/2020,10/09/2025,Active
Caucasian/Non-Hispanic,Female,01/18/2023,01/17/2025,Active
African American,Male,06/04/2019,06/04/2022,Term Completed
Caucasian/Non-Hispanic,Male,05/06/2020,05/06/2023,Active
,,12/02/2021,12/02/2023,Term Completed
,Female,08/08/1990,12/20/2024,Active
Caucasian/Non-Hispanic,Male,10/19/2022,10/18/2024,Active
,Male,,02/17/2017,Term Completed
,,02/23/2021,02/23/2024,Active
African American,Female,04/01/2022,04/01/2025,Active
,,01/23/2020,,Active
Caucasian/Non-Hispanic,Male,05/15/2018,05/15/2024,Active
,,12/18/2019,12/01/2021,Term Completed
,,06/07/2022,06/07/2026,Active
African American,Male,04/27/2021,04/27/2027,Active
,,,,Active
,,02/22/2023,02/21/2024,Active
Caucasian/Non-Hispanic,Male,09/01/2022,08/01/2026,Active
Caucasian/Non-Hispanic,Female,12/19/2019,12/19/2022,Term Completed
Caucasian/Non-Hispanic,Male,10/19/2022,10/18/2024,Active
Caucasian/Non-Hispanic,Male,05/17/2022,05/17/2028,Active
Caucasian/Non-Hispanic,Male,07/03/2022,07/03/2025,Active
Caucasian/Non-Hispanic,Male,04/01/2022,04/01/2025,Active
,,,,Resigned
Caucasian/Non-Hispanic,Male,07/29/2015,07/29/2018,Term Completed
African American,Male,02/22/2023,02/21/2024,Active
,,01/01/2000,06/18/2020,Term Completed
African American,Male,08/01/2022,08/01/2026,Active
African American,Female,09/01/2019,09/01/2021,Term Completed
Unknown,Female,04/16/2019,04/16/2022,Term Completed
African American,Male,10/19/2022,10/19/2024,Active
,,03/01/2021,03/01/2023,Active
,,01/11/2022,04/07/2025,Active
Other,Male,04/03/2018,04/03/2021,Term Completed
Other,Female,12/20/2022,12/20/2025,Active
,,01/12/2021,08/01/2025,Active
Caucasian/Non-Hispanic,Female,05/02/2022,05/18/2024,Active
Caucasian/Non-Hispanic,Female,02/23/2021,02/23/2024,Active
Caucasian/Non-Hispanic,Female,08/14/2018,08/14/2022,Term Completed
,,11/29/2020,11/29/2024,Active
Caucasian/Non-Hispanic,Male,01/01/2000,09/09/2016,Term Completed
,,03/08/2023,03/08/2024,Active
,,,,Active
African American,Male,07/25/2017,07/31/2023,Active
Caucasian/Non-Hispanic,Male,02/14/2017,02/14/2021,Term Completed
,,12/20/2022,12/20/2025,Active
,,03/08/2023,03/08/2024,Active
,,08/09/2022,08/09/2028,Active
,,,,Active
Asian or Pacific Islander,Female,05/24/2022,05/24/2025,Active
Unknown,Prefer to self-describe,02/15/2023,02/14/2027,Active
Caucasian/Non-Hispanic,Male,05/05/2017,05/05/2020,Term Completed
Caucasian/Non-Hispanic,Male,02/22/2023,02/21/2024,Active
,,02/28/2023,07/24/2024,Active
Caucasian/Non-Hispanic,Male,06/19/2018,02/27/2019,Resigned
,,05/06/2020,05/06/2023,Active
Other,Female,04/05/2022,04/05/2025,Active
,Female,11/29/2016,11/28/2020,Term Completed
,,06/02/2019,06/01/2024,Term Completed
,,01/11/2023,04/15/2025,Active
African American,Male,04/05/2022,04/05/2025,Active
Caucasian/Non-Hispanic,Male,04/16/2019,04/16/2024,Active
Caucasian/Non-Hispanic,Male,01/01/2000,02/17/2017,Term Completed
African American,Female,02/22/2023,02/21/2024,Active
African American,Female,07/06/2021,07/06/2027,Active
African American,Female,04/05/2023,04/04/2024,Active
African American,Female,08/01/2021,08/01/2025,Active
,,,,Resigned
,,,,Active
African American,Female,09/01/2022,08/31/2026,Active
African American,Female,08/23/2022,08/23/2023,Active
Caucasian/Non-Hispanic,Male,11/09/2022,11/08/2025,Active
Caucasian/Non-Hispanic,Female,12/19/2019,12/19/2022,Term Completed
,,08/09/2022,08/09/2026,Active
,,08/09/2022,08/09/2026,Active
Caucasian/Non-Hispanic,Male,06/19/2018,06/19/2022,Active
African American,Male,10/20/2022,10/20/2025,Active
African American,Male,12/18/2019,12/01/2021,Term Completed
Caucasian/Non-Hispanic,Male,12/19/1993,01/06/2024,Active
Caucasian/Non-Hispanic,Male,02/14/2017,09/28/2023,Active
Caucasian/Non-Hispanic,Female,10/16/2018,10/16/2022,Active
Caucasian/Non-Hispanic,Female,06/16/2020,06/16/2023,Active
Caucasian/Non-Hispanic,Male,01/01/2000,03/04/2019,Term Completed
African American,Female,09/20/2022,09/20/2024,Active
African American,Male,11/09/2022,11/08/2027,Active
Caucasian/Non-Hispanic,Male,06/08/2021,06/09/2026,Active
,,05/31/2022,06/09/2024,Active
African American,Female,04/01/2022,05/01/2025,Active
Caucasian/Non-Hispanic,Female,08/17/2022,08/07/2023,Active
,,,,Active
African American,Male,10/19/2022,10/18/2026,Active
Caucasian/Non-Hispanic,Female,01/18/2023,01/17/2025,Active
African American,Female,12/19/2019,12/19/2022,Term Completed
African American,Female,06/16/2015,06/16/2019,Term Completed
Caucasian/Non-Hispanic,Male,06/25/2018,06/24/2022,Term Completed
Caucasian/Non-Hispanic,Male,10/17/2017,10/17/2022,Term Completed
Caucasian/Non-Hispanic,Female,12/18/2019,12/18/2021,Term Completed
Caucasian/Non-Hispanic,Male,02/15/2023,02/14/2027,Active
,,09/01/2022,08/31/2025,Active
Caucasian/Non-Hispanic,Male,01/18/2023,01/17/2024,Active
African American,Male,03/22/2022,03/22/2025,Resigned
Caucasian/Non-Hispanic,Male,07/31/2021,07/30/2024,Active
Caucasian/Non-Hispanic,Male,08/30/2020,08/29/2023,Active
,,01/25/2020,02/04/2023,Active
Caucasian/Non-Hispanic,Female,09/06/2022,09/06/2024,Active
Caucasian/Non-Hispanic,Male,08/09/2022,08/09/2027,Active
Caucasian/Non-Hispanic,Female,01/11/2023,01/10/2027,Active
Caucasian/Non-Hispanic,Male,10/19/2022,10/18/2024,Active
Caucasian/Non-Hispanic,Male,09/10/2016,09/10/2020,Term Completed
Caucasian/Non-Hispanic,Female,01/11/2023,01/10/2027,Active
Caucasian/Non-Hispanic,Male,12/14/2021,12/13/2025,Active
Caucasian/Non-Hispanic,Male,11/19/2012,12/19/2024,Active
Caucasian/Non-Hispanic,Male,06/15/2021,06/15/2027,Active
,,09/06/2022,09/06/2024,Active
,,09/01/2020,09/01/2022,Term Completed
Caucasian/Non-Hispanic,Male,06/18/2019,06/19/2022,Term Completed
,,05/04/2022,05/18/2024,Active
American Indian/Alaskan Native Aleutian,Male,02/09/2021,02/09/2025,Active
Caucasian/Non-Hispanic,Female,08/01/2022,08/01/2026,Active
,,06/19/2020,10/19/2026,Active
Caucasian/Non-Hispanic,Male,11/10/2019,11/08/2023,Active
Caucasian/Non-Hispanic,Male,10/07/2020,10/07/2026,Active
Other,Male,04/12/2023,04/12/2026,Active
Caucasian/Non-Hispanic,Female,12/18/2019,12/18/2021,Term Completed
,,06/20/2022,06/20/2026,Active
Caucasian/Non-Hispanic,Male,02/23/2021,02/23/2026,Active
,,09/01/2022,08/31/2026,Active
Caucasian/Non-Hispanic,Male,08/17/2022,09/17/2026,Active
African American,Female,09/01/2022,08/31/2025,Active
,,05/31/2016,09/14/2022,Term Completed
Caucasian/Non-Hispanic,Male,05/15/2022,05/14/2026,Active
,Male,09/01/2022,08/31/2026,Active
,,12/18/2019,12/01/2022,Term Completed
Caucasian/Non-Hispanic,Male,01/23/2018,01/23/2020,Term Completed
Caucasian/Non-Hispanic,Male,05/05/2017,05/05/2020,Term Completed
Caucasian/Non-Hispanic,Male,04/26/2022,04/26/2028,Active
Caucasian/Non-Hispanic,Male,01/02/2019,12/31/2023,Active
,,08/09/2022,08/09/2028,Active
Caucasian/Non-Hispanic,Male,01/01/2000,05/04/2016,Term Completed
,Male,06/01/2014,05/31/2026,Active
,,08/09/2022,08/09/2024,Active
Caucasian/Non-Hispanic,Male,05/24/2022,05/24/2026,Active
,Male,11/29/2016,11/28/2020,Term Completed
African American,Female,01/01/2000,12/15/2015,Term Completed
African American,Female,12/02/2022,12/02/2024,Active
Caucasian/Non-Hispanic,Male,01/01/2000,02/24/2017,Term Completed
Caucasian/Non-Hispanic,Male,12/02/2021,12/02/2023,Active
African American,Female,02/22/2023,02/21/2024,Active
Caucasian/Non-Hispanic,Male,09/01/2022,08/31/2026,Active
African American,Female,12/20/2022,12/20/2025,Active
Caucasian/Non-Hispanic,Male,04/19/2021,12/01/2022,Term Completed
Caucasian/Non-Hispanic,Male,,,Term Completed
Caucasian/Non-Hispanic,Male,02/15/2023,02/14/2027,Active
,,,,Term Completed
,,,,Term Completed
,,,,Term Completed
,,08/01/2019,04/15/2023,Active
African American,Female,02/23/2021,02/23/2024,Term Completed
Caucasian/Non-Hispanic,Male,10/19/2022,10/18/2024,Active
Caucasian/Non-Hispanic,Female,03/08/2010,03/08/2018,Term Completed
Asian or Pacific Islander,Male,11/30/2022,11/29/2025,Active
,,06/01/2021,05/24/2026,Term Completed
,,11/16/2022,11/16/2024,Active
African American,Female,09/06/2022,09/23/2023,Active
Caucasian/Non-Hispanic,Male,09/07/2019,09/07/2022,Term Completed
,Female,01/01/2000,03/30/2018,Term Completed
Caucasian/Non-Hispanic,Male,05/04/2021,06/13/2024,Active
,,06/22/2017,06/22/2022,Term Completed
Caucasian/Non-Hispanic,Male,10/19/2022,10/18/2024,Active
Caucasian/Non-Hispanic,Male,11/16/2021,11/16/2025,Active
Caucasian/Non-Hispanic,Male,02/23/2021,02/23/2024,Active
Caucasian/Non-Hispanic,Male,05/04/2010,06/25/2016,Term Completed
African American,Female,07/26/2020,07/26/2024,Term Completed
,,06/16/2015,06/16/2019,Term Completed
Caucasian/Non-Hispanic,Male,05/06/2020,05/06/2023,Term Completed
Caucasian/Non-Hispanic,Male,,09/28/2025,Active
,,08/01/2020,08/01/2023,Active
Caucasian/Non-Hispanic,Male,01/01/2000,09/09/2016,Term Completed
African American,Male,06/09/2020,06/16/2026,Active
African American,Female,12/18/2019,12/01/2022,Term Completed
,,01/24/2017,01/24/2020,Term Completed
,,06/16/2022,07/31/2024,Active
,,04/16/2022,04/15/2027,Active
African American,Female,10/17/2017,10/17/2022,Term Completed
Caucasian/Non-Hispanic,Male,01/01/2000,01/05/2019,Term Completed
,,04/04/2021,04/04/2024,Active
African American,Male,02/15/2023,02/14/2028,Active
Caucasian/Non-Hispanic,Male,01/06/2019,01/05/2023,Active
Caucasian/Non-Hispanic,Male,08/01/2022,08/01/2023,Active
,,10/17/2017,10/17/2022,Term Completed
,,02/15/2023,02/14/2028,Active
,,01/01/2023,12/31/2027,Active
African American,Female,12/19/2019,12/19/2022,Term Completed
,,08/09/2022,08/09/2026,Active
African American,Male,10/19/2022,10/18/2026,Active
Caucasian/Non-Hispanic,Male,02/15/2023,02/14/2028,Active
Caucasian/Non-Hispanic,Male,01/01/2020,12/31/2024,Active
Caucasian/Non-Hispanic,Male,10/17/2017,10/17/2022,Term Completed
African American,Male,02/22/2023,02/21/2024,Active
Caucasian/Non-Hispanic,Male,02/22/2023,02/21/2024,Active
Caucasian/Non-Hispanic,Male,07/16/2015,06/16/2019,Term Completed
African American,Male,08/01/2020,08/01/2023,Active
African American,Female,02/15/2023,02/14/2028,Active
Caucasian/Non-Hispanic,Male,03/05/2019,03/20/2023,Active
African American,Male,05/31/2022,06/09/2024,Active
,,12/20/2016,10/10/2020,Term Completed
African American,Female,12/20/2022,12/20/2025,Active
,,12/02/2022,12/02/2024,Active
Caucasian/Non-Hispanic,Male,02/15/2023,02/14/2028,Active
,Male,08/18/1990,05/18/2014,Term Completed
Caucasian/Non-Hispanic,Male,11/15/2016,02/09/2024,Active
African American,Female,01/18/2023,01/17/2025,Active
Caucasian/Non-Hispanic,Male,03/31/2020,03/30/2025,Active
Caucasian/Non-Hispanic,Female,08/01/2022,08/01/2026,Active
Caucasian/Non-Hispanic,Male,08/07/2018,08/31/2025,Active
Caucasian/Non-Hispanic,Female,,,Term Completed
,,09/02/2022,09/02/2024,Active
,,06/01/2019,05/31/2024,Active
Caucasian/Non-Hispanic,Male,11/09/2015,11/09/2019,Term Completed
African American,Female,03/15/2023,03/15/2025,Active
African American,Male,04/05/2023,04/04/2024,Active
Caucasian/Non-Hispanic,Female,04/16/2019,04/15/2022,Term Completed
Caucasian/Non-Hispanic,Female,01/01/2000,08/18/2024,Active
African American,Male,02/22/2023,02/21/2024,Active
Other,Female,02/14/2020,02/14/2021,Term Completed
African American,Male,02/22/2023,02/21/2024,Active
Caucasian/Non-Hispanic,Male,01/01/2000,04/15/2015,Term Completed
Caucasian/Non-Hispanic,Male,04/15/2015,04/15/2020,Term Completed
,,04/16/2019,04/15/2024,Active
,,,07/31/2021,Term Completed
,,09/01/2015,07/31/2018,Term Completed
,,01/07/2020,07/31/2022,Term Completed
Caucasian/Non-Hispanic,Female,08/01/2021,07/31/2024,Active
Caucasian/Non-Hispanic,Male,02/12/2021,02/12/2024,Active
,,02/12/2021,02/12/2024,Active
,,02/11/2018,02/11/2021,Term Completed
Caucasian/Non-Hispanic,Male,02/01/2020,04/16/2021,Term Completed
,Male,09/28/2021,09/28/2025,Active
,,11/29/2016,11/28/2020,Term Completed
Caucasian/Non-Hispanic,Male,01/01/2000,09/09/2016,Term Completed
Caucasian/Non-Hispanic,Female,02/14/2017,02/13/2021,Term Completed
Caucasian/Non-Hispanic,Male,07/01/2005,07/28/2015,Term Completed
Caucasian/Non-Hispanic,Male,01/01/2000,09/09/2016,Term Completed
Caucasian/Non-Hispanic,Male,08/08/2017,08/07/2020,Active
Caucasian/Non-Hispanic,Male,,,Term Completed
African American,Male,03/19/2021,03/19/2024,Active
,,07/11/2017,07/11/2021,Term Completed
Caucasian/Non-Hispanic,Male,01/01/2000,02/17/2017,Term Completed
Caucasian/Non-Hispanic,Male,01/01/2000,02/24/2017,Term Completed
Caucasian/Non-Hispanic,Male,06/01/2021,06/01/2025,Active
Caucasian/Non-Hispanic,Male,,,Term Completed
African American,Female,,,Term Completed
,,03/23/2021,03/23/2024,Active
,,08/01/2017,08/01/2020,Term Completed
,,,,Active
,,,,Active
Caucasian/Non-Hispanic,Female,09/01/2018,09/01/2021,Active
Caucasian/Non-Hispanic,Female,09/01/2015,09/01/2018,Term Completed
Caucasian/Non-Hispanic,Female,03/31/2020,10/14/2021,Resigned
Caucasian/Non-Hispanic,Male,01/01/2013,01/01/2018,Term Completed
