Name,description,Longitude,Latitude,geom
Station 1,218 E. Main Street - Downtown,-85.304791,35.034931,POINT (-85.304791 35.034931)
Station 3,4003 Cummings Highway - Lookout Valley,-85.387868,35.02281,POINT (-85.387868 35.02281)
Station 4,2110 Bragg Street - East Chattanooga,-85.256665,35.061126,POINT (-85.256665 35.061126)
Station 5,809 S. Willow Street - Highland Park,-85.274765,35.030163,POINT (-85.274765 35.030163)
Station 6,4500 Bonny Oaks Dr - Bonny Oaks,-85.202864,35.075378,POINT (-85.202864 35.075378)
Station 7,6911 Discovery Dr - Enterprise South,-85.153231,35.07721,POINT (-85.153231 35.07721000000001)
Station 8,2130 Hickory Valley Road - Tyner,-85.169221,35.041537,POINT (-85.169221 35.041537)
Station 9,3701 6th Avenue - East Lake,-85.286855,34.99987,POINT (-85.286855 34.99987)
Station 10,910 Wisdom Street - Amnicola,-85.262846,35.080259,POINT (-85.262846 35.080259)
Station 12,906 Forrest Avenue - North Chattanooga,-85.301967,35.070899,POINT (-85.301967 35.070899)
Station 13,5201 Brainerd Road - Brainerd,-85.224408,35.011789,POINT (-85.22440800000001 35.011789)
Station 14,1009 W 39th Street - Alton Park,-85.321217,35.008465,POINT (-85.321217 35.008465)
Station 15,912 Shallowford Road - Shallowford,-85.237218,35.037879,POINT (-85.237218 35.037879)
Station 16,3423 Lupton Drive - Rivermont,-85.269498,35.103505,POINT (-85.269498 35.103505)
Station 17,628 Signal Mountain Road - Mountain Creek,-85.327207,35.096887,POINT (-85.327207 35.096887)
Station 19,5400 Brunswick Lane - Hixson,-85.237181,35.13605,POINT (-85.23718100000002 35.13605)
Station 20,3003 Cummings Highway - Lookout Valley,-85.366647,35.020481,POINT (-85.366647 35.020481)
Station 21,7700 E Brainerd Road - East Brainerd,-85.155443,35.010473,POINT (-85.155443 35.010473)
Station 22,6144 Dayton Boulevard - Dayton Boulevard,-85.254178,35.172668,POINT (-85.254178 35.172668)
Station 11,6418 Hixson Pike - Hixson,-85.1961536309358,35.1560478928577,POINT (-85.1961536309358 35.1560478928577)
