project_ID,project_name,project_description,project_image,project_stage_ID,project_start_date,project_end_date,budget,budget2,amount_spent,project_website,district_ID,category_ID,subcategory_ID,project_icon,initiative_icon,budget_indicator,Budget_indicator_narrative,schedule_indicator,schedule_indicator_narrative,optional_indicator,optional_indicator_narrative,last_updated_date
Shepherd Road Enhancement (Hwy 153 to Airport),Shepherd Road Enhancement (Hwy 153 to Airport),This project will create a gateway experience into the airport - offering vegetation strips and pedestrian/bike pathways. The airport will provide the design and the City will implement the construction.,https://internal.chattadata.org/api/views/b6g8-dcxg/files/b5eed407-904a-4e10-b601-11514430144e?filename=ChattaData%20logo_transparent.PNG,Construction,03/01/2020 12:00:00 AM,09/01/2020 12:00:00 AM,750000,,,https://chattanooga.gov/,6,CDOT,,,,,,,,,,
Walnut Street Bridge,Walnut Street Bridge,"The Bridge was rehabilitated in the early 90's, with ongoing maintenance projects about every 3-5 years. After 25 yrs. significant repairs need to be made for the integrity of the Iconic Bridge for the next 25 yrs. Repairs, include replacement of the wood decking, electrical upgrades and lighting, structural repairs, along with sandblasting the bridge to the bare metal and installing a new protective coating system. Additional work below the water surface is planned in the out years to further stabilize the piers.",https://internal.chattadata.org/api/views/b6g8-dcxg/files/b5eed407-904a-4e10-b601-11514430144e?filename=ChattaData%20logo_transparent.PNG,Scoping & Design,01/01/2021 12:00:00 AM,03/01/2022 12:00:00 AM,21400000,,,https://chattanooga.gov/,"7,2",PW,,,,,,,,,,
Station #15 Replacement,Station #15 Replacement,Replacement of Fire Station 15 on Shallowford Road.,https://internal.chattadata.org/api/views/b6g8-dcxg/files/b5eed407-904a-4e10-b601-11514430144e?filename=ChattaData%20logo_transparent.PNG,Scoping & Design,,,2400000,,,https://chattanooga.gov/,9,Fire,,,,,,,,,,
Walnut Plaza/Holmberg Bridge Steps,Walnut Plaza/Holmberg Bridge Steps,"The project was highlighted for needed improvements within the Ramble Master Plan from February 2016. The Ramble plan seeks to enhance the existing routes and paths of downtown Chattanooga’s Riverfront and to extend quality connections and access into the City. This remains one of the most frequented pedestrian routes within in the city connecting citizens to the river. The public notes this part of our city as one of the best places to enjoy the public realm, our city, and our natural setting. This space connects a river and Walnut Street bridge experience to the bluffs and ultimately the riverfront. Due to its frequent use, attention to detail and a focus on high-quality, long-lasting materials is very important. Project scope includes Walnut Plaza, site preparation for the Ed Johnson Memorial, and replacement of the Holmberg Bridge stairs.",https://internal.chattadata.org/api/views/b6g8-dcxg/files/b5eed407-904a-4e10-b601-11514430144e?filename=ChattaData%20logo_transparent.PNG,Scoping & Design,,01/01/2021 12:00:00 AM,1600000,,,https://chattanooga.gov/,7,PW,,,,,,,,,,
Avondale YFD Sitework,Avondale YFD Center,"Design and Construction of new 23,000 SF Youth And Family Development Center.",https://internal.chattadata.org/api/views/b6g8-dcxg/files/b5eed407-904a-4e10-b601-11514430144e?filename=ChattaData%20logo_transparent.PNG,Complete,07/01/2016 12:00:00 AM,11/01/2019 12:00:00 AM,6200000,,,https://chattanooga.gov/,8,PW,,,,,,,,,,
Heritage Park,Heritage Park,"Heritage Park is a well used park in an densely populated part of the City with very few options for parks. While Heritage Park is a large park, it serves a larger area of citizens than it can sometime handle. Because of the amount of daily activity and age, and the City has already been approached by outside partners, Harvesting Inclusive Play and the Kiwanis Club who are currently fundraising for a fully inclusive playground project similar to what was recently built at Warner Park. Due to the size and scope of this playground, several other items and amenities should be addressed at this site. Additional restrooms, parking, and maintenance area will be addressed with this project. Current funding is being used for a new parking area and site work related to playground. Design of updated site plan by WQ to include new parking area and site work related to playground nearing completion, ready to bid in Spring 2020.  The desire from the community is to also include a set of ADA accessible, family restrooms with pavilion near playground since current park restrooms are on other side of park and not the most accessible for everyone.  Cost estimate includes external funds for playground equipment.",https://internal.chattadata.org/api/views/b6g8-dcxg/files/b5eed407-904a-4e10-b601-11514430144e?filename=ChattaData%20logo_transparent.PNG,Scoping & Design,,,1500000,,,,4,PW,,,,,,,,,,
"South Chick Greenway - Caine Lane Greenway Connector, South","South Chick Greenway - Caine Lane Greenway Connector, South",Construction of shared use path along Shallowford Rd. One of the remaining gaps to complete the South Chickamauga Creek Greenway from the Riverwalk to Camp Jordan.,https://internal.chattadata.org/api/views/b6g8-dcxg/files/b5eed407-904a-4e10-b601-11514430144e?filename=ChattaData%20logo_transparent.PNG,Construction,01/01/2020 12:00:00 AM,10/01/2020 12:00:00 AM,875000,,,https://chattanooga.gov/,5,CDOT,,,,,,,,,,
MBWWTP Renewable Solar Energy Project,MBWWTP Renewable Solar Energy Project,This project includes the installation of renewable electrical energy sources at the MBWWTP to reduce overall energy consumption. It improves energy usage reliability and potentially provides backup power at the plant.,https://internal.chattadata.org/api/views/b6g8-dcxg/files/b5eed407-904a-4e10-b601-11514430144e?filename=ChattaData%20logo_transparent.PNG,Procurement,02/01/2020 12:00:00 AM,09/01/2020 12:00:00 AM,4600000,,,https://chattanooga.gov/,1,PW,,,,,,,,,,
Lake Resort Drive,Lake Resort Drive,Slope failure from excessive rainfall resulting in partial roadway closure with strong potential for full roadway closure. Eastbound lane of roadway has scarp forming and has significant movement. Cracking and evidence of slope movement observed below roadway as well.,https://internal.chattadata.org/api/views/b6g8-dcxg/files/b5eed407-904a-4e10-b601-11514430144e?filename=ChattaData%20logo_transparent.PNG,Scoping & Design,03/01/2020 12:00:00 AM,06/01/2021 12:00:00 AM,5000000,,,https://chattanooga.gov/,3,CDOT,,,,,,,,,,
