Case Number - HUD,HUD/ FHAP,Violation City,Zip Code,Violation State and County,Filing Date,Closure Date,Bases,Issues,Case Disposition,All Compensation and Victims Fund Amount
04-15-0040-8,FHAP,Chattanooga,37411,Tennessee - Hamilton,10/10/2014,01/16/2016,"Race, Disability","Discriminatory refusal to rent; Discrimination in terms/conditions/privileges relating to rental; Otherwise deny or make housing unavailable; Discriminatory acts under Section 818 (coercion, Etc.); Failure to permit reasonable modification; Failure to make reasonable accommodation",No cause determination,0
04-15-0053-8,FHAP,Chatanooga,37411,Tennessee - Hamilton,10/15/2014,02/13/2015,Race,"Discriminatory acts under Section 818 (coercion, Etc.)",No cause determination,0
04-15-0063-8,HUD,Chatanooga,37402,Tennessee - Hamilton,10/21/2014,04/16/2015,Disability,Discrimination in terms/conditions/privileges relating to rental; Restriction of choices relative to a rental,Conciliation/settlement successful,500
04-15-0065-8,HUD,Chattanooga,37402,Tennessee - Hamilton,10/21/2014,04/16/2015,Disability,Discrimination in terms/conditions/privileges relating to rental; Restriction of choices relative to a rental; Failure to make reasonable accommodation,Conciliation/settlement successful,500
04-15-0625-8,HUD,Ooltewah,37363,Tennessee - Hamilton,05/15/2015,06/29/2015,Disability,Discrimination in terms/conditions/privileges relating to rental; Failure to make reasonable accommodation,Complaint withdrawn by complainant without resolution,0
04-15-0678-8,FHAP,Chattanooga,37415,Tennessee - Hamilton,05/27/2015,01/21/2016,Race,Discriminatory refusal to rent; Discrimination in terms/conditions/privileges relating to rental; Otherwise deny or make housing unavailable,No cause determination,0
04-15-0724-8,FHAP,Chattanooga,37419,Tennessee - Hamilton,06/05/2015,09/24/2015,National Origin,Discrimination in terms/conditions/privileges relating to sale,Complaint withdrawn by complainant without resolution,0
04-15-0725-8,FHAP,Chattanooga,37415,Tennessee - Hamilton,06/05/2015,01/21/2016,Race,Discriminatory refusal to rent; Discrimination in terms/conditions/privileges relating to rental; Otherwise deny or make housing unavailable,No cause determination,0
04-15-0806-8,FHAP,Chattanooga,37416,Tennessee - Hamilton,07/09/2015,02/10/2017,"Race, Disability","Discriminatory terms, conditions, privileges, or services and facilities; Failure to make reasonable accommodation",Complaint withdrawn by complainant without resolution,0
04-15-0851-8,HUD,Chattanooga,37415,Tennessee - Hamilton,07/23/2015,11/20/2015,Race,"Discriminatory refusal to rent; Discriminatory terms, conditions, privileges, or services and facilities; Otherwise deny or make housing unavailable",No cause determination,0
04-15-0906-8,FHAP,Chattanooga,37415,Tennessee - Hamilton,08/03/2015,01/21/2016,Race,Discriminatory refusal to rent; Discrimination in terms/conditions/privileges relating to rental; Otherwise deny or make housing unavailable,No cause determination,0
04-15-0964-8,FHAP,Chattanooga,37402,Tennessee - Hamilton,08/19/2015,02/22/2016,Race,"Discriminatory terms, conditions, privileges, or services and facilities",Conciliation/settlement successful,0
04-15-1139-8,FHAP,Chattanooga,37403,Tennessee - Hamilton,09/25/2015,06/15/2016,"Race, Religion",Discriminatory refusal to rent; Discrimination in terms/conditions/privileges relating to rental; Otherwise deny or make housing unavailable,No cause determination,0
04-16-4030-8,FHAP,Chattanooga,37404,Tennessee - Hamilton,11/23/2015,06/23/2016,Race,Discrimination in terms/conditions/privileges relating to rental,No cause determination,0
04-16-4185-8,FHAP,Hixson,37343,Tennessee - Hamilton,01/21/2016,12/07/2016,Race,Discriminatory refusal to rent; Discrimination in terms/conditions/privileges relating to rental; Otherwise deny or make housing unavailable,No cause determination,0
04-16-4250-8,FHAP,Chattanooga,37421,Tennessee - Hamilton,01/29/2016,02/25/2016,Disability,"Discrimination in terms/conditions/privileges relating to rental; Discriminatory acts under Section 818 (coercion, Etc.)",Complaint withdrawn by complainant without resolution,0
04-16-4251-8,FHAP,Chattanooga,37406,Tennessee - Hamilton,01/29/2016,11/09/2017,"Disability, Retaliation","Discriminatory terms, conditions, privileges, or services and facilities; Discriminatory acts under Section 818 (coercion, Etc.)",Dismissed for lack of jurisdiction,0
04-16-4270-8,HUD,Chattanooga,37403,Tennessee - Hamilton,02/04/2016,09/21/2017,"Disability, Retaliation","Discriminatory terms, conditions, privileges, or services and facilities; Discriminatory acts under Section 818 (coercion, Etc.); Non-compliance with design and construction requirements (handicap); Failure to provide an accessible building entrance; Failure to provide accessible and usable public and common user areas; Failure to permit reasonable modification; Failure to make reasonable accommodation",No cause determination,0
04-16-4393-8,FHAP,Hixson,37343,Tennessee - Hamilton,03/09/2016,06/01/2018,Disability,"Discriminatory terms, conditions, privileges, or services and facilities",No cause determination,0
04-16-4701-8,HUD,Chattanooga,37404,Tennessee - Hamilton,05/26/2016,05/08/2017,Familial Status,"Discriminatory refusal to rent; Discriminatory advertising, statements and notices; Discrimination in terms/conditions/privileges relating to rental",No cause determination,0
04-16-4768-8,HUD,Chatttanooga,37411,Tennessee - Hamilton,06/16/2016,05/05/2017,Race,"Discrimination in terms/conditions/privileges relating to rental; Otherwise deny or make housing unavailable; Discriminatory acts under Section 818 (coercion, Etc.)",No cause determination,0
04-16-5477-8,FHAP,Chattanooga,37404,Tennessee - Hamilton,09/28/2016,02/27/2017,"Disability, Familial Status","Discriminatory refusal to rent; Discriminatory terms, conditions, privileges, or services and facilities; Discrimination in terms/conditions/privileges relating to rental; Otherwise deny or make housing unavailable; Discriminatory acts under Section 818 (coercion, Etc.)",Complaint withdrawn by complainant after resolution,938
04-17-6059-8,FHAP,Hixson,37343,Tennessee - Hamilton,11/17/2016,01/23/2017,Disability,Discrimination in terms/conditions/privileges relating to rental; Failure to make reasonable accommodation,Conciliation/settlement successful,0
04-17-6796-8,FHAP,Hixson,37343,Tennessee - Hamilton,01/23/2017,05/01/2017,Familial Status,"Discriminatory terms, conditions, privileges, or services and facilities",Conciliation/settlement successful,0
04-17-6938-8,FHAP,Chattanooga,37406,Tennessee - Hamilton,02/01/2017,03/17/2017,Race,"Discriminatory terms, conditions, privileges, or services and facilities",Complainant failed to cooperate,0
04-17-7213-8,FHAP,Chattanooga,37421,Tennessee - Hamilton,02/27/2017,07/17/2017,National Origin,Discriminatory refusal to rent; Discrimination in terms/conditions/privileges relating to rental; Otherwise deny or make housing unavailable,Complaint withdrawn by complainant after resolution,425
04-17-7674-8,HUD,Chattanooga,37411,Tennessee - Hamilton,04/04/2017,02/14/2018,"Race, Sex","Discriminatory advertising, statements and notices; Discrimination in terms/conditions/privileges relating to rental; Discriminatory acts under Section 818 (coercion, Etc.)",No cause determination,0
04-17-8063-8,FHAP,Chattanooga,37421,Tennessee - Hamilton,05/05/2017,08/28/2017,"Race, Disability",Discriminatory refusal to rent; Discrimination in terms/conditions/privileges relating to rental,Conciliation/settlement successful,500
04-17-8454-8,FHAP,Chattanooga,37402,Tennessee - Hamilton,06/07/2017,10/13/2017,"Race, Disability","Discriminatory refusal to rent; Discrimination in terms/conditions/privileges relating to rental; Otherwise deny or make housing unavailable; Discriminatory acts under Section 818 (coercion, Etc.)",Conciliation/settlement successful,0
04-17-8575-8,FHAP,Chattanooga,37421,Tennessee - Hamilton,06/15/2017,09/07/2017,Familial Status,Discriminatory refusal to negotiate for rental; Discrimination in terms/conditions/privileges relating to rental; Otherwise deny or make housing unavailable,Conciliation/settlement successful,2000
04-17-8763-8,FHAP,Chattanooga,37415,Tennessee - Hamilton,07/06/2017,11/13/2017,"Race, Disability","Discriminatory refusal to rent; Discriminatory terms, conditions, privileges, or services and facilities; Otherwise deny or make housing unavailable",No cause determination,0
04-17-8855-8,FHAP,Chattanooga,37421,Tennessee - Hamilton,07/13/2017,10/11/2017,Disability,Discrimination in terms/conditions/privileges relating to rental; Otherwise deny or make housing unavailable; Failure to make reasonable accommodation,Conciliation/settlement successful,1523
04-17-9353-8,FHAP,CHattanoog,37415,Tennessee - Hamilton,08/24/2017,10/03/2017,Disability,Discriminatory refusal to rent; Discrimination in terms/conditions/privileges relating to rental; Otherwise deny or make housing unavailable; Failure to make reasonable accommodation,Conciliation/settlement successful,25
04-18-0283-8,FHAP,Chattanooga,37402,Tennessee - Hamilton,11/16/2017,05/14/2018,"Race, Disability, Retaliation","Discriminatory refusal to rent; Discriminatory terms, conditions, privileges, or services and facilities; Otherwise deny or make housing unavailable; Discriminatory acts under Section 818 (coercion, Etc.)",No cause determination,0
04-18-0878-8,FHAP,Chattanooga,37406,Tennessee - Hamilton,01/05/2018,03/07/2018,Disability,"Discriminatory terms, conditions, privileges, or services and facilities; Discrimination in terms/conditions/privileges relating to rental; Failure to permit reasonable modification; Failure to make reasonable accommodation",Conciliation/settlement successful,0
04-18-0880-8,FHAP,Hixson,37343,Tennessee - Hamilton,01/05/2018,,Familial Status,Discriminatory refusal to rent,,0
04-18-1408-8,FHAP,Chattanooga,37421,Tennessee - Hamilton,02/13/2018,05/31/2018,Disability,"Discriminatory refusal to rent; Discrimination in terms/conditions/privileges relating to rental; Otherwise deny or make housing unavailable; Discriminatory acts under Section 818 (coercion, Etc.)",Conciliation/settlement successful,3111
04-18-2324-8,FHAP,Chattanooga,37402,Tennessee - Hamilton,04/26/2018,04/11/2019,Disability,Discriminatory refusal to rent; Discrimination in terms/conditions/privileges relating to rental; Otherwise deny or make housing unavailable,No cause determination,0
04-18-2570-8,FHAP,Hixson,37343,Tennessee - Hamilton,05/17/2018,08/20/2018,Disability,Discriminatory refusal to rent; Discrimination in terms/conditions/privileges relating to rental; Otherwise deny or make housing unavailable; Failure to make reasonable accommodation,No cause determination,0
04-19-4766-8,FHAP,Cleveland,37311,Tennessee - Hamilton,11/01/2018,03/18/2019,"Race, Color, Sex","Discrimination in terms/conditions/privileges relating to rental; Discriminatory acts under Section 818 (coercion, Etc.)",No cause determination,0
04-19-4886-8,FHAP,Chattanooga,37404,Tennessee - Hamilton,11/09/2018,,"Race, Disability",Discriminatory refusal to rent; Discrimination in terms/conditions/privileges relating to rental; Otherwise deny or make housing unavailable,,0
04-19-4988-8,FHAP,Ooltewah,37363,Tennessee - Hamilton,11/20/2018,,"Sex, Disability","Discriminatory refusal to rent; Discrimination in terms/conditions/privileges relating to rental; Otherwise deny or make housing unavailable; Discriminatory acts under Section 818 (coercion, Etc.); Failure to make reasonable accommodation",,0
04-19-5304-8,FHAP,Chattanooga,37421,Tennessee - Hamilton,12/14/2018,08/26/2019,"Color, National Origin",Discriminatory refusal to rent; Discrimination in terms/conditions/privileges relating to rental; Otherwise deny or make housing unavailable,No cause determination,0
04-19-5546-8,FHAP,Chattanooga,37410,Tennessee - Hamilton,01/31/2019,05/01/2019,"Race, Color",Discriminatory refusal to rent; Discrimination in terms/conditions/privileges relating to rental; Otherwise deny or make housing unavailable,Conciliation/settlement successful,0
04-19-5552-8,FHAP,Chattanooga,37403,Tennessee - Hamilton,01/31/2019,05/22/2019,Disability,"Discriminatory advertising, statements and notices; Discrimination in terms/conditions/privileges relating to rental; Failure to make reasonable accommodation",Conciliation/settlement successful,0
04-19-5747-8,HUD,Chattanooga,37410,Tennessee - Hamilton,02/13/2019,04/11/2019,Disability,Discrimination in terms/conditions/privileges relating to rental; Failure to make reasonable accommodation,Conciliation/settlement successful,6000
04-19-5767-8,FHAP,Hixson,37343,Tennessee - Hamilton,02/14/2019,06/07/2019,Race,Discrimination in terms/conditions/privileges relating to rental,No cause determination,0
04-19-6049-8,FHAP,Chattanooga,37421,Tennessee - Hamilton,03/08/2019,08/27/2019,National Origin,Discrimination in terms/conditions/privileges relating to rental,No cause determination,0
04-19-6050-8,FHAP,Chattanooga,37421,Tennessee - Hamilton,03/08/2019,,National Origin,Discrimination in terms/conditions/privileges relating to rental,,0
04-19-6085-8,FHAP,Chattanooga,37402,Tennessee - Hamilton,03/12/2019,05/15/2019,"Race, Disability","Discriminatory refusal to rent; Discriminatory terms, conditions, privileges, or services and facilities; Otherwise deny or make housing unavailable",Conciliation/settlement successful,0
04-19-6825-8,FHAP,Chattanooga,37421,Tennessee - Hamilton,05/01/2019,09/18/2019,National Origin,Discriminatory refusal to rent; Discrimination in terms/conditions/privileges relating to rental; Otherwise deny or make housing unavailable,No cause determination,0
04-19-7408-8,HUD,Chattanooga,37412,Tennessee - Hamilton,06/17/2019,,Sex,"Discriminatory advertising, statements and notices; Discrimination in terms/conditions/privileges relating to rental; Otherwise deny or make housing unavailable",,0
04-19-7478-8,FHAP,Chattanooga,37411,Tennessee - Hamilton,06/20/2019,,"Disability, Retaliation","Discriminatory refusal to rent; Discrimination in terms/conditions/privileges relating to rental; Otherwise deny or make housing unavailable; Discriminatory acts under Section 818 (coercion, Etc.)",,0
04-19-7638-8,FHAP,Cleveland,37311,Tennessee - Hamilton,07/01/2019,,"Disability, Retaliation","Discriminatory refusal to rent; Discrimination in terms/conditions/privileges relating to rental; Discriminatory acts under Section 818 (coercion, Etc.); Failure to make reasonable accommodation",,0
04-19-7853-8,FHAP,Chattanooga,37405,Tennessee - Hamilton,07/17/2019,,"Religion, Disability","Discriminatory advertising, statements and notices; Discrimination in terms/conditions/privileges relating to rental",,0
04-19-8055-8,FHAP,Cleveland,37311,Tennessee - Hamilton,08/01/2019,,Disability,"Discriminatory refusal to rent; Discrimination in terms/conditions/privileges relating to rental; Otherwise deny or make housing unavailable; Discriminatory acts under Section 818 (coercion, Etc.); Failure to make reasonable accommodation",,0
04-19-8058-8,FHAP,Collegedale,37315,Tennessee - Hamilton,08/01/2019,,"Race, Sex, Disability",Discrimination in terms/conditions/privileges relating to rental; Failure to make reasonable accommodation,,0
04-19-8065-8,FHAP,Humboldt,38343,Tennessee - Hamilton,08/01/2019,,Race,"Discriminatory refusal to sell; Discriminatory advertising, statements and notices; Discrimination in terms/conditions/privileges relating to sale; Otherwise deny or make housing unavailable",,0
04-19-8410-8,FHAP,Chattanooga,37402,Tennessee - Hamilton,08/23/2019,,Race,Discriminatory refusal to rent; Discrimination in terms/conditions/privileges relating to rental; Otherwise deny or make housing unavailable,,0
