Master Incident Number,Address,City,Cross Street,County,Response Date,First Unit Arrived,PhonePickUp_To_FirstArrived,Phone Pick Up Time,Call Closed Time,Incident Type,Problem,Problem Type,Disposition,Battalion,Division,Current Division,Agency Type,Jurisdiction,Call Received to First Assign,Call Received to First Assign Minutes,Assigned to First Enroute,Assigned to First Enroute Minutes,Enroute to First at Scene,Enroute to First at Scene Minutes,Call Received to Call Closed,Call Received to Call Closed Minutes,Assigned Units Count,Sum Of Units On Call Time Minutes,Latitude,Longitude,Location WKT,Citizen Initiated,Agency Case Number,Priority Number,ID,Census Tract,Response Day of Week,Response Time of Day
2024-09-38901,COMMONS BLVD / GUNBARREL RD,CHATTANOOGA,,HAMILTON,09/27/2024 09:07:11 AM,,,09/27/2024 09:07:11 AM,09/27/2024 09:09:07 AM,FLOOD - Flooding,FLOOD-Flooding,Police Assist,F01_Not Dispatched,CFD Station 21,CFD Station 21,CFD Station 21,Fire,Chattanooga FD,,,,,,,00:01:56,1.93,,,35.036953,-85.151819,POINT (-85.151819 35.036953),Y,,1,8099166,011321,6 Fri,9
2024-09-38870,2514 AMNICOLA HWY,CHATTANOOGA,LATTA ST/APPLING ST,HAMILTON,09/27/2024 08:53:10 AM,09/27/2024 08:58:40 AM,5.52,09/27/2024 08:53:10 AM,09/27/2024 09:00:06 AM,FLOOD - Flooding,FLOOD-Flooding,Police Assist,F08_Incident Other,CFD Station 10,CFD Station 10,CFD Station 10,Fire,Chattanooga FD,00:00:29.2,0.49,00:01:09.2,1.15,00:03:51.8,3.86,00:06:56,6.93,2,8.7,35.07273,-85.268273,POINT (-85.268273 35.07273),Y,CFD-24-017529,1,8099117,012300,6 Fri,9
2024-09-38860,2514 AMNICOLA HWY,CHATTANOOGA,LATTA ST/APPLING ST,HAMILTON,09/27/2024 08:47:45 AM,09/27/2024 08:53:23 AM,6.00,09/27/2024 08:47:24 AM,09/27/2024 12:02:24 PM,1 Patrol,FLOOD-Flooding,Police Assist,D05_In Service No Report,CPD Baker 2,CPD Baker Team,CPD Baker Team,Law,Chattanooga PD,00:04:50.6,4.84,00:01:08.7,1.15,00:00:00.0,0,03:15:00,195,2,58.38333333333333,35.07273,-85.268273,POINT (-85.268273 35.07273),Y,24-090469,0,8099096,012300,6 Fri,9
2024-09-38858,300 E 20TH ST,CHATTANOOGA,CAPPELLA ST/WASHINGTON ST,HAMILTON,09/27/2024 08:47:34 AM,09/27/2024 08:52:31 AM,4.95,09/27/2024 08:47:34 AM,09/27/2024 09:07:20 AM,FLOOD - Flooding,FLOOD-Flooding,Police Assist,F08_Incident Other,CFD Station 02,CFD Station 02,CFD Station 02,Fire,Chattanooga FD,00:00:20.7,0.35,00:01:36.2,1.6,00:03:00.2,3,00:19:45,19.75,2,34.4,35.030674,-85.306735,POINT (-85.306735 35.030674),Y,CFD-24-017527,1,8099097,002000,6 Fri,9
2024-09-38857,300 E 20TH ST,CHATTANOOGA,CAPPELLA ST/WASHINGTON ST,HAMILTON,09/27/2024 08:46:51 AM,09/27/2024 08:59:21 AM,12.67,09/27/2024 08:46:41 AM,09/27/2024 09:23:40 AM,1 Patrol,FLOOD-Flooding,Police Assist,D05_In Service No Report,CPD Adam 10,CPD Adam Team,CPD Adam Team,Law,Chattanooga PD,00:01:23.0,1.38,00:00:11.2,0.19,00:00:00.0,0,00:36:58,36.97,3,59.96666666666667,35.030674,-85.306735,POINT (-85.306735 35.030674),Y,,0,8099094,002000,6 Fri,9
2024-09-38810,E 11TH ST / PEEPLES ST,CHATTANOOGA,,HAMILTON,09/27/2024 07:50:20 AM,09/27/2024 07:52:37 AM,2.28,09/27/2024 07:50:20 AM,09/27/2024 08:04:32 AM,FLOOD - Flooding,FLOOD-Flooding,Police Assist,F08_Incident Other,CFD Station 02,CFD Station 02,CFD Station 02,Fire,Chattanooga FD,00:00:28.7,0.48,00:00:37.2,0.62,00:01:10.7,1.18,00:14:11,14.18,2,16.05,35.040024,-85.29934,POINT (-85.29934 35.040024),Y,CFD-24-017525,1,8099008,012400,6 Fri,8
2024-09-38809,E 11TH ST / PEEPLES ST,CHATTANOOGA,,HAMILTON,09/27/2024 07:49:38 AM,09/27/2024 07:55:14 AM,5.68,09/27/2024 07:49:34 AM,09/27/2024 08:15:18 AM,1 Patrol,FLOOD-Flooding,Police Assist,D05_In Service No Report,CPD Adam 9,CPD Adam Team,CPD Adam Team,Law,Chattanooga PD,00:05:37.3,5.62,00:00:03.6,0.06,00:00:00,0,00:25:44,25.73,1,20.116666666666667,35.040024,-85.29934,POINT (-85.29934 35.040024),Y,24-090457,0,8099007,012400,6 Fri,8
