Response_Date,Problem,Address,Latitude,Longitude,Location
2025-02-16 13:58:34.290000,AUTO-Abandoned Auto,PADEN LN / NAVAJO DR,35.016083,-85.247897,POINT (-85.247897 35.016083)
2025-02-16 14:06:19.247000,AUTOBD-Auto Broken Down,3523 PERRY ST,35.03156,-85.243276,POINT (-85.243276 35.03156)
2025-02-16 13:18:20.873000,CHEHAZ-Check For A Hazard,320 HIGHWAY 153 SB,35.06405,-85.194647,POINT (-85.194647 35.06405)
2025-02-16 14:12:48.553000,AUTOBD-Auto Broken Down,MAXWELL RD / RINGGOLD RD,34.992812,-85.22823,POINT (-85.22823 34.992812)
