Response_Date,Problem,Address,Latitude,Longitude,Location
2025-03-07 14:15:01.120000,CHEHAZ-Check For A Hazard,GADD RD / HIGHWAY 153,35.141814,-85.24873,POINT (-85.24873 35.141814)
2025-03-07 14:09:32.743000,AUTO-Abandoned Auto,701 CHERRY ST,35.048306,-85.308606,POINT (-85.308606 35.048306)
2025-03-07 14:04:37.813000,WIRES-Wires Down,POLK ST / E MAIN ST,35.03082,-85.293278,POINT (-85.293278 35.03082)
2025-03-07 14:01:11.913000,WIRES-Wires Down,POLK ST / E MAIN ST,35.03082,-85.293278,POINT (-85.293278 35.03082)
2025-03-07 13:29:32.093000,ROAD CLOSURE,1600 ROANOKE AVE,35.055416,-85.26293,POINT (-85.26293 35.055416)
