site_name,direction,avg_daily_volume,geom
4th St & Hwy 27 NB Off Ramp,Total,8983.083333333333333,POINT (-85.31323399 35.05223105)
4th St & Hwy 27 NB Off Ramp,NorthBound,4829.587677725118483,POINT (-85.313234 35.052231)
4th St & Hwy 27 NB Off Ramp,SouthBound,5272.694444444444444,POINT (-85.313234 35.052231)
4th St & Hwy 27 NB Off Ramp,Total,9817.87280701754386,POINT (-85.313234 35.052231)
4th St & Hwy 27 NB Off Ramp,WestBound,4949.863013698630137,POINT (-85.313234 35.052231)
4th St & Hwy 27 NB Off Ramp,EastBound,4680.654761904761905,POINT (-85.31323399 35.05223105)
4th St & Hwy 27 NB Off Ramp,EastBound,4903.135064935064935,POINT (-85.313234 35.052231)
4th St & Hwy 27 NB Off Ramp,NorthBound,4302.428571428571429,POINT (-85.31323399 35.05223105)
4th St & Hwy 27 SB Off Ramp,Total,12416.75704989154,POINT (-85.313648 35.052226)
4th St & Hwy 27 SB Off Ramp,WestBound,5056.344902386117137,POINT (-85.313648 35.052226)
4th St & Hwy 27 SB Off Ramp,WestBound,2143.91044776119403,POINT (-85.31364774 35.05222595)
4th St & Hwy 27 SB Off Ramp,Total,8752.321428571428571,POINT (-85.31364774 35.05222595)
4th St & Hwy 27 SB Off Ramp,SouthBound,7360.412147505422994,POINT (-85.313648 35.052226)
4th St & Hwy 27 SB Off Ramp,Unassigned,1418.111111111111111,POINT (-85.31364774 35.05222595)
4th St & Hwy 27 SB Off Ramp,SouthBound,6890.357142857142857,POINT (-85.31364774 35.05222595)
4th St & Market St,WestBound,4617.35606936416185,POINT (-85.309611 35.052312)
4th St & Market St,EastBound,6028,POINT (-85.309611 35.052312)
4th St & Market St,SouthBound,6019.153757225433526,POINT (-85.309611 35.052312)
4th St & Market St,NorthBound,6206.456647398843931,POINT (-85.309611 35.052312)
4th St & Market St,Total,22870.928323699422,POINT (-85.309611 35.052312)
Apison Pike & I-75 NB Ramp,WestBound,7981.369337979094077,POINT (-85.10957 35.072891)
Apison Pike & I-75 NB Ramp,Total,17353.377468060395,POINT (-85.10957 35.072891)
Apison Pike & I-75 NB Ramp,EastBound,4915.598141695702671,POINT (-85.10957 35.072891)
Apison Pike & I-75 NB Ramp,NorthBound,4456.409988385598142,POINT (-85.10957 35.072891)
apison pike & summit,EastBound,8630.666666666666667,POINT (-85.108098 35.072195)
apison pike & summit,WestBound,8243.333333333333333,POINT (-85.108098 35.072195)
apison pike & summit,Total,17934.333333333333,POINT (-85.108098 35.072195)
apison pike & summit,SouthBound,1060.333333333333333,POINT (-85.108098 35.072195)
Apison Pike & Summit Spring Way,WestBound,5987.734787600459242,POINT (-85.108098 35.072195)
Apison Pike & Summit Spring Way,Total,15060.661308840413,POINT (-85.108098 35.072195)
Apison Pike & Summit Spring Way,EastBound,8038.6601607347876,POINT (-85.108098 35.072195)
Apison Pike & Summit Spring Way,SouthBound,1034.266360505166475,POINT (-85.108098 35.072195)
Bailey Ave & McCallie Ave,WestBound,7230.421412300683371,POINT (-85.264959 35.031792)
Bailey Ave & McCallie Ave,Total,19299.154897494305,POINT (-85.264959 35.031792)
Bailey Ave & McCallie Ave,EastBound,5773.771070615034169,POINT (-85.264959 35.031792)
Bailey Ave & McCallie Ave,SouthBound,6070.601366742596811,POINT (-85.264959 35.031792)
Bailey Ave & McCallie Ave,Unassigned,5471.277777777777778,POINT (-85.264959 35.031792)
Bonny Oaks Dr & Volkswagen Dr,NorthBound,92.948430493273543,POINT (-85.147374 35.068562)
Bonny Oaks Dr & Volkswagen Dr,WestBound,8886.631578947368421,POINT (-85.1473736 35.0685623)
Bonny Oaks Dr & Volkswagen Dr,Total,25697.023923444976,POINT (-85.1473736 35.0685623)
Bonny Oaks Dr & Volkswagen Dr,EastBound,12147.674887892377,POINT (-85.147374 35.068562)
Bonny Oaks Dr & Volkswagen Dr,NorthBound,103.758373205741627,POINT (-85.1473736 35.0685623)
Bonny Oaks Dr & Volkswagen Dr,SouthBound,3999.701793721973094,POINT (-85.147374 35.068562)
Bonny Oaks Dr & Volkswagen Dr,Total,26318.67264573991,POINT (-85.147374 35.068562)
Bonny Oaks Dr & Volkswagen Dr,WestBound,9286.495515695067265,POINT (-85.147374 35.068562)
Bonny Oaks Dr & Volkswagen Dr,SouthBound,4046.547846889952153,POINT (-85.1473736 35.0685623)
Bonny Oaks Dr & Volkswagen Dr,EastBound,12660.086124401914,POINT (-85.1473736 35.0685623)
Bonny Oaks Dr & Volkswagen Dr,Unassigned,11392.451612903226,POINT (-85.147374 35.068562)
Brainerd Rd & Eastgate Loop West,Total,35473.289473684211,POINT (-85.2175155 35.0106141)
Brainerd Rd & Eastgate Loop West,SouthBound,667.052631578947368,POINT (-85.2175155 35.0106141)
Brainerd Rd & Eastgate Loop West,EastBound,18165.480861244019,POINT (-85.2175155 35.0106141)
Brainerd Rd & Eastgate Loop West,WestBound,15068.925837320574,POINT (-85.2175155 35.0106141)
Brainerd Rd & Eastgate Loop West,SouthBound,627.427906976744186,POINT (-85.217516 35.010614)
Brainerd Rd & Eastgate Loop West,WestBound,16164.004651162791,POINT (-85.217516 35.010614)
Brainerd Rd & Eastgate Loop West,NorthBound,1571.830143540669856,POINT (-85.2175155 35.0106141)
Brainerd Rd & Eastgate Loop West,EastBound,19415.244186046512,POINT (-85.217516 35.010614)
Brainerd Rd & Eastgate Loop West,NorthBound,1766.925581395348837,POINT (-85.217516 35.010614)
Brainerd Rd & Eastgate Loop West,Total,37973.602325581395,POINT (-85.217516 35.010614)
Brainerd Rd & Germantown Rd,SouthBound,5814.792682926829268,POINT (-85.24644922 35.02415606)
Brainerd Rd & Germantown Rd,EastBound,14278.378048780488,POINT (-85.24644922 35.02415606)
Brainerd Rd & Germantown Rd,SouthBound,5779.010917030567686,POINT (-85.246449 35.024156)
Brainerd Rd & Germantown Rd,NorthBound,5628.414634146341463,POINT (-85.24644922 35.02415606)
Brainerd Rd & Germantown Rd,WestBound,13770.536585365854,POINT (-85.24644922 35.02415606)
Brainerd Rd & Germantown Rd,EastBound,14033.39519650655,POINT (-85.246449 35.024156)
Brainerd Rd & Germantown Rd,NorthBound,5605.890829694323144,POINT (-85.246449 35.024156)
Brainerd Rd & Germantown Rd,WestBound,13162.115720524017,POINT (-85.246449 35.024156)
Brainerd Rd & Germantown Rd,Total,39492.121951219512,POINT (-85.24644922 35.02415606)
Brainerd Rd & Germantown Rd,Total,38580.412663755459,POINT (-85.246449 35.024156)
Brainerd Rd & Greenway View Dr,Total,39473.261437908497,POINT (-85.211083 35.013894)
Brainerd Rd & Greenway View Dr,Total,36233.443914081146,POINT (-85.2110829 35.013894)
Brainerd Rd & Greenway View Dr,NorthBound,3840.832935560859188,POINT (-85.2110829 35.013894)
Brainerd Rd & Greenway View Dr,SouthBound,1051.270152505446623,POINT (-85.211083 35.013894)
Brainerd Rd & Greenway View Dr,WestBound,15571.941176470588,POINT (-85.211083 35.013894)
Brainerd Rd & Greenway View Dr,SouthBound,624.632458233890215,POINT (-85.2110829 35.013894)
Brainerd Rd & Greenway View Dr,NorthBound,4137.673202614379085,POINT (-85.211083 35.013894)
Brainerd Rd & Greenway View Dr,WestBound,14445.6276849642,POINT (-85.2110829 35.013894)
Brainerd Rd & Greenway View Dr,EastBound,18712.376906318083,POINT (-85.211083 35.013894)
Brainerd Rd & Greenway View Dr,EastBound,17322.350835322196,POINT (-85.2110829 35.013894)
Broad St.  & 26th St.,SouthBound,5321,POINT (-85.316738 35.027634)
Broad St.  & 26th St.,Unassigned,13476,POINT (-85.316738 35.027634)
Broad St.  & 26th St.,Total,24184,POINT (-85.316738 35.027634)
Broad St.  & 26th St.,NorthBound,4776,POINT (-85.316738 35.027634)
Broad St.  & 26th St.,EastBound,611,POINT (-85.316738 35.027634)
Broad St & W 12th St,SouthBound,2625.506024096385542,POINT (-85.309724 35.041766)
Broad St & W 12th St,EastBound,197.253012048192771,POINT (-85.309724 35.041766)
Broad St & W 12th St,NorthBound,3863.995180722891566,POINT (-85.309724 35.041766)
Broad St & W 12th St,WestBound,705.171084337349398,POINT (-85.309724 35.041766)
Broad St & W 12th St,Total,7391.925301204819277,POINT (-85.309724 35.041766)
Broad St  & W 26th St,Total,26181.501683501684,POINT (-85.316738 35.027634)
Broad St  & W 26th St,WestBound,1213.045372050816697,POINT (-85.316738 35.027634)
Broad St  & W 26th St,EastBound,639.094276094276094,POINT (-85.316738 35.027634)
Broad St  & W 26th St,SouthBound,11749.09595959596,POINT (-85.316738 35.027634)
Broad St  & W 26th St,NorthBound,12668.079124579125,POINT (-85.316738 35.027634)
Broad St & W 6th St,EastBound,1567.736175115207373,POINT (-85.310592 35.049659)
Broad St & W 6th St,NorthBound,2708.252304147465438,POINT (-85.310592 35.049659)
Broad St & W 6th St,SouthBound,2565.399769585253456,POINT (-85.310592 35.049659)
Broad St & W 6th St,Total,6841.388248847926267,POINT (-85.310592 35.049659)
Chestnut St & W 6th St,SouthBound,2194.528,POINT (-85.311695 35.049611)
Chestnut St & W 6th St,Total,5860.340571428571429,POINT (-85.311695 35.049611)
Chestnut St & W 6th St,NorthBound,1346.940571428571429,POINT (-85.311695 35.049611)
Chestnut St & W 6th St,EastBound,2318.872,POINT (-85.311695 35.049611)
Chestnut St & W Aquarium Way,EastBound,274.776315789473684,POINT (-85.311876 35.054727)
Chestnut St & W Aquarium Way,NorthBound,1451.153508771929825,POINT (-85.311876 35.054727)
Chestnut St & W Aquarium Way,Total,5003.517543859649123,POINT (-85.311876 35.054727)
Chestnut St & W Aquarium Way,WestBound,1232.81578947368421,POINT (-85.311876 35.054727)
Chestnut St & W Aquarium Way,SouthBound,2044.771929824561404,POINT (-85.311876 35.054727)
Cummings Hwy & Browns Ferry Rd,NorthBound,1409.380681818181818,POINT (-85.365768 35.020318)
Cummings Hwy & Browns Ferry Rd,EastBound,6990.177272727272727,POINT (-85.365768 35.020318)
Cummings Hwy & Browns Ferry Rd,WestBound,6896.584090909090909,POINT (-85.365768 35.020318)
Cummings Hwy & Browns Ferry Rd,Total,20477.382954545455,POINT (-85.365768 35.020318)
Cummings Hwy & Browns Ferry Rd,SouthBound,5181.240909090909091,POINT (-85.365768 35.020318)
E 4th St & Cherry St,EastBound,7762.886574074074074,POINT (-85.308603 35.052392)
E 4th St & Cherry St,NorthBound,471.861111111111111,POINT (-85.308603 35.052392)
E 4th St & Cherry St,WestBound,4544.520833333333333,POINT (-85.308603 35.052392)
E 4th St & Cherry St,SouthBound,159.125214408233276,POINT (-85.308603 35.052392)
E 4th St & Cherry St,Total,12886.641203703704,POINT (-85.308603 35.052392)
E 4th St & Georgia Ave,WestBound,3394.501600853788687,POINT (-85.304571 35.052275)
E 4th St & Georgia Ave,EastBound,5581.325506937033084,POINT (-85.304571 35.052275)
E 4th St & Georgia Ave,Total,21285.893276414088,POINT (-85.304571 35.052275)
E 4th St & Georgia Ave,SouthBound,7422.179295624332978,POINT (-85.304571 35.052275)
E 4th St & Georgia Ave,Unassigned,1292.131147540983607,POINT (-85.304571 35.052275)
E 4th St & Georgia Ave,NorthBound,4803.767342582710779,POINT (-85.304571 35.052275)
E 4th St & High St,NorthBound,419.424494649227111,POINT (-85.305464 35.052249)
E 4th St & High St,SouthBound,814.077288941736028,POINT (-85.305464 35.052249)
E 4th St & High St,EastBound,6567.365041617122473,POINT (-85.305464 35.052249)
E 4th St & High St,Total,10862.095124851367,POINT (-85.305464 35.052249)
E 4th St & High St,WestBound,3061.228299643281807,POINT (-85.305464 35.052249)
E 4th St & Houston St,Total,11404.787047200878,POINT (-85.301678 35.051375)
E 4th St & Houston St,WestBound,1414.535675082327113,POINT (-85.301678 35.051375)
E 4th St & Houston St,Unassigned,360.39344262295082,POINT (-85.301678 35.051375)
E 4th St & Houston St,NorthBound,1099.232711306256861,POINT (-85.301678 35.051375)
E 4th St & Houston St,EastBound,8866.886937431394072,POINT (-85.301678 35.051375)
E 4th St & Lindsay St,SouthBound,4308.947368421052632,POINT (-85.303115 35.051899)
E 4th St & Lindsay St,WestBound,1638.707726763717805,POINT (-85.303115 35.051899)
E 4th St & Lindsay St,NorthBound,281.460708782742681,POINT (-85.303115 35.051899)
E 4th St & Lindsay St,Total,15149.220604703247,POINT (-85.303115 35.051899)
E 4th St & Lindsay St,EastBound,8997.010078387458007,POINT (-85.303115 35.051899)
E 4th St & Walnut St,SouthBound,286.025274725274725,POINT (-85.307561 35.052334)
E 4th St & Walnut St,NorthBound,110.316441441441441,POINT (-85.307561 35.052334)
E 4th St & Walnut St,Total,11795.840300107181,POINT (-85.307561 35.052334)
E 4th St & Walnut St,EastBound,7251.493033226152197,POINT (-85.307561 35.052334)
E 4th St & Walnut St,WestBound,4160.377277599142551,POINT (-85.307561 35.052334)
E. Brainerd Rd & Graysville Rd,Total,29900.645374449339,POINT (-85.149523 35.003965)
E. Brainerd Rd & Graysville Rd,Total,25263.929951690821,POINT (-85.1495234 35.0039651)
E. Brainerd Rd & Graysville Rd,SouthBound,2110.841409691629956,POINT (-85.149523 35.003965)
E. Brainerd Rd & Graysville Rd,SouthBound,1626.248792270531401,POINT (-85.1495234 35.0039651)
E. Brainerd Rd & Graysville Rd,WestBound,12059.050955414013,POINT (-85.149523 35.003965)
E. Brainerd Rd & Graysville Rd,NorthBound,6165.927312775330396,POINT (-85.149523 35.003965)
E. Brainerd Rd & Graysville Rd,EastBound,13283.47577092511,POINT (-85.149523 35.003965)
E. Brainerd Rd & Graysville Rd,EastBound,17660.169082125604,POINT (-85.1495234 35.0039651)
E. Brainerd Rd & Graysville Rd,NorthBound,5977.51207729468599,POINT (-85.1495234 35.0039651)
E. Brainerd Rd & Hurricane Creek Rd,Total,30541.287005649718,POINT (-85.132573 35.000846)
E. Brainerd Rd & Hurricane Creek Rd,EastBound,11425.180790960452,POINT (-85.132573 35.000846)
E. Brainerd Rd & Hurricane Creek Rd,NorthBound,2890.95819209039548,POINT (-85.132573 35.000846)
E. Brainerd Rd & Hurricane Creek Rd,WestBound,11341.685875706215,POINT (-85.132573 35.000846)
E. Brainerd Rd & Hurricane Creek Rd,SouthBound,4883.462146892655367,POINT (-85.132573 35.000846)
Frazier Ave & Forest Ave,SouthBound,607.794736842105263,POINT (-85.30664 35.062396)
Frazier Ave & Forest Ave,EastBound,6222.494736842105263,POINT (-85.30664 35.062396)
Frazier Ave & Forest Ave,Total,13242,POINT (-85.30664 35.062396)
Frazier Ave & Forest Ave,NorthBound,204.378947368421053,POINT (-85.30664 35.062396)
Frazier Ave & Forest Ave,WestBound,6207.331578947368421,POINT (-85.30664 35.062396)
Frazier Ave. & Forest Ave.,NorthBound,109.862773722627737,POINT (-85.30664 35.062396)
Frazier Ave. & Forest Ave.,WestBound,7069.684671532846715,POINT (-85.30664 35.062396)
Frazier Ave. & Forest Ave.,Total,15702.134306569343,POINT (-85.30664 35.062396)
Frazier Ave. & Forest Ave.,EastBound,7776.691970802919708,POINT (-85.30664 35.062396)
Frazier Ave. & Forest Ave.,SouthBound,745.894890510948905,POINT (-85.30664 35.062396)
Georgia Ave & E 6th St,NorthBound,5470.935172413793103,POINT (-85.30602 35.049754)
Georgia Ave & E 6th St,EastBound,644.215172413793103,POINT (-85.30602 35.049754)
Georgia Ave & E 6th St,SouthBound,4761.812413793103448,POINT (-85.30602 35.049754)
Georgia Ave & E 6th St,Total,10876.96275862069,POINT (-85.30602 35.049754)
Georgia Ave & E 8th St,Total,7600.508610792192882,POINT (-85.307498 35.04713)
Georgia Ave & E 8th St,SouthBound,3370.966704936854191,POINT (-85.307498 35.04713)
Georgia Ave & E 8th St,EastBound,818.475315729047072,POINT (-85.307498 35.04713)
Georgia Ave & E 8th St,NorthBound,3409.982778415614236,POINT (-85.307498 35.04713)
Georgia Ave & E 8th St,WestBound,944,POINT (-85.307498 35.04713)
Georgia Ave & McCallie Ave / E 7th St,WestBound,4267.082758620689655,POINT (-85.306787 35.048421)
Georgia Ave & McCallie Ave / E 7th St,NorthBound,3748.343448275862069,POINT (-85.306787 35.048421)
Georgia Ave & McCallie Ave / E 7th St,Total,13218.991724137931,POINT (-85.306787 35.048421)
Georgia Ave & McCallie Ave / E 7th St,SouthBound,5203.56551724137931,POINT (-85.306787 35.048421)
Germantown RD & North Terrace,NorthBound,774,POINT (-85.251599 35.0147)
Germantown RD & North Terrace,SouthBound,6271,POINT (-85.251599 35.0147)
Germantown RD & North Terrace,Unassigned,2877,POINT (-85.251599 35.0147)
Germantown RD & North Terrace,WestBound,6079,POINT (-85.251599 35.0147)
Germantown RD & North Terrace,Total,16001,POINT (-85.251599 35.0147)
Gunbarrel Rd & Hamilton Place Blvd,NorthBound,12650.81045751634,POINT (-85.154397 35.032277)
Gunbarrel Rd & Hamilton Place Blvd,Total,36882.941176470588,POINT (-85.154397 35.032277)
Gunbarrel Rd & Hamilton Place Blvd,SouthBound,12243.729847494553,POINT (-85.154397 35.032277)
Gunbarrel Rd & Hamilton Place Blvd,WestBound,4158.019607843137255,POINT (-85.154397 35.032277)
Gunbarrel Rd & Hamilton Place Blvd,EastBound,6029.064593301435407,POINT (-85.1543966 35.0322767)
Gunbarrel Rd & Hamilton Place Blvd,NorthBound,11678.827751196172,POINT (-85.1543966 35.0322767)
Gunbarrel Rd & Hamilton Place Blvd,EastBound,7830.381263616557734,POINT (-85.154397 35.032277)
Gunbarrel Rd & Hamilton Place Blvd,Total,32319.1004784689,POINT (-85.1543966 35.0322767)
Gunbarrel Rd & Hamilton Place Blvd,WestBound,3969.502392344497608,POINT (-85.1543966 35.0322767)
Gunbarrel Rd & Hamilton Place Blvd,SouthBound,10641.705741626794,POINT (-85.1543966 35.0322767)
Gunbarrel Rd & McCutcheon Rd,NorthBound,4450.34390243902439,POINT (-85.148171 35.0436465)
Gunbarrel Rd & McCutcheon Rd,NorthBound,4772.209401709401709,POINT (-85.148171 35.043647)
Gunbarrel Rd & McCutcheon Rd,SouthBound,5285.839024390243902,POINT (-85.148171 35.0436465)
Gunbarrel Rd & McCutcheon Rd,Total,16030.587606837607,POINT (-85.148171 35.043647)
Gunbarrel Rd & McCutcheon Rd,EastBound,1437.141025641025641,POINT (-85.148171 35.043647)
Gunbarrel Rd & McCutcheon Rd,Total,10968.69756097561,POINT (-85.148171 35.0436465)
Gunbarrel Rd & McCutcheon Rd,WestBound,35.474358974358974,POINT (-85.148171 35.043647)
Gunbarrel Rd & McCutcheon Rd,EastBound,1189.985365853658537,POINT (-85.148171 35.0436465)
Gunbarrel Rd & McCutcheon Rd,Unassigned,5938.430678466076696,POINT (-85.148171 35.043647)
Gunbarrel Rd & McCutcheon Rd,SouthBound,5484.207264957264957,POINT (-85.148171 35.043647)
Gunbarrel Rd & McCutcheon Rd,WestBound,42.529268292682927,POINT (-85.148171 35.0436465)
Hickory Valley Rd & Discovery Dr,SouthBound,4294.975903614457831,POINT (-85.1542534 35.0770366)
Hickory Valley Rd & Discovery Dr,SouthBound,4550.333333333333333,POINT (-85.154253 35.077037)
Hickory Valley Rd & Discovery Dr,WestBound,115.873015873015873,POINT (-85.154253 35.077037)
Hickory Valley Rd & Discovery Dr,Total,11365.31746031746,POINT (-85.154253 35.077037)
Hickory Valley Rd & Discovery Dr,Total,10911.903614457831,POINT (-85.1542534 35.0770366)
Hickory Valley Rd & Discovery Dr,NorthBound,4238.542168674698795,POINT (-85.1542534 35.0770366)
Hickory Valley Rd & Discovery Dr,NorthBound,4515.507936507936508,POINT (-85.154253 35.077037)
Hickory Valley Rd & Discovery Dr,EastBound,2276.913253012048193,POINT (-85.1542534 35.0770366)
Hickory Valley Rd & Discovery Dr,EastBound,2183.603174603174603,POINT (-85.154253 35.077037)
Hickory Valley Rd & Discovery Dr,WestBound,101.472289156626506,POINT (-85.1542534 35.0770366)
Hixson Pike & Cassandra Smith Rd,EastBound,9771.015852047556143,POINT (-85.205539 35.149128)
Hixson Pike & Cassandra Smith Rd,Total,26860.63372859025,POINT (-85.205539 35.149128)
Hixson Pike & Cassandra Smith Rd,NorthBound,4926.647291941875826,POINT (-85.205539 35.149128)
Hixson Pike & Cassandra Smith Rd,WestBound,11987.335535006605,POINT (-85.205539 35.149128)
Hixson Pike & Cassandra Smith Rd,SouthBound,260.358437935843794,POINT (-85.205539 35.149128)
Hwy 58 & Clark Rd / Ferdinand Piech Way,Total,53614.549668874172,POINT (-85.145177 35.108266)
Hwy 58 & Clark Rd / Ferdinand Piech Way,EastBound,19472.902869757174,POINT (-85.145177 35.108266)
Hwy 58 & Clark Rd / Ferdinand Piech Way,NorthBound,941.710816777041943,POINT (-85.145177 35.108266)
Hwy 58 & Clark Rd / Ferdinand Piech Way,NorthBound,3771.083333333333333,POINT (-85.14517747 35.10826605)
Hwy 58 & Clark Rd / Ferdinand Piech Way,EastBound,19416.02380952381,POINT (-85.14517747 35.10826605)
Hwy 58 & Clark Rd / Ferdinand Piech Way,WestBound,31184.75,POINT (-85.14517747 35.10826605)
Hwy 58 & Clark Rd / Ferdinand Piech Way,Unassigned,33619.388888888889,POINT (-85.145177 35.108266)
Hwy 58 & Clark Rd / Ferdinand Piech Way,Total,58646.083333333333,POINT (-85.14517747 35.10826605)
Hwy 58 & Clark Rd / Ferdinand Piech Way,SouthBound,4274.226190476190476,POINT (-85.14517747 35.10826605)
Hwy 58 & Clark Rd / Ferdinand Piech Way,SouthBound,489.339955849889625,POINT (-85.145177 35.108266)
Hwy 58 & Clark Rd / Ferdinand Piech Way,WestBound,30038.85651214128,POINT (-85.145177 35.108266)
Lee Hwy & Little Debbie Pkwy,Total,37635.981941309255,POINT (-85.063559 35.084562)
Lee Hwy & Little Debbie Pkwy,NorthBound,10347.144469525959,POINT (-85.063559 35.084562)
Lee Hwy & Little Debbie Pkwy,WestBound,11165.553047404063,POINT (-85.063559 35.084562)
Lee Hwy & Little Debbie Pkwy,EastBound,14127.839729119639,POINT (-85.063559 35.084562)
Lee Hwy & Little Debbie Pkwy,SouthBound,1995.44469525959368,POINT (-85.063559 35.084562)
Lee Hwy & Ooltewah-Georgetown Rd / Main St,NorthBound,6093.952380952380952,POINT (-85.058543 35.0827556)
Lee Hwy & Ooltewah-Georgetown Rd / Main St,Total,28621.75,POINT (-85.058543 35.0827556)
Lee Hwy & Ooltewah-Georgetown Rd / Main St,WestBound,6666.44047619047619,POINT (-85.058543 35.0827556)
Lee Hwy & Ooltewah-Georgetown Rd / Main St,EastBound,11782.095238095238,POINT (-85.058543 35.0827556)
Lee Hwy & Ooltewah-Georgetown Rd / Main St,WestBound,6450.725321888412017,POINT (-85.058543 35.082756)
Lee Hwy & Ooltewah-Georgetown Rd / Main St,Total,28783.798283261803,POINT (-85.058543 35.082756)
Lee Hwy & Ooltewah-Georgetown Rd / Main St,NorthBound,5765.184549356223176,POINT (-85.058543 35.082756)
Lee Hwy & Ooltewah-Georgetown Rd / Main St,SouthBound,4395.259656652360515,POINT (-85.058543 35.082756)
Lee Hwy & Ooltewah-Georgetown Rd / Main St,SouthBound,4079.261904761904762,POINT (-85.058543 35.0827556)
Lee Hwy & Ooltewah-Georgetown Rd / Main St,EastBound,12172.628755364807,POINT (-85.058543 35.082756)
Little Debbie Pkwy & Old Lee Hwy,WestBound,4564.006741573033708,POINT (-85.064333 35.08334)
Little Debbie Pkwy & Old Lee Hwy,Total,26486.773033707865,POINT (-85.064333 35.08334)
Little Debbie Pkwy & Old Lee Hwy,EastBound,5999.344943820224719,POINT (-85.064333 35.08334)
Little Debbie Pkwy & Old Lee Hwy,SouthBound,9626.201123595505618,POINT (-85.064333 35.08334)
Little Debbie Pkwy & Old Lee Hwy,NorthBound,6297.220224719101124,POINT (-85.064333 35.08334)
Market St & 10th St,SouthBound,6305.442153493699886,POINT (-85.309415 35.044856)
Market St & 10th St,WestBound,891.468499427262314,POINT (-85.309415 35.044856)
Market St & 10th St,EastBound,720.2737686139748,POINT (-85.309415 35.044856)
Market St & 10th St,NorthBound,6057.687285223367698,POINT (-85.309415 35.044856)
Market St & 10th St,Total,13974.871706758305,POINT (-85.309415 35.044856)
Market St & 11th St,NorthBound,6213.214702450408401,POINT (-85.309376 35.043884)
Market St & 11th St,EastBound,874.689614935822637,POINT (-85.309376 35.043884)
Market St & 11th St,SouthBound,6598.114352392065344,POINT (-85.309376 35.043884)
Market St & 11th St,Total,14728.869311551925,POINT (-85.309376 35.043884)
Market St & 11th St,WestBound,1042.850641773628938,POINT (-85.309376 35.043884)
Market St & 3rd St,SouthBound,5857.324861878453039,POINT (-85.309669 35.053528)
Market St & 3rd St,Total,17379.186740331492,POINT (-85.309669 35.053528)
Market St & 3rd St,WestBound,2307.143646408839779,POINT (-85.309669 35.053528)
Market St & 3rd St,EastBound,610.87292817679558,POINT (-85.309669 35.053528)
Market St & 3rd St,Unassigned,39482.571428571429,POINT (-85.309669 35.053528)
Market St & 3rd St,NorthBound,5855.334806629834254,POINT (-85.309669 35.053528)
Market St & 5th St,NorthBound,5831.433260393873085,POINT (-85.309591 35.050951)
Market St & 5th St,WestBound,549.498901098901099,POINT (-85.309591 35.050951)
Market St & 5th St,Total,12408.328227571116,POINT (-85.309591 35.050951)
Market St & 5th St,SouthBound,5579.111597374179431,POINT (-85.309591 35.050951)
Market St & 5th St,EastBound,451.677631578947368,POINT (-85.309591 35.050951)
Market St & 6th St,Total,12684.417094017094,POINT (-85.309539 35.04968)
Market St & 6th St,NorthBound,5954.488888888888889,POINT (-85.309539 35.04968)
Market St & 6th St,EastBound,1387.929794520547945,POINT (-85.309539 35.04968)
Market St & 6th St,SouthBound,5340.700854700854701,POINT (-85.309539 35.04968)
Market St & 6th St,Unassigned,2147,POINT (-85.309539 35.04968)
Market St & 7th St,Total,14742.009334889148,POINT (-85.309441 35.048362)
Market St & 7th St,SouthBound,5897.439906651108518,POINT (-85.309441 35.048362)
Market St & 7th St,WestBound,1989.851808634772462,POINT (-85.309441 35.048362)
Market St & 7th St,NorthBound,5652.431738623103851,POINT (-85.309441 35.048362)
Market St & 7th St,Unassigned,20203.117647058824,POINT (-85.309441 35.048362)
Market St & 8th St,EastBound,762.921653971708379,POINT (-85.309467 35.047119)
Market St & 8th St,SouthBound,5659.19957310565635,POINT (-85.309467 35.047119)
Market St & 8th St,Total,12119.355389541089,POINT (-85.309467 35.047119)
Market St & 8th St,NorthBound,5711.890074706510139,POINT (-85.309467 35.047119)
Market St & Aquarium Way,NorthBound,6635.082795698924731,POINT (-85.309689 35.054772)
Market St & Aquarium Way,SouthBound,6615.602150537634409,POINT (-85.309689 35.054772)
Market St & Aquarium Way,EastBound,1746.764516129032258,POINT (-85.309689 35.054772)
Market St & Aquarium Way,Total,16780.055913978495,POINT (-85.309689 35.054772)
Market St & Aquarium Way,WestBound,1782.606451612903226,POINT (-85.309689 35.054772)
Market St & Choo Choo Ave,EastBound,670.64512595837897,POINT (-85.307394 35.037784)
Market St & Choo Choo Ave,WestBound,1551.963973799126638,POINT (-85.307394 35.037784)
Market St & Choo Choo Ave,NorthBound,16941.386462882096,POINT (-85.307394 35.037784)
Market St & Choo Choo Ave,SouthBound,15853.46615720524,POINT (-85.307394 35.037784)
Market St & Choo Choo Ave,Total,35015.265283842795,POINT (-85.307394 35.037784)
Market St & E 20th St,Total,22914.001140250855,POINT (-85.308771 35.031434)
Market St & E 20th St,SouthBound,6001.482326111744584,POINT (-85.308771 35.031434)
Market St & E 20th St,NorthBound,6276.214367160775371,POINT (-85.308771 35.031434)
Market St & E 20th St,Unassigned,6360.44811858608894,POINT (-85.308771 35.031434)
Market St & E 20th St,EastBound,4275.856328392246294,POINT (-85.308771 35.031434)
Market St & Houston St / W 12th St,Total,13469.81708652793,POINT (-85.308776 35.041952)
Market St & Houston St / W 12th St,WestBound,1380.44578313253012,POINT (-85.308776 35.041952)
Market St & Houston St / W 12th St,EastBound,1007.614457831325301,POINT (-85.308776 35.041952)
Market St & Houston St / W 12th St,SouthBound,5721.674698795180723,POINT (-85.308776 35.041952)
Market St & Houston St / W 12th St,NorthBound,5360.082146768893757,POINT (-85.308776 35.041952)
Market St & King St / W 13th St,Total,14752.542067307692,POINT (-85.30759 35.039524)
Market St & King St / W 13th St,NorthBound,7080.201923076923077,POINT (-85.30759 35.039524)
Market St & King St / W 13th St,WestBound,1475.90625,POINT (-85.30759 35.039524)
Market St & King St / W 13th St,SouthBound,5649.730769230769231,POINT (-85.30759 35.039524)
Market St & King St / W 13th St,EastBound,546.703125,POINT (-85.30759 35.039524)
Market St & Main St,WestBound,6145.044267877412032,POINT (-85.30732 35.036102)
Market St & Main St,Total,22772.616345062429,POINT (-85.30732 35.036102)
Market St & Main St,NorthBound,5723.132803632236095,POINT (-85.30732 35.036102)
Market St & Main St,SouthBound,6893.442678774120318,POINT (-85.30732 35.036102)
Market St & Main St,EastBound,4010.996594778660613,POINT (-85.30732 35.036102)
Market St & W 26th St,EastBound,1303.627056672760512,POINT (-85.311556 35.02568)
Market St & W 26th St,Total,13397.424960505529,POINT (-85.311556 35.02568)
Market St & W 26th St,NorthBound,6361.041942604856512,POINT (-85.311556 35.02568)
Market St & W 26th St,WestBound,272.736842105263158,POINT (-85.311556 35.02568)
Market St & W 26th St,Unassigned,8224.011049723756906,POINT (-85.311556 35.02568)
Market St & W 26th St,SouthBound,5893.121597096188748,POINT (-85.311556 35.02568)
McCallie Ave & Glenwood Dr / Dodds Ave,Total,20184.69512195122,POINT (-85.26380326 35.03187174)
McCallie Ave & Glenwood Dr / Dodds Ave,WestBound,6103.024390243902439,POINT (-85.26380326 35.03187174)
McCallie Ave & Glenwood Dr / Dodds Ave,WestBound,5746.334773218142549,POINT (-85.263803 35.031872)
McCallie Ave & Glenwood Dr / Dodds Ave,NorthBound,6746.048780487804878,POINT (-85.26380326 35.03187174)
McCallie Ave & Glenwood Dr / Dodds Ave,Total,18764.980561555076,POINT (-85.263803 35.031872)
McCallie Ave & Glenwood Dr / Dodds Ave,SouthBound,7335.621951219512195,POINT (-85.26380326 35.03187174)
McCallie Ave & Glenwood Dr / Dodds Ave,NorthBound,6174.807775377969762,POINT (-85.263803 35.031872)
McCallie Ave & Glenwood Dr / Dodds Ave,SouthBound,6843.838012958963283,POINT (-85.263803 35.031872)
McCallie Ave & Houston St,WestBound,3901.763341067285383,POINT (-85.304176 35.046879)
McCallie Ave & Houston St,NorthBound,1271.77262180974478,POINT (-85.304176 35.046879)
McCallie Ave & Houston St,EastBound,2599.309744779582367,POINT (-85.304176 35.046879)
McCallie Ave & Houston St,SouthBound,677.09967845659164,POINT (-85.304176 35.046879)
McCallie Ave & Houston St,Total,8261.425754060324826,POINT (-85.304176 35.046879)
McCallie Ave & Lindsay St,NorthBound,392.586167800453515,POINT (-85.305613 35.047437)
McCallie Ave & Lindsay St,WestBound,3861.985260770975057,POINT (-85.305613 35.047437)
McCallie Ave & Lindsay St,EastBound,2373.052154195011338,POINT (-85.305613 35.047437)
McCallie Ave & Lindsay St,Total,7432.832199546485261,POINT (-85.305613 35.047437)
McCallie Ave & Lindsay St,SouthBound,805.208616780045352,POINT (-85.305613 35.047437)
MLK Blvd / Bailey Ave & Central Ave,NorthBound,7872.465596330275229,POINT (-85.292107 35.039782)
MLK Blvd / Bailey Ave & Central Ave,Total,30006.012614678899,POINT (-85.292107 35.039782)
MLK Blvd / Bailey Ave & Central Ave,WestBound,6395.694954128440367,POINT (-85.292107 35.039782)
MLK Blvd / Bailey Ave & Central Ave,Unassigned,6257.978260869565217,POINT (-85.292107 35.039782)
MLK Blvd / Bailey Ave & Central Ave,EastBound,6350.245412844036697,POINT (-85.292107 35.039782)
MLK Blvd / Bailey Ave & Central Ave,SouthBound,6086.379587155963303,POINT (-85.292107 35.039782)
MLK Blvd & Broad St,Total,19741.041666666667,POINT (-85.310428 35.045747)
MLK Blvd & Broad St,Unassigned,1229.148936170212766,POINT (-85.310428 35.045747)
MLK Blvd & Broad St,SouthBound,4959.021367521367521,POINT (-85.310428 35.045747)
MLK Blvd & Broad St,WestBound,5801.419871794871795,POINT (-85.310428 35.045747)
MLK Blvd & Broad St,NorthBound,3251.083333333333333,POINT (-85.310428 35.045747)
MLK Blvd & Broad St,EastBound,5606.076923076923077,POINT (-85.310428 35.045747)
MLK Blvd & Chestnut St,Unassigned,4628.051546391752577,POINT (-85.311603 35.045773)
MLK Blvd & Chestnut St,WestBound,7654.901168969181722,POINT (-85.311603 35.045773)
MLK Blvd & Chestnut St,EastBound,7554.972369819341126,POINT (-85.311603 35.045773)
MLK Blvd & Chestnut St,SouthBound,1433.032943676939426,POINT (-85.311603 35.045773)
MLK Blvd & Chestnut St,Total,20000.046758767269,POINT (-85.311603 35.045773)
MLK Blvd & Chestnut St,NorthBound,2880.072263549415515,POINT (-85.311603 35.045773)
MLK Blvd & Douglas St,WestBound,5760.222477064220184,POINT (-85.302918 35.043756)
MLK Blvd & Douglas St,EastBound,8877.702981651376147,POINT (-85.302918 35.043756)
MLK Blvd & Douglas St,Unassigned,843.079128440366972,POINT (-85.302918 35.043756)
MLK Blvd & Douglas St,SouthBound,1105.400229357798165,POINT (-85.302918 35.043756)
MLK Blvd & Douglas St,Total,17165.809633027523,POINT (-85.302918 35.043756)
MLK Blvd & Douglas St,NorthBound,579.404816513761468,POINT (-85.302918 35.043756)
MLK Blvd & Georgia Ave,Unassigned,28131.166666666667,POINT (-85.308277 35.045773)
MLK Blvd & Georgia Ave,EastBound,8062.56769055745165,POINT (-85.308277 35.045773)
MLK Blvd & Georgia Ave,Total,22556.044368600683,POINT (-85.308277 35.045773)
MLK Blvd & Georgia Ave,WestBound,7153.965870307167236,POINT (-85.308277 35.045773)
MLK Blvd & Georgia Ave,SouthBound,4493.920364050056883,POINT (-85.308277 35.045773)
MLK Blvd & Georgia Ave,NorthBound,1693.460750853242321,POINT (-85.308277 35.045773)
MLK Blvd & Houston St,Total,18236.992424242424,POINT (-85.305547 35.04475)
MLK Blvd & Houston St,Unassigned,5164.831858407079646,POINT (-85.305547 35.04475)
MLK Blvd & Houston St,NorthBound,1577.176406926406926,POINT (-85.305547 35.04475)
MLK Blvd & Houston St,WestBound,6814.978354978354978,POINT (-85.305547 35.04475)
MLK Blvd & Houston St,EastBound,6407.398268398268398,POINT (-85.305547 35.04475)
MLK Blvd & Houston St,SouthBound,1542.54978354978355,POINT (-85.305547 35.04475)
MLK Blvd & Hwy 27 Ramp,WestBound,4867.869415807560138,POINT (-85.314083 35.046576)
MLK Blvd & Hwy 27 Ramp,EastBound,2133.190148911798396,POINT (-85.314083 35.046576)
MLK Blvd & Hwy 27 Ramp,SouthBound,3732.934369602763385,POINT (-85.314083 35.046576)
MLK Blvd & Hwy 27 Ramp,Total,9476.854524627720504,POINT (-85.314083 35.046576)
MLK Blvd & Lindsay St,EastBound,6075.635632183908046,POINT (-85.306896 35.045253)
MLK Blvd & Lindsay St,Total,19420.379310344828,POINT (-85.306896 35.045253)
MLK Blvd & Lindsay St,Unassigned,11041.595667870036,POINT (-85.306896 35.045253)
MLK Blvd & Lindsay St,WestBound,7759.886206896551724,POINT (-85.306896 35.045253)
MLK Blvd & Lindsay St,SouthBound,1687.61264367816092,POINT (-85.306896 35.045253)
MLK Blvd & Lindsay St,NorthBound,381.702298850574713,POINT (-85.306896 35.045253)
MLK Blvd & Magnolia St,NorthBound,208.032335329341317,POINT (-85.296221 35.041321)
MLK Blvd & Magnolia St,SouthBound,345.419161676646707,POINT (-85.296221 35.041321)
MLK Blvd & Magnolia St,EastBound,7230.161676646706587,POINT (-85.296221 35.041321)
MLK Blvd & Magnolia St,Total,12153.307784431138,POINT (-85.296221 35.041321)
MLK Blvd & Magnolia St,WestBound,4369.694610778443114,POINT (-85.296221 35.041321)
MLK Blvd & Market St,WestBound,5551.436903499469777,POINT (-85.309476 35.045767)
MLK Blvd & Market St,SouthBound,4927.182396606574761,POINT (-85.309476 35.045767)
MLK Blvd & Market St,NorthBound,5782.703075291622481,POINT (-85.309476 35.045767)
MLK Blvd & Market St,Unassigned,1417.540983606557377,POINT (-85.309476 35.045767)
MLK Blvd & Market St,EastBound,5255.193001060445387,POINT (-85.309476 35.045767)
MLK Blvd & Market St,Total,21608.212089077413,POINT (-85.309476 35.045767)
MLK Blvd & Peeples St,EastBound,7280.69212962962963,POINT (-85.298809 35.042303)
MLK Blvd & Peeples St,WestBound,6495.008101851851852,POINT (-85.298809 35.042303)
MLK Blvd & Peeples St,Unassigned,322.962962962962963,POINT (-85.298809 35.042303)
MLK Blvd & Peeples St,NorthBound,208.209490740740741,POINT (-85.298809 35.042303)
MLK Blvd & Peeples St,Total,14306.872685185185,POINT (-85.298809 35.042303)
MLK Blvd & Pine St,WestBound,9783.890776699029126,POINT (-85.312598 35.046083)
MLK Blvd & Pine St,Total,20435.207524271845,POINT (-85.312598 35.046083)
MLK Blvd & Pine St,Unassigned,12676.794871794872,POINT (-85.312598 35.046083)
MLK Blvd & Pine St,EastBound,4651.475728155339806,POINT (-85.312598 35.046083)
MLK Blvd & Pine St,SouthBound,349.9375,POINT (-85.312598 35.046083)
MLK Blvd & Pine St,NorthBound,5060.101941747572816,POINT (-85.312598 35.046083)
MLK Blvd & Riverfront Pkwy,Total,12655.820855614973,POINT (-85.321495 35.049317)
MLK Blvd & Riverfront Pkwy,EastBound,744.299465240641711,POINT (-85.321495 35.049317)
MLK Blvd & Riverfront Pkwy,NorthBound,3863.966577540106952,POINT (-85.321495 35.049317)
MLK Blvd & Riverfront Pkwy,SouthBound,5601.943850267379679,POINT (-85.321495 35.049317)
MLK Blvd & Riverfront Pkwy,WestBound,2445.61096256684492,POINT (-85.321495 35.049317)
N Market St & Cherokee Blvd / Frazier Ave,WestBound,6886.41008018327606,POINT (-85.308525 35.062651)
N Market St & Cherokee Blvd / Frazier Ave,Total,30120.635738831615,POINT (-85.308525 35.062651)
N Market St & Cherokee Blvd / Frazier Ave,NorthBound,8025.069873997709049,POINT (-85.308525 35.062651)
N Market St & Cherokee Blvd / Frazier Ave,EastBound,10117.927835051546,POINT (-85.308525 35.062651)
N Market St & Cherokee Blvd / Frazier Ave,SouthBound,5091.22794959908362,POINT (-85.308525 35.062651)
N Market St & Manning St / Publix,WestBound,1847.255367231638418,POINT (-85.309046 35.065459)
N Market St & Manning St / Publix,EastBound,1062.882485875706215,POINT (-85.309046 35.065459)
N Market St & Manning St / Publix,Total,15126.89604519774,POINT (-85.309046 35.065459)
N Market St & Manning St / Publix,NorthBound,7355.585310734463277,POINT (-85.309046 35.065459)
N Market St & Manning St / Publix,SouthBound,4861.172881355932203,POINT (-85.309046 35.065459)
North Terrace & Germantown Rd,Total,15027.159292035398,POINT (-85.251599 35.0147)
North Terrace & Germantown Rd,Unassigned,2769.672619047619048,POINT (-85.251599 35.0147)
North Terrace & Germantown Rd,NorthBound,1692.530973451327434,POINT (-85.251599 35.0147)
North Terrace & Germantown Rd,WestBound,5399.849557522123894,POINT (-85.251599 35.0147)
North Terrace & Germantown Rd,SouthBound,5875.907079646017699,POINT (-85.251599 35.0147)
Ringgold Rd & I-75 NB / Camp Jordan Pkwy,NorthBound,2989.397920604914934,POINT (-85.201418 34.990198)
Ringgold Rd & I-75 NB / Camp Jordan Pkwy,Unassigned,9304.788213627992634,POINT (-85.201418 34.990198)
Ringgold Rd & I-75 NB / Camp Jordan Pkwy,Total,34752.922495274102,POINT (-85.201418 34.990198)
Ringgold Rd & I-75 NB / Camp Jordan Pkwy,SouthBound,5478.601134215500945,POINT (-85.201418 34.990198)
Ringgold Rd & I-75 NB / Camp Jordan Pkwy,EastBound,10225.45652173913,POINT (-85.201418 34.990198)
Ringgold Rd & I-75 NB / Camp Jordan Pkwy,WestBound,11283.947069943289,POINT (-85.201418 34.990198)
Ringgold Rd & I-75 SB,WestBound,10491.753943217666,POINT (-85.204989 34.989852)
Ringgold Rd & I-75 SB,Total,37431.735804416404,POINT (-85.204989 34.989852)
Ringgold Rd & I-75 SB,SouthBound,14928.82570977918,POINT (-85.204989 34.989852)
Ringgold Rd & I-75 SB,EastBound,12011.156151419558,POINT (-85.204989 34.989852)
Ringgold Rd & St. Thomas St,EastBound,8407.192350956130484,POINT (-85.199504 34.990011)
Ringgold Rd & St. Thomas St,WestBound,12038.661417322835,POINT (-85.199504 34.990011)
Ringgold Rd & St. Thomas St,SouthBound,801.142857142857143,POINT (-85.199504 34.990011)
Ringgold Rd & St. Thomas St,NorthBound,507.700787401574803,POINT (-85.199504 34.990011)
Ringgold Rd & St. Thomas St,Total,21754.697412823397,POINT (-85.199504 34.990011)
Riverside Dr &,NorthBound,2896,POINT (-85.286024 35.053815)
Riverside Dr &,Total,30166,POINT (-85.286024 35.053815)
Riverside Dr &,EastBound,6443,POINT (-85.286024 35.053815)
Riverside Dr &,WestBound,4301,POINT (-85.286024 35.053815)
Riverside Dr &,Unassigned,16526,POINT (-85.286024 35.053815)
Riverside Dr & Waterwalk,NorthBound,4965.833333333333333,POINT (-85.286024 35.053815)
Riverside Dr & Waterwalk,EastBound,10519.333333333333333,POINT (-85.286024 35.053815)
Riverside Dr & Waterwalk,Total,22047,POINT (-85.286024 35.053815)
Riverside Dr & Waterwalk,WestBound,6561.833333333333333,POINT (-85.286024 35.053815)
Riverside Dr & Waterwalk Pl,WestBound,12223.845070422535,POINT (-85.286024 35.053815)
Riverside Dr & Waterwalk Pl,NorthBound,579.143661971830986,POINT (-85.286024 35.053815)
Riverside Dr & Waterwalk Pl,Total,24856.453521126761,POINT (-85.286024 35.053815)
Riverside Dr & Waterwalk Pl,EastBound,12053.464788732394,POINT (-85.286024 35.053815)
S Germantown Rd & South Terrace,SouthBound,10292.504132231405,POINT (-85.252085 35.013828)
S Germantown Rd & South Terrace,EastBound,8216.796143250688705,POINT (-85.252085 35.013828)
S Germantown Rd & South Terrace,NorthBound,5643.044077134986226,POINT (-85.252085 35.013828)
S Germantown Rd & South Terrace,Total,24152.34435261708,POINT (-85.252085 35.013828)
Shallowford Rd & Gunbarrel Rd,Total,102708.969248291572,POINT (-85.149987 35.040334)
Shallowford Rd & Gunbarrel Rd,SouthBound,5609.511389521640091,POINT (-85.149987 35.040334)
Shallowford Rd & Gunbarrel Rd,NorthBound,11601.390660592255,POINT (-85.149987 35.040334)
Shallowford Rd & Gunbarrel Rd,Unassigned,78877.271260997067,POINT (-85.149987 35.040334)
Shallowford Rd & Gunbarrel Rd,EastBound,15002.074031890661,POINT (-85.149987 35.040334)
Shallowford Rd & Gunbarrel Rd,WestBound,9226.859908883826879,POINT (-85.149987 35.040334)
Shallowford Rd & I-75 NB,Total,129144.363844393593,POINT (-85.154924 35.042144)
Shallowford Rd & I-75 NB,NorthBound,9126.521889400921659,POINT (-85.154924 35.042144)
Shallowford Rd & I-75 NB,WestBound,19950.283737024221,POINT (-85.154924 35.042144)
Shallowford Rd & I-75 NB,Unassigned,107779.516594516595,POINT (-85.154924 35.042144)
Shallowford Rd & I-75 NB,EastBound,14933.470046082949,POINT (-85.154924 35.042144)
Shallowford Rd & I-75 SB,WestBound,16734.748774509804,POINT (-85.156932 35.042889)
Shallowford Rd & I-75 SB,EastBound,11643.935049019608,POINT (-85.156932 35.042889)
Shallowford Rd & I-75 SB,SouthBound,8332.894607843137255,POINT (-85.156932 35.042889)
Shallowford Rd & I-75 SB,NorthBound,303.034285714285714,POINT (-85.156932 35.042889)
Shallowford Rd & I-75 SB,Total,98803.74387254902,POINT (-85.156932 35.042889)
Shallowford Rd & I-75 SB,Unassigned,80339.961904761905,POINT (-85.156932 35.042889)
Shallowford Rd & Lifestyle Way,Total,106895.612643678161,POINT (-85.151558 35.040917)
Shallowford Rd & Lifestyle Way,EastBound,18147.091954022989,POINT (-85.151558 35.040917)
Shallowford Rd & Lifestyle Way,SouthBound,2054.419540229885058,POINT (-85.151558 35.040917)
Shallowford Rd & Lifestyle Way,NorthBound,962.56551724137931,POINT (-85.151558 35.040917)
Shallowford Rd & Lifestyle Way,Unassigned,89234.384164222874,POINT (-85.151558 35.040917)
Shallowford Rd & Lifestyle Way,WestBound,15779.983908045977,POINT (-85.151558 35.040917)
Shallowford Rd & Napier Rd / Hamilton Place Blvd,WestBound,16297.034324942792,POINT (-85.154025 35.041822)
Shallowford Rd & Napier Rd / Hamilton Place Blvd,NorthBound,6297.554770318021201,POINT (-85.154025 35.041822)
Shallowford Rd & Napier Rd / Hamilton Place Blvd,Total,140869.87528604119,POINT (-85.154025 35.041822)
Shallowford Rd & Napier Rd / Hamilton Place Blvd,SouthBound,766.676814988290398,POINT (-85.154025 35.041822)
Shallowford Rd & Napier Rd / Hamilton Place Blvd,EastBound,14659.807780320366,POINT (-85.154025 35.041822)
Shallowford Rd & Napier Rd / Hamilton Place Blvd,Unassigned,129400.323275862069,POINT (-85.154025 35.041822)
Shallowford Rd & N Moore Rd,Unassigned,17899.229508196721,POINT (-85.21973 35.043292)
Shallowford Rd & N Moore Rd,WestBound,10955.303988995873,POINT (-85.21973 35.043292)
Shallowford Rd & N Moore Rd,Total,25581.829733163914,POINT (-85.21973 35.043292)
Shallowford Rd & N Moore Rd,NorthBound,4373.795425667090216,POINT (-85.21973 35.043292)
Shallowford Rd & N Moore Rd,EastBound,9700.589580686149936,POINT (-85.21973 35.043292)
Shallowford Rd & Shallowford Village Dr / Amin Dr,EastBound,11740.030646992054,POINT (-85.158132 35.04333)
Shallowford Rd & Shallowford Village Dr / Amin Dr,WestBound,11894.699771689498,POINT (-85.158132 35.04333)
Shallowford Rd & Shallowford Village Dr / Amin Dr,Unassigned,58548.654178674352,POINT (-85.158132 35.04333)
Shallowford Rd & Shallowford Village Dr / Amin Dr,Total,73753.415437003405,POINT (-85.158132 35.04333)
Shallowford Rd & Shallowford Village Dr / Amin Dr,SouthBound,2580.275822928490352,POINT (-85.158132 35.04333)
Shallowford Rd & Shallowford Village Dr / Amin Dr,NorthBound,1484.728717366628831,POINT (-85.158132 35.04333)
Shepherd Rd & Hwy 153 NB Ramp,WestBound,3305.047120418848168,POINT (-85.1857659 35.0425781)
Shepherd Rd & Hwy 153 NB Ramp,EastBound,1935.81413612565445,POINT (-85.1857659 35.0425781)
Shepherd Rd & Hwy 153 NB Ramp,NorthBound,3099.204188481675393,POINT (-85.1857659 35.0425781)
Shepherd Rd & Hwy 153 NB Ramp,Total,8340.06544502617801,POINT (-85.1857659 35.0425781)
South Terrace & Belvoir Ave,Total,16114.538752362949,POINT (-85.244063 35.0107)
South Terrace & Belvoir Ave,EastBound,7732.133333333333333,POINT (-85.244063 35.0107)
South Terrace & Belvoir Ave,NorthBound,3512.2,POINT (-85.244063 35.0107)
South Terrace & Belvoir Ave,SouthBound,5219.596666666666667,POINT (-85.244063 35.0107)
South Terrace & Belvoir Ave,Unassigned,6777.716446124763705,POINT (-85.244063 35.0107)
South Terrace & Germantown,SouthBound,13254.571428571429,POINT (-85.252085 35.013828)
South Terrace & Germantown,Total,24229.25,POINT (-85.252085 35.013828)
South Terrace & Germantown,NorthBound,2142.285714285714286,POINT (-85.252085 35.013828)
South Terrace & Germantown,Unassigned,15682.5,POINT (-85.252085 35.013828)
South Terrace & Germantown,EastBound,7813,POINT (-85.252085 35.013828)
Tennessee Ave & W 37th St,Total,17319.798175598632,POINT (-85.325955 35.012814)
Tennessee Ave & W 37th St,SouthBound,6481.665906499429875,POINT (-85.325955 35.012814)
Tennessee Ave & W 37th St,NorthBound,8103.181299885974914,POINT (-85.325955 35.012814)
Tennessee Ave & W 37th St,EastBound,1295.670467502850627,POINT (-85.325955 35.012814)
Tennessee Ave & W 37th St,WestBound,1439.280501710376283,POINT (-85.325955 35.012814)
W 4th St & Broad St,SouthBound,2234.386029411764706,POINT (-85.310615 35.052259)
W 4th St & Broad St,EastBound,7640.172794117647059,POINT (-85.310615 35.052259)
W 4th St & Broad St,SouthBound,1748.39568345323741,POINT (-85.310615 35.0522588)
W 4th St & Broad St,EastBound,5443.290167865707434,POINT (-85.310615 35.0522588)
W 4th St & Broad St,Total,17893.051470588235,POINT (-85.310615 35.052259)
W 4th St & Broad St,WestBound,4114.745803357314149,POINT (-85.310615 35.0522588)
W 4th St & Broad St,Total,13843.31654676259,POINT (-85.310615 35.0522588)
W 4th St & Broad St,WestBound,5511.422794117647059,POINT (-85.310615 35.052259)
W 4th St & Broad St,NorthBound,2507.069852941176471,POINT (-85.310615 35.052259)
W 4th St & Broad St,NorthBound,2536.884892086330935,POINT (-85.310615 35.0522588)
W 4th St & Chestnut St,EastBound,8110.994630872483222,POINT (-85.311826 35.052302)
W 4th St & Chestnut St,Total,18249.919463087248,POINT (-85.311826 35.052302)
W 4th St & Chestnut St,WestBound,5340.080536912751678,POINT (-85.311826 35.052302)
W 4th St & Chestnut St,Unassigned,52.826086956521739,POINT (-85.311826 35.052302)
W 4th St & Chestnut St,NorthBound,2111.808053691275168,POINT (-85.311826 35.052302)
W 4th St & Chestnut St,SouthBound,2685.405369127516778,POINT (-85.311826 35.052302)
W 6th St & Hwy 27 Ramp O,EastBound,498.955428571428571,POINT (-85.314638 35.049559)
W 6th St & Hwy 27 Ramp O,Total,5237.094857142857143,POINT (-85.314638 35.049559)
W 6th St & Hwy 27 Ramp O,WestBound,787.273142857142857,POINT (-85.314638 35.049559)
W 6th St & Hwy 27 Ramp O,SouthBound,3950.866285714285714,POINT (-85.314638 35.049559)
