LUCODE,DESC
100,RESIDENTIAL
110,Household Units
111,One Family Household Unit
112,Two Family Household Unit (Duplex)
113,Multi-Family (4-9 unit Apartment)
114,Two Family Units (Duplex Owner Occupied)
115,Triplex
116,"Condominium,"
117,Apartment: 10 units or more
120,Group Quarters
130,(Reserved for future use)
140,Mobile Homes
141,Mobile Homes (Single Trailer)
142,Mobile Home Park
143,Mobile Home Park (Privately Owned)
150,Transient Lodging
200,MANUFACTURING
210,Food Manufacturing
220,Textile Mill Products Manufacturing
230,Apparel Manufacturing
240,Lumber and Wood Products Manufacturing
250,Furniture and Fixtures Manufacturing
260,Paper products Manufacturing
270,"Printing, Publishing and Allied Industries"
280,Chemicals and Allied Products Manufacturing
290,Petroleum Refining Manufacturing
291,Petroleum Tank Farms
292,Paving and Roofing Materials
293,Paving Equipment
300,MANUFACTURING
310,Ancillary to Manufacturing
311,Office Building Ancillary to Manufacturing
312,Warehouse Building Ancillary to Manufacturing
313,Service or Parking Building Ancillary to Manufacturing
314,Retail or wholesale ancillary to manufacturing
320,"Stone, Concrete and Glass Products Manufacturing"
330,"Iron, Steel and Metal Manufacturing"
460,Automobile Parking
461,Private parking (service or garage)
462,Parking ancillary to manufacturing
468,Commercial service parking lots
469,Commercial parking garage
470,"Communications (Telephone, Radio, T.V., etc.)"
480,utilities
481,Electric utilities
482,Gas utilities
483,Water utilities
484,Sewage utilities
485,Solid waste disposal utilities
486,Other transportation comm and utilities
490,Warehouse
491,(Reserved for future use)
492,Warehouse Storage
493,Distribution-Warehouse
494,Mini Warehouse
500,WHOLESALE AND RETAIL TRADE
510,Wholesale Trade
520,Retail Trade Equipment
530,Retail Trade - General
340,Fabricated Metal Products Manufacturing
350,"Professional, Scientific, and Controlling Instruments"
390,Miscellaneous Manufacturing
391,"Jewelry, silverware and plated ware"
392,musical instruments and parts
393,"Toys, amusement, sorting and athletic goods"
394,"Pens, pencils and other office and artist materials"
395,"Costume jewelry, costume novelties, buttons and miscellaneous notions"
396,(Reserved for future use)
397,Recording studios and movie studios
400,"TRANSPORTATION, COMMUNI CATIONS AND UTILITIES"
410,Rail Transportation
420,Motor Vehicle Transportation
430,Aircraft Transportation
431,Airports
432,Airports repair hangers
440,Marine Craft Transportation
450,Highway and Street Right of Way
540,Retail Trade - Food
541,Groceries (supermarkets)
542,Meats and fish markets
543,Fruits and vegetables
544,"Candy, nuts and confectionery"
545,Dairy products
546,Bakeries
547,Liquor
548,"Groceries, convenience shops (drive-in type)"
550,"Retail Trade - Automotive, marine, Aircraft"
551,Motor vehicle new
552,"Tires, batteries and auto accessories"
553,Service stations
554,motor vehicles used
555,Automotive junkyards
556,Marine craft and accessories
557,Farm equipment
558,Motorcycles (new and used)
560,Retail - Apparel and Accessories
570,"Retail Furniture, Home Furnishings and Equipment"
580,Retail Trade Eating and Drinking
583,Restaurants typically those which provide full-course meals
584,"Diners and luncheonettes characterized by counter service, limited"
585,"Snack bars, drive-ins with window and/or car service, possibly limited counter service"
586,(Reserved for future use)
587,Bars and taverns
590,Other Retail Trades
600,SERVICES
610,"Finance, Insurance and Real Estate Services"
611,Banking and bank related services
612,Credit and loan (other than bank)
613,Bank complex with office building
614,"Insurance carriers, agents and brokers"
615,Real estate brokers
616,(Reserved for future use)
617,Insurance corporate office
620,Personal Service
630,Business Services
640,Repair Services
650,Professional Services
651,(Reserved for future use)
652,Legal services
653,Medical clinics and doctors’ out-patient service
654,"Hospitals, convalescent and sanitariums"
655,Engineering and architectural
656,"Accounting, auditing, and bookkeeping"
657,Medical and dental labs
658,Dentists
659,Veterinarian Clinics & Hospitals
660,Contract Construction Services
670,Governmental Functions and Services
671,"Executive, legislative, and judicial functions"
672,"Protective functions (police, fire, civil defense)"
673,Postal functions
674,Correctional functions
675,Reserved for future use
676,Government construction and maintenance yards
680,Educational Services
682,"University, colleges and junior colleges"
683,Vocational and special training
684,Nursery schools and day care centers
685,Elementary schools
686,Junior high schools
687,Senior high schools
