Phase Type,Phase Step Number,Phase Step Name,Phase Step Description
default,1,Planning,User departments identity the needs/scope/goals of project. Usually in-house. Scope of work produced at this stage.
default,2,Preliminary Design,"Architects and engineers work from the defined scope and budget to develop the design, and  produce construction drawings, etc."
default,3,Final Design,Design complete. Construction documents complete. Ready to bid contract.
default,4,Bids Let,Contractor is selected based on several procurement criteria. Bid will be awarded through Council Resolution.
default,5,Under Construction,Contractors work from the instructions contained in design documents to complete facility.
default,6,Ongoing,"Refers to level of effort projects or projects that occur each year (i.e., roof replacement)"
default,7,Completed,All project activities have been completed and paid for.
