code,group,category,description,against,violent,crime
200,A,Arson,Arson,Property,false,true
13A,A,Assault Offenses,Aggravated Assault,Person,true,true
13B,A,Assault Offenses,Simple Assault,Person,true,true
13C,A,Assault Offenses,Intimidation,Person,true,true
510,A,Bribery,Bribery,Property,false,true
220,A,Burglary/Breaking & Entering,Burglary/Breaking & Entering,Property,false,true
250,A,Counterfeiting/Forgery,Counterfeiting/Forgery,Property,false,true
290,A,Destruction/Damage/Vandalism of Property,Destruction/Damage/Vandalism of Property,Property,false,true
35A,A,Drug/Narcotic Offenses,Drug/Narcotic Violations,Society,false,true
35B,,Drug/Narcotic Offenses,Drug Equipment Violations,Society,false,true
270,A,Embezzlement,Embezzlement,Property,false,true
210,A,Extortion/Blackmail,Extortion/Blackmail,Property,false,true
26A,A,Fraud Offenses,False Pretenses/Swindle/Confidence Game,Property,false,true
26B,A,Fraud Offenses,Credit Card/Automated Teller Machine Fraud,Property,false,true
26C,A,Fraud Offenses,Impersonation,Property,false,true
26D,A,Fraud Offenses,Welfare Fraud,Property,false,true
26E,A,Fraud Offenses,Wire Fraud,Property,false,true
39A,A,Gambling Offenses,Betting/Wagering,Society,false,true
39B,A,Gambling Offenses,Operating/Promoting/Assisting Gambling,Society,false,true
39C,A,Gambling Offenses,Gambling Equipment Violations,Society,false,true
39D,A,Gambling Offenses,Sports Tampering,Society,false,true
09A,A,Homicide Offenses,Murder & Nonnegligent Manslaughter,Person,true,true
09B,A,Homicide Offenses,Negligent Manslaughter,Person,false,true
09C,A,Homicide Offenses,Justifiable Homicide,Person,true,false
100,A,Kidnapping/Abduction,Kidnapping/Abduction,Person,true,true
23A,A,Larceny/Theft Offenses,Pocket-picking,Property,true,true
23B,A,Larceny/Theft Offenses,Purse-snatching,Property,true,true
23C,A,Larceny/Theft Offenses,Shoplifting,Property,false,true
23D,A,Larceny/Theft Offenses,Theft From Building,Property,false,true
23E,A,Larceny/Theft Offenses,Theft From Coin-Operated Machine or Device,Property,false,true
23F,A,Larceny/Theft Offenses,Theft From Motor Vehicle,Property,false,true
23G,A,Larceny/Theft Offenses,Theft of Motor Vehicle Parts or Accessories,Property,false,true
23H,A,Larceny/Theft Offenses,All Other Larceny,Property,false,true
240,A,Motor Vehicle Theft,Motor Vehicle Theft,Property,false,true
370,A,Pornography/Obscene Material,Pornography/Obscene Material,Society,false,true
40A,A,Prostitution Offenses,Prostitution,Society,false,true
40B,A,Prostitution Offenses,Assisting or Promoting Prostitution,Society,false,true
120,A,Robbery,Robbery,Property,true,true
11A,A,"Sex Offenses, Forcible",Forcible Rape,Person,true,true
11B,A,"Sex Offenses, Forcible",Forcible Sodomy,Person,true,true
11C,A,"Sex Offenses, Forcible",Sexual Assault With An Object,Person,true,true
11D,A,"Sex Offenses, Forcible",Forcible Fondling,Person,true,true
36A,A,"Sex Offenses, Nonforcible",Incest,Person,true,true
36B,A,"Sex Offenses, Nonforcible",Statutory Rape,Person,true,true
280,A,Stolen Property Offenses,Stolen Property Offenses,Property,false,true
520,A,Weapon Law Violations,Weapon Law Violations,Society,false,true
90A,B,Bad Checks,Bad Checks,Property,false,true
90B,B,Curfew/Loitering/Vagrancy Violations,Curfew/Loitering/Vagrancy Violations,Society,false,true
90C,B,Disorderly Conduct,Disorderly Conduct,Society,false,true
90D,B,Driving Under the Influence,Driving Under the Influence,Society,false,true
90E,B,Drunkenness,Drunkenness,Society,false,true
90F,B,"Family Offenses, Nonviolent","Family Offenses, Nonviolent",Society,false,true
90G,B,Liquor Law Violations,Liquor Law Violations,Society,false,true
90H,B,Peeping Tom,Peeping Tom,Society,false,true
90I,B,Runaway,Runaway,Not a Crime,false,false
90J,B,Trespass of Real Property,Trespass of Real Property,Society,false,true
90Z,B,All Other Offenses,All Other Offenses,,,true
