vehicle_id,vehicle_name,tag_name,time,latitude,longitude,address,point
281474991923642,WL3214 (2025 Autocar ACX64) Garbage (Dept. 352),Garbage,2025-02-20T00:51:30.014Z,35.08891358,-85.24498213,"Eldridge Road, Chattanooga, TN, 37406",POINT (-85.24498213 35.08891358)
281474984172596,WL670 (2017 Peterbilt 320 Automated Side Loader) CWS Dept. 352,Garbage,2025-02-20T00:03:22.020Z,35.0375049,-85.19267529,"1752 Church Road, Chattanooga, TN, 37421",POINT (-85.19267529 35.0375049)
281474978294983,WL075 (2019 Isuzu NPR Box Truck) Container Management (Dept. 359),Garbage,2025-02-20T00:45:12.025Z,35.08860617,-85.24491989,"Eldridge Road, Chattanooga, TN, 37406",POINT (-85.24491989 35.08860617)
281474978294695,WL717 2020 F150 Pickup truck Garbage Dept,Garbage,2025-02-20T01:20:53.027Z,35.03023674,-85.12553305,"8201 Shallowford Road, Chattanooga, TN, 37421",POINT (-85.12553305 35.03023674)
281474985819378,WGL726 (2012 Ford F350) Waste Pickup (Dept. 352),Garbage,2025-02-19T19:28:30.376Z,35.08858644,-85.24495563,"Eldridge Road, Chattanooga, TN, 37406",POINT (-85.24495563 35.08858644)
281474987331329,WL40927 (2024 Autocar ACX 64) Garbage (Dept. 352),Garbage,2025-02-20T01:21:44.017Z,35.08896542,-85.245010179,"Eldridge Road, Chattanooga, TN, 37406",POINT (-85.245010179 35.08896542)
281474993780730,WL076 (2024 Peterbilt 520B) Waste Pick-Up (Dept. 352),Garbage,2025-02-19T19:09:14.976Z,35.03717626,-85.296143259,"939 Acme Street, Chattanooga, TN, 37403",POINT (-85.296143259 35.03717626)
281474987032324,WL076 Defective,Garbage,2024-12-17T22:19:39.018Z,35.03742482,-85.29612921,"941 East 12th Street, Chattanooga, TN, 37403",POINT (-85.29612921 35.03742482)
281474991923643,WL3216 (2025 Autocar ACX64) Garbage (Dept. 352),Garbage,2025-02-20T01:23:45.026Z,35.0888875,-85.24487408,"Eldridge Road, Chattanooga, TN, 37406",POINT (-85.24487408 35.0888875)
281474991321701,WL3264 (2024 Autocar) Waste Pickup (Dept. 352),Garbage,2025-02-19T22:26:20.012Z,35.08868393,-85.24474892,"Eldridge Road, Chattanooga, TN, 37406",POINT (-85.24474892 35.08868393)
281474978295014,WRL587 REAR LOAD RECYCLE T370 KW,Garbage,2023-10-19T14:26:53.020Z,35.03772079,-85.296409479,"901 East 12th Street, Chattanooga, TN, 37403",POINT (-85.296409479 35.03772079)
281474994548792,WL451 (Ford F-250) Dept 350 - WASTE DISPOSAL,Garbage,2025-02-19T20:47:53.008Z,35.08831712,-85.2452668,"Eldridge Road, Chattanooga, TN, 37406",POINT (-85.2452668 35.08831712)
281474993161466,W4430 (2025 Kenworth T380) Waste Disposal (Dept. 350),Garbage,2025-02-19T20:17:43.586Z,35.32705328,-85.13442596,"Dayton Pike, Soddy-Daisy, TN, 39397",POINT (-85.13442596 35.32705328)
281474978294641,WL3215 (2025 Autocar ACX64) Garbage (Dept. 352),Garbage,2025-02-19T21:11:59.017Z,35.08900492,-85.2448721,"South Chickamauga Creek Greenway, Chattanooga, TN, 37406",POINT (-85.2448721 35.08900492)
281474991321700,WL3265 (2024 Autocar) Waste Pickup (Dept. 352),Garbage,2025-02-19T22:49:36.025Z,35.08910712,-85.24475339,"South Chickamauga Creek Greenway, Chattanooga, TN, 37406",POINT (-85.24475339 35.08910712)
281474987032158,WL688 (2017 320 Peterbilt) Waste Pick-Up (Dept. 352),Garbage,2024-04-26T11:20:33.038Z,35.03760801,-85.29598907,"948 East 12th Street, Chattanooga, TN, 37403",POINT (-85.29598907 35.03760801)
281474991923644,WL3217 (2025 Autocar ACX64) Garbage (Dept. 352),Garbage,2025-02-19T22:19:44.019Z,35.08862907,-85.24492016,"Eldridge Road, Chattanooga, TN, 37406",POINT (-85.24492016 35.08862907)
281474983391156,WL668 (2017 Peterbilt 320 ASL) Dept. 352 Waste Pickup Garbage,Garbage,2023-08-25T02:26:52.006Z,35.08899987,-85.24522302,"South Chickamauga Creek Greenway, Chattanooga, TN, 37406",POINT (-85.24522302 35.08899987)
281474978294844,WGL622 (2011 8YD Rear Loader Garbage Truck) Waste Pickup (Dept. 352),Garbage,2025-02-19T19:56:29.057Z,35.013814449,-85.276796919,"2480 8th Avenue, Chattanooga, TN, 37407",POINT (-85.276796919 35.013814449)
281474994190872,WL3290 (2025 Peterbilt 520) Waste Disposal (Dept 350),Garbage,2025-02-19T21:47:25.024Z,35.03713167,-85.296380789,"922 Acme Street, Chattanooga, TN, 37403",POINT (-85.296380789 35.03713167)
281474991321702,WL3266 (2024 Autocar) Waste Pickup (Dept. 352),Garbage,2025-02-19T21:05:57.012Z,35.08864218,-85.2448961,"Eldridge Road, Chattanooga, TN, 37406",POINT (-85.2448961 35.08864218)
281474978294791,WL670  2017 Peterbilt 320  Automated Side Loader (Dept. 352),Garbage,2022-05-18T20:47:40.006Z,35.0886125,-85.24574149,"Eldridge Road, Chattanooga, TN, 37406",POINT (-85.24574149 35.0886125)
281474991320533,WL3267 (2024 Autocar) Waste Pickup (Dept. 352),Garbage,2025-02-19T22:27:20.013Z,35.08883325,-85.24489133,"Eldridge Road, Chattanooga, TN, 37406",POINT (-85.24489133 35.08883325)
281474978294918,WL957 2020 F350 Pickup w/dumper body,Garbage,2023-08-11T20:22:51.014Z,35.07872964,-85.25724772,"1365 Wisdom Street, Chattanooga, TN, 37406",POINT (-85.25724772 35.07872964)
281474991321703,WL3268 (2024 Autocar) Waste Pickup (Dept. 352),Garbage,2024-12-18T22:27:42.021Z,35.088937519,-85.24484377,"South Chickamauga Creek Greenway, Chattanooga, TN, 37406",POINT (-85.24484377 35.088937519)
281474992031976,WL177 (2020 Autocar ACX64) Waste Disposal (Dept. 350),Garbage,2025-02-20T00:53:09.103Z,35.02255192,-85.29520227,"Burnette Street, Chattanooga, TN, 37408",POINT (-85.29520227 35.02255192)
281474983745417,WL7066 (2016 Peterbilt ASL Garbage Truck) Dept. 352,Garbage,2025-02-19T22:40:38.012Z,35.08908224,-85.24489346,"South Chickamauga Creek Greenway, Chattanooga, TN, 37406",POINT (-85.24489346 35.08908224)
281474993901560,WL3268 (2024 Autocar ACX64) Waste Pick-Up (Dept. 352),Garbage,2025-02-19T21:34:43.014Z,35.08893689,-85.24492932,"Eldridge Road, Chattanooga, TN, 37406",POINT (-85.24492932 35.08893689)
281474986799446,WL957 (2020 Ford F350) Waste Pick Up (Dept. 352),Garbage,2025-02-20T01:21:43.020Z,35.08860165,-85.24515028,"Eldridge Road, Chattanooga, TN, 37406",POINT (-85.24515028 35.08860165)
281474978294920,WL617 (2021 Kenworth Garbage Truck) Waste Disposal (Dept. 350),Garbage,2025-02-19T22:36:07.035Z,35.08888171,-85.24499286,"Eldridge Road, Chattanooga, TN, 37406",POINT (-85.24499286 35.08888171)
281474978294742,WCL357 (2011 Ford F150) Container Mgmt. (Dept. 359),Garbage,2025-02-19T21:22:38.021Z,35.13412325,-85.24424552,"5348 Elizabeth Drive, Chattanooga, TN, 37343",POINT (-85.24424552 35.13412325)
281474991506700,WL1922 (2023 Ford F250) Waste Disposal (Dept. 350),Garbage,2024-07-26T14:48:05.661Z,35.08808655,-85.24516593,"Eldridge Road, Chattanooga, TN, 37406",POINT (-85.24516593 35.08808655)
281474987992325,WL926 (2024 Autocar ACX 64) Waste Pick-Up (Dept. 352),Garbage,2025-02-19T19:54:43.013Z,35.08861421,-85.24508014,"Eldridge Road, Chattanooga, TN, 37406",POINT (-85.24508014 35.08861421)
