vehicle_id,vehicle_name,tag_name,time,latitude,longitude,address,point
281474991506700,WL1922 (2023 Ford F250) Waste Disposal (Dept. 350),Garbage,2024-07-26T14:48:05.661Z,35.08808655,-85.24516593,"Eldridge Road, Chattanooga, TN, 37406",POINT (-85.24516593 35.08808655)
281474983745417,WL7066 (2016 Peterbilt ASL Garbage Truck) Dept. 352,Garbage,2025-03-06T22:05:05.011Z,35.03766947,-85.29599256,"946 East 12th Street, Chattanooga, TN, 37403",POINT (-85.29599256 35.03766947)
281474978294983,WL075 (2019 Isuzu NPR Box Truck) Container Management (Dept. 359),Garbage,2025-03-15T23:29:20.628Z,35.088603319,-85.24494335,"Eldridge Road, Chattanooga, TN, 37406",POINT (-85.24494335 35.088603319)
281474978294742,WCL357 (2011 Ford F150) Container Mgmt. (Dept. 359),Garbage,2025-03-16T01:36:03.809Z,35.08820157,-85.24479376,"Eldridge Road, Chattanooga, TN, 37406",POINT (-85.24479376 35.08820157)
281474984172596,WL670 (2017 Peterbilt 320 Automated Side Loader) CWS Dept. 352,Garbage,2025-03-16T00:19:16.915Z,35.03783379,-85.19306686,"1798 Church Road, Chattanooga, TN, 37421",POINT (-85.19306686 35.03783379)
281474994548792,WL451 (Ford F-250) Dept 350 - WASTE DISPOSAL,Garbage,2025-03-15T21:09:06.528Z,35.08824046,-85.245274089,"Eldridge Road, Chattanooga, TN, 37406",POINT (-85.245274089 35.08824046)
281474987032324,WL076 Defective,Garbage,2024-12-17T22:19:39.018Z,35.03742482,-85.29612921,"941 East 12th Street, Chattanooga, TN, 37403",POINT (-85.29612921 35.03742482)
281474993161466,W4430 (2025 Kenworth T380) Waste Disposal (Dept. 350),Garbage,2025-03-14T20:56:14.039Z,35.19486968,-85.07650062,"Fine Lane, Moon Shadows, TN, 37341",POINT (-85.07650062 35.19486968)
281474987032158,WL688 (2017 320 Peterbilt) Waste Pick-Up (Dept. 352),Garbage,2024-04-26T11:20:33.038Z,35.03760801,-85.29598907,"948 East 12th Street, Chattanooga, TN, 37403",POINT (-85.29598907 35.03760801)
281474991923642,WL3214 (2025 Autocar ACX64) Garbage (Dept. 352),Garbage,2025-03-14T19:46:25.017Z,35.0202904,-85.28115987,"2010 East 20th Street, Chattanooga, TN, 37404",POINT (-85.28115987 35.0202904)
281474991321700,WL3265 (2024 Autocar) Waste Pickup (Dept. 352),Garbage,2025-03-15T11:41:12.014Z,35.08900683,-85.24481824,"South Chickamauga Creek Greenway, Chattanooga, TN, 37406",POINT (-85.24481824 35.08900683)
281474978294992,WL8439 (2025 Autocar ACX Garbage Truck) Garbage (Dept. 352 Garbage),Garbage,2025-02-25T13:34:27.956Z,35.03796223,-85.29595621,"924 Foundry Alley, Chattanooga, TN, 37403",POINT (-85.29595621 35.03796223)
281474994190872,WL3290 (2025 Peterbilt 520) Waste Disposal (Dept 350),Garbage,2025-03-15T23:48:19.650Z,35.08911717,-85.24505598,"South Chickamauga Creek Greenway, Chattanooga, TN, 37406",POINT (-85.24505598 35.08911717)
281474992031976,WL177 (2020 Autocar ACX64) Waste Disposal (Dept. 350),Garbage,2025-03-15T21:24:03.865Z,35.03682698,-85.29588635,"958 Acme Street, Chattanooga, TN, 37403",POINT (-85.29588635 35.03682698)
281474978294695,WL717 2020 F150 Pickup truck Garbage Dept,Garbage,2025-03-16T01:01:31.228Z,35.03025893,-85.12550085,"8201 Shallowford Road, Chattanooga, TN, 37421",POINT (-85.12550085 35.03025893)
281474991320533,WL3267 (2024 Autocar) Waste Pickup (Dept. 352),Garbage,2025-03-15T14:31:04.014Z,35.0890256,-85.24510691,"South Chickamauga Creek Greenway, Chattanooga, TN, 37406",POINT (-85.24510691 35.0890256)
281474978294641,WL3215 (2025 Autocar ACX64) Garbage (Dept. 352),Garbage,2025-03-13T12:44:12.007Z,35.013764589,-85.27682898,"2498 8th Avenue, Chattanooga, TN, 37407",POINT (-85.27682898 35.013764589)
281474986799446,WL957 (2020 Ford F350) Waste Pick Up (Dept. 352),Garbage,2025-03-15T19:54:02.146Z,35.08857808,-85.24516119,"Eldridge Road, Chattanooga, TN, 37406",POINT (-85.24516119 35.08857808)
281474991923643,WL3216 (2025 Autocar ACX64) Garbage (Dept. 352),Garbage,2025-03-15T11:47:53.012Z,35.088673269,-85.24492863,"Eldridge Road, Chattanooga, TN, 37406",POINT (-85.24492863 35.088673269)
281474978295014,WRL587 REAR LOAD RECYCLE T370 KW,Garbage,2023-10-19T14:26:53.020Z,35.03772079,-85.296409479,"901 East 12th Street, Chattanooga, TN, 37403",POINT (-85.296409479 35.03772079)
281474978294885,WL8441 (2025 Autocar ACX Garbage Truck) Garbage (Dept. 352 - Garbage),Garbage,2025-02-13T19:01:26.011Z,35.03740989,-85.2960349,"950 East 12th Street, Chattanooga, TN, 37403",POINT (-85.2960349 35.03740989)
281474993901560,WL3268 (2024 Autocar ACX64) Waste Pick-Up (Dept. 352),Garbage,2025-03-15T13:35:45.013Z,35.088858,-85.244827929,"Eldridge Road, Chattanooga, TN, 37406",POINT (-85.244827929 35.088858)
281474991321701,WL3264 (2024 Autocar) Waste Pickup (Dept. 352),Garbage,2025-03-15T12:08:07.014Z,35.089046779,-85.24489681,"South Chickamauga Creek Greenway, Chattanooga, TN, 37406",POINT (-85.24489681 35.089046779)
281474994807690,WL8441 (2025 Autocar ACX Garbage Truck) Garbage (Dept. 352 - Garbage),Garbage,2025-03-16T01:03:24.751Z,35.0375286,-85.29696717,"Acme Street, Chattanooga, TN, 37403",POINT (-85.29696717 35.0375286)
281474978294844,WGL622 (2011 8YD Rear Loader Garbage Truck) Waste Pickup (Dept. 352),Garbage,2025-03-04T22:10:25.012Z,35.08872339,-85.24511002,"Eldridge Road, Chattanooga, TN, 37406",POINT (-85.24511002 35.08872339)
281474987992325,WL926 (2024 Autocar ACX 64) Waste Pick-Up (Dept. 352),Garbage,2025-03-14T18:55:34.010Z,35.03738428,-85.29731628,"Acme Street, Chattanooga, TN, 37403",POINT (-85.29731628 35.03738428)
281474978294918,WL957 2020 F350 Pickup w/dumper body,Garbage,2023-08-11T20:22:51.014Z,35.07872964,-85.25724772,"1365 Wisdom Street, Chattanooga, TN, 37406",POINT (-85.25724772 35.07872964)
281474991321702,WL3266 (2024 Autocar) Waste Pickup (Dept. 352),Garbage,2025-03-15T11:48:45.009Z,35.08867263,-85.24495656,"Eldridge Road, Chattanooga, TN, 37406",POINT (-85.24495656 35.08867263)
281474991923644,WL3217 (2025 Autocar ACX64) Garbage (Dept. 352),Garbage,2025-03-15T12:55:39.013Z,35.088990379,-85.24465535,"South Chickamauga Creek Greenway, Chattanooga, TN, 37406",POINT (-85.24465535 35.088990379)
281474983391156,WL668 (2017 Peterbilt 320 ASL) Dept. 352 Waste Pickup Garbage,Garbage,2023-08-25T02:26:52.006Z,35.08899987,-85.24522302,"South Chickamauga Creek Greenway, Chattanooga, TN, 37406",POINT (-85.24522302 35.08899987)
281474993780730,WL076 (2024 Peterbilt 520B) Waste Pick-Up (Dept. 352),Garbage,2025-03-14T20:42:10.015Z,35.08890123,-85.24514097,"Eldridge Road, Chattanooga, TN, 37406",POINT (-85.24514097 35.08890123)
281474985819378,WGL726 (2012 Ford F350) Waste Pickup (Dept. 352),Garbage,2025-03-15T23:50:24.890Z,35.08864097,-85.245031,"Eldridge Road, Chattanooga, TN, 37406",POINT (-85.245031 35.08864097)
281474978294920,WL617 (2021 Kenworth Garbage Truck) Waste Disposal (Dept. 350),Garbage,2025-03-14T20:16:50.045Z,35.08864461,-85.24516076,"Eldridge Road, Chattanooga, TN, 37406",POINT (-85.24516076 35.08864461)
281474994807367,WL8439 (2025 Autocar ACX Garbage Truck) Garbage (Dept. 352 Garbage),Garbage,2025-03-15T12:19:32.003Z,35.08871833,-85.24491136,"Eldridge Road, Chattanooga, TN, 37406",POINT (-85.24491136 35.08871833)
281474978294791,WL670  2017 Peterbilt 320  Automated Side Loader (Dept. 352),Garbage,2022-05-18T20:47:40.006Z,35.0886125,-85.24574149,"Eldridge Road, Chattanooga, TN, 37406",POINT (-85.24574149 35.0886125)
281474991321703,WL3268 (2024 Autocar) Waste Pickup (Dept. 352),Garbage,2024-12-18T22:27:42.021Z,35.088937519,-85.24484377,"South Chickamauga Creek Greenway, Chattanooga, TN, 37406",POINT (-85.24484377 35.088937519)
281474987331329,WL40927 (2024 Autocar ACX 64) Garbage (Dept. 352),Garbage,2025-03-15T14:06:27.003Z,35.08892375,-85.24518267,"Eldridge Road, Chattanooga, TN, 37406",POINT (-85.24518267 35.08892375)
