vehicle_id,vehicle_name,tag_name,time,latitude,longitude,address,point
281474991506700,WL1922 (2023 Ford F250) Waste Disposal (Dept. 350),Garbage,2024-07-26T14:48:05.661Z,35.08808655,-85.24516593,"Eldridge Road, Chattanooga, TN, 37406",POINT (-85.24516593 35.08808655)
281474983745417,WL7066 (2016 Peterbilt ASL Garbage Truck) Dept. 352,Garbage,2025-03-05T20:02:34.220Z,35.036870559,-85.29596249,"952 Acme Street, Chattanooga, TN, 37403",POINT (-85.29596249 35.036870559)
281474978294983,WL075 (2019 Isuzu NPR Box Truck) Container Management (Dept. 359),Garbage,2025-03-06T00:10:36.015Z,35.08864511,-85.24497617,"Eldridge Road, Chattanooga, TN, 37406",POINT (-85.24497617 35.08864511)
281474978294742,WCL357 (2011 Ford F150) Container Mgmt. (Dept. 359),Garbage,2025-03-06T00:03:43.022Z,35.088190519,-85.24479052,"Eldridge Road, Chattanooga, TN, 37406",POINT (-85.24479052 35.088190519)
281474984172596,WL670 (2017 Peterbilt 320 Automated Side Loader) CWS Dept. 352,Garbage,2025-03-05T20:48:12.953Z,35.03770022,-85.19302215,"1775 Church Road, Chattanooga, TN, 37421",POINT (-85.19302215 35.03770022)
281474994548792,WL451 (Ford F-250) Dept 350 - WASTE DISPOSAL,Garbage,2025-03-06T00:28:03.012Z,35.088247529,-85.24530497,"Eldridge Road, Chattanooga, TN, 37406",POINT (-85.24530497 35.088247529)
281474987032324,WL076 Defective,Garbage,2024-12-17T22:19:39.018Z,35.03742482,-85.29612921,"941 East 12th Street, Chattanooga, TN, 37403",POINT (-85.29612921 35.03742482)
281474993161466,W4430 (2025 Kenworth T380) Waste Disposal (Dept. 350),Garbage,2025-03-04T21:12:37.026Z,35.32722208,-85.1342311,"Dayton Pike, Soddy-Daisy, TN, 39397",POINT (-85.1342311 35.32722208)
281474987032158,WL688 (2017 320 Peterbilt) Waste Pick-Up (Dept. 352),Garbage,2024-04-26T11:20:33.038Z,35.03760801,-85.29598907,"948 East 12th Street, Chattanooga, TN, 37403",POINT (-85.29598907 35.03760801)
281474991923642,WL3214 (2025 Autocar ACX64) Garbage (Dept. 352),Garbage,2025-03-06T00:22:48.551Z,35.02033116,-85.28115698,"2010 East 20th Street, Chattanooga, TN, 37404",POINT (-85.28115698 35.02033116)
281474991321700,WL3265 (2024 Autocar) Waste Pickup (Dept. 352),Garbage,2025-03-06T00:05:27.004Z,35.089064769,-85.24481109,"South Chickamauga Creek Greenway, Chattanooga, TN, 37406",POINT (-85.24481109 35.089064769)
281474978294992,WL8439 (2025 Autocar ACX Garbage Truck) Garbage (Dept. 352 Garbage),Garbage,2025-02-25T13:34:27.956Z,35.03796223,-85.29595621,"924 Foundry Alley, Chattanooga, TN, 37403",POINT (-85.29595621 35.03796223)
281474994190872,WL3290 (2025 Peterbilt 520) Waste Disposal (Dept 350),Garbage,2025-03-05T23:36:23.359Z,34.90769993,-85.13257044,"Emerald Drive, Poplar Springs, GA, 30736",POINT (-85.13257044 34.90769993)
281474992031976,WL177 (2020 Autocar ACX64) Waste Disposal (Dept. 350),Garbage,2025-03-05T20:47:37.018Z,35.08884183,-85.24483641,"Eldridge Road, Chattanooga, TN, 37406",POINT (-85.24483641 35.08884183)
281474978294695,WL717 2020 F150 Pickup truck Garbage Dept,Garbage,2025-03-06T01:33:22.008Z,35.03022054,-85.1254509,"8202 Shallowford Road, Chattanooga, TN, 37421",POINT (-85.1254509 35.03022054)
281474991320533,WL3267 (2024 Autocar) Waste Pickup (Dept. 352),Garbage,2025-03-05T23:58:07.010Z,35.08865413,-85.24490797,"Eldridge Road, Chattanooga, TN, 37406",POINT (-85.24490797 35.08865413)
281474978294641,WL3215 (2025 Autocar ACX64) Garbage (Dept. 352),Garbage,2025-03-05T21:45:24.036Z,35.08898354,-85.24489722,"South Chickamauga Creek Greenway, Chattanooga, TN, 37406",POINT (-85.24489722 35.08898354)
281474986799446,WL957 (2020 Ford F350) Waste Pick Up (Dept. 352),Garbage,2025-03-06T01:30:25.022Z,35.088598419,-85.24520559,"Eldridge Road, Chattanooga, TN, 37406",POINT (-85.24520559 35.088598419)
281474991923643,WL3216 (2025 Autocar ACX64) Garbage (Dept. 352),Garbage,2025-03-06T00:08:56.016Z,35.08881148,-85.2449051,"Eldridge Road, Chattanooga, TN, 37406",POINT (-85.2449051 35.08881148)
281474978295014,WRL587 REAR LOAD RECYCLE T370 KW,Garbage,2023-10-19T14:26:53.020Z,35.03772079,-85.296409479,"901 East 12th Street, Chattanooga, TN, 37403",POINT (-85.296409479 35.03772079)
281474978294885,WL8441 (2025 Autocar ACX Garbage Truck) Garbage (Dept. 352 - Garbage),Garbage,2025-02-13T19:01:26.011Z,35.03740989,-85.2960349,"950 East 12th Street, Chattanooga, TN, 37403",POINT (-85.2960349 35.03740989)
281474993901560,WL3268 (2024 Autocar ACX64) Waste Pick-Up (Dept. 352),Garbage,2025-03-05T23:49:44.013Z,35.08887497,-85.24476524,"Eldridge Road, Chattanooga, TN, 37406",POINT (-85.24476524 35.08887497)
281474991321701,WL3264 (2024 Autocar) Waste Pickup (Dept. 352),Garbage,2025-03-06T00:00:49.010Z,35.08902835,-85.2448218,"South Chickamauga Creek Greenway, Chattanooga, TN, 37406",POINT (-85.2448218 35.08902835)
281474994807690,WL8441 (2025 Autocar ACX Garbage Truck) Garbage (Dept. 352 - Garbage),Garbage,2025-03-05T23:43:18.015Z,35.08880563,-85.24493136,"Eldridge Road, Chattanooga, TN, 37406",POINT (-85.24493136 35.08880563)
281474978294844,WGL622 (2011 8YD Rear Loader Garbage Truck) Waste Pickup (Dept. 352),Garbage,2025-03-04T22:10:25.012Z,35.08872339,-85.24511002,"Eldridge Road, Chattanooga, TN, 37406",POINT (-85.24511002 35.08872339)
281474987992325,WL926 (2024 Autocar ACX 64) Waste Pick-Up (Dept. 352),Garbage,2025-03-05T19:36:20.026Z,35.03683693,-85.2957889,"964 Acme Street, Chattanooga, TN, 37403",POINT (-85.2957889 35.03683693)
281474978294918,WL957 2020 F350 Pickup w/dumper body,Garbage,2023-08-11T20:22:51.014Z,35.07872964,-85.25724772,"1365 Wisdom Street, Chattanooga, TN, 37406",POINT (-85.25724772 35.07872964)
281474991321702,WL3266 (2024 Autocar) Waste Pickup (Dept. 352),Garbage,2025-03-05T23:51:06.013Z,35.08896971,-85.24505555,"Eldridge Road, Chattanooga, TN, 37406",POINT (-85.24505555 35.08896971)
281474991923644,WL3217 (2025 Autocar ACX64) Garbage (Dept. 352),Garbage,2025-03-05T23:38:58.022Z,35.08894367,-85.24483832,"South Chickamauga Creek Greenway, Chattanooga, TN, 37406",POINT (-85.24483832 35.08894367)
281474983391156,WL668 (2017 Peterbilt 320 ASL) Dept. 352 Waste Pickup Garbage,Garbage,2023-08-25T02:26:52.006Z,35.08899987,-85.24522302,"South Chickamauga Creek Greenway, Chattanooga, TN, 37406",POINT (-85.24522302 35.08899987)
281474993780730,WL076 (2024 Peterbilt 520B) Waste Pick-Up (Dept. 352),Garbage,2025-03-06T00:54:05.012Z,35.03766657,-85.2970588,"Acme Street, Chattanooga, TN, 37403",POINT (-85.2970588 35.03766657)
281474985819378,WGL726 (2012 Ford F350) Waste Pickup (Dept. 352),Garbage,2025-03-05T20:45:08.630Z,35.088582819,-85.24499419,"Eldridge Road, Chattanooga, TN, 37406",POINT (-85.24499419 35.088582819)
281474978294920,WL617 (2021 Kenworth Garbage Truck) Waste Disposal (Dept. 350),Garbage,2025-03-05T22:36:30.008Z,35.08866472,-85.24519501,"Eldridge Road, Chattanooga, TN, 37406",POINT (-85.24519501 35.08866472)
281474994807367,WL8439 (2025 Autocar ACX Garbage Truck) Garbage (Dept. 352 Garbage),Garbage,2025-03-06T01:33:03.018Z,35.08879114,-85.24488691,"Eldridge Road, Chattanooga, TN, 37406",POINT (-85.24488691 35.08879114)
281474978294791,WL670  2017 Peterbilt 320  Automated Side Loader (Dept. 352),Garbage,2022-05-18T20:47:40.006Z,35.0886125,-85.24574149,"Eldridge Road, Chattanooga, TN, 37406",POINT (-85.24574149 35.0886125)
281474991321703,WL3268 (2024 Autocar) Waste Pickup (Dept. 352),Garbage,2024-12-18T22:27:42.021Z,35.088937519,-85.24484377,"South Chickamauga Creek Greenway, Chattanooga, TN, 37406",POINT (-85.24484377 35.088937519)
281474987331329,WL40927 (2024 Autocar ACX 64) Garbage (Dept. 352),Garbage,2025-03-06T01:31:36.012Z,35.08915084,-85.245062169,"South Chickamauga Creek Greenway, Chattanooga, TN, 37406",POINT (-85.245062169 35.08915084)
