vehicle_id,vehicle_name,tag_name,time,latitude,longitude,address,point
281474991506700,WL1922 (2023 Ford F250) Waste Disposal (Dept. 350),Garbage,2024-07-26T14:48:05.661Z,35.08808655,-85.24516593,"Eldridge Road, Chattanooga, TN, 37406",POINT (-85.24516593 35.08808655)
281474983745417,WL7066 (2016 Peterbilt ASL Garbage Truck) Dept. 352,Garbage,2025-03-06T22:05:05.011Z,35.03766947,-85.29599256,"946 East 12th Street, Chattanooga, TN, 37403",POINT (-85.29599256 35.03766947)
281474978294983,WL075 (2019 Isuzu NPR Box Truck) Container Management (Dept. 359),Garbage,2025-03-13T23:17:05.016Z,35.0886912,-85.24500013,"Eldridge Road, Chattanooga, TN, 37406",POINT (-85.24500013 35.0886912)
281474978294742,WCL357 (2011 Ford F150) Container Mgmt. (Dept. 359),Garbage,2025-03-13T22:55:34.016Z,35.08820033,-85.24474585,"Eldridge Road, Chattanooga, TN, 37406",POINT (-85.24474585 35.08820033)
281474984172596,WL670 (2017 Peterbilt 320 Automated Side Loader) CWS Dept. 352,Garbage,2025-03-13T23:55:05.664Z,35.03783379,-85.19306686,"1798 Church Road, Chattanooga, TN, 37421",POINT (-85.19306686 35.03783379)
281474994548792,WL451 (Ford F-250) Dept 350 - WASTE DISPOSAL,Garbage,2025-03-13T20:42:55.005Z,35.08824046,-85.245274089,"Eldridge Road, Chattanooga, TN, 37406",POINT (-85.245274089 35.08824046)
281474987032324,WL076 Defective,Garbage,2024-12-17T22:19:39.018Z,35.03742482,-85.29612921,"941 East 12th Street, Chattanooga, TN, 37403",POINT (-85.29612921 35.03742482)
281474993161466,W4430 (2025 Kenworth T380) Waste Disposal (Dept. 350),Garbage,2025-03-13T22:57:31.054Z,35.03772197,-85.2961348,"929 East 12th Street, Chattanooga, TN, 37403",POINT (-85.2961348 35.03772197)
281474987032158,WL688 (2017 320 Peterbilt) Waste Pick-Up (Dept. 352),Garbage,2024-04-26T11:20:33.038Z,35.03760801,-85.29598907,"948 East 12th Street, Chattanooga, TN, 37403",POINT (-85.29598907 35.03760801)
281474991923642,WL3214 (2025 Autocar ACX64) Garbage (Dept. 352),Garbage,2025-03-13T14:19:29.012Z,35.02030146,-85.281124509,"2010 East 20th Street, Chattanooga, TN, 37404",POINT (-85.281124509 35.02030146)
281474991321700,WL3265 (2024 Autocar) Waste Pickup (Dept. 352),Garbage,2025-03-13T20:29:11.017Z,35.08908033,-85.24481044,"South Chickamauga Creek Greenway, Chattanooga, TN, 37406",POINT (-85.24481044 35.08908033)
281474978294992,WL8439 (2025 Autocar ACX Garbage Truck) Garbage (Dept. 352 Garbage),Garbage,2025-02-25T13:34:27.956Z,35.03796223,-85.29595621,"924 Foundry Alley, Chattanooga, TN, 37403",POINT (-85.29595621 35.03796223)
281474994190872,WL3290 (2025 Peterbilt 520) Waste Disposal (Dept 350),Garbage,2025-03-13T23:13:42.009Z,35.08906018,-85.24505669,"South Chickamauga Creek Greenway, Chattanooga, TN, 37406",POINT (-85.24505669 35.08906018)
281474992031976,WL177 (2020 Autocar ACX64) Waste Disposal (Dept. 350),Garbage,2025-03-13T21:36:02.036Z,35.036723,-85.295837449,"964 Acme Street, Chattanooga, TN, 37403",POINT (-85.295837449 35.036723)
281474978294695,WL717 2020 F150 Pickup truck Garbage Dept,Garbage,2025-03-14T00:09:48.014Z,35.03021416,-85.12549996,"8201 Shallowford Road, Chattanooga, TN, 37421",POINT (-85.12549996 35.03021416)
281474991320533,WL3267 (2024 Autocar) Waste Pickup (Dept. 352),Garbage,2025-03-13T19:24:58.017Z,35.08867033,-85.244955679,"Eldridge Road, Chattanooga, TN, 37406",POINT (-85.244955679 35.08867033)
281474978294641,WL3215 (2025 Autocar ACX64) Garbage (Dept. 352),Garbage,2025-03-13T12:44:12.007Z,35.013764589,-85.27682898,"2498 8th Avenue, Chattanooga, TN, 37407",POINT (-85.27682898 35.013764589)
281474986799446,WL957 (2020 Ford F350) Waste Pick Up (Dept. 352),Garbage,2025-03-13T23:33:09.008Z,35.08859458,-85.24511652,"Eldridge Road, Chattanooga, TN, 37406",POINT (-85.24511652 35.08859458)
281474991923643,WL3216 (2025 Autocar ACX64) Garbage (Dept. 352),Garbage,2025-03-13T19:44:37.013Z,35.08880048,-85.24481716,"Eldridge Road, Chattanooga, TN, 37406",POINT (-85.24481716 35.08880048)
281474978295014,WRL587 REAR LOAD RECYCLE T370 KW,Garbage,2023-10-19T14:26:53.020Z,35.03772079,-85.296409479,"901 East 12th Street, Chattanooga, TN, 37403",POINT (-85.296409479 35.03772079)
281474978294885,WL8441 (2025 Autocar ACX Garbage Truck) Garbage (Dept. 352 - Garbage),Garbage,2025-02-13T19:01:26.011Z,35.03740989,-85.2960349,"950 East 12th Street, Chattanooga, TN, 37403",POINT (-85.2960349 35.03740989)
281474993901560,WL3268 (2024 Autocar ACX64) Waste Pick-Up (Dept. 352),Garbage,2025-03-14T00:28:22.018Z,35.089001559,-85.244874659,"South Chickamauga Creek Greenway, Chattanooga, TN, 37406",POINT (-85.244874659 35.089001559)
281474991321701,WL3264 (2024 Autocar) Waste Pickup (Dept. 352),Garbage,2025-03-13T20:45:41.006Z,35.089151379,-85.24480439,"South Chickamauga Creek Greenway, Chattanooga, TN, 37406",POINT (-85.24480439 35.089151379)
281474994807690,WL8441 (2025 Autocar ACX Garbage Truck) Garbage (Dept. 352 - Garbage),Garbage,2025-03-14T00:39:30.289Z,35.0375286,-85.29696717,"Acme Street, Chattanooga, TN, 37403",POINT (-85.29696717 35.0375286)
281474978294844,WGL622 (2011 8YD Rear Loader Garbage Truck) Waste Pickup (Dept. 352),Garbage,2025-03-04T22:10:25.012Z,35.08872339,-85.24511002,"Eldridge Road, Chattanooga, TN, 37406",POINT (-85.24511002 35.08872339)
281474987992325,WL926 (2024 Autocar ACX 64) Waste Pick-Up (Dept. 352),Garbage,2025-03-13T17:39:18.050Z,35.03721763,-85.29702715,"1261 Park Avenue, Chattanooga, TN, 37403",POINT (-85.29702715 35.03721763)
281474978294918,WL957 2020 F350 Pickup w/dumper body,Garbage,2023-08-11T20:22:51.014Z,35.07872964,-85.25724772,"1365 Wisdom Street, Chattanooga, TN, 37406",POINT (-85.25724772 35.07872964)
281474991321702,WL3266 (2024 Autocar) Waste Pickup (Dept. 352),Garbage,2025-03-13T19:18:21.010Z,35.08873364,-85.24487225,"Eldridge Road, Chattanooga, TN, 37406",POINT (-85.24487225 35.08873364)
281474991923644,WL3217 (2025 Autocar ACX64) Garbage (Dept. 352),Garbage,2025-03-13T20:22:26.013Z,35.08891387,-85.24488413,"Eldridge Road, Chattanooga, TN, 37406",POINT (-85.24488413 35.08891387)
281474983391156,WL668 (2017 Peterbilt 320 ASL) Dept. 352 Waste Pickup Garbage,Garbage,2023-08-25T02:26:52.006Z,35.08899987,-85.24522302,"South Chickamauga Creek Greenway, Chattanooga, TN, 37406",POINT (-85.24522302 35.08899987)
281474993780730,WL076 (2024 Peterbilt 520B) Waste Pick-Up (Dept. 352),Garbage,2025-03-13T19:59:00.014Z,35.08895631,-85.245116679,"Eldridge Road, Chattanooga, TN, 37406",POINT (-85.245116679 35.08895631)
281474985819378,WGL726 (2012 Ford F350) Waste Pickup (Dept. 352),Garbage,2025-03-13T23:26:08.954Z,35.08864097,-85.245031,"Eldridge Road, Chattanooga, TN, 37406",POINT (-85.245031 35.08864097)
281474978294920,WL617 (2021 Kenworth Garbage Truck) Waste Disposal (Dept. 350),Garbage,2025-03-13T19:25:12.026Z,35.088671699,-85.24515148,"Eldridge Road, Chattanooga, TN, 37406",POINT (-85.24515148 35.088671699)
281474994807367,WL8439 (2025 Autocar ACX Garbage Truck) Garbage (Dept. 352 Garbage),Garbage,2025-03-13T20:15:20.028Z,35.08874601,-85.24487624,"Eldridge Road, Chattanooga, TN, 37406",POINT (-85.24487624 35.08874601)
281474978294791,WL670  2017 Peterbilt 320  Automated Side Loader (Dept. 352),Garbage,2022-05-18T20:47:40.006Z,35.0886125,-85.24574149,"Eldridge Road, Chattanooga, TN, 37406",POINT (-85.24574149 35.0886125)
281474991321703,WL3268 (2024 Autocar) Waste Pickup (Dept. 352),Garbage,2024-12-18T22:27:42.021Z,35.088937519,-85.24484377,"South Chickamauga Creek Greenway, Chattanooga, TN, 37406",POINT (-85.24484377 35.088937519)
281474987331329,WL40927 (2024 Autocar ACX 64) Garbage (Dept. 352),Garbage,2025-03-12T14:23:07.011Z,35.08898093,-85.24491116,"South Chickamauga Creek Greenway, Chattanooga, TN, 37406",POINT (-85.24491116 35.08898093)
