vehicle_id,vehicle_name,tag_name,time,latitude,longitude,address,point
281474991506700,WL1922 (2023 Ford F250) Waste Disposal (Dept. 350),Garbage,2024-07-26T14:48:05.661Z,35.08808655,-85.24516593,"Eldridge Road, Chattanooga, TN, 37406",POINT (-85.24516593 35.08808655)
281474983745417,WL7066 (2016 Peterbilt ASL Garbage Truck) Dept. 352,Garbage,2025-03-06T22:05:05.011Z,35.03766947,-85.29599256,"946 East 12th Street, Chattanooga, TN, 37403",POINT (-85.29599256 35.03766947)
281474978294983,WL075 (2019 Isuzu NPR Box Truck) Container Management (Dept. 359),Garbage,2025-03-12T23:11:30.007Z,35.08866716,-85.24496138,"Eldridge Road, Chattanooga, TN, 37406",POINT (-85.24496138 35.08866716)
281474978294742,WCL357 (2011 Ford F150) Container Mgmt. (Dept. 359),Garbage,2025-03-12T22:55:39.019Z,35.08822548,-85.24477242,"Eldridge Road, Chattanooga, TN, 37406",POINT (-85.24477242 35.08822548)
281474984172596,WL670 (2017 Peterbilt 320 Automated Side Loader) CWS Dept. 352,Garbage,2025-03-12T23:42:19.020Z,35.03783379,-85.19306686,"1798 Church Road, Chattanooga, TN, 37421",POINT (-85.19306686 35.03783379)
281474994548792,WL451 (Ford F-250) Dept 350 - WASTE DISPOSAL,Garbage,2025-03-12T21:39:18.005Z,35.08827234,-85.245275809,"Eldridge Road, Chattanooga, TN, 37406",POINT (-85.245275809 35.08827234)
281474987032324,WL076 Defective,Garbage,2024-12-17T22:19:39.018Z,35.03742482,-85.29612921,"941 East 12th Street, Chattanooga, TN, 37403",POINT (-85.29612921 35.03742482)
281474993161466,W4430 (2025 Kenworth T380) Waste Disposal (Dept. 350),Garbage,2025-03-12T19:52:26.945Z,35.00930753,-85.38585753,"3640 Cummings Road, Chattanooga, TN, 37419",POINT (-85.38585753 35.00930753)
281474987032158,WL688 (2017 320 Peterbilt) Waste Pick-Up (Dept. 352),Garbage,2024-04-26T11:20:33.038Z,35.03760801,-85.29598907,"948 East 12th Street, Chattanooga, TN, 37403",POINT (-85.29598907 35.03760801)
281474991923642,WL3214 (2025 Autocar ACX64) Garbage (Dept. 352),Garbage,2025-03-10T23:19:15.013Z,35.02033116,-85.28115698,"2010 East 20th Street, Chattanooga, TN, 37404",POINT (-85.28115698 35.02033116)
281474991321700,WL3265 (2024 Autocar) Waste Pickup (Dept. 352),Garbage,2025-03-12T21:14:03.016Z,35.0891366,-85.2447823,"South Chickamauga Creek Greenway, Chattanooga, TN, 37406",POINT (-85.2447823 35.0891366)
281474978294992,WL8439 (2025 Autocar ACX Garbage Truck) Garbage (Dept. 352 Garbage),Garbage,2025-02-25T13:34:27.956Z,35.03796223,-85.29595621,"924 Foundry Alley, Chattanooga, TN, 37403",POINT (-85.29595621 35.03796223)
281474994190872,WL3290 (2025 Peterbilt 520) Waste Disposal (Dept 350),Garbage,2025-03-12T23:32:12.020Z,35.08914668,-85.24508264,"South Chickamauga Creek Greenway, Chattanooga, TN, 37406",POINT (-85.24508264 35.08914668)
281474992031976,WL177 (2020 Autocar ACX64) Waste Disposal (Dept. 350),Garbage,2025-03-12T21:23:54.041Z,35.036723,-85.295837449,"964 Acme Street, Chattanooga, TN, 37403",POINT (-85.295837449 35.036723)
281474978294695,WL717 2020 F150 Pickup truck Garbage Dept,Garbage,2025-03-13T01:07:48.011Z,35.03027115,-85.125515979,"8201 Shallowford Road, Chattanooga, TN, 37421",POINT (-85.125515979 35.03027115)
281474991320533,WL3267 (2024 Autocar) Waste Pickup (Dept. 352),Garbage,2025-03-12T21:09:45.118Z,35.08899672,-85.2448177,"South Chickamauga Creek Greenway, Chattanooga, TN, 37406",POINT (-85.2448177 35.08899672)
281474978294641,WL3215 (2025 Autocar ACX64) Garbage (Dept. 352),Garbage,2025-03-12T19:32:31.014Z,35.08903272,-85.24468916,"South Chickamauga Creek Greenway, Chattanooga, TN, 37406",POINT (-85.24468916 35.08903272)
281474986799446,WL957 (2020 Ford F350) Waste Pick Up (Dept. 352),Garbage,2025-03-13T00:26:10.019Z,35.0886123,-85.24512788,"Eldridge Road, Chattanooga, TN, 37406",POINT (-85.24512788 35.0886123)
281474991923643,WL3216 (2025 Autocar ACX64) Garbage (Dept. 352),Garbage,2025-03-12T19:29:30.023Z,35.08878192,-85.244864289,"Eldridge Road, Chattanooga, TN, 37406",POINT (-85.244864289 35.08878192)
281474978295014,WRL587 REAR LOAD RECYCLE T370 KW,Garbage,2023-10-19T14:26:53.020Z,35.03772079,-85.296409479,"901 East 12th Street, Chattanooga, TN, 37403",POINT (-85.296409479 35.03772079)
281474978294885,WL8441 (2025 Autocar ACX Garbage Truck) Garbage (Dept. 352 - Garbage),Garbage,2025-02-13T19:01:26.011Z,35.03740989,-85.2960349,"950 East 12th Street, Chattanooga, TN, 37403",POINT (-85.2960349 35.03740989)
281474993901560,WL3268 (2024 Autocar ACX64) Waste Pick-Up (Dept. 352),Garbage,2025-03-12T21:21:31.005Z,35.08909161,-85.24478438,"South Chickamauga Creek Greenway, Chattanooga, TN, 37406",POINT (-85.24478438 35.08909161)
281474991321701,WL3264 (2024 Autocar) Waste Pickup (Dept. 352),Garbage,2025-03-12T20:36:55.016Z,35.08881463,-85.244906929,"Eldridge Road, Chattanooga, TN, 37406",POINT (-85.244906929 35.08881463)
281474994807690,WL8441 (2025 Autocar ACX Garbage Truck) Garbage (Dept. 352 - Garbage),Garbage,2025-03-13T00:26:58.919Z,35.0375286,-85.29696717,"Acme Street, Chattanooga, TN, 37403",POINT (-85.29696717 35.0375286)
281474978294844,WGL622 (2011 8YD Rear Loader Garbage Truck) Waste Pickup (Dept. 352),Garbage,2025-03-04T22:10:25.012Z,35.08872339,-85.24511002,"Eldridge Road, Chattanooga, TN, 37406",POINT (-85.24511002 35.08872339)
281474987992325,WL926 (2024 Autocar ACX 64) Waste Pick-Up (Dept. 352),Garbage,2025-03-11T23:17:28.013Z,35.03759092,-85.29726202,"Acme Street, Chattanooga, TN, 37403",POINT (-85.29726202 35.03759092)
281474978294918,WL957 2020 F350 Pickup w/dumper body,Garbage,2023-08-11T20:22:51.014Z,35.07872964,-85.25724772,"1365 Wisdom Street, Chattanooga, TN, 37406",POINT (-85.25724772 35.07872964)
281474991321702,WL3266 (2024 Autocar) Waste Pickup (Dept. 352),Garbage,2025-03-12T19:32:31.018Z,35.08868936,-85.24495027,"Eldridge Road, Chattanooga, TN, 37406",POINT (-85.24495027 35.08868936)
281474991923644,WL3217 (2025 Autocar ACX64) Garbage (Dept. 352),Garbage,2025-03-12T20:31:19.015Z,35.08892736,-85.24469157,"South Chickamauga Creek Greenway, Chattanooga, TN, 37406",POINT (-85.24469157 35.08892736)
281474983391156,WL668 (2017 Peterbilt 320 ASL) Dept. 352 Waste Pickup Garbage,Garbage,2023-08-25T02:26:52.006Z,35.08899987,-85.24522302,"South Chickamauga Creek Greenway, Chattanooga, TN, 37406",POINT (-85.24522302 35.08899987)
281474993780730,WL076 (2024 Peterbilt 520B) Waste Pick-Up (Dept. 352),Garbage,2025-03-12T20:11:17.005Z,35.08901881,-85.24512152,"South Chickamauga Creek Greenway, Chattanooga, TN, 37406",POINT (-85.24512152 35.08901881)
281474985819378,WGL726 (2012 Ford F350) Waste Pickup (Dept. 352),Garbage,2025-03-12T23:12:09.016Z,35.08864097,-85.245031,"Eldridge Road, Chattanooga, TN, 37406",POINT (-85.245031 35.08864097)
281474978294920,WL617 (2021 Kenworth Garbage Truck) Waste Disposal (Dept. 350),Garbage,2025-03-12T19:37:55.021Z,35.088683529,-85.2451045,"Eldridge Road, Chattanooga, TN, 37406",POINT (-85.2451045 35.088683529)
281474994807367,WL8439 (2025 Autocar ACX Garbage Truck) Garbage (Dept. 352 Garbage),Garbage,2025-03-12T21:19:37.012Z,35.088875199,-85.24508785,"Eldridge Road, Chattanooga, TN, 37406",POINT (-85.24508785 35.088875199)
281474978294791,WL670  2017 Peterbilt 320  Automated Side Loader (Dept. 352),Garbage,2022-05-18T20:47:40.006Z,35.0886125,-85.24574149,"Eldridge Road, Chattanooga, TN, 37406",POINT (-85.24574149 35.0886125)
281474991321703,WL3268 (2024 Autocar) Waste Pickup (Dept. 352),Garbage,2024-12-18T22:27:42.021Z,35.088937519,-85.24484377,"South Chickamauga Creek Greenway, Chattanooga, TN, 37406",POINT (-85.24484377 35.088937519)
281474987331329,WL40927 (2024 Autocar ACX 64) Garbage (Dept. 352),Garbage,2025-03-12T14:23:07.011Z,35.08898093,-85.24491116,"South Chickamauga Creek Greenway, Chattanooga, TN, 37406",POINT (-85.24491116 35.08898093)
