vehicle_id,vehicle_name,tag_name,time,latitude,longitude,address,point
281474991506700,WL1922 (2023 Ford F250) Waste Disposal (Dept. 350),Garbage,2024-07-26T14:48:05.661Z,35.08808655,-85.24516593,"Eldridge Road, Chattanooga, TN, 37406",POINT (-85.24516593 35.08808655)
281474983745417,WL7066 (2016 Peterbilt ASL Garbage Truck) Dept. 352,Garbage,2025-02-25T13:22:07.444Z,35.03693098,-85.29592426,"954 Acme Street, Chattanooga, TN, 37403",POINT (-85.29592426 35.03693098)
281474978294983,WL075 (2019 Isuzu NPR Box Truck) Container Management (Dept. 359),Garbage,2025-02-26T00:28:06.398Z,35.088668879,-85.24497361,"Eldridge Road, Chattanooga, TN, 37406",POINT (-85.24497361 35.088668879)
281474978294742,WCL357 (2011 Ford F150) Container Mgmt. (Dept. 359),Garbage,2025-02-20T15:35:31.011Z,35.13471612,-85.24416955,"5348 Elizabeth Drive, Chattanooga, TN, 37343",POINT (-85.24416955 35.13471612)
281474984172596,WL670 (2017 Peterbilt 320 Automated Side Loader) CWS Dept. 352,Garbage,2025-02-25T21:13:01.891Z,35.03783524,-85.19303089,"1798 Church Road, Chattanooga, TN, 37421",POINT (-85.19303089 35.03783524)
281474994548792,WL451 (Ford F-250) Dept 350 - WASTE DISPOSAL,Garbage,2025-02-26T00:53:23.010Z,35.08836824,-85.24529784,"Eldridge Road, Chattanooga, TN, 37406",POINT (-85.24529784 35.08836824)
281474987032324,WL076 Defective,Garbage,2024-12-17T22:19:39.018Z,35.03742482,-85.29612921,"941 East 12th Street, Chattanooga, TN, 37403",POINT (-85.29612921 35.03742482)
281474993161466,W4430 (2025 Kenworth T380) Waste Disposal (Dept. 350),Garbage,2025-02-25T21:16:27.403Z,35.32710986,-85.1344061,"140 Coleman Road, Soddy-Daisy, TN, 37379",POINT (-85.1344061 35.32710986)
281474987032158,WL688 (2017 320 Peterbilt) Waste Pick-Up (Dept. 352),Garbage,2024-04-26T11:20:33.038Z,35.03760801,-85.29598907,"948 East 12th Street, Chattanooga, TN, 37403",POINT (-85.29598907 35.03760801)
281474991923642,WL3214 (2025 Autocar ACX64) Garbage (Dept. 352),Garbage,2025-02-25T22:45:44.237Z,35.02033116,-85.28115698,"2010 East 20th Street, Chattanooga, TN, 37404",POINT (-85.28115698 35.02033116)
281474991321700,WL3265 (2024 Autocar) Waste Pickup (Dept. 352),Garbage,2025-02-25T22:07:23.012Z,35.089059,-85.24480704,"South Chickamauga Creek Greenway, Chattanooga, TN, 37406",POINT (-85.24480704 35.089059)
281474978294992,WL8439 (2025 Autocar ACX Garbage Truck) Garbage (Dept. 352 Garbage),Garbage,2025-02-25T13:34:27.956Z,35.03796223,-85.29595621,"924 Foundry Alley, Chattanooga, TN, 37403",POINT (-85.29595621 35.03796223)
281474994190872,WL3290 (2025 Peterbilt 520) Waste Disposal (Dept 350),Garbage,2025-02-26T00:38:36.484Z,34.90770616,-85.13166524,"21 Candy Lane, Ringgold, GA, 30736",POINT (-85.13166524 34.90770616)
281474992031976,WL177 (2020 Autocar ACX64) Waste Disposal (Dept. 350),Garbage,2025-02-25T21:43:51.588Z,35.022053849,-85.29597194,"2383 Rossville Boulevard, Chattanooga, TN, 37408",POINT (-85.29597194 35.022053849)
281474978294695,WL717 2020 F150 Pickup truck Garbage Dept,Garbage,2025-02-26T01:01:17.013Z,35.03021467,-85.12548724,"8202 Shallowford Road, Chattanooga, TN, 37421",POINT (-85.12548724 35.03021467)
281474991320533,WL3267 (2024 Autocar) Waste Pickup (Dept. 352),Garbage,2025-02-25T20:35:47.020Z,35.08894853,-85.244899559,"Eldridge Road, Chattanooga, TN, 37406",POINT (-85.244899559 35.08894853)
281474978294641,WL3215 (2025 Autocar ACX64) Garbage (Dept. 352),Garbage,2025-02-25T23:27:25.015Z,35.0889566,-85.24486254,"South Chickamauga Creek Greenway, Chattanooga, TN, 37406",POINT (-85.24486254 35.0889566)
281474986799446,WL957 (2020 Ford F350) Waste Pick Up (Dept. 352),Garbage,2025-02-26T01:24:01.014Z,35.08858642,-85.2451547,"Eldridge Road, Chattanooga, TN, 37406",POINT (-85.2451547 35.08858642)
281474991923643,WL3216 (2025 Autocar ACX64) Garbage (Dept. 352),Garbage,2025-02-25T20:38:35.012Z,35.08875819,-85.24484863,"Eldridge Road, Chattanooga, TN, 37406",POINT (-85.24484863 35.08875819)
281474978295014,WRL587 REAR LOAD RECYCLE T370 KW,Garbage,2023-10-19T14:26:53.020Z,35.03772079,-85.296409479,"901 East 12th Street, Chattanooga, TN, 37403",POINT (-85.296409479 35.03772079)
281474978294885,WL8441 (2025 Autocar ACX Garbage Truck) Garbage (Dept. 352 - Garbage),Garbage,2025-02-13T19:01:26.011Z,35.03740989,-85.2960349,"950 East 12th Street, Chattanooga, TN, 37403",POINT (-85.2960349 35.03740989)
281474993901560,WL3268 (2024 Autocar ACX64) Waste Pick-Up (Dept. 352),Garbage,2025-02-26T01:19:31.014Z,35.08890943,-85.24474855,"South Chickamauga Creek Greenway, Chattanooga, TN, 37406",POINT (-85.24474855 35.08890943)
281474991321701,WL3264 (2024 Autocar) Waste Pickup (Dept. 352),Garbage,2025-02-26T01:22:35.910Z,35.03719239,-85.29614677,"939 Acme Street, Chattanooga, TN, 37403",POINT (-85.29614677 35.03719239)
281474978294844,WGL622 (2011 8YD Rear Loader Garbage Truck) Waste Pickup (Dept. 352),Garbage,2025-02-25T20:26:45.014Z,35.01326023,-85.276540649,"2483 10th Avenue, Chattanooga, TN, 37407",POINT (-85.276540649 35.01326023)
281474987992325,WL926 (2024 Autocar ACX 64) Waste Pick-Up (Dept. 352),Garbage,2025-02-26T01:02:39.017Z,35.08907671,-85.24502527,"South Chickamauga Creek Greenway, Chattanooga, TN, 37406",POINT (-85.24502527 35.08907671)
281474978294918,WL957 2020 F350 Pickup w/dumper body,Garbage,2023-08-11T20:22:51.014Z,35.07872964,-85.25724772,"1365 Wisdom Street, Chattanooga, TN, 37406",POINT (-85.25724772 35.07872964)
281474991321702,WL3266 (2024 Autocar) Waste Pickup (Dept. 352),Garbage,2025-02-25T23:25:16.015Z,35.088764429,-85.24491043,"Eldridge Road, Chattanooga, TN, 37406",POINT (-85.24491043 35.088764429)
281474991923644,WL3217 (2025 Autocar ACX64) Garbage (Dept. 352),Garbage,2025-02-25T21:46:26.016Z,35.08893068,-85.244750839,"South Chickamauga Creek Greenway, Chattanooga, TN, 37406",POINT (-85.244750839 35.08893068)
281474983391156,WL668 (2017 Peterbilt 320 ASL) Dept. 352 Waste Pickup Garbage,Garbage,2023-08-25T02:26:52.006Z,35.08899987,-85.24522302,"South Chickamauga Creek Greenway, Chattanooga, TN, 37406",POINT (-85.24522302 35.08899987)
281474993780730,WL076 (2024 Peterbilt 520B) Waste Pick-Up (Dept. 352),Garbage,2025-02-25T22:34:44.704Z,35.08897129,-85.24492935,"South Chickamauga Creek Greenway, Chattanooga, TN, 37406",POINT (-85.24492935 35.08897129)
281474985819378,WGL726 (2012 Ford F350) Waste Pickup (Dept. 352),Garbage,2025-02-26T01:11:06.976Z,35.088582819,-85.24499419,"Eldridge Road, Chattanooga, TN, 37406",POINT (-85.24499419 35.088582819)
281474978294920,WL617 (2021 Kenworth Garbage Truck) Waste Disposal (Dept. 350),Garbage,2025-02-26T00:00:26.949Z,35.03723165,-85.29547811,"985 East 12th Street, Chattanooga, TN, 37403",POINT (-85.29547811 35.03723165)
281474994807367,WL8439 (2025 Autocar ACX Garbage Truck) Garbage (Dept. 352 Garbage),Garbage,2025-02-25T19:29:23.006Z,35.03762433,-85.295941,"952 East 12th Street, Chattanooga, TN, 37403",POINT (-85.295941 35.03762433)
281474978294791,WL670  2017 Peterbilt 320  Automated Side Loader (Dept. 352),Garbage,2022-05-18T20:47:40.006Z,35.0886125,-85.24574149,"Eldridge Road, Chattanooga, TN, 37406",POINT (-85.24574149 35.0886125)
281474991321703,WL3268 (2024 Autocar) Waste Pickup (Dept. 352),Garbage,2024-12-18T22:27:42.021Z,35.088937519,-85.24484377,"South Chickamauga Creek Greenway, Chattanooga, TN, 37406",POINT (-85.24484377 35.088937519)
281474987331329,WL40927 (2024 Autocar ACX 64) Garbage (Dept. 352),Garbage,2025-02-25T21:49:29.019Z,35.08868054,-85.24485038,"Eldridge Road, Chattanooga, TN, 37406",POINT (-85.24485038 35.08868054)
