vehicle_id,vehicle_name,tag_name,time,latitude,longitude,address,point
281474991506700,WL1922 (2023 Ford F250) Waste Disposal (Dept. 350),Garbage,2024-07-26T14:48:05.661Z,35.08808655,-85.24516593,"Eldridge Road, Chattanooga, TN, 37406",POINT (-85.24516593 35.08808655)
281474983745417,WL7066 (2016 Peterbilt ASL Garbage Truck) Dept. 352,Garbage,2025-02-25T13:22:07.444Z,35.03693098,-85.29592426,"954 Acme Street, Chattanooga, TN, 37403",POINT (-85.29592426 35.03693098)
281474978294983,WL075 (2019 Isuzu NPR Box Truck) Container Management (Dept. 359),Garbage,2025-03-01T00:12:26.016Z,35.0886803,-85.24496605,"Eldridge Road, Chattanooga, TN, 37406",POINT (-85.24496605 35.0886803)
281474978294742,WCL357 (2011 Ford F150) Container Mgmt. (Dept. 359),Garbage,2025-03-01T00:16:10.016Z,35.088213199,-85.24479365,"Eldridge Road, Chattanooga, TN, 37406",POINT (-85.24479365 35.088213199)
281474984172596,WL670 (2017 Peterbilt 320 Automated Side Loader) CWS Dept. 352,Garbage,2025-03-01T00:37:10.403Z,35.03781482,-85.19325811,"1798 Church Road, Chattanooga, TN, 37421",POINT (-85.19325811 35.03781482)
281474994548792,WL451 (Ford F-250) Dept 350 - WASTE DISPOSAL,Garbage,2025-03-01T00:24:04.215Z,35.08804636,-85.24535935,"Eldridge Road, Chattanooga, TN, 37406",POINT (-85.24535935 35.08804636)
281474987032324,WL076 Defective,Garbage,2024-12-17T22:19:39.018Z,35.03742482,-85.29612921,"941 East 12th Street, Chattanooga, TN, 37403",POINT (-85.29612921 35.03742482)
281474993161466,W4430 (2025 Kenworth T380) Waste Disposal (Dept. 350),Garbage,2025-02-28T21:52:51.854Z,35.32710986,-85.1344061,"140 Coleman Road, Soddy-Daisy, TN, 37379",POINT (-85.1344061 35.32710986)
281474987032158,WL688 (2017 320 Peterbilt) Waste Pick-Up (Dept. 352),Garbage,2024-04-26T11:20:33.038Z,35.03760801,-85.29598907,"948 East 12th Street, Chattanooga, TN, 37403",POINT (-85.29598907 35.03760801)
281474991923642,WL3214 (2025 Autocar ACX64) Garbage (Dept. 352),Garbage,2025-02-28T23:22:08.526Z,35.02033116,-85.28115698,"2010 East 20th Street, Chattanooga, TN, 37404",POINT (-85.28115698 35.02033116)
281474991321700,WL3265 (2024 Autocar) Waste Pickup (Dept. 352),Garbage,2025-02-28T22:09:31.002Z,35.08910291,-85.24480183,"South Chickamauga Creek Greenway, Chattanooga, TN, 37406",POINT (-85.24480183 35.08910291)
281474978294992,WL8439 (2025 Autocar ACX Garbage Truck) Garbage (Dept. 352 Garbage),Garbage,2025-02-25T13:34:27.956Z,35.03796223,-85.29595621,"924 Foundry Alley, Chattanooga, TN, 37403",POINT (-85.29595621 35.03796223)
281474994190872,WL3290 (2025 Peterbilt 520) Waste Disposal (Dept 350),Garbage,2025-02-26T16:39:22.021Z,34.907647449,-85.13214177,"21 Candy Lane, Ringgold, GA, 30736",POINT (-85.13214177 34.907647449)
281474992031976,WL177 (2020 Autocar ACX64) Waste Disposal (Dept. 350),Garbage,2025-03-01T01:36:46.011Z,35.03730682,-85.29709031,"Acme Street, Chattanooga, TN, 37403",POINT (-85.29709031 35.03730682)
281474978294695,WL717 2020 F150 Pickup truck Garbage Dept,Garbage,2025-03-01T01:36:17.017Z,35.03030446,-85.12544335,"8202 Shallowford Road, Chattanooga, TN, 37421",POINT (-85.12544335 35.03030446)
281474991320533,WL3267 (2024 Autocar) Waste Pickup (Dept. 352),Garbage,2025-02-28T19:33:38.020Z,35.0886709,-85.24489676,"Eldridge Road, Chattanooga, TN, 37406",POINT (-85.24489676 35.0886709)
281474978294641,WL3215 (2025 Autocar ACX64) Garbage (Dept. 352),Garbage,2025-02-28T21:53:00.013Z,35.08898304,-85.24484013,"South Chickamauga Creek Greenway, Chattanooga, TN, 37406",POINT (-85.24484013 35.08898304)
281474986799446,WL957 (2020 Ford F350) Waste Pick Up (Dept. 352),Garbage,2025-02-28T20:13:45.865Z,35.08858341,-85.24516131,"Eldridge Road, Chattanooga, TN, 37406",POINT (-85.24516131 35.08858341)
281474991923643,WL3216 (2025 Autocar ACX64) Garbage (Dept. 352),Garbage,2025-02-28T21:19:57.014Z,35.08887116,-85.24483175,"Eldridge Road, Chattanooga, TN, 37406",POINT (-85.24483175 35.08887116)
281474978295014,WRL587 REAR LOAD RECYCLE T370 KW,Garbage,2023-10-19T14:26:53.020Z,35.03772079,-85.296409479,"901 East 12th Street, Chattanooga, TN, 37403",POINT (-85.296409479 35.03772079)
281474978294885,WL8441 (2025 Autocar ACX Garbage Truck) Garbage (Dept. 352 - Garbage),Garbage,2025-02-13T19:01:26.011Z,35.03740989,-85.2960349,"950 East 12th Street, Chattanooga, TN, 37403",POINT (-85.2960349 35.03740989)
281474993901560,WL3268 (2024 Autocar ACX64) Waste Pick-Up (Dept. 352),Garbage,2025-02-28T22:06:30.019Z,35.088936699,-85.24474186,"South Chickamauga Creek Greenway, Chattanooga, TN, 37406",POINT (-85.24474186 35.088936699)
281474991321701,WL3264 (2024 Autocar) Waste Pickup (Dept. 352),Garbage,2025-02-28T21:17:44.007Z,35.08877576,-85.24476785,"Eldridge Road, Chattanooga, TN, 37406",POINT (-85.24476785 35.08877576)
281474978294844,WGL622 (2011 8YD Rear Loader Garbage Truck) Waste Pickup (Dept. 352),Garbage,2025-02-27T19:02:05.009Z,35.088585879,-85.24511905,"Eldridge Road, Chattanooga, TN, 37406",POINT (-85.24511905 35.088585879)
281474987992325,WL926 (2024 Autocar ACX 64) Waste Pick-Up (Dept. 352),Garbage,2025-02-28T20:49:27.012Z,35.08899745,-85.245078259,"South Chickamauga Creek Greenway, Chattanooga, TN, 37406",POINT (-85.245078259 35.08899745)
281474978294918,WL957 2020 F350 Pickup w/dumper body,Garbage,2023-08-11T20:22:51.014Z,35.07872964,-85.25724772,"1365 Wisdom Street, Chattanooga, TN, 37406",POINT (-85.25724772 35.07872964)
281474991321702,WL3266 (2024 Autocar) Waste Pickup (Dept. 352),Garbage,2025-02-28T21:55:27.014Z,35.0887585,-85.2448773,"Eldridge Road, Chattanooga, TN, 37406",POINT (-85.2448773 35.0887585)
281474991923644,WL3217 (2025 Autocar ACX64) Garbage (Dept. 352),Garbage,2025-02-28T21:43:06.012Z,35.088994139,-85.24487708,"South Chickamauga Creek Greenway, Chattanooga, TN, 37406",POINT (-85.24487708 35.088994139)
281474983391156,WL668 (2017 Peterbilt 320 ASL) Dept. 352 Waste Pickup Garbage,Garbage,2023-08-25T02:26:52.006Z,35.08899987,-85.24522302,"South Chickamauga Creek Greenway, Chattanooga, TN, 37406",POINT (-85.24522302 35.08899987)
281474993780730,WL076 (2024 Peterbilt 520B) Waste Pick-Up (Dept. 352),Garbage,2025-03-01T01:27:33.013Z,35.08891968,-85.24500066,"Eldridge Road, Chattanooga, TN, 37406",POINT (-85.24500066 35.08891968)
281474985819378,WGL726 (2012 Ford F350) Waste Pickup (Dept. 352),Garbage,2025-02-28T19:44:28.280Z,35.088582819,-85.24499419,"Eldridge Road, Chattanooga, TN, 37406",POINT (-85.24499419 35.088582819)
281474978294920,WL617 (2021 Kenworth Garbage Truck) Waste Disposal (Dept. 350),Garbage,2025-02-28T22:00:19.018Z,35.08879387,-85.24503388,"Eldridge Road, Chattanooga, TN, 37406",POINT (-85.24503388 35.08879387)
281474994807367,WL8439 (2025 Autocar ACX Garbage Truck) Garbage (Dept. 352 Garbage),Garbage,2025-02-28T20:27:45.087Z,35.0376764,-85.29723291,"Acme Street, Chattanooga, TN, 37403",POINT (-85.29723291 35.0376764)
281474978294791,WL670  2017 Peterbilt 320  Automated Side Loader (Dept. 352),Garbage,2022-05-18T20:47:40.006Z,35.0886125,-85.24574149,"Eldridge Road, Chattanooga, TN, 37406",POINT (-85.24574149 35.0886125)
281474991321703,WL3268 (2024 Autocar) Waste Pickup (Dept. 352),Garbage,2024-12-18T22:27:42.021Z,35.088937519,-85.24484377,"South Chickamauga Creek Greenway, Chattanooga, TN, 37406",POINT (-85.24484377 35.088937519)
281474987331329,WL40927 (2024 Autocar ACX 64) Garbage (Dept. 352),Garbage,2025-03-01T01:14:11.015Z,35.0891362,-85.24500052,"South Chickamauga Creek Greenway, Chattanooga, TN, 37406",POINT (-85.24500052 35.0891362)
