vehicle_id,vehicle_name,tag_name,time,latitude,longitude,address,point
281474991506700,WL1922 (2023 Ford F250) Waste Disposal (Dept. 350),Garbage,2024-07-26T14:48:05.661Z,35.08808655,-85.24516593,"Eldridge Road, Chattanooga, TN, 37406",POINT (-85.24516593 35.08808655)
281474983745417,WL7066 (2016 Peterbilt ASL Garbage Truck) Dept. 352,Garbage,2025-03-06T22:05:05.011Z,35.03766947,-85.29599256,"946 East 12th Street, Chattanooga, TN, 37403",POINT (-85.29599256 35.03766947)
281474978294983,WL075 (2019 Isuzu NPR Box Truck) Container Management (Dept. 359),Garbage,2025-03-11T23:23:54.014Z,35.088634089,-85.24495779,"Eldridge Road, Chattanooga, TN, 37406",POINT (-85.24495779 35.088634089)
281474978294742,WCL357 (2011 Ford F150) Container Mgmt. (Dept. 359),Garbage,2025-03-12T01:14:52.013Z,35.01822364,-85.32283218,"1490 Watson Court, Chattanooga, TN, 37408",POINT (-85.32283218 35.01822364)
281474984172596,WL670 (2017 Peterbilt 320 Automated Side Loader) CWS Dept. 352,Garbage,2025-03-11T22:01:00.598Z,35.03770022,-85.19302215,"1775 Church Road, Chattanooga, TN, 37421",POINT (-85.19302215 35.03770022)
281474994548792,WL451 (Ford F-250) Dept 350 - WASTE DISPOSAL,Garbage,2025-03-11T23:19:57.006Z,35.088302489,-85.24522949,"Eldridge Road, Chattanooga, TN, 37406",POINT (-85.24522949 35.088302489)
281474987032324,WL076 Defective,Garbage,2024-12-17T22:19:39.018Z,35.03742482,-85.29612921,"941 East 12th Street, Chattanooga, TN, 37403",POINT (-85.29612921 35.03742482)
281474993161466,W4430 (2025 Kenworth T380) Waste Disposal (Dept. 350),Garbage,2025-03-10T17:21:38.018Z,35.32705269,-85.13434948,"Dayton Pike, Soddy-Daisy, TN, 39397",POINT (-85.13434948 35.32705269)
281474987032158,WL688 (2017 320 Peterbilt) Waste Pick-Up (Dept. 352),Garbage,2024-04-26T11:20:33.038Z,35.03760801,-85.29598907,"948 East 12th Street, Chattanooga, TN, 37403",POINT (-85.29598907 35.03760801)
281474991923642,WL3214 (2025 Autocar ACX64) Garbage (Dept. 352),Garbage,2025-03-10T23:19:15.013Z,35.02033116,-85.28115698,"2010 East 20th Street, Chattanooga, TN, 37404",POINT (-85.28115698 35.02033116)
281474991321700,WL3265 (2024 Autocar) Waste Pickup (Dept. 352),Garbage,2025-03-11T20:48:54.014Z,35.08907757,-85.24483544,"South Chickamauga Creek Greenway, Chattanooga, TN, 37406",POINT (-85.24483544 35.08907757)
281474978294992,WL8439 (2025 Autocar ACX Garbage Truck) Garbage (Dept. 352 Garbage),Garbage,2025-02-25T13:34:27.956Z,35.03796223,-85.29595621,"924 Foundry Alley, Chattanooga, TN, 37403",POINT (-85.29595621 35.03796223)
281474994190872,WL3290 (2025 Peterbilt 520) Waste Disposal (Dept 350),Garbage,2025-03-12T00:27:17.020Z,35.089121339,-85.24503635,"South Chickamauga Creek Greenway, Chattanooga, TN, 37406",POINT (-85.24503635 35.089121339)
281474992031976,WL177 (2020 Autocar ACX64) Waste Disposal (Dept. 350),Garbage,2025-03-11T21:11:46.051Z,35.036723,-85.295837449,"964 Acme Street, Chattanooga, TN, 37403",POINT (-85.295837449 35.036723)
281474978294695,WL717 2020 F150 Pickup truck Garbage Dept,Garbage,2025-03-12T01:17:12.997Z,35.03029419,-85.12540422,"8202 Shallowford Road, Chattanooga, TN, 37421",POINT (-85.12540422 35.03029419)
281474991320533,WL3267 (2024 Autocar) Waste Pickup (Dept. 352),Garbage,2025-03-11T22:32:06.012Z,35.088618169,-85.244878189,"Eldridge Road, Chattanooga, TN, 37406",POINT (-85.244878189 35.088618169)
281474978294641,WL3215 (2025 Autocar ACX64) Garbage (Dept. 352),Garbage,2025-03-11T19:38:06.019Z,35.08896231,-85.24480394,"South Chickamauga Creek Greenway, Chattanooga, TN, 37406",POINT (-85.24480394 35.08896231)
281474986799446,WL957 (2020 Ford F350) Waste Pick Up (Dept. 352),Garbage,2025-03-12T00:46:02.016Z,35.08858531,-85.24515553,"Eldridge Road, Chattanooga, TN, 37406",POINT (-85.24515553 35.08858531)
281474991923643,WL3216 (2025 Autocar ACX64) Garbage (Dept. 352),Garbage,2025-03-11T19:56:13.016Z,35.08878625,-85.2448888,"Eldridge Road, Chattanooga, TN, 37406",POINT (-85.2448888 35.08878625)
281474978295014,WRL587 REAR LOAD RECYCLE T370 KW,Garbage,2023-10-19T14:26:53.020Z,35.03772079,-85.296409479,"901 East 12th Street, Chattanooga, TN, 37403",POINT (-85.296409479 35.03772079)
281474978294885,WL8441 (2025 Autocar ACX Garbage Truck) Garbage (Dept. 352 - Garbage),Garbage,2025-02-13T19:01:26.011Z,35.03740989,-85.2960349,"950 East 12th Street, Chattanooga, TN, 37403",POINT (-85.2960349 35.03740989)
281474993901560,WL3268 (2024 Autocar ACX64) Waste Pick-Up (Dept. 352),Garbage,2025-03-11T20:53:25.014Z,35.08894674,-85.244871979,"South Chickamauga Creek Greenway, Chattanooga, TN, 37406",POINT (-85.244871979 35.08894674)
281474991321701,WL3264 (2024 Autocar) Waste Pickup (Dept. 352),Garbage,2025-03-11T20:13:48.015Z,35.08886393,-85.24477089,"Eldridge Road, Chattanooga, TN, 37406",POINT (-85.24477089 35.08886393)
281474994807690,WL8441 (2025 Autocar ACX Garbage Truck) Garbage (Dept. 352 - Garbage),Garbage,2025-03-12T00:14:53.779Z,35.0375286,-85.29696717,"Acme Street, Chattanooga, TN, 37403",POINT (-85.29696717 35.0375286)
281474978294844,WGL622 (2011 8YD Rear Loader Garbage Truck) Waste Pickup (Dept. 352),Garbage,2025-03-04T22:10:25.012Z,35.08872339,-85.24511002,"Eldridge Road, Chattanooga, TN, 37406",POINT (-85.24511002 35.08872339)
281474987992325,WL926 (2024 Autocar ACX 64) Waste Pick-Up (Dept. 352),Garbage,2025-03-11T23:17:28.013Z,35.03759092,-85.29726202,"Acme Street, Chattanooga, TN, 37403",POINT (-85.29726202 35.03759092)
281474978294918,WL957 2020 F350 Pickup w/dumper body,Garbage,2023-08-11T20:22:51.014Z,35.07872964,-85.25724772,"1365 Wisdom Street, Chattanooga, TN, 37406",POINT (-85.25724772 35.07872964)
281474991321702,WL3266 (2024 Autocar) Waste Pickup (Dept. 352),Garbage,2025-03-11T19:21:39.024Z,35.08870462,-85.24484044,"Eldridge Road, Chattanooga, TN, 37406",POINT (-85.24484044 35.08870462)
281474991923644,WL3217 (2025 Autocar ACX64) Garbage (Dept. 352),Garbage,2025-03-11T19:59:46.020Z,35.08895177,-85.24483417,"South Chickamauga Creek Greenway, Chattanooga, TN, 37406",POINT (-85.24483417 35.08895177)
281474983391156,WL668 (2017 Peterbilt 320 ASL) Dept. 352 Waste Pickup Garbage,Garbage,2023-08-25T02:26:52.006Z,35.08899987,-85.24522302,"South Chickamauga Creek Greenway, Chattanooga, TN, 37406",POINT (-85.24522302 35.08899987)
281474993780730,WL076 (2024 Peterbilt 520B) Waste Pick-Up (Dept. 352),Garbage,2025-03-12T00:24:41.006Z,35.08903812,-85.24510957,"South Chickamauga Creek Greenway, Chattanooga, TN, 37406",POINT (-85.24510957 35.08903812)
281474985819378,WGL726 (2012 Ford F350) Waste Pickup (Dept. 352),Garbage,2025-03-11T21:57:56.363Z,35.088582819,-85.24499419,"Eldridge Road, Chattanooga, TN, 37406",POINT (-85.24499419 35.088582819)
281474978294920,WL617 (2021 Kenworth Garbage Truck) Waste Disposal (Dept. 350),Garbage,2025-03-11T21:52:43.019Z,35.08863712,-85.24513392,"Eldridge Road, Chattanooga, TN, 37406",POINT (-85.24513392 35.08863712)
281474994807367,WL8439 (2025 Autocar ACX Garbage Truck) Garbage (Dept. 352 Garbage),Garbage,2025-03-11T20:40:19.002Z,35.08868978,-85.24490491,"Eldridge Road, Chattanooga, TN, 37406",POINT (-85.24490491 35.08868978)
281474978294791,WL670  2017 Peterbilt 320  Automated Side Loader (Dept. 352),Garbage,2022-05-18T20:47:40.006Z,35.0886125,-85.24574149,"Eldridge Road, Chattanooga, TN, 37406",POINT (-85.24574149 35.0886125)
281474991321703,WL3268 (2024 Autocar) Waste Pickup (Dept. 352),Garbage,2024-12-18T22:27:42.021Z,35.088937519,-85.24484377,"South Chickamauga Creek Greenway, Chattanooga, TN, 37406",POINT (-85.24484377 35.088937519)
281474987331329,WL40927 (2024 Autocar ACX 64) Garbage (Dept. 352),Garbage,2025-03-12T01:30:47.017Z,35.03722092,-85.29711866,"Acme Street, Chattanooga, TN, 37403",POINT (-85.29711866 35.03722092)
