vehicle_id,vehicle_name,tag_name,time,latitude,longitude,address,point
281474991506700,WL1922 (2023 Ford F250) Waste Disposal (Dept. 350),Garbage,2024-07-26T14:48:05.661Z,35.08808655,-85.24516593,"Eldridge Road, Chattanooga, TN, 37406",POINT (-85.24516593 35.08808655)
281474983745417,WL7066 (2016 Peterbilt ASL Garbage Truck) Dept. 352,Garbage,2025-03-06T22:05:05.011Z,35.03766947,-85.29599256,"946 East 12th Street, Chattanooga, TN, 37403",POINT (-85.29599256 35.03766947)
281474978294983,WL075 (2019 Isuzu NPR Box Truck) Container Management (Dept. 359),Garbage,2025-03-10T00:33:06.816Z,35.08862629,-85.24496482,"Eldridge Road, Chattanooga, TN, 37406",POINT (-85.24496482 35.08862629)
281474993161466,W4430 (2025 Kenworth T380) Waste Disposal (Dept. 350),Garbage,2025-03-04T21:12:37.026Z,35.32722208,-85.1342311,"Dayton Pike, Soddy-Daisy, TN, 39397",POINT (-85.1342311 35.32722208)
281474978294742,WCL357 (2011 Ford F150) Container Mgmt. (Dept. 359),Garbage,2025-03-10T00:25:28.017Z,35.08820205,-85.24480738,"Eldridge Road, Chattanooga, TN, 37406",POINT (-85.24480738 35.08820205)
281474984172596,WL670 (2017 Peterbilt 320 Automated Side Loader) CWS Dept. 352,Garbage,2025-03-09T21:36:44.532Z,35.03770022,-85.19302215,"1775 Church Road, Chattanooga, TN, 37421",POINT (-85.19302215 35.03770022)
281474994548792,WL451 (Ford F-250) Dept 350 - WASTE DISPOSAL,Garbage,2025-03-10T00:19:07.420Z,35.088291419,-85.24528775,"Eldridge Road, Chattanooga, TN, 37406",POINT (-85.24528775 35.088291419)
281474987032324,WL076 Defective,Garbage,2024-12-17T22:19:39.018Z,35.03742482,-85.29612921,"941 East 12th Street, Chattanooga, TN, 37403",POINT (-85.29612921 35.03742482)
281474987032158,WL688 (2017 320 Peterbilt) Waste Pick-Up (Dept. 352),Garbage,2024-04-26T11:20:33.038Z,35.03760801,-85.29598907,"948 East 12th Street, Chattanooga, TN, 37403",POINT (-85.29598907 35.03760801)
281474991923642,WL3214 (2025 Autocar ACX64) Garbage (Dept. 352),Garbage,2025-03-10T01:11:20.828Z,35.02033116,-85.28115698,"2010 East 20th Street, Chattanooga, TN, 37404",POINT (-85.28115698 35.02033116)
281474991321700,WL3265 (2024 Autocar) Waste Pickup (Dept. 352),Garbage,2025-03-10T01:12:18.883Z,35.08908237,-85.24480632,"South Chickamauga Creek Greenway, Chattanooga, TN, 37406",POINT (-85.24480632 35.08908237)
281474978294992,WL8439 (2025 Autocar ACX Garbage Truck) Garbage (Dept. 352 Garbage),Garbage,2025-02-25T13:34:27.956Z,35.03796223,-85.29595621,"924 Foundry Alley, Chattanooga, TN, 37403",POINT (-85.29595621 35.03796223)
281474994190872,WL3290 (2025 Peterbilt 520) Waste Disposal (Dept 350),Garbage,2025-03-10T00:24:54.307Z,34.90769993,-85.13257044,"Emerald Drive, Poplar Springs, GA, 30736",POINT (-85.13257044 34.90769993)
281474992031976,WL177 (2020 Autocar ACX64) Waste Disposal (Dept. 350),Garbage,2025-03-08T15:59:30.017Z,35.08875886,-85.24515008,"Eldridge Road, Chattanooga, TN, 37406",POINT (-85.24515008 35.08875886)
281474978294695,WL717 2020 F150 Pickup truck Garbage Dept,Garbage,2025-03-09T21:26:06.653Z,35.03022054,-85.1254509,"8202 Shallowford Road, Chattanooga, TN, 37421",POINT (-85.1254509 35.03022054)
281474991320533,WL3267 (2024 Autocar) Waste Pickup (Dept. 352),Garbage,2025-03-07T18:48:12.009Z,35.0375338,-85.29712952,"Acme Street, Chattanooga, TN, 37403",POINT (-85.29712952 35.0375338)
281474978294641,WL3215 (2025 Autocar ACX64) Garbage (Dept. 352),Garbage,2025-03-08T01:30:31.013Z,35.03737769,-85.297153949,"Acme Street, Chattanooga, TN, 37403",POINT (-85.297153949 35.03737769)
281474986799446,WL957 (2020 Ford F350) Waste Pick Up (Dept. 352),Garbage,2025-03-10T00:49:04.918Z,35.08857404,-85.24514971,"Eldridge Road, Chattanooga, TN, 37406",POINT (-85.24514971 35.08857404)
281474991923643,WL3216 (2025 Autocar ACX64) Garbage (Dept. 352),Garbage,2025-03-08T16:29:51.017Z,35.0887188,-85.24488096,"Eldridge Road, Chattanooga, TN, 37406",POINT (-85.24488096 35.0887188)
281474978295014,WRL587 REAR LOAD RECYCLE T370 KW,Garbage,2023-10-19T14:26:53.020Z,35.03772079,-85.296409479,"901 East 12th Street, Chattanooga, TN, 37403",POINT (-85.296409479 35.03772079)
281474978294885,WL8441 (2025 Autocar ACX Garbage Truck) Garbage (Dept. 352 - Garbage),Garbage,2025-02-13T19:01:26.011Z,35.03740989,-85.2960349,"950 East 12th Street, Chattanooga, TN, 37403",POINT (-85.2960349 35.03740989)
281474993901560,WL3268 (2024 Autocar ACX64) Waste Pick-Up (Dept. 352),Garbage,2025-03-08T17:21:00.016Z,35.08896899,-85.24477773,"South Chickamauga Creek Greenway, Chattanooga, TN, 37406",POINT (-85.24477773 35.08896899)
281474991321701,WL3264 (2024 Autocar) Waste Pickup (Dept. 352),Garbage,2025-03-08T15:21:23.008Z,35.08876554,-85.24483381,"Eldridge Road, Chattanooga, TN, 37406",POINT (-85.24483381 35.08876554)
281474994807690,WL8441 (2025 Autocar ACX Garbage Truck) Garbage (Dept. 352 - Garbage),Garbage,2025-03-08T16:27:39.013Z,35.08887566,-85.24480958,"Eldridge Road, Chattanooga, TN, 37406",POINT (-85.24480958 35.08887566)
281474978294844,WGL622 (2011 8YD Rear Loader Garbage Truck) Waste Pickup (Dept. 352),Garbage,2025-03-04T22:10:25.012Z,35.08872339,-85.24511002,"Eldridge Road, Chattanooga, TN, 37406",POINT (-85.24511002 35.08872339)
281474987992325,WL926 (2024 Autocar ACX 64) Waste Pick-Up (Dept. 352),Garbage,2025-03-10T00:08:05.121Z,35.08874901,-85.24481096,"Eldridge Road, Chattanooga, TN, 37406",POINT (-85.24481096 35.08874901)
281474978294918,WL957 2020 F350 Pickup w/dumper body,Garbage,2023-08-11T20:22:51.014Z,35.07872964,-85.25724772,"1365 Wisdom Street, Chattanooga, TN, 37406",POINT (-85.25724772 35.07872964)
281474991321702,WL3266 (2024 Autocar) Waste Pickup (Dept. 352),Garbage,2025-03-09T03:14:19.018Z,35.0887146,-85.244931339,"Eldridge Road, Chattanooga, TN, 37406",POINT (-85.244931339 35.0887146)
281474991923644,WL3217 (2025 Autocar ACX64) Garbage (Dept. 352),Garbage,2025-03-08T16:30:02.008Z,35.08895113,-85.244790789,"South Chickamauga Creek Greenway, Chattanooga, TN, 37406",POINT (-85.244790789 35.08895113)
281474983391156,WL668 (2017 Peterbilt 320 ASL) Dept. 352 Waste Pickup Garbage,Garbage,2023-08-25T02:26:52.006Z,35.08899987,-85.24522302,"South Chickamauga Creek Greenway, Chattanooga, TN, 37406",POINT (-85.24522302 35.08899987)
281474993780730,WL076 (2024 Peterbilt 520B) Waste Pick-Up (Dept. 352),Garbage,2025-03-08T16:19:53.017Z,35.08909196,-85.24506047,"South Chickamauga Creek Greenway, Chattanooga, TN, 37406",POINT (-85.24506047 35.08909196)
281474985819378,WGL726 (2012 Ford F350) Waste Pickup (Dept. 352),Garbage,2025-03-09T21:33:41.120Z,35.088582819,-85.24499419,"Eldridge Road, Chattanooga, TN, 37406",POINT (-85.24499419 35.088582819)
281474978294920,WL617 (2021 Kenworth Garbage Truck) Waste Disposal (Dept. 350),Garbage,2025-03-07T21:38:05.016Z,35.08868917,-85.24514254,"Eldridge Road, Chattanooga, TN, 37406",POINT (-85.24514254 35.08868917)
281474994807367,WL8439 (2025 Autocar ACX Garbage Truck) Garbage (Dept. 352 Garbage),Garbage,2025-03-08T14:57:44.009Z,35.088640339,-85.2448886,"Eldridge Road, Chattanooga, TN, 37406",POINT (-85.2448886 35.088640339)
281474978294791,WL670  2017 Peterbilt 320  Automated Side Loader (Dept. 352),Garbage,2022-05-18T20:47:40.006Z,35.0886125,-85.24574149,"Eldridge Road, Chattanooga, TN, 37406",POINT (-85.24574149 35.0886125)
281474991321703,WL3268 (2024 Autocar) Waste Pickup (Dept. 352),Garbage,2024-12-18T22:27:42.021Z,35.088937519,-85.24484377,"South Chickamauga Creek Greenway, Chattanooga, TN, 37406",POINT (-85.24484377 35.088937519)
281474987331329,WL40927 (2024 Autocar ACX 64) Garbage (Dept. 352),Garbage,2025-03-08T00:03:42.017Z,35.03724064,-85.297068449,"Acme Street, Chattanooga, TN, 37403",POINT (-85.297068449 35.03724064)
