vehicle_id,vehicle_name,tag_name,time,latitude,longitude,address,point
281474991506700,WL1922 (2023 Ford F250) Waste Disposal (Dept. 350),Garbage,2024-07-26T14:48:05.661Z,35.08808655,-85.24516593,"Eldridge Road, Chattanooga, TN, 37406",POINT (-85.24516593 35.08808655)
281474983745417,WL7066 (2016 Peterbilt ASL Garbage Truck) Dept. 352,Garbage,2025-02-25T13:22:07.444Z,35.03693098,-85.29592426,"954 Acme Street, Chattanooga, TN, 37403",POINT (-85.29592426 35.03693098)
281474978294983,WL075 (2019 Isuzu NPR Box Truck) Container Management (Dept. 359),Garbage,2025-03-04T00:15:34.008Z,35.08866401,-85.24493949,"Eldridge Road, Chattanooga, TN, 37406",POINT (-85.24493949 35.08866401)
281474978294742,WCL357 (2011 Ford F150) Container Mgmt. (Dept. 359),Garbage,2025-03-03T23:42:58.013Z,35.08820761,-85.244788,"Eldridge Road, Chattanooga, TN, 37406",POINT (-85.244788 35.08820761)
281474984172596,WL670 (2017 Peterbilt 320 Automated Side Loader) CWS Dept. 352,Garbage,2025-03-04T01:13:34.810Z,35.03781482,-85.19325811,"1798 Church Road, Chattanooga, TN, 37421",POINT (-85.19325811 35.03781482)
281474994548792,WL451 (Ford F-250) Dept 350 - WASTE DISPOSAL,Garbage,2025-03-04T01:32:21.926Z,35.0885092,-85.24518179,"Eldridge Road, Chattanooga, TN, 37406",POINT (-85.24518179 35.0885092)
281474987032324,WL076 Defective,Garbage,2024-12-17T22:19:39.018Z,35.03742482,-85.29612921,"941 East 12th Street, Chattanooga, TN, 37403",POINT (-85.29612921 35.03742482)
281474993161466,W4430 (2025 Kenworth T380) Waste Disposal (Dept. 350),Garbage,2025-03-03T22:29:15.549Z,35.32710986,-85.1344061,"140 Coleman Road, Soddy-Daisy, TN, 37379",POINT (-85.1344061 35.32710986)
281474987032158,WL688 (2017 320 Peterbilt) Waste Pick-Up (Dept. 352),Garbage,2024-04-26T11:20:33.038Z,35.03760801,-85.29598907,"948 East 12th Street, Chattanooga, TN, 37403",POINT (-85.29598907 35.03760801)
281474991923642,WL3214 (2025 Autocar ACX64) Garbage (Dept. 352),Garbage,2025-03-03T23:58:34.157Z,35.02033116,-85.28115698,"2010 East 20th Street, Chattanooga, TN, 37404",POINT (-85.28115698 35.02033116)
281474991321700,WL3265 (2024 Autocar) Waste Pickup (Dept. 352),Garbage,2025-03-03T20:22:56.013Z,35.089066019,-85.24481172,"South Chickamauga Creek Greenway, Chattanooga, TN, 37406",POINT (-85.24481172 35.089066019)
281474978294992,WL8439 (2025 Autocar ACX Garbage Truck) Garbage (Dept. 352 Garbage),Garbage,2025-02-25T13:34:27.956Z,35.03796223,-85.29595621,"924 Foundry Alley, Chattanooga, TN, 37403",POINT (-85.29595621 35.03796223)
281474994190872,WL3290 (2025 Peterbilt 520) Waste Disposal (Dept 350),Garbage,2025-03-03T23:10:16.015Z,34.90769993,-85.13257044,"Emerald Drive, Poplar Springs, GA, 30736",POINT (-85.13257044 34.90769993)
281474992031976,WL177 (2020 Autocar ACX64) Waste Disposal (Dept. 350),Garbage,2025-03-04T01:30:11.016Z,35.08871498,-85.245152649,"Eldridge Road, Chattanooga, TN, 37406",POINT (-85.245152649 35.08871498)
281474978294695,WL717 2020 F150 Pickup truck Garbage Dept,Garbage,2025-03-04T01:30:21.012Z,35.03016622,-85.125469509,"8202 Shallowford Road, Chattanooga, TN, 37421",POINT (-85.125469509 35.03016622)
281474991320533,WL3267 (2024 Autocar) Waste Pickup (Dept. 352),Garbage,2025-03-04T01:33:02.008Z,35.088653839,-85.24493635,"Eldridge Road, Chattanooga, TN, 37406",POINT (-85.24493635 35.088653839)
281474978294641,WL3215 (2025 Autocar ACX64) Garbage (Dept. 352),Garbage,2025-03-03T14:58:16.018Z,35.08893885,-85.24483601,"South Chickamauga Creek Greenway, Chattanooga, TN, 37406",POINT (-85.24483601 35.08893885)
281474986799446,WL957 (2020 Ford F350) Waste Pick Up (Dept. 352),Garbage,2025-03-04T01:31:41.016Z,35.08859133,-85.24517032,"Eldridge Road, Chattanooga, TN, 37406",POINT (-85.24517032 35.08859133)
281474991923643,WL3216 (2025 Autocar ACX64) Garbage (Dept. 352),Garbage,2025-03-03T22:56:12.007Z,35.088834779,-85.24490686,"Eldridge Road, Chattanooga, TN, 37406",POINT (-85.24490686 35.088834779)
281474978295014,WRL587 REAR LOAD RECYCLE T370 KW,Garbage,2023-10-19T14:26:53.020Z,35.03772079,-85.296409479,"901 East 12th Street, Chattanooga, TN, 37403",POINT (-85.296409479 35.03772079)
281474978294885,WL8441 (2025 Autocar ACX Garbage Truck) Garbage (Dept. 352 - Garbage),Garbage,2025-02-13T19:01:26.011Z,35.03740989,-85.2960349,"950 East 12th Street, Chattanooga, TN, 37403",POINT (-85.2960349 35.03740989)
281474993901560,WL3268 (2024 Autocar ACX64) Waste Pick-Up (Dept. 352),Garbage,2025-03-03T23:01:23.001Z,35.08900931,-85.24486231,"South Chickamauga Creek Greenway, Chattanooga, TN, 37406",POINT (-85.24486231 35.08900931)
281474991321701,WL3264 (2024 Autocar) Waste Pickup (Dept. 352),Garbage,2025-03-03T22:28:00.011Z,35.08877382,-85.24488007,"Eldridge Road, Chattanooga, TN, 37406",POINT (-85.24488007 35.08877382)
281474978294844,WGL622 (2011 8YD Rear Loader Garbage Truck) Waste Pickup (Dept. 352),Garbage,2025-02-27T19:02:05.009Z,35.088585879,-85.24511905,"Eldridge Road, Chattanooga, TN, 37406",POINT (-85.24511905 35.088585879)
281474987992325,WL926 (2024 Autocar ACX 64) Waste Pick-Up (Dept. 352),Garbage,2025-02-28T20:49:27.012Z,35.08899745,-85.245078259,"South Chickamauga Creek Greenway, Chattanooga, TN, 37406",POINT (-85.245078259 35.08899745)
281474978294918,WL957 2020 F350 Pickup w/dumper body,Garbage,2023-08-11T20:22:51.014Z,35.07872964,-85.25724772,"1365 Wisdom Street, Chattanooga, TN, 37406",POINT (-85.25724772 35.07872964)
281474991321702,WL3266 (2024 Autocar) Waste Pickup (Dept. 352),Garbage,2025-03-03T23:28:06.013Z,35.08865757,-85.24489955,"Eldridge Road, Chattanooga, TN, 37406",POINT (-85.24489955 35.08865757)
281474991923644,WL3217 (2025 Autocar ACX64) Garbage (Dept. 352),Garbage,2025-03-03T22:51:43.017Z,35.08891851,-85.24491653,"Eldridge Road, Chattanooga, TN, 37406",POINT (-85.24491653 35.08891851)
281474983391156,WL668 (2017 Peterbilt 320 ASL) Dept. 352 Waste Pickup Garbage,Garbage,2023-08-25T02:26:52.006Z,35.08899987,-85.24522302,"South Chickamauga Creek Greenway, Chattanooga, TN, 37406",POINT (-85.24522302 35.08899987)
281474993780730,WL076 (2024 Peterbilt 520B) Waste Pick-Up (Dept. 352),Garbage,2025-03-03T20:00:47.014Z,35.0374384,-85.29717376,"Acme Street, Chattanooga, TN, 37403",POINT (-85.29717376 35.0374384)
281474985819378,WGL726 (2012 Ford F350) Waste Pickup (Dept. 352),Garbage,2025-03-03T20:20:52.553Z,35.088582819,-85.24499419,"Eldridge Road, Chattanooga, TN, 37406",POINT (-85.24499419 35.088582819)
281474978294920,WL617 (2021 Kenworth Garbage Truck) Waste Disposal (Dept. 350),Garbage,2025-03-04T00:13:54.781Z,35.036985199,-85.29602086,"946 Acme Street, Chattanooga, TN, 37403",POINT (-85.29602086 35.036985199)
281474994807367,WL8439 (2025 Autocar ACX Garbage Truck) Garbage (Dept. 352 Garbage),Garbage,2025-02-28T20:27:45.087Z,35.0376764,-85.29723291,"Acme Street, Chattanooga, TN, 37403",POINT (-85.29723291 35.0376764)
281474978294791,WL670  2017 Peterbilt 320  Automated Side Loader (Dept. 352),Garbage,2022-05-18T20:47:40.006Z,35.0886125,-85.24574149,"Eldridge Road, Chattanooga, TN, 37406",POINT (-85.24574149 35.0886125)
281474991321703,WL3268 (2024 Autocar) Waste Pickup (Dept. 352),Garbage,2024-12-18T22:27:42.021Z,35.088937519,-85.24484377,"South Chickamauga Creek Greenway, Chattanooga, TN, 37406",POINT (-85.24484377 35.088937519)
281474987331329,WL40927 (2024 Autocar ACX 64) Garbage (Dept. 352),Garbage,2025-03-04T01:29:13.012Z,35.089071019,-85.244992199,"South Chickamauga Creek Greenway, Chattanooga, TN, 37406",POINT (-85.244992199 35.089071019)
