vehicle_id,vehicle_name,tag_name,time,latitude,longitude,address,point
281474991506700,WL1922 (2023 Ford F250) Waste Disposal (Dept. 350),Garbage,2024-07-26T14:48:05.661Z,35.08808655,-85.24516593,"Eldridge Road, Chattanooga, TN, 37406",POINT (-85.24516593 35.08808655)
281474983745417,WL7066 (2016 Peterbilt ASL Garbage Truck) Dept. 352,Garbage,2025-03-06T22:05:05.011Z,35.03766947,-85.29599256,"946 East 12th Street, Chattanooga, TN, 37403",POINT (-85.29599256 35.03766947)
281474978294983,WL075 (2019 Isuzu NPR Box Truck) Container Management (Dept. 359),Garbage,2025-03-20T23:16:53.015Z,35.08864063,-85.24501586,"Eldridge Road, Chattanooga, TN, 37406",POINT (-85.24501586 35.08864063)
281474978294742,WCL357 (2011 Ford F150) Container Mgmt. (Dept. 359),Garbage,2025-03-20T23:11:55.011Z,35.08823938,-85.244801429,"Eldridge Road, Chattanooga, TN, 37406",POINT (-85.244801429 35.08823938)
281474984172596,WL670 (2017 Peterbilt 320 Automated Side Loader) CWS Dept. 352,Garbage,2025-03-20T22:41:33.572Z,35.03752993,-85.296157809,"934 East 12th Street, Chattanooga, TN, 37403",POINT (-85.296157809 35.03752993)
281474994548792,WL451 (Ford F-250) Dept 350 - WASTE DISPOSAL,Garbage,2025-03-20T22:13:48.008Z,35.08830704,-85.24526247,"Eldridge Road, Chattanooga, TN, 37406",POINT (-85.24526247 35.08830704)
281474987032324,WL076 Defective,Garbage,2024-12-17T22:19:39.018Z,35.03742482,-85.29612921,"941 East 12th Street, Chattanooga, TN, 37403",POINT (-85.29612921 35.03742482)
281474993161466,W4430 (2025 Kenworth T380) Waste Disposal (Dept. 350),Garbage,2025-03-19T19:30:35.570Z,35.19491158,-85.07658047,"Fine Lane, Moon Shadows, TN, 37341",POINT (-85.07658047 35.19491158)
281474987032158,WL688 (2017 320 Peterbilt) Waste Pick-Up (Dept. 352),Garbage,2024-04-26T11:20:33.038Z,35.03760801,-85.29598907,"948 East 12th Street, Chattanooga, TN, 37403",POINT (-85.29598907 35.03760801)
281474991923642,WL3214 (2025 Autocar ACX64) Garbage (Dept. 352),Garbage,2025-03-14T19:46:25.017Z,35.0202904,-85.28115987,"2010 East 20th Street, Chattanooga, TN, 37404",POINT (-85.28115987 35.0202904)
281474991321700,WL3265 (2024 Autocar) Waste Pickup (Dept. 352),Garbage,2025-03-20T01:29:28.011Z,35.03766622,-85.29616169,"928 East 12th Street, Chattanooga, TN, 37403",POINT (-85.29616169 35.03766622)
281474978294992,WL8439 (2025 Autocar ACX Garbage Truck) Garbage (Dept. 352 Garbage),Garbage,2025-02-25T13:34:27.956Z,35.03796223,-85.29595621,"924 Foundry Alley, Chattanooga, TN, 37403",POINT (-85.29595621 35.03796223)
281474994190872,WL3290 (2025 Peterbilt 520) Waste Disposal (Dept 350),Garbage,2025-03-21T00:06:20.012Z,35.08908356,-85.24506927,"South Chickamauga Creek Greenway, Chattanooga, TN, 37406",POINT (-85.24506927 35.08908356)
281474992031976,WL177 (2020 Autocar ACX64) Waste Disposal (Dept. 350),Garbage,2025-03-20T20:30:50.016Z,35.03759925,-85.29725616,"Acme Street, Chattanooga, TN, 37403",POINT (-85.29725616 35.03759925)
281474978294695,WL717 2020 F150 Pickup truck Garbage Dept,Garbage,2025-03-21T00:01:50.031Z,35.03032126,-85.125559179,"8201 Shallowford Road, Chattanooga, TN, 37421",POINT (-85.125559179 35.03032126)
281474991320533,WL3267 (2024 Autocar) Waste Pickup (Dept. 352),Garbage,2025-03-20T21:08:01.014Z,35.08872057,-85.24489989,"Eldridge Road, Chattanooga, TN, 37406",POINT (-85.24489989 35.08872057)
281474978294641,WL3215 (2025 Autocar ACX64) Garbage (Dept. 352),Garbage,2025-03-13T12:44:12.007Z,35.013764589,-85.27682898,"2498 8th Avenue, Chattanooga, TN, 37407",POINT (-85.27682898 35.013764589)
281474986799446,WL957 (2020 Ford F350) Waste Pick Up (Dept. 352),Garbage,2025-03-21T00:42:18.016Z,35.08858937,-85.24514103,"Eldridge Road, Chattanooga, TN, 37406",POINT (-85.24514103 35.08858937)
281474991923643,WL3216 (2025 Autocar ACX64) Garbage (Dept. 352),Garbage,2025-03-20T20:04:33.016Z,35.08865941,-85.24490437,"Eldridge Road, Chattanooga, TN, 37406",POINT (-85.24490437 35.08865941)
281474978295014,WRL587 REAR LOAD RECYCLE T370 KW,Garbage,2023-10-19T14:26:53.020Z,35.03772079,-85.296409479,"901 East 12th Street, Chattanooga, TN, 37403",POINT (-85.296409479 35.03772079)
281474978294885,WL8441 (2025 Autocar ACX Garbage Truck) Garbage (Dept. 352 - Garbage),Garbage,2025-02-13T19:01:26.011Z,35.03740989,-85.2960349,"950 East 12th Street, Chattanooga, TN, 37403",POINT (-85.2960349 35.03740989)
281474993901560,WL3268 (2024 Autocar ACX64) Waste Pick-Up (Dept. 352),Garbage,2025-03-20T21:01:54.033Z,35.08884861,-85.24480112,"Eldridge Road, Chattanooga, TN, 37406",POINT (-85.24480112 35.08884861)
281474991321701,WL3264 (2024 Autocar) Waste Pickup (Dept. 352),Garbage,2025-03-20T20:30:23.017Z,35.08890685,-85.24483125,"Eldridge Road, Chattanooga, TN, 37406",POINT (-85.24483125 35.08890685)
281474994807690,WL8441 (2025 Autocar ACX Garbage Truck) Garbage (Dept. 352 - Garbage),Garbage,2025-03-20T21:21:19.005Z,35.08907536,-85.24475464,"South Chickamauga Creek Greenway, Chattanooga, TN, 37406",POINT (-85.24475464 35.08907536)
281474978294844,WGL622 (2011 8YD Rear Loader Garbage Truck) Waste Pickup (Dept. 352),Garbage,2025-03-20T19:58:35.009Z,35.08871475,-85.24508449,"Eldridge Road, Chattanooga, TN, 37406",POINT (-85.24508449 35.08871475)
281474987992325,WL926 (2024 Autocar ACX 64) Waste Pick-Up (Dept. 352),Garbage,2025-03-20T19:39:24.018Z,35.037534769,-85.297051949,"Acme Street, Chattanooga, TN, 37403",POINT (-85.297051949 35.037534769)
281474978294918,WL957 2020 F350 Pickup w/dumper body,Garbage,2023-08-11T20:22:51.014Z,35.07872964,-85.25724772,"1365 Wisdom Street, Chattanooga, TN, 37406",POINT (-85.25724772 35.07872964)
281474991321702,WL3266 (2024 Autocar) Waste Pickup (Dept. 352),Garbage,2025-03-20T17:27:06.015Z,35.08879662,-85.24513335,"Eldridge Road, Chattanooga, TN, 37406",POINT (-85.24513335 35.08879662)
281474991923644,WL3217 (2025 Autocar ACX64) Garbage (Dept. 352),Garbage,2025-03-20T21:41:07.009Z,35.03711158,-85.29641308,"920 Acme Street, Chattanooga, TN, 37403",POINT (-85.29641308 35.03711158)
281474983391156,WL668 (2017 Peterbilt 320 ASL) Dept. 352 Waste Pickup Garbage,Garbage,2023-08-25T02:26:52.006Z,35.08899987,-85.24522302,"South Chickamauga Creek Greenway, Chattanooga, TN, 37406",POINT (-85.24522302 35.08899987)
281474993780730,WL076 (2024 Peterbilt 520B) Waste Pick-Up (Dept. 352),Garbage,2025-03-20T20:57:59.013Z,35.08879501,-85.24488535,"Eldridge Road, Chattanooga, TN, 37406",POINT (-85.24488535 35.08879501)
281474985819378,WGL726 (2012 Ford F350) Waste Pickup (Dept. 352),Garbage,2025-03-20T23:23:51.622Z,35.079599129,-85.26321167,"3213 North Belle Arbor Avenue, Chattanooga, TN, 37406",POINT (-85.26321167 35.079599129)
281474978294920,WL617 (2021 Kenworth Garbage Truck) Waste Disposal (Dept. 350),Garbage,2025-03-20T19:26:41.011Z,35.08865697,-85.24515653,"Eldridge Road, Chattanooga, TN, 37406",POINT (-85.24515653 35.08865697)
281474994807367,WL8439 (2025 Autocar ACX Garbage Truck) Garbage (Dept. 352 Garbage),Garbage,2025-03-20T20:34:04.009Z,35.08859908,-85.24494258,"Eldridge Road, Chattanooga, TN, 37406",POINT (-85.24494258 35.08859908)
281474978294791,WL670  2017 Peterbilt 320  Automated Side Loader (Dept. 352),Garbage,2022-05-18T20:47:40.006Z,35.0886125,-85.24574149,"Eldridge Road, Chattanooga, TN, 37406",POINT (-85.24574149 35.0886125)
281474991321703,WL3268 (2024 Autocar) Waste Pickup (Dept. 352),Garbage,2024-12-18T22:27:42.021Z,35.088937519,-85.24484377,"South Chickamauga Creek Greenway, Chattanooga, TN, 37406",POINT (-85.24484377 35.088937519)
281474987331329,WL40927 (2024 Autocar ACX 64) Garbage (Dept. 352),Garbage,2025-03-21T01:15:37.336Z,35.08900966,-85.245030529,"South Chickamauga Creek Greenway, Chattanooga, TN, 37406",POINT (-85.245030529 35.08900966)
