vehicle_id,vehicle_name,tag_name,time,latitude,longitude,address,point
281474991923642,WL3214 (2025 Autocar ACX64) Garbage (Dept. 352),Garbage,2025-02-22T21:19:23.766Z,35.02028668,-85.281084179,"2010 East 20th Street, Chattanooga, TN, 37404",POINT (-85.281084179 35.02028668)
281474984172596,WL670 (2017 Peterbilt 320 Automated Side Loader) CWS Dept. 352,Garbage,2025-02-22T22:00:26.967Z,35.03768001,-85.19306407,"1774 Church Road, Chattanooga, TN, 37421",POINT (-85.19306407 35.03768001)
281474978294983,WL075 (2019 Isuzu NPR Box Truck) Container Management (Dept. 359),Garbage,2025-02-23T00:21:32.131Z,35.088657699,-85.24490398,"Eldridge Road, Chattanooga, TN, 37406",POINT (-85.24490398 35.088657699)
281474978294695,WL717 2020 F150 Pickup truck Garbage Dept,Garbage,2025-02-22T20:17:26.887Z,35.03022442,-85.12552803,"8201 Shallowford Road, Chattanooga, TN, 37421",POINT (-85.12552803 35.03022442)
281474985819378,WGL726 (2012 Ford F350) Waste Pickup (Dept. 352),Garbage,2025-02-22T20:04:54.376Z,35.08858644,-85.24495563,"Eldridge Road, Chattanooga, TN, 37406",POINT (-85.24495563 35.08858644)
281474987331329,WL40927 (2024 Autocar ACX 64) Garbage (Dept. 352),Garbage,2025-02-22T14:58:11.023Z,35.089046269,-85.245077949,"South Chickamauga Creek Greenway, Chattanooga, TN, 37406",POINT (-85.245077949 35.089046269)
281474993780730,WL076 (2024 Peterbilt 520B) Waste Pick-Up (Dept. 352),Garbage,2025-02-22T14:39:26.019Z,35.08903975,-85.24507149,"South Chickamauga Creek Greenway, Chattanooga, TN, 37406",POINT (-85.24507149 35.08903975)
281474987032324,WL076 Defective,Garbage,2024-12-17T22:19:39.018Z,35.03742482,-85.29612921,"941 East 12th Street, Chattanooga, TN, 37403",POINT (-85.29612921 35.03742482)
281474991923643,WL3216 (2025 Autocar ACX64) Garbage (Dept. 352),Garbage,2025-02-21T22:16:32.011Z,35.08874268,-85.24486892,"Eldridge Road, Chattanooga, TN, 37406",POINT (-85.24486892 35.08874268)
281474991321701,WL3264 (2024 Autocar) Waste Pickup (Dept. 352),Garbage,2025-02-22T14:41:31.015Z,35.08893392,-85.244882579,"Eldridge Road, Chattanooga, TN, 37406",POINT (-85.244882579 35.08893392)
281474978295014,WRL587 REAR LOAD RECYCLE T370 KW,Garbage,2023-10-19T14:26:53.020Z,35.03772079,-85.296409479,"901 East 12th Street, Chattanooga, TN, 37403",POINT (-85.296409479 35.03772079)
281474994548792,WL451 (Ford F-250) Dept 350 - WASTE DISPOSAL,Garbage,2025-02-23T00:21:26.164Z,35.08832299,-85.24525335,"Eldridge Road, Chattanooga, TN, 37406",POINT (-85.24525335 35.08832299)
281474993161466,W4430 (2025 Kenworth T380) Waste Disposal (Dept. 350),Garbage,2025-02-22T20:54:00.328Z,35.32705328,-85.13442596,"Dayton Pike, Soddy-Daisy, TN, 39397",POINT (-85.13442596 35.32705328)
281474978294641,WL3215 (2025 Autocar ACX64) Garbage (Dept. 352),Garbage,2025-02-22T16:16:23.020Z,35.08898667,-85.24482671,"South Chickamauga Creek Greenway, Chattanooga, TN, 37406",POINT (-85.24482671 35.08898667)
281474991321700,WL3265 (2024 Autocar) Waste Pickup (Dept. 352),Garbage,2025-02-23T01:23:58.194Z,35.03754857,-85.29738955,"Acme Street, Chattanooga, TN, 37403",POINT (-85.29738955 35.03754857)
281474987032158,WL688 (2017 320 Peterbilt) Waste Pick-Up (Dept. 352),Garbage,2024-04-26T11:20:33.038Z,35.03760801,-85.29598907,"948 East 12th Street, Chattanooga, TN, 37403",POINT (-85.29598907 35.03760801)
281474991923644,WL3217 (2025 Autocar ACX64) Garbage (Dept. 352),Garbage,2025-02-21T21:41:18.016Z,35.088712569,-85.24499626,"Eldridge Road, Chattanooga, TN, 37406",POINT (-85.24499626 35.088712569)
281474983391156,WL668 (2017 Peterbilt 320 ASL) Dept. 352 Waste Pickup Garbage,Garbage,2023-08-25T02:26:52.006Z,35.08899987,-85.24522302,"South Chickamauga Creek Greenway, Chattanooga, TN, 37406",POINT (-85.24522302 35.08899987)
281474978294844,WGL622 (2011 8YD Rear Loader Garbage Truck) Waste Pickup (Dept. 352),Garbage,2025-02-23T00:55:29.833Z,35.01227812,-85.27775423,"2626 8th Avenue, Chattanooga, TN, 37407",POINT (-85.27775423 35.01227812)
281474994190872,WL3290 (2025 Peterbilt 520) Waste Disposal (Dept 350),Garbage,2025-02-22T22:02:00.643Z,34.90765261,-85.131611559,"21 Candy Lane, Ringgold, GA, 30736",POINT (-85.131611559 34.90765261)
281474991321702,WL3266 (2024 Autocar) Waste Pickup (Dept. 352),Garbage,2025-02-22T23:29:09.667Z,35.0887771,-85.24488318,"Eldridge Road, Chattanooga, TN, 37406",POINT (-85.24488318 35.0887771)
281474978294791,WL670  2017 Peterbilt 320  Automated Side Loader (Dept. 352),Garbage,2022-05-18T20:47:40.006Z,35.0886125,-85.24574149,"Eldridge Road, Chattanooga, TN, 37406",POINT (-85.24574149 35.0886125)
281474991320533,WL3267 (2024 Autocar) Waste Pickup (Dept. 352),Garbage,2025-02-21T22:35:34.012Z,35.08896223,-85.24483545,"South Chickamauga Creek Greenway, Chattanooga, TN, 37406",POINT (-85.24483545 35.08896223)
281474978294918,WL957 2020 F350 Pickup w/dumper body,Garbage,2023-08-11T20:22:51.014Z,35.07872964,-85.25724772,"1365 Wisdom Street, Chattanooga, TN, 37406",POINT (-85.25724772 35.07872964)
281474991321703,WL3268 (2024 Autocar) Waste Pickup (Dept. 352),Garbage,2024-12-18T22:27:42.021Z,35.088937519,-85.24484377,"South Chickamauga Creek Greenway, Chattanooga, TN, 37406",POINT (-85.24484377 35.088937519)
281474992031976,WL177 (2020 Autocar ACX64) Waste Disposal (Dept. 350),Garbage,2025-02-22T07:20:25.961Z,35.02255192,-85.29520227,"Burnette Street, Chattanooga, TN, 37408",POINT (-85.29520227 35.02255192)
281474983745417,WL7066 (2016 Peterbilt ASL Garbage Truck) Dept. 352,Garbage,2025-02-22T13:58:03.081Z,35.08870453,-85.24516399,"Eldridge Road, Chattanooga, TN, 37406",POINT (-85.24516399 35.08870453)
281474993901560,WL3268 (2024 Autocar ACX64) Waste Pick-Up (Dept. 352),Garbage,2025-02-22T15:08:30.024Z,35.08888851,-85.24492905,"Eldridge Road, Chattanooga, TN, 37406",POINT (-85.24492905 35.08888851)
281474986799446,WL957 (2020 Ford F350) Waste Pick Up (Dept. 352),Garbage,2025-02-23T01:05:13.767Z,35.08858825,-85.24510605,"Eldridge Road, Chattanooga, TN, 37406",POINT (-85.24510605 35.08858825)
281474978294920,WL617 (2021 Kenworth Garbage Truck) Waste Disposal (Dept. 350),Garbage,2025-02-21T15:09:46.513Z,35.03723126,-85.29541285,"992 East 12th Street, Chattanooga, TN, 37403",POINT (-85.29541285 35.03723126)
281474978294742,WCL357 (2011 Ford F150) Container Mgmt. (Dept. 359),Garbage,2025-02-20T15:35:31.011Z,35.13471612,-85.24416955,"5348 Elizabeth Drive, Chattanooga, TN, 37343",POINT (-85.24416955 35.13471612)
281474991506700,WL1922 (2023 Ford F250) Waste Disposal (Dept. 350),Garbage,2024-07-26T14:48:05.661Z,35.08808655,-85.24516593,"Eldridge Road, Chattanooga, TN, 37406",POINT (-85.24516593 35.08808655)
281474987992325,WL926 (2024 Autocar ACX 64) Waste Pick-Up (Dept. 352),Garbage,2025-02-22T14:22:26.011Z,35.08911624,-85.24502471,"South Chickamauga Creek Greenway, Chattanooga, TN, 37406",POINT (-85.24502471 35.08911624)
