stop_id,stop_name,geometry
1731,WILSON + 48TH,POINT (-85.307526 34.9932)
1153,DODDS + 33RD,POINT (-85.28029 35.003265)
163,MARKET + 11TH  PATTEN TOWERS,POINT (-85.30928 35.04345)
1997,Dodson & Glass1,POINT (-85.25503 35.063686)
1132,DODDS + 42ND,POINT (-85.28493 34.99427)
716,FRAZIER + FOREST,POINT (-85.30676 35.062496)
279,3RD + PALMETTO,POINT (-85.293015 35.048733)
213,DODSON + APPLING,POINT (-85.2528 35.067318)
887,LEE HWY + HAMILTON INN,POINT (-85.16742 35.041748)
609,BARTON + NORMAL,POINT (-85.29518 35.06503)
2187,Hardy School-1,POINT (-85.25919 35.062256)
595,HIXSON PK + HAYWOOD,POINT (-85.28647 35.09152)
1131,DODDS + 41ST,POINT (-85.28427 34.995506)
425,BROAD + 8TH,POINT (-85.31063 35.046967)
963,BRAINERD RD + TUXEDO,POINT (-85.23685 35.01679)
875,LEE HWY + WHIRLAWAY,POINT (-85.1976 35.022823)
392,WILLOW + DUNCAN,POINT (-85.27232 35.033913)
12,MARKET + FAMILY DOLLAR,POINT (-85.30953 35.0507)
1848,EASTGATE LOOP OB 1ST STOP,POINT (-85.21318 35.009544)
1041,TUNNEL BLVD + THROUGH,POINT (-85.23802 35.043396)
1181,MAIN + HIGHLAND PK,POINT (-85.285416 35.02796)
183,3RD + HOLLY,POINT (-85.27679 35.042618)
889,LEE HWY + ROBINSON,POINT (-85.16519 35.043137)
629,WILCOX + PIN OAK,POINT (-85.23177 35.04504)
806,HOUSTON + 11TH,POINT (-85.30669 35.042652)
324,GLENWOOD + OAK,POINT (-85.26345 35.032364)
969,BRAINERD RD + 3661,POINT (-85.24411 35.023174)
1082,GERMANTOWN + MONTVIEW,POINT (-85.244995 35.02683)
1734,TUNNEL & RIDGEVALE AVENUE,POINT (-85.246284 35.030376)
254,ROANOKE + OCOEE,POINT (-85.262276 35.05671)
1357,MARKET + CHOO CHOO,POINT (-85.307434 35.037106)
1539,10TH + LIBRARY,POINT (-85.311295 35.044792)
375,GLENWOOD + ROBBINS,POINT (-85.257774 35.042835)
530,HIXSON PK + ALTAMONT,POINT (-85.28893 35.087955)
569,BROAD + JACKS ALLEY,POINT (-85.31057 35.05158)
1565,SHUTTLE PARK NORTH - INTERNAL,POINT (-85.31144 35.054066)
22,MARKET + 17TH,POINT (-85.30826 35.03465)
850,BRAINERD RD + LONSDALE,POINT (-85.23249 35.014668)
259,ROANOKE + COOLEY,POINT (-85.265755 35.050724)
423,BROAD + 6TH,POINT (-85.31074 35.049397)
753,BOYNTON + GATEWAY,POINT (-85.31991 35.045483)
840,BRAINERD RD + ORIOLE,POINT (-85.24452 35.023247)
1168,DODDS + 18TH,POINT (-85.27164 35.018993)
955,BRAINERD RD + MCBRIEN,POINT (-85.22278 35.010864)
1117,4TH AVE + FOUST,POINT (-85.282364 35.013035)
522,HIXSON PK + RIVERVIEW,POINT (-85.28817 35.07514)
1193,MAIN + ROSSVILLE AVE,POINT (-85.305176 35.03535)
360,CHAMBERLAIN + GLASS,POINT (-85.24894 35.06569)
1099,MAIN + ORCHARD KNOB,POINT (-85.28019 35.026123)
2274,Bonny Oaks & Boriss-1,POINT (-85.16336 35.07378)
27,MARKET + W 25TH,POINT (-85.31103 35.026733)
759,GROVE + WEST SIDE,POINT (-85.31842 35.043438)
758,BOYNTON + RENAISSANCE,POINT (-85.31916 35.04338)
142,MARKET + CHOO CHOO,POINT (-85.30737 35.037464)
981,MCCALLIE AVE + KELLY,POINT (-85.27045 35.034348)
998,7TH + CHERRY,POINT (-85.308334 35.048367)
283,3RD + HOUSTON,POINT (-85.3013 35.05191)
936,LEE HWY + VANCE,POINT (-85.18717 35.02953)
1913,40TH + TENNESSEE AVE,POINT (-85.3273 35.008095)
1493,TUNNEL + WILDWOOD,POINT (-85.232124 35.055946)
880,LEE HWY + VANCE RD,POINT (-85.18721 35.02915)
2027,Hixson Pk & Grace Bible-1,POINT (-85.26907 35.11171)
1423,PICCADILLYS,POINT (-85.24077 35.128925)
1584,ORCHARD KNOB + BLACKFORD,POINT (-85.27118 35.042606)
602,HIXSON PK + S SHADY,POINT (-85.28842 35.076736)
986,MCCALLIE AVE + HICKORY,POINT (-85.27734 35.036903)
294,CHAMBERLAIN + FAIRLEIGH,POINT (-85.248116 35.06721)
1186,MAIN + FAGAN,POINT (-85.294334 35.031223)
2111,Willow & 3rd-1,POINT (-85.26923 35.03984)
328,GLENWOOD + 3RD,POINT (-85.26104 35.036724)
801,MARKET + 2ND SHUTTLE STOP,POINT (-85.30964 35.054363)
340,CHAMBERLAIN + GILBERT,POINT (-85.254074 35.056217)
126,33RD + WILLIAMS,POINT (-85.32023 35.016888)
1862,MCCALLIE AVE + LYERLY,POINT (-85.2692 35.033955)
1477,LEE HWY + JUBILEE,POINT (-85.2058 35.017834)
2176,Mkt & 1st Tennessee Bank,POINT (-85.30959 35.048145)
817,M.L.KING BLVD + FAIRVIEW,POINT (-85.29397 35.040394)
102,CENTRAL + 42ND,POINT (-85.31244 35.002018)
543,HIXSON PK + GRACE BIBLE,POINT (-85.26914 35.11153)
559,NORTHGATE + T.J.MAXX,POINT (-85.24204 35.130924)
581,HIXSON PK + W FAIRFAX,POINT (-85.26665 35.112377)
1058,TUNNEL BLVD + ACUFF,POINT (-85.2281 35.064796)
836,BRAINERD RD + ROSEMONT,POINT (-85.25158 35.026085)
115,PIROLA + POST OFFICE,POINT (-85.321465 35.008373)
103,CENTRAL + 41ST,POINT (-85.311485 35.003796)
1161,4TH AVE + FOUST,POINT (-85.28245 35.012745)
505,RIVERSIDE + RIVER PARK,POINT (-85.28108 35.05602)
763,12TH + CARTER,POINT (-85.31354 35.042454)
138,S MARKET + 19TH,POINT (-85.30855 35.03227)
1505,MAIN + HOLTZCLAW,POINT (-85.28772 35.028893)
43,TENN AVE + SUNTRUST BANK,POINT (-85.327286 35.011425)
1065,TUNNEL BLVD + 1819,POINT (-85.235985 35.049854)
339,CHAMBERLAIN + OLIVE,POINT (-85.25473 35.055103)
1499,MAIN + MARKET,POINT (-85.30691 35.035965)
1874,SHUTTLE PARK SOUTH,POINT (-85.30689 35.037876)
746,MAIN + FORT,POINT (-85.3142 35.038826)
946,LEE HWY + INFINITI,POINT (-85.20919 35.015724)
235,DODSON + FAIRLEIGH,POINT (-85.25217 35.068626)
1088,MAIN + JEFFERSON,POINT (-85.3002 35.03338)
1122,DODDS + 29TH,POINT (-85.27762 35.0081)
2145,Shuttle Garage-1,POINT (-85.30538 35.06218)
1431,HIXSON PK + HIGHLAND PEDIATRIC CLINIC,POINT (-85.24886 35.121063)
1596,FRAZIER + TREMONT,POINT (-85.3051 35.06181)
1923,WOODLAND,POINT (-85.30779 35.062614)
264,OKNOB + CITICO,POINT (-85.26932 35.046143)
606,HIXSON PK + DUGDALE,POINT (-85.29015 35.066784)
672,WILCOX + JEANAGA,POINT (-85.23164 35.045128)
353,CHAMBERLAIN + STUART,POINT (-85.24637 35.07022)
990,MCCALLIE AVE + HOLTZCLAW,POINT (-85.28261 35.03885)
867,GREENWAY VW DR + WALMART,POINT (-85.20692 35.009113)
300,CAMPBELL + N.Y. AVE,POINT (-85.2381 35.073402)
2045,Houston & 10th-1-0,POINT (-85.306206 35.043537)
1049,DEE DRIVE + GREENWOOD,POINT (-85.24081 35.054375)
1146,DODDS + 43RD,POINT (-85.28572 34.992634)
2238,Bonny Oaks & Noah Reid-1,POINT (-85.17063 35.074642)
345,CHAMBERLAIN + CRUTCHFIELD,POINT (-85.250496 35.06276)
90,ANGELA + 49TH,POINT (-85.30497 34.991245)
821,BAILEY AVE + HOLTZCLAW,POINT (-85.284546 35.036564)
130,33RD + ALTON PK BLVD,POINT (-85.314606 35.014935)
190,OKNOB + MILNE,POINT (-85.26808 35.048264)
1108,DODDS + 17TH,POINT (-85.27118 35.020004)
539,HIXSON PK + LUPTON,POINT (-85.27359 35.104134)
1835,SHAWHAN + SHALLOWFORD ROAD,POINT (-85.226425 35.04022)
816,M.L.KING BLVD + PARK,POINT (-85.2951 35.040817)
587,HIXSON PK + LUPTON,POINT (-85.273544 35.104446)
293,CHAMBERLAIN + BOONE,POINT (-85.2474 35.068512)
386,UNION + WATKINS,POINT (-85.26895 35.02987)
544,HIXSON PK + W FAIRFAX,POINT (-85.26675 35.112183)
849,BRAINERD RD + SEQUOIA,POINT (-85.23384 35.015213)
143,MARKET + SPS,POINT (-85.307434 35.0386)
577,HIXSON PK + ACCESS RD,POINT (-85.25655 35.11472)
173,4TH + MABEL,POINT (-85.30007 35.05073)
513,BARTON + NORMAL,POINT (-85.29518 35.06497)
107,38TH + HIGHLAND,POINT (-85.31376 35.006706)
374,GLENWOOD + MILNE,POINT (-85.2573 35.043694)
883,LEE HWY + DUPREE,POINT (-85.17867 35.034554)
928,LEE HWY + BI LO,POINT (-85.16337 35.044445)
318,WILLOW + OAK,POINT (-85.271355 35.03581)
1707,ROSSVILLE BLVD + 49TH,POINT (-85.287605 34.98637)
1883,HAMMALL,POINT (-85.16041 35.036785)
334,GLENWOOD + 1016 GLENWOOD,POINT (-85.256805 35.046234)
1092,MAIN + POLK,POINT (-85.29348 35.03086)
843,BRAINERD RD + MANOR,POINT (-85.24052 35.02026)
583,HIXSON PK + MAULDETH,POINT (-85.270935 35.110138)
750,RIVERFRONT + GROVE,POINT (-85.319466 35.04202)
1126,DODDS + 33RD,POINT (-85.28022 35.0035)
369,CHAMBERLAIN + CAMDEN,POINT (-85.25582 35.05304)
1154,DODDS + 32ND,POINT (-85.27966 35.004402)
488,BROAD + 7TH,POINT (-85.31047 35.048454)
897,HAMILTON PLACE BLVD + BAMS,POINT (-85.15508 35.040794)
2132,3rd & Roberts-1,POINT (-85.27405 35.04173)
231,STUART + WHEELER,POINT (-85.24754 35.07083)
396,WILLOW + 5TH,POINT (-85.27013 35.03801)
260,ROANOKE + PORTLAND,POINT (-85.26606 35.049877)
959,BRAINERD RD + LARCHMONT,POINT (-85.229515 35.013535)
610,BARTON + CREWDSON,POINT (-85.29743 35.06396)
1073,TUNNEL BLVD + LASALLE,POINT (-85.23912 35.04137)
1975,Broad & 3rd 1,POINT (-85.31059 35.05345)
179,3RD + ONEAL,POINT (-85.287056 35.04639)
630,WILCOX + DALEWOOD,POINT (-85.22859 35.04374)
2068,Market & 8th-1-0,POINT (-85.30955 35.047016)
888,LEE HWY + CONNER,POINT (-85.16653 35.04231)
1104,MAIN + WATKINS,POINT (-85.27285 35.023407)
1819,CORNELISON + POST OFFICE,POINT (-85.21232 35.006294)
288,STUART + DODSON,POINT (-85.250084 35.071926)
784,MABEL + BATTERY PLACE,POINT (-85.29942 35.051563)
1365,ORCHARD KNOB + JACKSON,POINT (-85.26995 35.044643)
534,HIXSON PK + RIVERMONT,POINT (-85.28246 35.09617)
148,49TH + WILSON,POINT (-85.30775 34.99252)
1142,DODDS + 47TH,POINT (-85.28779 34.988827)
1395,CHAMBERLAIN + WILSON,POINT (-85.25773 35.04956)
1551,GERMANTOWN + BRAINERD RD (CAR WASH),POINT (-85.24605 35.02503)
379,GLENWOOD + 4TH,POINT (-85.26154 35.0362)
550,HIXSON PK + DUPONT ELEM,POINT (-85.25369 35.11479)
2279,Bonny Oaks & Preservation Dr-1,POINT (-85.18267 35.073975)
855,BRAINERD RD + ST MARKS,POINT (-85.22615 35.011986)
273,3RD + FIELD HOUSE,POINT (-85.28075 35.04429)
1844,TUNNEL BLVD + JONES,POINT (-85.23768 35.045795)
771,MARKET + KING,POINT (-85.307495 35.039463)
184,3RD + HAWTHORNE,POINT (-85.27364 35.041454)
274,3RD + SCRUGGS,POINT (-85.28521 35.045887)
1174,MAIN + KELLY,POINT (-85.275696 35.024426)
811,M.L.KING BLVD + DOUGLAS,POINT (-85.30314 35.04377)
255,ROANOKE + CAMDEN,POINT (-85.26288 35.055622)
408,MCCALLIE AVE + BALDWIN,POINT (-85.29882 35.044987)
828,BAILEY AVE + BEECH,POINT (-85.27442 35.0328)
17,MARKET + 11TH,POINT (-85.30943 35.04425)
517,HIXSON PK + HANOVER,POINT (-85.289406 35.068336)
2222,Stuart & Chamberlain,POINT (-85.24634 35.070374)
951,CASTLE DENTAL,POINT (-85.21208 35.00839)
975,BRAINERD RD + SEMINOLE,POINT (-85.25473 35.027634)
573,HIXSON PK + BAGWELL,POINT (-85.24859 35.121967)
169,4TH + LOOKOUT,POINT (-85.30664 35.052155)
364,CHAMBERLAIN + BRAGG,POINT (-85.25228 35.05956)
568,5TH + REPUBLIC LOT,POINT (-85.31004 35.050934)
549,HIXSON PK + ACCESS RD,POINT (-85.25714 35.114353)
391,WILLOW + CHAMBERLAIN,POINT (-85.27293 35.033077)
854,BRAINERD RD + LOVELL,POINT (-85.227325 35.012417)
23,MARKET + 19TH,POINT (-85.30864 35.032757)
424,BROAD + 7TH,POINT (-85.31068 35.048176)
146,ANGELA + WOODLAND VIEW,POINT (-85.30462 34.989586)
754,GATEWAY AVE + J.C. TOWERS,POINT (-85.31873 35.046886)
256,ROANOKE + WILCOX NW,POINT (-85.26379 35.053978)
956,BRAINERD RD + HOWELL,POINT (-85.22472 35.011593)
839,BRAINERD + GERMANTOWN,POINT (-85.24608 35.023968)
1224,23RD + 4TH,POINT (-85.27995 35.017952)
523,HIXSON PK + S SHADY,POINT (-85.28829 35.07667)
977,MCCALLIE AVE + GLENWOOD,POINT (-85.26418 35.031986)
1175,MAIN + WILLOW,POINT (-85.27701 35.024944)
994,MCCALLIE AVE + FORTWOOD,POINT (-85.29259 35.04254)
1899,49TH + 715,POINT (-85.30632 34.99199)
180,3RD + SCRUGGS,POINT (-85.285515 35.045837)
359,HOLZCLAW + CLEVELAND,POINT (-85.2785 35.046413)
1733,TUNNEL & MONTVIEW DRIVE,POINT (-85.24767 35.027496)
2001,Frazier & Forrest-1,POINT (-85.30659 35.06243)
755,BOYNTON + M.L. KING,POINT (-85.31873 35.04843)
378,GLENWOOD + 3RD,POINT (-85.261086 35.037144)
739,FRAZIER + WOODLAND,POINT (-85.30792 35.06257)
982,MCCALLIE AVE + WILLOW,POINT (-85.27165 35.034794)
214,DODSON + FAIRLEIGH,POINT (-85.25218 35.06841)
1492,GREENWOOD + NORTH CREST,POINT (-85.24088 35.0641)
1914,38TH + TENNESSEE AVE,POINT (-85.3274 35.01103)
596,HIXSON PK + RIVER MANOR,POINT (-85.28685 35.090416)
1583,ORCHARD KNOB + 3RD,POINT (-85.27196 35.041145)
2080,N Point Blvd & Home Depot,POINT (-85.24433 35.13858)
1849,EPB,POINT (-85.2122 35.00849)
560,NORTHGATE + ARBYS,POINT (-85.24201 35.128273)
512,BARTON + MCFARLAND,POINT (-85.29658 35.064354)
2275,Bonny Oaks & Basswood Dr-1,POINT (-85.16791 35.074783)
611,BARTON + BAKER,POINT (-85.2989 35.063065)
106,38TH + KIRKLAND,POINT (-85.312614 35.006287)
116,40TH + SOUTHSIDE REC,POINT (-85.322784 35.008213)
1100,MAIN + MULBERRY,POINT (-85.27834 35.025463)
314,WILLOW + 4TH,POINT (-85.269714 35.039078)
2063,Market & 4th 0,POINT (-85.309685 35.052444)
1052,NORTH CREST + GLASS,POINT (-85.24326 35.067123)
766,MAIN + BROAD,POINT (-85.31172 35.037712)
554,HIXSON PK + BAGWELL,POINT (-85.248634 35.121387)
164,MARKET + MILLER PK,POINT (-85.30931 35.045044)
824,BAILEY AVE + HOLLY,POINT (-85.28041 35.035)
349,WILLOW + MCCALLIE,POINT (-85.2718 35.035023)
805,HOUSTON + WAREHOUSE ROW,POINT (-85.30842 35.042187)
1396,GLENWOOD + CITICO,POINT (-85.258545 35.041573)
1133,DODDS + 43RD,POINT (-85.285675 34.992928)
829,WILLOW + BAILEY,POINT (-85.27344 35.032425)
529,HIXSON PK + CONTINENTAL,POINT (-85.2902 35.08674)
1878,HAMMALL,POINT (-85.16041 35.03676)
95,HALSEY + CENTRAL,POINT (-85.31948 34.989067)
278,3RD + HAMPTON,POINT (-85.291695 35.048286)
319,WILLOW + DUNCAN,POINT (-85.27227 35.034157)
2028,Hixson Pk & Highland-1,POINT (-85.26241 35.11325)
1538,CARTER  + DAYS INN,POINT (-85.31231 35.04464)
111,37TH + ALTON PARK BLVD,POINT (-85.31731 35.009266)
189,OKNOB + ROBBINS,POINT (-85.268936 35.046665)
874,LEE HWY + CHICKAMAUGA,POINT (-85.19935 35.021725)
387,UNION + LYERLY,POINT (-85.27051 35.030437)
2197,Eastgate Loop IB 1st stop,POINT (-85.211784 35.008114)
1059,TUNNEL BLVD + COGSWELL,POINT (-85.228455 35.062847)
894,SHALLOWFORD RD + RED ROOF INN,POINT (-85.1591 35.043655)
487,BROAD + 8TH,POINT (-85.310455 35.047276)
354,SHOLAR + CARTA,POINT (-85.268715 35.056168)
679,WILCOX + GREENWOOD,POINT (-85.24266 35.048088)
155,WOODLAND VIEW + JEFFEREY,POINT (-85.3055 34.989323)
1128,DODDS + 36TH,POINT (-85.28179 35.00064)
2229,Stuart & Wheeler-1,POINT (-85.24774 35.07085)
835,BRAINERD RD + ELMWOOD,POINT (-85.25416 35.027187)
194,ROANOKE + CAMDEN,POINT (-85.26299 35.055336)
591,HIXSON PK + LINDEN HALL,POINT (-85.27796 35.1001)
1180,MAIN + HOLLY,POINT (-85.28408 35.02748)
1084,MAIN + ROSSVILLE AVE,POINT (-85.30553 35.035503)
968,BRAINERD RD + ECPC,POINT (-85.24241 35.02252)
2112,Willow & 4th-1,POINT (-85.269684 35.038982)
868,GREENWAY VIEW DRIVE + MARLIN,POINT (-85.2078 35.010296)
929,LEE HWY + ROBINSON,POINT (-85.165276 35.043255)
1708,ROSSVILLE BLVD + 48TH,POINT (-85.288445 34.987595)
1355,BROAD + CHARGER,POINT (-85.324 35.015297)
999,7TH + MARKET,POINT (-85.30931 35.048344)
1485,SHALLOWFORD + OVERNIGHT,POINT (-85.15737 35.043022)
858,BRAINERD RD + BROOKS,POINT (-85.22222 35.010498)
2177,Houston & 8th Street-1-0,POINT (-85.30473 35.046017)
586,HIXSON PK + INTERMONT,POINT (-85.27227 35.106876)
540,HIXSON PK + INTERMONT,POINT (-85.272354 35.10635)
382,GLENWOOD + VINE,POINT (-85.26288 35.033684)
964,BRAINERD RD + BI LO,POINT (-85.23845 35.01782)
1566,SHUTTLE PARK NORTH - INTERNAL,POINT (-85.31147 35.05403)
1077,GERMANTOWN + TUNNEL BLVD,POINT (-85.2419 35.03533)
1422,HIXSON PIKE + STRAWBERRY,POINT (-85.24835 35.12239)
578,HIXSON PK + NORCROSS,POINT (-85.26134 35.113586)
1159,28TH + 4TH AVE,POINT (-85.28315 35.01124)
299,CAMPBELL + BATTERY HEIGHTS,POINT (-85.241394 35.072433)
1118,4TH AVE + 27TH,POINT (-85.28278 35.0123)
1516,WILCOX + LILLIAN,POINT (-85.235115 35.046867)
800,MARKET + W 14TH,POINT (-85.307655 35.03953)
26,MARKET + E 25TH,POINT (-85.31066 35.027554)
344,CHAMBERLAIN + EMMA,POINT (-85.2515 35.06088)
762,12TH + POPLAR,POINT (-85.315605 35.043266)
139,S MARKET + 17TH,POINT (-85.3082 35.034138)
671,WILCOX + DALEWOOD,POINT (-85.22825 35.043835)
323,DODDS + DUNCAN,POINT (-85.26426 35.030907)
1094,MAIN + HOLTZCLAW,POINT (-85.28839 35.028988)
282,3RD + MABEL,POINT (-85.29929 35.05129)
1112,DODDS + 23RD,POINT (-85.27359 35.01599)
1870,ShoCam0,POINT (-85.2677 35.057697)
820,BAILEY AVE + SPRUCE,POINT (-85.285675 35.037117)
935,LEE HWY + PERIMETER CROSS,POINT (-85.185394 35.030636)
2242,Discovery Dr & Integrated Dr,POINT (-85.15112 35.076202)
234,DODSON + BACHMAN,POINT (-85.25153 35.0698)
590,HIXSON PK + LAWSON,POINT (-85.27718 35.1007)
879,LEE HWY + SPORTS BARN,POINT (-85.18924 35.027927)
495,12TH + MARKET,POINT (-85.30899 35.041824)
924,GUNBARREL + FAMOUS DAVES,POINT (-85.15287 35.035072)
263,OKNOB + CARSON,POINT (-85.268684 35.047306)
383,GLENWOOD + OAK,POINT (-85.26334 35.032867)
601,HIXSON PK + N SHADY,POINT (-85.28923 35.078125)
172,4TH + HOUSTON,POINT (-85.30189 35.0513)
1040,TUNNEL BLVD + HOYT,POINT (-85.23861 35.04232)
1684,TENNESSEE AVE + BROAD,POINT (-85.32506 35.014305)
350,CHAMBERLAIN + FAIRLEIGH,POINT (-85.24813 35.066994)
985,MCCALLIE AVE + HAWTHORNE,POINT (-85.27596 35.03639)
1185,MAIN + POLK,POINT (-85.29263 35.0306)
1361,MARKET + 8TH - SUNTRUST BANK SHELTER,POINT (-85.3094 35.04734)
884,LEE HWY + CIRCLE,POINT (-85.17408 35.03758)
1150,DODDS + 37TH,POINT (-85.28246 34.998672)
972,BRAINERD RD + TUNNEL BLVD,POINT (-85.24853 35.02572)
1145,DODDS + 44TH,POINT (-85.28647 34.991257)
925,GUNBARREL + COMMONS,POINT (-85.151955 35.036724)
1091,MAIN + FAGAN,POINT (-85.2951 35.031456)
1351,MARKET + 4TH,POINT (-85.30972 35.052658)
995,MCCALLIE AVE + PALMETTO,POINT (-85.295685 35.04373)
370,CHAMBERLAIN + WILCOX,POINT (-85.25638 35.052002)
1462,MARKET + 14TH,POINT (-85.307274 35.036587)
193,ROANOKE + WILCOX SE,POINT (-85.26393 35.05362)
1125,DODDS + 32ND,POINT (-85.27956 35.004704)
2139,Houston & Oak-1-0,POINT (-85.30365 35.047756)
767,MAIN + COWART,POINT (-85.3104 35.037224)
1155,DODDS + 31ST,POINT (-85.279076 35.005493)
1429,FRAZIER + TAMPA,POINT (-85.303635 35.06119)
960,BRAINERD RD + WOODVALE,POINT (-85.230865 35.014107)
1558,MAIN + HAWTHORNE,POINT (-85.28197 35.02671)
1164,4TH AVE + 24TH,POINT (-85.28116 35.01516)
859,BRAINERD RD + HUNT,POINT (-85.22135 35.010174)
327,GLENWOOD + 4TH,POINT (-85.26156 35.035866)
1502,28TH + DODDS,POINT (-85.27739 35.009224)
41,TENN AVE + WALGREENS,POINT (-85.325455 35.013737)
270,3RD + HOLLY,POINT (-85.27647 35.042694)
1064,TUNNEL BLVD + PERSIMMON,POINT (-85.234764 35.052044)
125,33RD + CHATTEM,POINT (-85.32133 35.01727)
1850,EASTGATE LOOP LAST STOP,POINT (-85.21143 35.00719)
745,MAIN + CHESTNUT,POINT (-85.31323 35.03848)
943,LEE HWY + HERB ADCOX,POINT (-85.20246 35.01993)
1107,DODDS + 16TH,POINT (-85.27055 35.02089)
275,3RD + ONEAL,POINT (-85.28647 35.04639)
167,MARKET + 4TH,POINT (-85.30955 35.05212)
269,3RD + HAWTHORNE,POINT (-85.27323 35.04135)
605,HIXSON PK + HANOVER,POINT (-85.289474 35.06868)
395,WILLOW + IVY,POINT (-85.27052 35.03712)
217,STUART + DODSON,POINT (-85.25017 35.071728)
409,MCCALLIE AVE + DOUGLAS,POINT (-85.30139 35.045876)
1892,USHER + 52ND,POINT (-85.31548 34.99066)
18,MARKET + 12TH,POINT (-85.30907 35.042347)
518,FALMOUTH + HIXSON PIKE,POINT (-85.28925 35.06937)
1139,MAIN + BEECH,POINT (-85.27943 35.02585)
677,WILCOX + MOSS,POINT (-85.23972 35.047977)
1939,Market & 4th-1-0,POINT (-85.30966 35.052444)
363,CHAMBERLAIN + EMMA,POINT (-85.251434 35.061096)
952,BRAINERD RD + KRISPY KREME,POINT (-85.21774 35.01063)
572,HIXSON PK + ELY,POINT (-85.24819 35.123222)
989,MCCALLIE AVE + GREENWOOD,POINT (-85.28129 35.038364)
1171,MAIN + 2501,POINT (-85.27102 35.02265)
1797,WILSON + HOOKER RD,POINT (-85.307144 34.99395)
789,BROAD + 4TH,POINT (-85.310616 35.05251)
1048,DEE DRIVE + 3118,POINT (-85.241516 35.0551)
1190,MAIN + JEFFERSON,POINT (-85.30025 35.033466)
978,MCCALLIE AVE + KILMER,POINT (-85.26536 35.032425)
1843,TUNNEL BLVD + SHALLOWFORD,POINT (-85.240295 35.037827)
1906,WILSON + 49TH,POINT (-85.307945 34.992493)
1087,MAIN + ADAMS,POINT (-85.30146 35.033844)
1177,MAIN + OKNOB,POINT (-85.279884 35.02597)
1498,DODDS + 46TH,POINT (-85.28731 34.98984)
556,HIXSON PK + WILLIAMS,POINT (-85.247475 35.12509)
812,M.L.KING BLVD + UNIVERSITY,POINT (-85.30189 35.043266)
1595,MARKET + 2ND,POINT (-85.30959 35.054703)
1121,DODDS + 28TH,POINT (-85.277214 35.00913)
825,BAILEY AVE + HICKORY,POINT (-85.27903 35.034492)
957,BRAINERD RD + ST MARKS,POINT (-85.22591 35.01206)
830,BAILEY AVE + WATKINS,POINT (-85.268906 35.030704)
2078,Market & TVA CU 0,POINT (-85.309494 35.04798)
320,WILLOW + CHAMBERLAIN,POINT (-85.27272 35.033348)
110,38TH + ALTON PK BLVD,POINT (-85.317665 35.00818)
112,37TH + CALVIN DONALDSON,POINT (-85.31866 35.010063)
289,STUART + TAYLOR,POINT (-85.249115 35.071415)
516,BARTON + DUGDALE,POINT (-85.2902 35.066677)
129,33RD + DELONG,POINT (-85.31697 35.01575)
2241,Volkswagen Dr & Amazon NS-1,POINT (-85.141945 35.070713)
315,WILLOW + 5TH,POINT (-85.27005 35.038338)
1582,BROAD + POPEYES,POINT (-85.32301 35.0161)
533,HIXSON PK + OZARK,POINT (-85.28537 35.094124)
152,WORKMANS + DORRIS,POINT (-85.312744 34.998287)
1072,TUNNEL BLVD + HOYT,POINT (-85.238625 35.042538)
335,GLENWOOD + 1208 GLENWOOD,POINT (-85.25676 35.048286)
1369,3RD + PALMETTO,POINT (-85.293304 35.048744)
553,HIXSON PK + HAMILL,POINT (-85.2497 35.118362)
74,52ND + 524,POINT (-85.312996 34.989822)
844,BRAINERD RD + BELVOIR,POINT (-85.240005 35.018955)
290,STUART + WHEELER,POINT (-85.247795 35.07089)
749,MAIN + RIVERFRONT,POINT (-85.319595 35.04084)
1548,23RD + LYERLY,POINT (-85.27698 35.01688)
1103,MAIN + LYERLY,POINT (-85.27425 35.02393)
1085,MAIN + WILHOIT,POINT (-85.30405 35.03483)
2062,Market & 3rd1,POINT (-85.30974 35.05364)
1054,NEW YORK + NEW JERSEY,POINT (-85.23459 35.06929)
330,GLENWOOD + PARKWOOD,POINT (-85.259636 35.03954)
823,BAILEY AVE + HIGHLAND PK,POINT (-85.28179 35.03552)
1417,MARKET + 3RD,POINT (-85.30955 35.053432)
347,CHAMBERLAIN + GLASS,POINT (-85.249115 35.06524)
796,11TH + MARIOTT,POINT (-85.31188 35.043884)
1547,WILCOX + FOXWOOD PL,POINT (-85.24182 35.048206)
100,CENTRAL + WORKMANS,POINT (-85.31427 34.998714)
128,33RD + TARLTON,POINT (-85.31797 35.016098)
2178,Houston & McCallie Ave,POINT (-85.30413 35.04683)
1842,WILCOX + TUNNEL,POINT (-85.23804 35.0474)
541,HIXSON PK + MANCHESTER,POINT (-85.27165 35.108143)
1578,LEE HWY + VFW,POINT (-85.190575 35.027393)
2081,N Point Blvd & Lowe's,POINT (-85.24692 35.13836)
1076,TUNNEL BLVD + FRANKS STORE,POINT (-85.24088 35.036854)
1486,49TH + JEFFERY,POINT (-85.30576 34.991814)
1078,GERMANTOWN + MENLO,POINT (-85.24147 35.033447)
547,HIXSON PK + NORCROSS,POINT (-85.2614 35.11334)
145,MARKET + 12TH,POINT (-85.30864 35.041676)
257,ROANOKE + WILSON,POINT (-85.26474 35.052326)
536,HIXSON PK + MEADOW LAKE,POINT (-85.27784 35.10018)
362,CHAMBERLAIN + CRUTCHFIELD,POINT (-85.250374 35.063053)
993,MCCALLIE AVE + CENTRAL,POINT (-85.29135 35.042072)
511,BARTON + CREWDSON,POINT (-85.2975 35.06388)
105,38TH + HUGHES,POINT (-85.31144 35.00584)
813,M.L.KING BLVD + PEEPLES,POINT (-85.29907 35.0423)
1149,DODDS + 38TH,POINT (-85.28283 34.998024)
165,MARKET + M.L.KING,POINT (-85.30934 35.046062)
765,MAIN + FORT,POINT (-85.31439 35.038723)
38,BROAD + GLENVIEW,POINT (-85.32259 35.017136)
845,BRAINERD RD + BROOKFIELD,POINT (-85.23807 35.01731)
756,BOYNTON + SENIOR NEIGHBORS,POINT (-85.320274 35.04691)
140,S MARKET + 16TH,POINT (-85.30775 35.03509)
1071,TUNNEL BLVD + THROUGH,POINT (-85.23807 35.043533)
574,HIXSON PK + HAMILL,POINT (-85.24988 35.118443)
1113,23RD + BUCKLEY,POINT (-85.274704 35.01625)
1876,HAMMALL,POINT (-85.16041 35.03678)
285,3RD + HIGH,POINT (-85.305275 35.053513)
1488,TENNESSEE AVE + 37TH,POINT (-85.32595 35.012657)
934,LEE HWY + MCKAYS,POINT (-85.17862 35.034866)
134,S MARKET + D M WHITE,POINT (-85.3115 35.01995)
873,LEE HWY + AIKEN,POINT (-85.202446 35.019794)
597,HIXSON PK + ALTAMONT,POINT (-85.28849 35.088257)
394,WILLOW + VINE,POINT (-85.27099 35.036312)
1926,HICKORY VALLEY + BONNY OAKS DRIVE,POINT (-85.15616 35.072536)
336,GLENWOOD + CHAMBERLAIN,POINT (-85.25768 35.04936)
1460,MAIN + BROAD,POINT (-85.31104 35.037537)
627,WILCOX + PARKWAY,POINT (-85.236115 35.046906)
988,MCCALLIE AVE + HIGHLAND PARK,POINT (-85.28011 35.037926)
181,3RD + WARNER PARK,POINT (-85.28054 35.043972)
313,3RD + WILLOW,POINT (-85.26935 35.039894)
1188,MAIN + SLAYTON,POINT (-85.29699 35.032246)
1755,BONNY OAKS + HICKORY VALLEY,POINT (-85.15602 35.072548)
1106,MAIN + DODDS,POINT (-85.2698 35.022278)
343,CHAMBERLAIN + BRAGG,POINT (-85.25233 35.059395)
803,MARKET + 2ND,POINT (-85.30974 35.054897)
326,GLENWOOD + 5TH,POINT (-85.26199 35.03505)
2129,Glenwood & Wyandot-1,POINT (-85.26052 35.03929)
238,DODSON + CRUTCHFIELD,POINT (-85.254395 35.064484)
1354,MARKET + M.L.KING BLVD,POINT (-85.30952 35.045982)
377,GLENWOOD + 417,POINT (-85.261086 35.038757)
527,HIXSON PK + MINNEKAHDA,POINT (-85.289856 35.081806)
1873,BRAINERD RD + STARBUCKS,POINT (-85.21505 35.011406)
819,BAILEY AVE + NATIONAL,POINT (-85.28647 35.037514)
176,3RD + HAMPTON,POINT (-85.292076 35.04833)
1556,DODDS + 19TH,POINT (-85.27216 35.017994)
751,13TH + GROVE,POINT (-85.318954 35.042503)
388,UNION + KELLY,POINT (-85.27203 35.030994)
690,SHOLAR + CARTA,POINT (-85.268776 35.055878)
852,BRAINERD RD + LARCHMONT,POINT (-85.229774 35.013496)
171,4TH + LINDSAY,POINT (-85.30321 35.051826)
1060,TUNNEL BLVD + NORTH BRIAR,POINT (-85.229645 35.060482)
24,MARKET + 20TH,POINT (-85.30883 35.031788)
412,MCCALLIE AVE + STATE BLDG,POINT (-85.3029 35.046455)
1557,MARKET + W 14TH,POINT (-85.30756 35.038578)
579,HIXSON PK + KENSINGTON,POINT (-85.26232 35.113308)
953,BRAINERD RD + SUBWAY,POINT (-85.218994 35.01027)
118,40TH + BEN MILLER PK,POINT (-85.325264 35.008125)
1157,DODDS + 29TH,POINT (-85.27784 35.00775)
834,BRAINERD RD + SEMINOLE,POINT (-85.25504 35.02757)
195,ROANOKE + OCOEE,POINT (-85.262375 35.05649)
1119,28TH + 5TH AVE,POINT (-85.28242 35.011093)
561,N POINT BLVD + LOWES,POINT (-85.24686 35.138462)
524,HIXSON PK + N SHADY,POINT (-85.28914 35.078136)
366,CHAMBERLAIN + GILBERT,POINT (-85.25404 35.05631)
1101,MAIN + WILLOW,POINT (-85.27739 35.0251)
2276,Bonny Oaks & Holiday Hills Dr-1,POINT (-85.16943 35.074734)
885,LEE HWY + RYANS,POINT (-85.17136 35.039284)
2010,Riverside & Wilcox 0,POINT (-85.27584 35.058372)
761,12TH + HUMAN SERVICE,POINT (-85.31595 35.043606)
930,LEE HWY + CONNER LN,POINT (-85.166435 35.042347)
1134,DODDS + 44TH,POINT (-85.286354 34.991592)
1710,STATE ST + STATE LINE,POINT (-85.28815 34.98473)
607,HIXSON PK + RUSSELL,POINT (-85.29163 35.06626)
2243,Hickory Valley Rd & Discovery Dr-1,POINT (-85.154816 35.075996)
740,FRAZIER + FOREST,POINT (-85.30676 35.062325)
1038,TUNNEL BLVD + BELMEADE,POINT (-85.23974 35.039124)
983,MCCALLIE AVE + BEECH,POINT (-85.27312 35.03535)
2030,Hixson Pk & Rivermont Pres Church-1,POINT (-85.27505 35.10221)
215,DODSON + BACHMAN,POINT (-85.25161 35.069466)
1111,DODDS + 21ST,POINT (-85.27294 35.01692)
585,HIXSON PK + MANCHESTER,POINT (-85.27165 35.10846)
1095,MAIN + GREENWOOD,POINT (-85.28742 35.028507)
281,3RD + CSAS,POINT (-85.2953 35.049896)
1915,5232 USHER,POINT (-85.316315 34.98916)
371,GLENWOOD + LAURA,POINT (-85.256584 35.047993)
1532,BROAD + READ HOUSE,POINT (-85.31031 35.046253)
1124,DODDS + 31ST,POINT (-85.278915 35.005833)
188,OKNOB + CITICO,POINT (-85.26942 35.045727)
891,LEE HWY + SHALLOWFORD RD,POINT (-85.16279 35.044643)
2198,Brainerd Rd & Belaire Dr,POINT (-85.21576 35.011215)
1425,HIGHWAY 153 + KMART,POINT (-85.24646 35.13529)
966,BRAINERD RD + MANOR,POINT (-85.240295 35.02019)
157,51ST + WILSON,POINT (-85.30904 34.990257)
398,3RD + ROANOKE,POINT (-85.27042 35.040314)
427,BROAD + TVA #1,POINT (-85.310326 35.043133)
1129,DODDS + 37TH,POINT (-85.28246 34.999435)
1834,EASTWOOD MANOR,POINT (-85.22474 35.04321)
1184,MAIN + FILLMORE,POINT (-85.29146 35.030178)
298,CAMPBELL + WILDER,POINT (-85.24328 35.070446)
355,HOLZCLAW + WILCOX,POINT (-85.26942 35.05513)
233,DODSON + CUSHMAN,POINT (-85.250916 35.07088)
592,HIXSON PK + VAN BUREN,POINT (-85.27884 35.099743)
869,GREENWAY VW DR + BRAINERD RD,POINT (-85.21088 35.013813)
1360,3RD + CSAS,POINT (-85.295334 35.049774)
967,BRAINERD RD + TALLEY,POINT (-85.241325 35.021633)
271,3RD + DIAG CLINIC,POINT (-85.27847 35.04342)
793,BROAD + 3RD,POINT (-85.3109 35.05334)
1832,TUNNEL BLVD + MAY STREET,POINT (-85.24093 35.03654)
2085,Northgate & Chili's-1,POINT (-85.24099 35.132782)
1144,DODDS + 45TH,POINT (-85.28661 34.990383)
1420,HIXSON PIKE + 1324,POINT (-85.28871 35.072025)
532,HIXSON PK + HAYWOOD,POINT (-85.28647 35.09141)
1853,BRAINERD ROAD + BELAIRE DRIVE,POINT (-85.21562 35.011284)
857,BRAINERD RD + MCBRIEN,POINT (-85.22297 35.010777)
381,GLENWOOD + IVY,POINT (-85.26242 35.034546)
1110,DODDS + 19TH,POINT (-85.27227 35.01816)
768,MAIN + WILLIAMS,POINT (-85.30939 35.036842)
564,NORTHGATE + CHILIS,POINT (-85.241295 35.132496)
276,3RD + CENTRAL,POINT (-85.28774 35.04684)
1055,NEW YORK + 3185,POINT (-85.23104 35.06822)
557,HIXSON PK + CLOVERDALE,POINT (-85.246445 35.12845)
384,GLENWOOD + MCCALLIE,POINT (-85.26367 35.032013)
19,MARKET + COWART,POINT (-85.30839 35.04095)
519,HIXSON PK + 1312,POINT (-85.28908 35.070953)
2228,Stuart & Taylor-1,POINT (-85.2491 35.07136)
947,GREENWAY VIEW DR + BRAINERD,POINT (-85.21032 35.013256)
838,BRAINERD RD + VISTA,POINT (-85.24781 35.024876)
831,BAILEY AVE + CHAMBERLAIN,POINT (-85.26695 35.030945)
399,3RD + ORCHARD KNOB,POINT (-85.2718 35.04078)
175,3RD + COLLINS,POINT (-85.29461 35.04963)
1163,4TH AVE + 25TH,POINT (-85.281685 35.01417)
321,BAILEY AVE + KELLY,POINT (-85.2718 35.031815)
113,PIROLA + 37TH,POINT (-85.32002 35.01059)
1172,MAIN + WATKINS,POINT (-85.27297 35.023384)
881,LEE HWY + PERIMETER,POINT (-85.1856 35.030346)
1503,DODDS + 21ST,POINT (-85.27312 35.01652)
926,SHALLOWFORD RD + SHALLOWFORD VILLAGE,POINT (-85.158005 35.043373)
1191,MAIN + WASHINGTON,POINT (-85.30241 35.034294)
826,BAILEY AVE + HAWTHORNE,POINT (-85.277695 35.033997)
1090,MAIN + CENTRAL,POINT (-85.29683 35.03207)
316,WILLOW + IVY,POINT (-85.27045 35.037457)
979,MCCALLIE AVE + DERBY,POINT (-85.26657 35.032894)
1911,BRAINERD RD + WEST BROW,POINT (-85.25311 35.02691)
1353,MARKET + EPB,POINT (-85.30945 35.045383)
1178,MAIN + HAWTHORNE,POINT (-85.281334 35.026497)
996,MCCALLIE AVE + LINDSAY,POINT (-85.30541 35.04741)
748,MAIN + CYPRESS,POINT (-85.318275 35.04034)
493,BROAD + 11TH,POINT (-85.31053 35.044083)
1156,DODDS + 30TH,POINT (-85.27847 35.006603)
367,CHAMBERLAIN + OLIVE,POINT (-85.25457 35.055336)
923,HAMILTON PL + GUNBARREL,POINT (-85.1541 35.032867)
237,DODSON + DAISY,POINT (-85.25331 35.066483)
2022,Hixson Pk & Dartmouth-1,POINT (-85.28935 35.07014)
1593,GLENWOOD + CITICO,POINT (-85.258316 35.04162)
1120,28TH + 6TH AVE,POINT (-85.2813 35.01067)
961,BRAINERD RD + PARKDALE,POINT (-85.23206 35.0146)
604,HIXSON PIKE + DARTMOUTH,POINT (-85.289314 35.070236)
262,OKNOB + MILNE,POINT (-85.26797 35.04863)
632,SHALLOWFORD + NORTH MOORE,POINT (-85.219154 35.043396)
1701,WEST GORDON + CHICKAMAUGA,POINT (-85.2868 34.984097)
1039,TUNNEL BLVD + LASALLE,POINT (-85.239006 35.041256)
860,BRAINERD RD + HOLIDAY BOWL,POINT (-85.2186 35.01023)
2076,Market & Miller Pk 0,POINT (-85.309494 35.04464)
2134,3rd & Baldwin-1,POINT (-85.29597 35.05021)
351,CHAMBERLAIN + BOONE,POINT (-85.24735 35.06843)
286,3RD + WALNUT,POINT (-85.307335 35.05357)
1846,TUNNEL BLVD + HILLWOOD,POINT (-85.236595 35.048668)
133,ALTON PK BLVD + SHIPP,POINT (-85.3121 35.018856)
971,BRAINERD + GERMANTOWN,POINT (-85.24681 35.024345)
1487,MARKET + 20TH,POINT (-85.3088 35.03081)
1047,DEE DRIVE + EMMA KATE,POINT (-85.24306 35.055332)
1079,GERMANTOWN + RIDGESIDE,POINT (-85.24223 35.031925)
2240,Volkswagen Dr & Erlanger NS-1,POINT (-85.1341 35.07136)
1391,WILLOW + MCCALLIE,POINT (-85.2719 35.03467)
151,WORKMANS + FAGAN,POINT (-85.31166 34.99788)
1148,DODDS + 39TH,POINT (-85.28324 34.997234)
552,HIXSON PK + DUPONT PKWY,POINT (-85.250305 35.117096)
75,52ND + POLK,POINT (-85.31185 34.98939)
1461,MAIN + MARKET,POINT (-85.30713 35.03615)
537,HIXSON PK + RIVERMONT PL,POINT (-85.276695 35.10095)
291,STUART + CHAMBERLAIN,POINT (-85.246475 35.0704)
1474,M.L.KING BLVD + KING,POINT (-85.305016 35.044506)
814,M.L.KING BLVD + PALMETTO,POINT (-85.29734 35.041786)
192,ROANOKE + WILSON,POINT (-85.26482 35.051994)
589,HIXSON PK + BLACK OAK,POINT (-85.27574 35.10153)
1559,DODDS + 48TH,POINT (-85.288345 34.98783)
807,HOUSTON + 10TH,POINT (-85.306206 35.04363)
515,BARTON + RUSSELL,POINT (-85.29162 35.06618)
571,HIXSON PK + WILLIAMS,POINT (-85.24697 35.127186)
136,S MARKET + HOWARD SCHOOL OF ACADEMICS AND TECHNOLOGY,POINT (-85.31155 35.025455)
158,52ND + WILSON,POINT (-85.31004 34.98899)
356,HOLZCLAW + WILSON,POINT (-85.27043 35.05476)
1189,MAIN + MADISON,POINT (-85.298805 35.03292)
332,GLENWOOD + ROBBINS,POINT (-85.25783 35.042583)
1891,HALSEY + USHER,POINT (-85.317 34.98809)
337,CHAMBERLAIN + POLK,POINT (-85.25738 35.050533)
593,HIXSON PK + RIVERMONT,POINT (-85.28235 35.09635)
841,BRAINERD + FOOD LION,POINT (-85.24287 35.022602)
72,DORRIS + 5216,POINT (-85.3159 34.9899)
1086,MAIN + WASHINGTON,POINT (-85.30271 35.03432)
744,MAIN + COWART,POINT (-85.31009 35.03734)
1496,MAIN + MORNINGSIDE,POINT (-85.28283 35.027004)
941,LEE HWY + AIRPORT ROAD,POINT (-85.198074 35.02264)
2163,Broadway & Pollard Westbound,POINT (-85.30158 35.051273)
870,BRAINERD + CONOCO,POINT (-85.20862 35.01596)
266,OKNOB + CLEVELAND,POINT (-85.27081 35.04335)
600,HIXSON PK + WOODHILL,POINT (-85.28976 35.079655)
877,LEE HWY + JIM SNOW WAY,POINT (-85.19433 35.024864)
1075,TUNNEL BLVD + SHALLOWFORD,POINT (-85.24012 35.038383)
1992,Chamberlain & Burton-1,POINT (-85.25368 35.05702)
675,WILCOX + PARKWAY,POINT (-85.23594 35.047016)
1151,DODDS + 36TH,POINT (-85.28197 35.000214)
992,MCCALLIE AVE + ONEAL,POINT (-85.28952 35.041393)
109,38TH + OHLS,POINT (-85.31622 35.007618)
1579,MARKET + FIRST HORIZON BANK (7TH),POINT (-85.30955 35.04812)
598,HIXSON PK + CONTINENTAL,POINT (-85.29024 35.08681)
1459,MARKET + SHUTTLE PARK SOUTH,POINT (-85.307526 35.037987)
1169,DODDS + 16TH,POINT (-85.27054 35.0206)
1116,4TH AVE + 26TH,POINT (-85.28197 35.013763)
297,CAMPBELL + MOON,POINT (-85.243774 35.069496)
1102,MAIN + KELLY,POINT (-85.276344 35.024715)
2277,Bonny Oaks & Canyon Dr-1,POINT (-85.17572 35.074387)
28,MARKET + 26TH,POINT (-85.311485 35.025917)
1535,BROAD + 10TH,POINT (-85.31025 35.0446)
166,MARKET + 5TH,POINT (-85.30945 35.05072)
329,GLENWOOD + 418 GLENWOOD,POINT (-85.26102 35.038692)
760,GROVE + 12TH,POINT (-85.31741 35.044838)
575,HIXSON PK + HIGHWOOD,POINT (-85.25333 35.114964)
846,BRAINERD RD + TUXEDO,POINT (-85.23713 35.01677)
1070,TUNNEL BLVD + GAY,POINT (-85.237816 35.044586)
1096,MAIN + WATAUGA,POINT (-85.285324 35.02787)
1115,4TH AVE + 25TH,POINT (-85.28157 35.014507)
284,3RD + LINDSAY,POINT (-85.30243 35.052513)
933,LEE HWY + TN CHILDREN HOME,POINT (-85.17414 35.037678)
127,33RD + TEEN CHALLENGE,POINT (-85.31904 35.01647)
2244,Frazier & North Market,POINT (-85.308525 35.06271)
2180,Houston & 4th Street,POINT (-85.30167 35.051266)
426,BROAD + M.L.KING,POINT (-85.31055 35.045475)
872,LEE HWY + E BRAINERD ROAD,POINT (-85.2056 35.017826)
389,UNION + WILLOW,POINT (-85.27353 35.03153)
1130,DODDS + 38TH,POINT (-85.28273 34.99835)
851,BRAINERD RD + HANEY,POINT (-85.231155 35.01407)
211,DODSON + CRUTCHFIELD,POINT (-85.254555 35.064117)
712,HOLTZCLAW + 3RD,POINT (-85.27978 35.044167)
1042,TUNNEL BLVD + JONES,POINT (-85.237625 35.0459)
987,MCCALLIE AVE + HOLLY,POINT (-85.27871 35.03741)
182,3RD + HIGHLAND PARK,POINT (-85.27803 35.043102)
890,LEE HWY + PARK,POINT (-85.16422 35.043766)
361,CHAMBERLAIN + LATTA,POINT (-85.2498 35.064075)
1187,MAIN + CENTRAL,POINT (-85.2961 35.0319)
1366,ORCHARD KNOB + CLEVELAND,POINT (-85.270874 35.042946)
970,BRAINERD RD + DOLLAR GENERAL,POINT (-85.24517 35.023632)
1080,GERMANTOWN + ROGERS ROAD,POINT (-85.24301 35.030483)
931,LEE HWY + HICKORY VALLEY,POINT (-85.168755 35.041008)
1713,HOUSTON + MARKET,POINT (-85.30867 35.042)
376,GLENWOOD + PARKWOOD,POINT (-85.25946 35.0399)
216,DODSON + CUSHMAN,POINT (-85.25101 35.070576)
742,MARKET + TVA,POINT (-85.30943 35.043472)
2179,Houston & Vine Street,POINT (-85.303024 35.048912)
1836,NORTH MOORE + SHAWHAN,POINT (-85.219536 35.0378)
1089,MAIN + MADISON,POINT (-85.29888 35.032883)
1424,HIXSON PIKE + WESTWOOD,POINT (-85.28829 35.074284)
2026,Hixson Pk & Forrest Highland-1,POINT (-85.26343 35.11309)
962,BRAINERD RD + SEQUOIA,POINT (-85.233765 35.01528)
580,HIXSON PK + FOREST HIGHLAND,POINT (-85.26339 35.11313)
1589,MARKET + 6TH - COURTS BUILDING,POINT (-85.3095 35.049316)
124,BROAD + 33RD,POINT (-85.32221 35.017433)
562,N POINT BLVD + OWEN CYCLERY,POINT (-85.24419 35.13868)
104,CENTRAL + 38TH,POINT (-85.31068 35.005314)
509,NORTHGATE MALL,POINT (-85.24071 35.128857)
312,3RD + OKNOB,POINT (-85.27216 35.040867)
1162,4TH AVE + 26TH,POINT (-85.28202 35.013542)
628,WILCOX + DOGWOOD,POINT (-85.233635 35.04616)
764,CARTER + 14TH,POINT (-85.31468 35.04022)
342,CHAMBERLAIN + MCRAE,POINT (-85.25317 35.05776)
141,S MARKET + MAIN,POINT (-85.30732 35.035862)
253,ROANOKE + OLIVE,POINT (-85.261604 35.05794)
1136,ENGLISH AVE + 49TH,POINT (-85.28844 34.986923)
795,BROAD + 10TH,POINT (-85.310326 35.04503)
325,GLENWOOD + VINE,POINT (-85.26276 35.033672)
280,3RD + COLLINS,POINT (-85.29432 35.049534)
1545,BRAINERD RD + LABOR READY TEMP AGENCY,POINT (-85.25086 35.02603)
818,M.L.KING BLVD + CENTRAL,POINT (-85.29241 35.03982)
1875,SHALLOWFORD + CENTER,POINT (-85.16039 35.044052)
1860,LEE HWY + HONEST STREET,POINT (-85.20183 35.020348)
101,CENTRAL + 45TH,POINT (-85.3136 34.999947)
25,MARKET + 21ST,POINT (-85.30909 35.030815)
170,4TH + HIGH,POINT (-85.30567 35.052094)
1061,TUNNEL BLVD + GREEN FOR,POINT (-85.23136 35.0574)
546,HIXSON PK + KENSINGTON,POINT (-85.26253 35.11304)
258,ROANOKE + LAURA,POINT (-85.26515 35.051506)
144,MARKET + DRC,POINT (-85.30788 35.040257)
752,BOYNTON + RENAISSANCE,POINT (-85.31913 35.043438)
393,WILLOW + OAK,POINT (-85.2714 35.035507)
413,MCCALLIE + HOUSTON,POINT (-85.304016 35.04688)
833,MCCALLIE AVE + KYLE,POINT (-85.26088 35.030724)
954,BRAINERD RD + PISGAH,POINT (-85.22077 35.010113)
365,CHAMBERLAIN + MCRAE,POINT (-85.25306 35.05813)
1183,MAIN + GULF,POINT (-85.28992 35.02961)
886,LEE HWY + HICKORY VALLEY,POINT (-85.169624 35.04037)
1735,TUNNEL & RIDGSIDE ROAD,POINT (-85.24506 35.032623)
525,HIXSON PK + WOODHILL,POINT (-85.289696 35.079594)
757,BOYNTON + OVERLOOK,POINT (-85.31992 35.04503)
2130,Dodds & Duncan-1,POINT (-85.26436 35.03115)
1358,BROAD + CHARGER,POINT (-85.32385 35.015213)
608,HIXSON PK + MISSISSIPPI,POINT (-85.29306 35.06575)
997,7TH + WALNUT,POINT (-85.307274 35.048447)
984,MCCALLIE AVE + ORCHARD KNOB,POINT (-85.27444 35.03583)
177,3RD + WIEHL,POINT (-85.29074 35.047813)
1494,GERMANTOWN + TERRELL,POINT (-85.24194 35.032528)
372,GLENWOOD + 1101,POINT (-85.25683 35.046326)
1919,GREENWAY VIEW DR + WALMART,POINT (-85.20682 35.00837)
542,HIXSON PK + MAULDETH,POINT (-85.270935 35.109894)
292,CHAMBERLAIN + CUSHMAN,POINT (-85.246925 35.069305)
558,NORTHGATE + PANERA,POINT (-85.24191 35.132244)
1123,DODDS + 30TH,POINT (-85.27819 35.00693)
1655,SHUTTLE PARK NORTHSHORE GARAGE,POINT (-85.30494 35.06249)
848,BRAINERD RD + SWEETBRIAR,POINT (-85.2347 35.01554)
576,HIXSON PK + TACO BELL,POINT (-85.25567 35.114895)
832,BAILEY AVE + DUNCAN,POINT (-85.26599 35.03161)
2131,Dodds & Chamberlain-1,POINT (-85.26483 35.03033)
808,HOUSTON + M.L. KING BLVD,POINT (-85.30576 35.044334)
114,PIROLA + 38TH,POINT (-85.320915 35.009384)
322,BAILEY AVE + LYERLY,POINT (-85.2704 35.03128)
2133,3rd & Hickory-1,POINT (-85.27479 35.04202)
514,BARTON + MISSISSIPPI,POINT (-85.29319 35.065647)
287,3RD + CHERRY,POINT (-85.30842 35.053547)
108,38TH + CHANDLER PLACE,POINT (-85.31449 35.006985)
137,S MARKET + E 25TH,POINT (-85.31099 35.026485)
2055,Market & 12th 0,POINT (-85.309 35.042248)
802,FRAZIER + TREMONT,POINT (-85.30473 35.061653)
2239,Volkswagen Dr & Volkswagen NS-1,POINT (-85.13021 35.075226)
346,CHAMBERLAIN + LATTA,POINT (-85.2498 35.064034)
338,CHAMBERLAIN + WILCOX,POINT (-85.25663 35.051537)
81,ANGELA + 4910,POINT (-85.30489 34.990303)
822,BAILEY AVE + GREENWOOD,POINT (-85.28302 35.035965)
1889,EASTGATE LOOP IB 2ND STOP,POINT (-85.21286 35.00943)
2280,Bonny Oaks & Redlands Dr-1,POINT (-85.19611 35.07476)
526,HIXSON PK + 1814,POINT (-85.28977 35.080544)
2278,Bonny Oaks & Laguana Dr-1,POINT (-85.178604 35.074253)
747,MAIN + CARTER,POINT (-85.31511 35.03917)
1105,MAIN + BUCKLEY,POINT (-85.27172 35.02299)
1555,MARKET + 6TH,POINT (-85.30955 35.04883)
1057,TUNNEL BLVD + TOWERWAY,POINT (-85.228355 35.067154)
563,N POINT BLVD + HIXON PK,POINT (-85.23945 35.135834)
368,CHAMBERLAIN + OCOEE,POINT (-85.25519 35.054207)
588,HIXSON PK + PRES CHURCH,POINT (-85.27496 35.10224)
232,STUART + TAYLOR,POINT (-85.24885 35.071335)
397,3RD + WILLOW,POINT (-85.26954 35.03918)
407,MCCALLIE AVE + BRYAN HOME,POINT (-85.29665 35.044178)
21,MARKET + MAIN,POINT (-85.30732 35.036377)
551,HIXSON PK + YMCA,POINT (-85.251816 35.115196)
265,OKNOB + JACKSON,POINT (-85.27002 35.044827)
1922,RIVERSIDE CENTER,POINT (-85.2809 35.055695)
277,3RD + WIEHL,POINT (-85.29036 35.047817)
603,HIXSON PK + ENGLEWOOD,POINT (-85.28845 35.074566)
948,GREENWAY VIEW DRIVE + MARLIN,POINT (-85.20792 35.010193)
520,HIXSON PK + 1336,POINT (-85.28858 35.07296)
673,WILCOX + DOGWOOD,POINT (-85.23333 35.0461)
174,3RD + SISKIN,POINT (-85.296196 35.05006)
1976,Broad & 6th-1-0,POINT (-85.31042 35.04951)
352,CHAMBERLAIN + CUSHMAN,POINT (-85.246925 35.069187)
837,BRAINERD RD + TUNNEL BLVD,POINT (-85.248795 35.02564)
882,LEE HWY + CUSTORMER DELIGHT,POINT (-85.18032 35.0335)
1820,CORNELISON + POST OFFICE,POINT (-85.21232 35.006294)
1179,MAIN + S HICKORY,POINT (-85.28265 35.026966)
794,BROAD + 5TH,POINT (-85.31075 35.05073)
2086,Northgate & Mall Entrance,POINT (-85.24071 35.128857)
1143,DODDS + 46TH,POINT (-85.28733 34.989685)
980,MCCALLIE AVE + PARKRIDGE,POINT (-85.26846 35.033596)
1421,HIXSON PIKE + REGIONS BANK,POINT (-85.263435 35.1129)
1501,DODDS + 41ST,POINT (-85.28427 34.995335)
191,ROANOKE + COOLEY,POINT (-85.26571 35.05035)
1912,40TH + TEACHER PL,POINT (-85.324135 35.008167)
538,HIXSON PK + RIVERMONT SCHOOL,POINT (-85.27523 35.101913)
815,M.L.KING BLVD + MAGNOLIA,POINT (-85.29636 35.041313)
769,MAIN + LONG,POINT (-85.30842 35.03652)
1127,DODDS + 34TH,POINT (-85.28078 35.00248)
2148,Gunbarrel & Bus Shelter-1,POINT (-85.154236 35.032516)
1537,BROAD + 4TH,POINT (-85.31082 35.052032)
1560,MARKET + WAREHOUSE ROW,POINT (-85.309105 35.04288)
871,BRAINERD + BIG LOTS,POINT (-85.207214 35.016815)
594,HIXSON PK + OZARK,POINT (-85.28529 35.094162)
1074,TUNNEL BLVD + BELMEADE,POINT (-85.24005 35.039326)
827,BAILEY AVE + ORCHARD KNOB,POINT (-85.276245 35.03346)
2245,Brainerd & United Methodist Church,POINT (-85.2355 35.016056)
1097,MAIN + HOLLY,POINT (-85.284225 35.027485)
976,MCCALLIE AVE + LUTHERAN CHURCH,POINT (-85.26163 35.031136)
1152,DODDS + 34TH,POINT (-85.28092 35.00212)
861,BRAINERD RD + EASTGATE DR,POINT (-85.21776 35.01063)
1504,MAIN + BEECH,POINT (-85.27884 35.02572)
2071,Market & epb 0,POINT (-85.309494 35.04515)
272,3RD + HOLTZCLAW,POINT (-85.27965 35.043716)
132,ALTON PK BLVD + 31ST,POINT (-85.312996 35.017273)
44,BI LO + BI LO STOP,POINT (-85.32582 35.01063)
317,WILLOW + VINE,POINT (-85.271 35.036507)
358,HOLZCLAW + CHATTANOOGA HOUSING AUTHORITY,POINT (-85.27711 35.049015)
2223,Brainerd Rd & Old Food City-1,POINT (-85.23831 35.01777)
161,52ND + FAGAN,POINT (-85.31454 34.99054)
150,WILSON + WORKMANS,POINT (-85.30616 34.99567)
333,GLENWOOD + MISSION,POINT (-85.256905 35.04512)
531,HIXSON PK + RIVER HILL,POINT (-85.286865 35.09023)
1394,CHAMBERLAIN + POLK,POINT (-85.25714 35.050648)
842,BRAINERD RD + TALLEY RD,POINT (-85.24156 35.021713)
939,LEE HWY + PROVENCE,POINT (-85.19417 35.025116)
743,MARKET + WILLIAMS,POINT (-85.30883 35.03692)
1109,DODDS + 18TH,POINT (-85.27164 35.01933)
185,ORCHARD KNOB + GARFIELD,POINT (-85.27164 35.041462)
236,DODSON + APPLING,POINT (-85.25272 35.06757)
489,BROAD + 6TH NS,POINT (-85.310455 35.049896)
385,UNION + BUCKLEY,POINT (-85.26766 35.029373)
584,HIXSON PK + MUNRO,POINT (-85.27132 35.10936)
898,HAMILTON PLACE BLVD + STARBUCKS,POINT (-85.155716 35.03974)
1925,VOLKSWAGEN DR,POINT (-85.12735 35.0767)
599,HIXSON PK + E DALLAS,POINT (-85.28989 35.081886)
261,OKNOB + 957,POINT (-85.26719 35.04942)
876,LEE HWY + CHARLES,POINT (-85.19633 35.02363)
631,WILCOX + TALLEY,POINT (-85.2244 35.042976)
178,3RD + CENTRAL,POINT (-85.28857 35.04695)
570,HIXSON PK + CLOVERDALE,POINT (-85.24668 35.128326)
1173,MAIN + LYERLY,POINT (-85.27432 35.023907)
991,MCCALLIE AVE + WARNER PK,POINT (-85.28462 35.039623)
373,GLENWOOD + MISSION,POINT (-85.256935 35.04527)
1845,TUNNEL + MILTON,POINT (-85.23715 35.047672)
1051,NORTH CREST + LIGHT MILL,POINT (-85.241165 35.065506)
1147,DODDS + 42ND,POINT (-85.28502 34.993977)
1706,ROSSVILLE BLVD + 50TH,POINT (-85.28711 34.98551)
1192,MAIN + WILHOIT,POINT (-85.303665 35.034775)
927,SHALLOWFORD RD + CENTER,POINT (-85.15931 35.04392)
380,GLENWOOD + 5TH,POINT (-85.26199 35.035366)
1093,MAIN + GULF,POINT (-85.29015 35.029648)
932,LEE HWY OPPOSITE RYANS,POINT (-85.171455 35.039364)
856,BRAINERD RD + HOWELL,POINT (-85.22502 35.01155)
713,3RD + LOOKOUT,POINT (-85.30654 35.05359)
1475,HOUSTON + M.L. KING BLVD,POINT (-85.30563 35.044533)
390,UNION + BAILEY,POINT (-85.27344 35.031845)
212,DODSON + DAISY,POINT (-85.253456 35.066074)
