Branch Name,Report Month,Report Year,Item Type,Item Count,Report Date,Fiscal Year
Downtown,July,2021,General Items,112955,07/01/2021 12:00:00 AM,2022
Downtown,August,2021,General Items,112938,08/01/2021 12:00:00 AM,2022
Downtown,September,2021,General Items,113378,09/01/2021 12:00:00 AM,2022
Downtown,October,2021,General Items,133946,10/01/2021 12:00:00 AM,2022
Downtown,November,2021,General Items,113878,11/01/2021 12:00:00 AM,2022
Downtown,December,2021,General Items,113606,12/01/2021 12:00:00 AM,2022
Downtown,January,2022,General Items,113525,01/01/2022 12:00:00 AM,2022
Downtown,February,2022,General Items,113791,02/01/2022 12:00:00 AM,2022
Downtown,March,2022,General Items,114018,03/01/2022 12:00:00 AM,2022
Downtown,April,2022,General Items,114503,04/01/2022 12:00:00 AM,2022
Downtown,May,2022,General Items,0,05/01/2022 12:00:00 AM,2022
Downtown,June,2022,General Items,114439,06/01/2022 12:00:00 AM,2022
Eastgate,July,2021,General Items,29020,07/01/2021 12:00:00 AM,2022
Eastgate,August,2021,General Items,29337,08/01/2021 12:00:00 AM,2022
Eastgate,September,2021,General Items,29810,09/01/2021 12:00:00 AM,2022
Eastgate,October,2021,General Items,30373,10/01/2021 12:00:00 AM,2022
Eastgate,November,2021,General Items,29999,11/01/2021 12:00:00 AM,2022
Eastgate,December,2021,General Items,30305,12/01/2021 12:00:00 AM,2022
Eastgate,January,2022,General Items,30234,01/01/2022 12:00:00 AM,2022
Eastgate,February,2022,General Items,30474,02/01/2022 12:00:00 AM,2022
Eastgate,March,2022,General Items,30802,03/01/2022 12:00:00 AM,2022
Eastgate,April,2022,General Items,30706,04/01/2022 12:00:00 AM,2022
Eastgate,May,2022,General Items,0,05/01/2022 12:00:00 AM,2022
Eastgate,June,2022,General Items,28930,06/01/2022 12:00:00 AM,2022
Northgate,July,2021,General Items,40966,07/01/2021 12:00:00 AM,2022
Northgate,August,2021,General Items,40958,08/01/2021 12:00:00 AM,2022
Northgate,September,2021,General Items,41430,09/01/2021 12:00:00 AM,2022
Northgate,October,2021,General Items,42168,10/01/2021 12:00:00 AM,2022
Northgate,November,2021,General Items,41480,11/01/2021 12:00:00 AM,2022
Northgate,December,2021,General Items,41064,12/01/2021 12:00:00 AM,2022
Northgate,January,2022,General Items,40922,01/01/2022 12:00:00 AM,2022
Northgate,February,2022,General Items,41150,02/01/2022 12:00:00 AM,2022
Northgate,March,2022,General Items,41423,03/01/2022 12:00:00 AM,2022
Northgate,April,2022,General Items,41375,04/01/2022 12:00:00 AM,2022
Northgate,May,2022,General Items,0,05/01/2022 12:00:00 AM,2022
Northgate,June,2022,General Items,40721,06/01/2022 12:00:00 AM,2022
Avondale,July,2021,General Items,2991,07/01/2021 12:00:00 AM,2022
Avondale,August,2021,General Items,2962,08/01/2021 12:00:00 AM,2022
Avondale,September,2021,General Items,2939,09/01/2021 12:00:00 AM,2022
Avondale,October,2021,General Items,3013,10/01/2021 12:00:00 AM,2022
Avondale,November,2021,General Items,3322,11/01/2021 12:00:00 AM,2022
Avondale,December,2021,General Items,3463,12/01/2021 12:00:00 AM,2022
Avondale,January,2022,General Items,3585,01/01/2022 12:00:00 AM,2022
Avondale,February,2022,General Items,3675,02/01/2022 12:00:00 AM,2022
Avondale,March,2022,General Items,3803,03/01/2022 12:00:00 AM,2022
Avondale,April,2022,General Items,3828,04/01/2022 12:00:00 AM,2022
Avondale,May,2022,General Items,0,05/01/2022 12:00:00 AM,2022
Avondale,June,2022,General Items,3767,06/01/2022 12:00:00 AM,2022
South Chatt,July,2021,General Items,14010,07/01/2021 12:00:00 AM,2022
South Chatt,August,2021,General Items,13989,08/01/2021 12:00:00 AM,2022
South Chatt,September,2021,General Items,14335,09/01/2021 12:00:00 AM,2022
South Chatt,October,2021,General Items,14724,10/01/2021 12:00:00 AM,2022
South Chatt,November,2021,General Items,14379,11/01/2021 12:00:00 AM,2022
South Chatt,December,2021,General Items,14448,12/01/2021 12:00:00 AM,2022
South Chatt,January,2022,General Items,14380,01/01/2022 12:00:00 AM,2022
South Chatt,February,2022,General Items,14527,02/01/2022 12:00:00 AM,2022
South Chatt,March,2022,General Items,14513,03/01/2022 12:00:00 AM,2022
South Chatt,April,2022,General Items,14278,04/01/2022 12:00:00 AM,2022
South Chatt,May,2022,General Items,0,05/01/2022 12:00:00 AM,2022
South Chatt,June,2022,General Items,14188,06/01/2022 12:00:00 AM,2022
Digital,January,2022,Hoopla: Audiobooks,46896,01/01/2022 12:00:00 AM,2022
Digital,February,2022,Hoopla: Audiobooks,47080,02/01/2022 12:00:00 AM,2022
Digital,March,2022,Hoopla: Audiobooks,46938,03/01/2022 12:00:00 AM,2022
Digital,April,2022,Hoopla: Audiobooks,46020,04/01/2022 12:00:00 AM,2022
Digital,May,2022,Hoopla: Audiobooks,46011,05/01/2022 12:00:00 AM,2022
Digital,June,2022,Hoopla: Audiobooks,46196,06/01/2022 12:00:00 AM,2022
Digital,July,2021,Hoopla: Audiobooks,45667,07/01/2021 12:00:00 AM,2022
Digital,August,2021,Hoopla: Audiobooks,46055,08/01/2021 12:00:00 AM,2022
Digital,September,2021,Hoopla: Audiobooks,46114,09/01/2021 12:00:00 AM,2022
Digital,October,2021,Hoopla: Audiobooks,46310,10/01/2021 12:00:00 AM,2022
Digital,November,2021,Hoopla: Audiobooks,46505,11/01/2021 12:00:00 AM,2022
Digital,December,2021,Hoopla: Audiobooks,46700,12/01/2021 12:00:00 AM,2022
Digital,January,2022,Hoopla: Comics,14918,01/01/2022 12:00:00 AM,2022
Digital,February,2022,Hoopla: Comics,15035,02/01/2022 12:00:00 AM,2022
Digital,March,2022,Hoopla: Comics,15131,03/01/2022 12:00:00 AM,2022
Digital,April,2022,Hoopla: Comics,14017,04/01/2022 12:00:00 AM,2022
Digital,May,2022,Hoopla: Comics,14010,05/01/2022 12:00:00 AM,2022
Digital,June,2022,Hoopla: Comics,14154,06/01/2022 12:00:00 AM,2022
Digital,July,2021,Hoopla: Comics,13998,07/01/2021 12:00:00 AM,2022
Digital,August,2021,Hoopla: Comics,187829,08/01/2021 12:00:00 AM,2022
Digital,September,2021,Hoopla: Comics,14364,09/01/2021 12:00:00 AM,2022
Digital,October,2021,Hoopla: Comics,188139,10/01/2021 12:00:00 AM,2022
Digital,November,2021,Hoopla: Comics,14625,11/01/2021 12:00:00 AM,2022
Digital,December,2021,Hoopla: Comics,14773,12/01/2021 12:00:00 AM,2022
Digital,January,2022,Hoopla: Ebook,188667,01/01/2022 12:00:00 AM,2022
Digital,February,2022,Hoopla: Ebook,188787,02/01/2022 12:00:00 AM,2022
Digital,March,2022,Hoopla: Ebook,188897,03/01/2022 12:00:00 AM,2022
Digital,April,2022,Hoopla: Ebook,187308,04/01/2022 12:00:00 AM,2022
Digital,May,2022,Hoopla: Ebook,187303,05/01/2022 12:00:00 AM,2022
Digital,June,2022,Hoopla: Ebook,187496,06/01/2022 12:00:00 AM,2022
Digital,July,2021,Hoopla: Ebook,187767,07/01/2021 12:00:00 AM,2022
Digital,August,2021,Hoopla: Ebook,14219,08/01/2021 12:00:00 AM,2022
Digital,September,2021,Hoopla: Ebook,187948,09/01/2021 12:00:00 AM,2022
Digital,October,2021,Hoopla: Ebook,14509,10/01/2021 12:00:00 AM,2022
Digital,November,2021,Hoopla: Ebook,188275,11/01/2021 12:00:00 AM,2022
Digital,December,2021,Hoopla: Ebook,188469,12/01/2021 12:00:00 AM,2022
Digital,January,2022,Hoopla: Movies/TV,20057,01/01/2022 12:00:00 AM,2022
Digital,February,2022,Hoopla: Movies/TV,20253,02/01/2022 12:00:00 AM,2022
Digital,March,2022,Hoopla: Movies/TV,20227,03/01/2022 12:00:00 AM,2022
Digital,April,2022,Hoopla: Movies/TV,17352,04/01/2022 12:00:00 AM,2022
Digital,May,2022,Hoopla: Movies/TV,17344,05/01/2022 12:00:00 AM,2022
Digital,June,2022,Hoopla: Movies/TV,17587,06/01/2022 12:00:00 AM,2022
Digital,July,2021,Hoopla: Movies/TV,18779,07/01/2021 12:00:00 AM,2022
Digital,August,2021,Hoopla: Movies/TV,18912,08/01/2021 12:00:00 AM,2022
Digital,September,2021,Hoopla: Movies/TV,19112,09/01/2021 12:00:00 AM,2022
Digital,October,2021,Hoopla: Movies/TV,19112,10/01/2021 12:00:00 AM,2022
Digital,November,2021,Hoopla: Movies/TV,19563,11/01/2021 12:00:00 AM,2022
Digital,December,2021,Hoopla: Movies/TV,19807,12/01/2021 12:00:00 AM,2022
Digital,January,2022,Hoopla: Music,285552,01/01/2022 12:00:00 AM,2022
Digital,February,2022,Hoopla: Music,285614,02/01/2022 12:00:00 AM,2022
Digital,March,2022,Hoopla: Music,285644,03/01/2022 12:00:00 AM,2022
Digital,April,2022,Hoopla: Music,285213,04/01/2022 12:00:00 AM,2022
Digital,May,2022,Hoopla: Music,285213,05/01/2022 12:00:00 AM,2022
Digital,June,2022,Hoopla: Music,285363,06/01/2022 12:00:00 AM,2022
Digital,July,2021,Hoopla: Music,284799,07/01/2021 12:00:00 AM,2022
Digital,August,2021,Hoopla: Music,284945,08/01/2021 12:00:00 AM,2022
Digital,September,2021,Hoopla: Music,285031,09/01/2021 12:00:00 AM,2022
Digital,October,2021,Hoopla: Music,285038,10/01/2021 12:00:00 AM,2022
Digital,November,2021,Hoopla: Music,285303,11/01/2021 12:00:00 AM,2022
Digital,December,2021,Hoopla: Music,285402,12/01/2021 12:00:00 AM,2022
Digital,January,2022,Overdrive Audio,7749,01/01/2022 12:00:00 AM,2022
Digital,February,2022,Overdrive Audio,7934,02/01/2022 12:00:00 AM,2022
Digital,March,2022,Overdrive Audio,8206,03/01/2022 12:00:00 AM,2022
Digital,April,2022,Overdrive Audio,8920,04/01/2022 12:00:00 AM,2022
Digital,May,2022,Overdrive Audio,9138,05/01/2022 12:00:00 AM,2022
Digital,June,2022,Overdrive Audio,9138,06/01/2022 12:00:00 AM,2022
Digital,July,2021,Overdrive Audio,6291,07/01/2021 12:00:00 AM,2022
Digital,August,2021,Overdrive Audio,6419,08/01/2021 12:00:00 AM,2022
Digital,September,2021,Overdrive Audio,6719,09/01/2021 12:00:00 AM,2022
Digital,October,2021,Overdrive Audio,7351,10/01/2021 12:00:00 AM,2022
Digital,November,2021,Overdrive Audio,7554,11/01/2021 12:00:00 AM,2022
Digital,December,2021,Overdrive Audio,7629,12/01/2021 12:00:00 AM,2022
Digital,January,2022,Overdrive Ebook,15247,01/01/2022 12:00:00 AM,2022
Digital,February,2022,Overdrive Ebook,15353,02/01/2022 12:00:00 AM,2022
Digital,March,2022,Overdrive Ebook,15562,03/01/2022 12:00:00 AM,2022
Digital,April,2022,Overdrive Ebook,16401,04/01/2022 12:00:00 AM,2022
Digital,May,2022,Overdrive Ebook,16661,05/01/2022 12:00:00 AM,2022
Digital,June,2022,Overdrive Ebook,16661,06/01/2022 12:00:00 AM,2022
Digital,July,2021,Overdrive Ebook,13516,07/01/2021 12:00:00 AM,2022
Digital,August,2021,Overdrive Ebook,13840,08/01/2021 12:00:00 AM,2022
Digital,September,2021,Overdrive Ebook,14265,09/01/2021 12:00:00 AM,2022
Digital,October,2021,Overdrive Ebook,14946,10/01/2021 12:00:00 AM,2022
Digital,November,2021,Overdrive Ebook,15203,11/01/2021 12:00:00 AM,2022
Digital,December,2021,Overdrive Ebook,15238,12/01/2021 12:00:00 AM,2022
Downtown,July,2022,General Items,114774,07/01/2022 12:00:00 AM,2023
Downtown,August,2022,General Items,114953,08/01/2022 12:00:00 AM,2023
Downtown,September,2022,General Items,,09/01/2022 12:00:00 AM,2023
Downtown,October,2022,General Items,,10/01/2022 12:00:00 AM,2023
Downtown,November,2022,General Items,,11/01/2022 12:00:00 AM,2023
Downtown,December,2022,General Items,,12/01/2022 12:00:00 AM,2023
Downtown,January,2023,General Items,,01/01/2023 12:00:00 AM,2023
Downtown,February,2023,General Items,,02/01/2023 12:00:00 AM,2023
Downtown,March,2023,General Items,,03/01/2023 12:00:00 AM,2023
Downtown,April,2023,General Items,,04/01/2023 12:00:00 AM,2023
Downtown,May,2023,General Items,,05/01/2023 12:00:00 AM,2023
Downtown,June,2023,General Items,,06/01/2023 12:00:00 AM,2023
Eastgate,July,2022,General Items,29359,07/01/2022 12:00:00 AM,2023
Eastgate,August,2022,General Items,29061,08/01/2022 12:00:00 AM,2023
Eastgate,September,2022,General Items,,09/01/2022 12:00:00 AM,2023
Eastgate,October,2022,General Items,,10/01/2022 12:00:00 AM,2023
Eastgate,November,2022,General Items,,11/01/2022 12:00:00 AM,2023
Eastgate,December,2022,General Items,,12/01/2022 12:00:00 AM,2023
Eastgate,January,2023,General Items,,01/01/2023 12:00:00 AM,2023
Eastgate,February,2023,General Items,,02/01/2023 12:00:00 AM,2023
Eastgate,March,2023,General Items,,03/01/2023 12:00:00 AM,2023
Eastgate,April,2023,General Items,,04/01/2023 12:00:00 AM,2023
Eastgate,May,2023,General Items,,05/01/2023 12:00:00 AM,2023
Eastgate,June,2023,General Items,,06/01/2023 12:00:00 AM,2023
Northgate,July,2022,General Items,40753,07/01/2022 12:00:00 AM,2023
Northgate,August,2022,General Items,40864,08/01/2022 12:00:00 AM,2023
Northgate,September,2022,General Items,,09/01/2022 12:00:00 AM,2023
Northgate,October,2022,General Items,,10/01/2022 12:00:00 AM,2023
Northgate,November,2022,General Items,,11/01/2022 12:00:00 AM,2023
Northgate,December,2022,General Items,,12/01/2022 12:00:00 AM,2023
Northgate,January,2023,General Items,,01/01/2023 12:00:00 AM,2023
Northgate,February,2023,General Items,,02/01/2023 12:00:00 AM,2023
Northgate,March,2023,General Items,,03/01/2023 12:00:00 AM,2023
Northgate,April,2023,General Items,,04/01/2023 12:00:00 AM,2023
Northgate,May,2023,General Items,,05/01/2023 12:00:00 AM,2023
Northgate,June,2023,General Items,,06/01/2023 12:00:00 AM,2023
Avondale,July,2022,General Items,3683,07/01/2022 12:00:00 AM,2023
Avondale,August,2022,General Items,3706,08/01/2022 12:00:00 AM,2023
Avondale,September,2022,General Items,,09/01/2022 12:00:00 AM,2023
Avondale,October,2022,General Items,,10/01/2022 12:00:00 AM,2023
Avondale,November,2022,General Items,,11/01/2022 12:00:00 AM,2023
Avondale,December,2022,General Items,,12/01/2022 12:00:00 AM,2023
Avondale,January,2023,General Items,,01/01/2023 12:00:00 AM,2023
Avondale,February,2023,General Items,,02/01/2023 12:00:00 AM,2023
Avondale,March,2023,General Items,,03/01/2023 12:00:00 AM,2023
Avondale,April,2023,General Items,,04/01/2023 12:00:00 AM,2023
Avondale,May,2023,General Items,,05/01/2023 12:00:00 AM,2023
Avondale,June,2023,General Items,,06/01/2023 12:00:00 AM,2023
South Chatt,July,2022,General Items,14328,07/01/2022 12:00:00 AM,2023
South Chatt,August,2022,General Items,14031,08/01/2022 12:00:00 AM,2023
South Chatt,September,2022,General Items,,09/01/2022 12:00:00 AM,2023
South Chatt,October,2022,General Items,,10/01/2022 12:00:00 AM,2023
South Chatt,November,2022,General Items,,11/01/2022 12:00:00 AM,2023
South Chatt,December,2022,General Items,,12/01/2022 12:00:00 AM,2023
South Chatt,January,2023,General Items,,01/01/2023 12:00:00 AM,2023
South Chatt,February,2023,General Items,,02/01/2023 12:00:00 AM,2023
South Chatt,March,2023,General Items,,03/01/2023 12:00:00 AM,2023
South Chatt,April,2023,General Items,,04/01/2023 12:00:00 AM,2023
South Chatt,May,2023,General Items,,05/01/2023 12:00:00 AM,2023
South Chatt,June,2023,General Items,,06/01/2023 12:00:00 AM,2023
Digital,January,2023,Hoopla: Audiobooks,,01/01/2023 12:00:00 AM,2023
Digital,February,2023,Hoopla: Audiobooks,,02/01/2023 12:00:00 AM,2023
Digital,March,2023,Hoopla: Audiobooks,,03/01/2023 12:00:00 AM,2023
Digital,April,2023,Hoopla: Audiobooks,,04/01/2023 12:00:00 AM,2023
Digital,May,2023,Hoopla: Audiobooks,,05/01/2023 12:00:00 AM,2023
Digital,June,2023,Hoopla: Audiobooks,,06/01/2023 12:00:00 AM,2023
Digital,July,2022,Hoopla: Audiobooks,46637,07/01/2022 12:00:00 AM,2023
Digital,August,2022,Hoopla: Audiobooks,46801,08/01/2022 12:00:00 AM,2023
Digital,September,2022,Hoopla: Audiobooks,,09/01/2022 12:00:00 AM,2023
Digital,October,2022,Hoopla: Audiobooks,,10/01/2022 12:00:00 AM,2023
Digital,November,2022,Hoopla: Audiobooks,,11/01/2022 12:00:00 AM,2023
Digital,December,2022,Hoopla: Audiobooks,,12/01/2022 12:00:00 AM,2023
Digital,January,2023,Hoopla: Comics,,01/01/2023 12:00:00 AM,2023
Digital,February,2023,Hoopla: Comics,,02/01/2023 12:00:00 AM,2023
Digital,March,2023,Hoopla: Comics,,03/01/2023 12:00:00 AM,2023
Digital,April,2023,Hoopla: Comics,,04/01/2023 12:00:00 AM,2023
Digital,May,2023,Hoopla: Comics,,05/01/2023 12:00:00 AM,2023
Digital,June,2023,Hoopla: Comics,,06/01/2023 12:00:00 AM,2023
Digital,July,2022,Hoopla: Comics,14376,07/01/2022 12:00:00 AM,2023
Digital,August,2022,Hoopla: Comics,14507,08/01/2022 12:00:00 AM,2023
Digital,September,2022,Hoopla: Comics,,09/01/2022 12:00:00 AM,2023
Digital,October,2022,Hoopla: Comics,,10/01/2022 12:00:00 AM,2023
Digital,November,2022,Hoopla: Comics,,11/01/2022 12:00:00 AM,2023
Digital,December,2022,Hoopla: Comics,,12/01/2022 12:00:00 AM,2023
Digital,January,2023,Hoopla: Ebook,,01/01/2023 12:00:00 AM,2023
Digital,February,2023,Hoopla: Ebook,,02/01/2023 12:00:00 AM,2023
Digital,March,2023,Hoopla: Ebook,,03/01/2023 12:00:00 AM,2023
Digital,April,2023,Hoopla: Ebook,,04/01/2023 12:00:00 AM,2023
Digital,May,2023,Hoopla: Ebook,,05/01/2023 12:00:00 AM,2023
Digital,June,2023,Hoopla: Ebook,,06/01/2023 12:00:00 AM,2023
Digital,July,2022,Hoopla: Ebook,187609,07/01/2022 12:00:00 AM,2023
Digital,August,2022,Hoopla: Ebook,187749,08/01/2022 12:00:00 AM,2023
Digital,September,2022,Hoopla: Ebook,,09/01/2022 12:00:00 AM,2023
Digital,October,2022,Hoopla: Ebook,,10/01/2022 12:00:00 AM,2023
Digital,November,2022,Hoopla: Ebook,,11/01/2022 12:00:00 AM,2023
Digital,December,2022,Hoopla: Ebook,,12/01/2022 12:00:00 AM,2023
Digital,January,2023,Hoopla: Movies/TV,,01/01/2023 12:00:00 AM,2023
Digital,February,2023,Hoopla: Movies/TV,,02/01/2023 12:00:00 AM,2023
Digital,March,2023,Hoopla: Movies/TV,,03/01/2023 12:00:00 AM,2023
Digital,April,2023,Hoopla: Movies/TV,,04/01/2023 12:00:00 AM,2023
Digital,May,2023,Hoopla: Movies/TV,,05/01/2023 12:00:00 AM,2023
Digital,June,2023,Hoopla: Movies/TV,,06/01/2023 12:00:00 AM,2023
Digital,July,2022,Hoopla: Movies/TV,17561,07/01/2022 12:00:00 AM,2023
Digital,August,2022,Hoopla: Movies/TV,17716,08/01/2022 12:00:00 AM,2023
Digital,September,2022,Hoopla: Movies/TV,,09/01/2022 12:00:00 AM,2023
Digital,October,2022,Hoopla: Movies/TV,,10/01/2022 12:00:00 AM,2023
Digital,November,2022,Hoopla: Movies/TV,,11/01/2022 12:00:00 AM,2023
Digital,December,2022,Hoopla: Movies/TV,,12/01/2022 12:00:00 AM,2023
Digital,January,2023,Hoopla: Music,,01/01/2023 12:00:00 AM,2023
Digital,February,2023,Hoopla: Music,,02/01/2023 12:00:00 AM,2023
Digital,March,2023,Hoopla: Music,,03/01/2023 12:00:00 AM,2023
Digital,April,2023,Hoopla: Music,,04/01/2023 12:00:00 AM,2023
Digital,May,2023,Hoopla: Music,,05/01/2023 12:00:00 AM,2023
Digital,June,2023,Hoopla: Music,,06/01/2023 12:00:00 AM,2023
Digital,July,2022,Hoopla: Music,285508,07/01/2022 12:00:00 AM,2023
Digital,August,2022,Hoopla: Music,285651,08/01/2022 12:00:00 AM,2023
Digital,September,2022,Hoopla: Music,,09/01/2022 12:00:00 AM,2023
Digital,October,2022,Hoopla: Music,,10/01/2022 12:00:00 AM,2023
Digital,November,2022,Hoopla: Music,,11/01/2022 12:00:00 AM,2023
Digital,December,2022,Hoopla: Music,,12/01/2022 12:00:00 AM,2023
Digital,January,2023,Overdrive Audio,,01/01/2023 12:00:00 AM,2023
Digital,February,2023,Overdrive Audio,,02/01/2023 12:00:00 AM,2023
Digital,March,2023,Overdrive Audio,,03/01/2023 12:00:00 AM,2023
Digital,April,2023,Overdrive Audio,,04/01/2023 12:00:00 AM,2023
Digital,May,2023,Overdrive Audio,,05/01/2023 12:00:00 AM,2023
Digital,June,2023,Overdrive Audio,,06/01/2023 12:00:00 AM,2023
Digital,July,2022,Overdrive Audio,9410,07/01/2022 12:00:00 AM,2023
Digital,August,2022,Overdrive Audio,9631,08/01/2022 12:00:00 AM,2023
Digital,September,2022,Overdrive Audio,,09/01/2022 12:00:00 AM,2023
Digital,October,2022,Overdrive Audio,,10/01/2022 12:00:00 AM,2023
Digital,November,2022,Overdrive Audio,,11/01/2022 12:00:00 AM,2023
Digital,December,2022,Overdrive Audio,,12/01/2022 12:00:00 AM,2023
Digital,January,2023,Overdrive Ebook,,01/01/2023 12:00:00 AM,2023
Digital,February,2023,Overdrive Ebook,,02/01/2023 12:00:00 AM,2023
Digital,March,2023,Overdrive Ebook,,03/01/2023 12:00:00 AM,2023
Digital,April,2023,Overdrive Ebook,,04/01/2023 12:00:00 AM,2023
Digital,May,2023,Overdrive Ebook,,05/01/2023 12:00:00 AM,2023
Digital,June,2023,Overdrive Ebook,,06/01/2023 12:00:00 AM,2023
Digital,July,2022,Overdrive Ebook,16843,07/01/2022 12:00:00 AM,2023
Digital,August,2022,Overdrive Ebook,17098,08/01/2022 12:00:00 AM,2023
Digital,September,2022,Overdrive Ebook,,09/01/2022 12:00:00 AM,2023
Digital,October,2022,Overdrive Ebook,,10/01/2022 12:00:00 AM,2023
Digital,November,2022,Overdrive Ebook,,11/01/2022 12:00:00 AM,2023
Digital,December,2022,Overdrive Ebook,,12/01/2022 12:00:00 AM,2023
