Service Request Key,Created Date,Due At,Completed At,On Time Indicator,Department,Request Type,Description,Request Type Code,Status Code,Intake Form,Actual Days to Complete - Working,SLA FY 2019,isPublic,Council District,PublicLocation
13784906,05/30/2023 06:54:14 PM,06/08/2023 06:54:14 PM,06/06/2023 02:07:43 PM,Yes,PW - Streets,Driveway,The street curb is cracking and sinking in front of my driveway. It is also a trip hazard.,NONE,O-CLOSED,iOS,5,8,yes,3,POINT (-85.199638 35.160008)
15081525,03/13/2024 10:47:03 AM,03/20/2024 10:47:03 AM,,N/A,,Miscellaneous Facilities Maintenance Requests,There are 6 tiles in various places with the center that are broken and are a trip hazard. I was only able to upload 3 pictures. https://drive.google.com/open?id=1DAZ_kvIF55wWr0f5Jc4OdynIC0_xEHEH  https://drive.google.com/open?id=1CzA-EHwZGY1IF4CyPBSQ7fyouoUUqR5Z  https://drive.google.com/open?id=1cly0st3FSeZLOy-adQTAYRHHlZB0A8yp,EMERGENCY,O-OPEN,gov.publicstuff.com,,,yes,9,POINT (-85.260876363 35.036724861)
10106934,05/24/2021 01:44:27 PM,07/05/2021 01:44:27 PM,05/27/2021 02:23:52 PM,Yes,DE - Design Engineering,Sidewalks,The sidewalk is raised in sections in various areas in front of the building and is creating trip hazards.,NONE,O-CLOSED,gov.publicstuff.com,3,,yes,7,POINT (-85.304336244425 35.049446359151)
10426539,07/15/2021 07:10:26 AM,08/26/2021 07:10:26 AM,10/04/2021 08:27:17 AM,No,,Contractor Complaint,"The shopping center that contains Whole Foods and Nooga Paws   The automatic,  handicapped entrance door to the elevator is not operable from inside or outside.  This makes it extremely difficult to move the heavy door for anyone with a walker, crutches, or brace to access the physical therapy office on the second floor. Have requested the owner address, but would appreciate someone looking into the issue. The brick pavers and entry rug create a trip hazard as well, for anyone with a walking-related disability.",NONE,O-CLOSED,iOS,57,,no,1,
10207401,06/09/2021 08:15:29 PM,07/21/2021 08:15:29 PM,06/14/2021 01:56:42 PM,Yes,DE - Design Engineering,Sidewalks,Trip hazard /who is responsible if some one trips and falls from this wiring on the sidewalk.,NONE,O-CLOSED,iOS,2,,yes,8,POINT (-85.270869 35.036583)
10496328,07/26/2021 03:13:41 PM,07/27/2021 03:13:41 PM,07/26/2021 03:18:51 PM,Yes,PW - Wastewater,Manhole Cover,"I am the property manager for the SunTrust building at 736 Market Street. We have noticed that one of the sidewalk vault covers on Cherry Street behind the building has bowed up pretty bad, about 6  and is a trip hazard. Can you please have this looked at immediately?",EMERGENCY,O-CLOSED,gov.publicstuff.com,0,,yes,7,POINT (-85.309442799602 35.047886288049)
10977667,10/15/2021 01:55:03 PM,11/22/2021 01:55:03 PM,11/22/2021 08:39:04 AM,Yes,DE - Design Engineering,Sidewalks,Please have someone repair the crumbling sidewalk and curb at 736 Market St and 8th St. It s a trip hazard.,NONE,O-CLOSED,gov.publicstuff.com,26,,yes,7,POINT (-85.309442799602 35.047886288049)
10929146,10/06/2021 02:24:21 PM,11/15/2021 02:24:21 PM,10/27/2021 10:32:38 AM,Yes,DE - Design Engineering,Sidewalks,The sidewalk in front of the property is crumbling to pieces and is a serious trip hazard.,NONE,O-CLOSED,gov.publicstuff.com,15,,yes,4,POINT (-85.149051630112 34.994284415457)
10759268,09/07/2021 09:33:32 AM,10/15/2021 09:33:32 AM,09/09/2021 12:35:37 PM,Yes,DE - Design Engineering,Sidewalks,This is trip hazard on the sidewalk section  near the left hand f my driveway,NONE,O-CLOSED,gov.publicstuff.com,2,,yes,4,POINT (-85.13405078374 35.040455711597)
10890761,09/29/2021 12:32:39 PM,11/10/2021 12:32:39 PM,09/29/2021 02:42:37 PM,Yes,,Contractor Complaint,contractor left a sinkhole beside the sidewalk   Trip Hazardous  near business merchants say a child can trip in it and fall in traffic.,NONE,O-CLOSED,Android (Staff),0,,no,7,
11274736,12/20/2021 09:47:33 AM,01/27/2022 09:47:33 AM,01/25/2022 01:38:31 PM,Yes,DE - Design Engineering,Sidewalks,This is by the bus stop. TRIP HAZARD,NONE,O-CLOSED,iOS,26,,yes,7,POINT (-85.309409 35.046428)
11069500,11/03/2021 10:02:20 AM,12/10/2021 10:02:20 AM,12/09/2021 12:56:48 PM,Yes,DE - Design Engineering,Sidewalks,tree roots and pushing up the sidewalk making it a trip hazard. Brick sidewalk.,EMERGENCY,O-CLOSED,gov.publicstuff.com,26,,yes,7,POINT (-85.309703705062 35.055318405878)
11249904,12/14/2021 10:06:59 AM,01/21/2022 10:06:59 AM,01/14/2022 02:48:37 PM,Yes,DE - Design Engineering,Sidewalks,Electrical/communication panel is offset with the surrounding sidewalk. There's at least a 2-3  change creating a trip hazard.,NONE,O-CLOSED,gov.publicstuff.com,23,,yes,8,POINT (-85.307882252217 35.043339724281)
11205689,12/03/2021 08:56:55 AM,01/12/2022 08:56:55 AM,01/12/2022 02:48:12 PM,No,DE - Design Engineering,Sidewalks,trip hazard where we take walks,NONE,O-CLOSED,Iframe,28,,yes,2,POINT (-85.265949752959 35.105706518466)
11027436,10/26/2021 09:52:39 AM,11/05/2021 09:52:39 AM,10/29/2021 03:20:15 PM,Yes,PW - Streets,Potholes,Several potholes cross walk Trip Hazardous,EMERGENCY,O-CLOSED,Android (Staff),3,5,yes,8,POINT (-85.307419238347 35.04412922344)
12751861,10/06/2022 04:05:12 PM,11/15/2022 04:05:12 PM,10/18/2022 01:55:40 PM,Yes,DE - Design Engineering,Sidewalks,"Big step down, causes trip hazard.",NONE,O-CLOSED,iOS,8,,yes,6,POINT (-85.232498 35.013062)
12754718,10/07/2022 11:20:25 AM,10/14/2022 11:20:25 AM,10/10/2022 08:11:57 AM,Yes,PW - Parks,Public Park Work Request,"Ref: previous park service request 12363195  City green space cleanup needed.  The chairs remain, some broken now, as well as an unused hammock stand, shoe, and cable/lock attached to a tree which is a trip hazard.   The area residents have been requested to remove those that belong to them and have been notified of the city agreement which I will email to James.  No one claimed the items so they can be removed.  Please remove all these items per the city agreement.",URGENT,O-CLOSED,Iframe,1,,yes,7,POINT (-85.322922979083 35.05219990578)
2271410,01/21/2017 04:55:50 PM,06/18/2018 04:55:50 PM,02/15/2017 12:30:59 PM,Yes,CDOT - Chattanooga Department of Transportation,Sidewalks,"Broken, trip hazard",URGENT,O-CLOSED,iOS,18,,yes,9,POINT (-85.275643 35.034083)
2727224,06/06/2017 11:14:07 AM,06/13/2017 11:14:07 AM,06/08/2017 03:36:30 PM,Yes,PW - Stormwater,Erosion and Drainage,"The ditch that is in the back yard is lined with rip rap rock and is a safety hazard to our kids.  There have been snakes, flooding, erosion, and trip hazards due to the rocks.  I would suggest installing a culvert and covering it up.  Thanks.  The pin that is dropped on the map is the house next door which isn't ours.  Please feel free to contact me if you have any questions.  Thanks.",URGENT,O-CLOSED,Iframe,2,5,yes,2,POINT (-85.288834963773 35.094780400129)
3232065,09/25/2017 04:01:29 PM,02/18/2019 04:01:29 PM,09/26/2017 12:27:35 PM,Yes,DE - Design Engineering,Sidewalks,the metal at the curb is exposed and is a trip hazard,NONE,O-CLOSED,gov.publicstuff.com,1,,yes,8,POINT (-85.287114939078 35.026264952563)
2546213,04/19/2017 12:09:39 PM,06/23/2017 12:09:39 PM,06/23/2017 08:38:48 AM,Yes,PW - Parks,Public Park Work Request,pushed up asphalt on walking track a trip hazard. South end,URGENT,O-CLOSED,gov.publicstuff.com,47,,yes,5,POINT (-85.176056485484 35.085715882258)
2290793,01/25/2017 09:24:46 AM,01/26/2017 09:24:46 AM,01/25/2017 10:46:59 AM,Yes,DO NOT USE!!  CWS - Citywide Services PLEASE USE PW and appropriate department,Manhole Cover,The small manhole  on the sidewalk lid is missing creating a trip hazard for elementary children that walk the sidewalk everyday. East Lake Montesori Preschool. dispatch notified,EMERGENCY,O-CLOSED,gov.publicstuff.com,0,,yes,7,POINT (-85.2812525 34.9985583)
2489799,04/01/2017 04:52:35 PM,04/10/2017 04:52:35 PM,06/19/2017 03:30:18 PM,No,PW - Forestry,Tree Problem,"two trees in between roadway and sidewalk were cut by EPB,  the stumps are sticking up and a danger to sidewalk and trip hazard, can city grind stumps down to ground level on public right of way",URGENT,O-CLOSED,Iframe,56,4,yes,7,POINT (-85.330413720025 34.998530902794)
3123682,09/06/2017 10:14:23 AM,09/13/2017 10:14:23 AM,09/07/2017 08:49:36 AM,Yes,PW - Stormwater,Storm Grates,Trip hazard,URGENT,O-CLOSED,Iframe,1,5,yes,7,POINT (-85.312614332078 35.007010758213)
3245025,09/28/2017 08:59:47 AM,10/12/2017 08:59:47 AM,09/28/2017 09:19:48 AM,Yes,PW - Streets,Potholes,located on the corner of MLK and Broad Street Southbound trip hazards while pedestrian crossing the road.,URGENT,O-CLOSED,Android,0,5,yes,8,POINT (-85.296207897917 35.041263186078)
2208443,12/28/2016 02:46:43 PM,05/23/2018 02:46:43 PM,01/09/2017 02:55:47 PM,Yes,DE - Design Engineering,Sidewalks,"sidewalk was broken trip hazard because of tree in tree lawn that city removed.  when new house was constructed at 601 Colville broken sidewalk removed, now city needs to replace as agreed in 2014.",URGENT,O-CLOSED,Android,8,,yes,2,POINT (-85.300792 35.069738)
3134771,09/08/2017 09:01:48 AM,09/22/2017 09:01:48 AM,09/12/2017 02:49:00 PM,Yes,PW - Streets,Potholes,"Pothole is in lower parking lot at Human Svs, at entrance door, trip hazard,",EMERGENCY,O-CLOSED,gov.publicstuff.com,2,5,yes,7,POINT (-85.315494537998 35.043353336132)
2357801,02/17/2017 12:44:35 PM,03/10/2017 12:44:35 PM,02/21/2017 11:39:19 AM,Yes,DO NOT USE!!  CWS - Citywide Services PLEASE USE PW and appropriate department,Storm Drainage Problems,Per Inspector Branum this is an open hole where someone can fall in......trip hazard,URGENT,O-CLOSED,gov.publicstuff.com,2,7,yes,3,POINT (-85.199398 35.0914)
2664660,05/21/2017 11:13:09 PM,10/15/2018 11:13:09 PM,05/23/2017 12:47:40 PM,Yes,PW - Streets,Sidewalks,Sidewalks need to be cleared of vegetation and debris along Hixson pike for running it causes a trip hazard around this area.,URGENT,O-CLOSED,iOS,1,,no,3,
3639048,01/11/2018 10:48:34 AM,01/25/2018 10:48:34 AM,01/18/2018 06:51:00 AM,Yes,PW - Streets,Potholes,Trip hazards on a crosswalk.,URGENT,O-CLOSED,Android,5,5,yes,8,POINT (-85.306591875851 35.045812267107)
4112027,04/30/2018 02:15:01 PM,09/23/2019 02:15:01 PM,05/02/2018 02:35:48 PM,Yes,,Sidewalks,bricks raised up causing trip hazard,NONE,O-CLOSED,gov.publicstuff.com,2,,yes,8,POINT (-85.295561373967 35.041018223742)
4108767,04/30/2018 09:32:17 AM,05/07/2018 09:32:17 AM,05/04/2018 09:48:16 AM,Yes,,Erosion and Drainage,North River Soccer Complex - sinkholes/erosion around several drain basins.  Possible trip hazard.  Large tournament scheduled for first weekend in May,URGENT,O-CLOSED,iOS,4,5,yes,2,POINT (-85.249486 35.111286)
4781601,09/02/2018 01:02:53 PM,01/27/2020 01:02:53 PM,09/06/2018 11:40:25 AM,Yes,DE - Design Engineering,Sidewalks,Tree roots appeared to push the sidewalk up. Significant trip hazard and makes the sidewalk inaccessible for those using a wheelchair.,URGENT,O-CLOSED,iOS,4,,yes,9,POINT (-85.276086 35.036368)
4016621,04/10/2018 12:39:07 PM,09/03/2019 12:39:07 PM,04/10/2018 12:58:13 PM,Yes,DE - Design Engineering,Sidewalks,Sidewalk has raised up in places causing trip hazards.,URGENT,O-CLOSED,iOS,0,,yes,6,POINT (-85.232526 35.013078)
3700524,01/26/2018 09:29:40 AM,02/09/2018 09:29:40 AM,02/13/2018 10:24:24 AM,No,CDOT - Chattanooga Department of Transportation,Potholes,Trip hazards intersection across from St John's .,URGENT,O-CLOSED,Android,12,5,yes,8,POINT (-85.307517263232 35.039605344318)
3619154,01/06/2018 01:27:41 PM,01/22/2018 01:27:41 PM,01/10/2018 09:07:18 AM,Yes,PW - Streets,Potholes,located at the intersection of Frazier and Tremont multiple potholes at the cross walking possible trip hazards,URGENT,O-CLOSED,Android,3,5,yes,2,POINT (-85.30617502654 35.062230260198)
4498316,07/11/2018 04:35:29 PM,07/16/2018 04:35:29 PM,07/16/2018 08:44:43 AM,Yes,DE - Design Engineering,Public Park Work Request,Board in pedestrian walkway coming up.  Trip Hazard,URGENT,O-CLOSED,Iframe,3,,yes,7,POINT (-85.309336940082 35.058478431833)
3711851,01/29/2018 04:11:09 PM,03/23/2018 04:11:09 PM,03/12/2018 01:01:46 PM,Yes,PW - Facilities Management,Electrical or Lighting Service Request,"Please have facilities maintenance repair floor outlet covers in the mayors office that are a trip hazard. Justin Holland Administrator City of Chattanooga | Department of Public Works  ---------- Forwarded message ---------- From: Justin Holland <jholland@chattanooga.gov> Date: Mon, Jan 29, 2018 at 10:41 AM Subject: Trip Hazard in Mayors large conference room",STANDARD,O-CLOSED,gov.publicstuff.com,30,,yes,8,POINT (-85.307900045304 35.043437153337)
4853943,09/17/2018 10:19:18 AM,09/24/2018 10:19:18 AM,09/18/2018 09:32:33 AM,Yes,PW - Streets,Potholes,Potholes along side of street are a trip hazard.,EMERGENCY,O-CLOSED,gov.publicstuff.com,1,5,yes,7,POINT (-85.283607660881 34.989350268548)
4009048,04/09/2018 09:50:22 AM,09/02/2019 09:50:22 AM,04/09/2018 10:38:54 AM,Yes,DE - Design Engineering,Sidewalks,This issue was reported back in 2014 and according to the citizen nothing has been done to correct the problem.  This Glenwood sidewalk here is broken from a large tree and the gap is over 6 inches! Really a dangerous trip hazard. And none of the 4 corners of this intersection have handicap access either. 4th St and Derby.,NONE,O-CLOSED,gov.publicstuff.com,0,,yes,9,POINT (-85.264498644767 35.036936218454)
4914006,09/28/2018 08:07:57 AM,02/21/2020 08:07:57 AM,10/02/2018 11:13:15 AM,Yes,DE - Design Engineering,Sidewalks,Trip hazards,URGENT,O-CLOSED,Android,2,,yes,7,POINT (-85.311548149282 35.047023726091)
3744441,02/06/2018 03:01:44 PM,07/02/2019 03:01:44 PM,02/08/2018 12:29:38 PM,Yes,DE - Design Engineering,Sidewalks,Dislodged brick pavers are a trip hazard,URGENT,O-CLOSED,iOS (Staff),2,,yes,8,POINT (-85.305764 35.044798)
4774655,08/31/2018 10:45:54 AM,09/11/2018 10:45:54 AM,09/07/2018 12:03:18 PM,Yes,PW - Facilities Management,Miscellaneous Facilities Maintenance Requests,Carpet squares in the HR conference room in front of credenza have been dislodged and have created a trip hazard,URGENT,O-CLOSED,gov.publicstuff.com,5,,yes,8,POINT (-85.307900045795 35.043437156219)
4286637,06/03/2018 11:47:56 AM,10/28/2019 11:47:56 AM,06/13/2018 08:35:46 AM,Yes,CDOT - Chattanooga Department of Transportation,Sidewalks,Will Springfield Ass. General Manager Trip hazards general manager complaint several times has been damaged. 423 777 5858,URGENT,O-CLOSED,Android,8,,yes,7,POINT (-85.311698236652 35.051791645936)
3676415,01/21/2018 09:39:45 AM,02/05/2018 09:39:45 AM,01/29/2018 09:35:34 AM,Yes,PW - Streets,Potholes,Trip hazardous at this intersection multiple potholes,URGENT,O-CLOSED,Android,6,5,yes,7,POINT (-85.3102958634 35.044796773072)
4272105,05/31/2018 11:41:45 AM,07/13/2018 11:41:45 AM,06/28/2018 08:10:24 AM,Yes,PW - Facilities Management,Miscellaneous Facilities Maintenance Requests,"HAZARD---PLEASE READ----the steps going down to the pool, middle of second set of steps has a few treads coming off, breaking off and coming loose--causing a trip hazard--need fixing ASAP--also elevator is always dirty needs a good cleaning--@ the BRAINERD REC CENTER 1010 Moore Rd.",EMERGENCY,O-CLOSED,gov.publicstuff.com,20,,yes,5,POINT (-85.2207768774 35.026506165927)
3985721,04/03/2018 02:42:35 PM,04/10/2018 02:42:35 PM,04/05/2018 09:38:50 AM,Yes,PW - Stormwater,Erosion and Drainage,"An old tree stump was removed from this non-disturbed embankment.  After the city removed the tree stump, it upset the old concrete drain that runs alongside my property lot and  broke out parts of it and topsoil has eroded.   It looks like the storm water dept.  planted grass and poured a new section of concrete drain.  What doesn't look right is that they left big chunks of concrete which are now scattered down to the alley road.  Also, there is a bunch of gravel at the top of the embankment instead of grass.  I maintain that embankment and will not be able to do so with a weed eater with all of the gravel all over the place.  To remedy, I am suggesting that the gravel be removed and a piece of grass cloth be laid down and additional grass seed to dispersed over the obvious area.  Also, there are areas around the new concrete that need additional soil as some has settled and could be a trip hazard or a lawn mower killer.  Please call me to discuss the remedy.  I never ordered the stump to be removed, so I would like this area to look as finished as it was prior to its removal.",URGENT,O-CLOSED,Iframe,2,5,yes,2,POINT (-85.266204776104 35.10218016412)
3676420,01/21/2018 09:43:08 AM,02/05/2018 09:43:08 AM,01/22/2018 02:12:05 PM,Yes,PW - Streets,Potholes,Trip hazard at the intersection crosswalk,URGENT,O-CLOSED,Android,1,5,yes,7,POINT (-85.312578293237 35.048269665735)
4069910,04/20/2018 02:50:24 PM,09/13/2019 02:50:24 PM,04/27/2018 11:22:20 AM,Yes,DE - Design Engineering,Sidewalks,There are multiple sidewalk breaks in Belleau Woods neighborhood that need to be fixed. We have a lot of walkers and these patches are definitely a trip hazard.,URGENT,O-CLOSED,Iframe,5,,yes,4,POINT (-85.130908904492 35.0212818415)
3447790,11/16/2017 05:17:35 PM,04/11/2019 05:17:35 PM,11/20/2017 08:34:52 AM,Yes,DE - Design Engineering,Sidewalks,Trip hazard and wheelchair impediment,URGENT,O-CLOSED,iOS (Staff),2,,yes,8,POINT (-85.308091 35.040715)
5583338,02/13/2019 10:46:20 AM,03/25/2019 10:46:20 AM,03/19/2019 12:09:31 PM,Yes,DE - Design Engineering,Sidewalks,one panel raised causing trip hazard in front of post office,NONE,O-CLOSED,gov.publicstuff.com,24,,yes,6,POINT (-85.184844284885 35.053493020664)
6492899,07/28/2019 10:02:15 AM,09/09/2019 10:02:15 AM,08/07/2019 09:38:47 AM,Yes,DE - Design Engineering,Sidewalks,Partial steel pole sticking up from the surface causing a trip hazard. Corner of Colville and Jadie Lane.,URGENT,O-CLOSED,iOS,8,,yes,2,POINT (-85.300116 35.069411)
5977690,05/01/2019 09:44:47 AM,06/12/2019 09:44:47 AM,05/02/2019 11:33:33 AM,Yes,DE - Design Engineering,Sidewalks,"sidewalk broken up by previous utility crew, now sidewalk is uneven with cone there since February, needs to be smoothed out, is a trip hazard",NONE,O-CLOSED,gov.publicstuff.com,1,,yes,7,POINT (-85.31800255716 35.008084049859)
6625152,08/19/2019 01:14:22 PM,09/30/2019 01:14:22 PM,09/26/2019 12:24:07 PM,Yes,DE - Design Engineering,Sidewalks,between 1805 and 1803 Long Street by 18th and Long.  Please fix the trip hazard.  My godfather recently fell and hurt himself.,NONE,O-CLOSED,gov.publicstuff.com,27,,yes,7,POINT (-85.309710247876 35.033888847031)
5873933,04/12/2019 10:44:17 AM,05/24/2019 10:44:17 AM,04/16/2019 09:32:57 AM,Yes,DE - Design Engineering,Sidewalks,"A collapsed large hole at corner of Douglas and McCallie, trip hazard, also another part is sinking, also crack developing in front of the church--can we fill before Easter Weekend",EMERGENCY,O-CLOSED,gov.publicstuff.com,2,,yes,8,POINT (-85.301608252358 35.045952287661)
5868933,04/11/2019 12:59:21 PM,05/23/2019 12:59:21 PM,04/16/2019 07:42:55 AM,Yes,DE - Design Engineering,Sidewalks,Side walk west side of building trip hazard,URGENT,O-CLOSED,iOS,3,,yes,7,POINT (-85.311135 35.026493)
6314928,06/27/2019 03:31:45 PM,08/08/2019 03:31:45 PM,07/09/2019 03:44:11 PM,Yes,DE - Design Engineering,Sidewalks,"The cable is loosely wound up covering entire width of the sidewalk, and is stretched out linearly for about 100 ft. of the sidewalk. This creates a real trip hazard and liability, as well as prevents the sidewalk from effectively being ADA compliant. I believe this is the responsibility of a utility provider but should be cited by the City.",URGENT,O-CLOSED,Iframe,7,,yes,8,POINT (-85.306542632996 35.043868199301)
5522874,01/30/2019 12:43:14 PM,02/06/2019 12:43:14 PM,02/04/2019 11:03:54 AM,Yes,PW - Streets,Potholes,Pot holes are next to the driveway causing a trip hazard while placing the garbage container out for service.,EMERGENCY,O-CLOSED,gov.publicstuff.com,3,5,yes,3,POINT (-85.251032515333 35.156570026087)
6562924,08/08/2019 10:11:17 AM,09/19/2019 10:11:17 AM,08/14/2019 10:22:27 AM,Yes,DE - Design Engineering,Sidewalks,one trip hazard on W Bell on on Spears. Man fell per Rusty Blevins,NONE,O-CLOSED,gov.publicstuff.com,4,,yes,1,POINT (-85.310265530763 35.068345987214)
5429951,01/09/2019 12:33:07 PM,02/20/2019 12:33:07 PM,01/09/2019 02:42:36 PM,Yes,DE - Design Engineering,Sidewalks,Large cracks/trip hazards in sidewalk in front of house.,NONE,O-CLOSED,gov.publicstuff.com,0,,yes,9,POINT (-85.276712388132 35.03470283663)
6142556,05/30/2019 10:41:27 AM,07/11/2019 10:41:27 AM,06/12/2019 09:54:59 AM,Yes,DE - Design Engineering,Sidewalks,"Handicap sign knocked down, creating a trip hazard.",NONE,O-CLOSED,gov.publicstuff.com,9,,yes,8,POINT (-85.307862898709 35.043332276384)
6226273,06/12/2019 07:01:08 PM,07/24/2019 07:01:08 PM,06/28/2019 08:22:55 AM,Yes,DE - Design Engineering,Sidewalks,Trip hazard,URGENT,O-CLOSED,iOS,12,,yes,1,POINT (-85.309851 35.063522)
6518493,07/31/2019 08:12:20 PM,09/11/2019 08:12:20 PM,09/10/2019 03:01:01 PM,Yes,DE - Design Engineering,Sidewalks,There is a dangerous rise in the sidewalk thats increasing in height. Its currently about 2 inches high. This us a trip hazard as well as a bike hazard.,URGENT,O-CLOSED,iOS,27,,no,7,
5523775,01/30/2019 02:34:10 PM,03/13/2019 02:34:10 PM,02/13/2019 12:34:06 PM,Yes,DE - Design Engineering,Sidewalks,sidewalk going into Hill City Park is broken and cracked and has big chunks missing- major trip hazard.,NONE,O-CLOSED,gov.publicstuff.com,10,,yes,1,POINT (-85.307949785778 35.07618480512)
6521319,08/01/2019 11:55:47 AM,09/12/2019 11:55:47 AM,08/06/2019 12:53:35 PM,Yes,DE - Design Engineering,Sidewalks,Box is collapsed and a trip hazard.,URGENT,O-CLOSED,iOS,3,,yes,8,POINT (-85.306685 35.036685)
8366339,07/16/2020 02:56:36 PM,07/27/2020 02:56:36 PM,07/17/2020 10:27:45 AM,Yes,PW - Stormwater,Storm Drainage Problems,At Abbington Way   Curb inlet is causing major trip hazard and sticking out of ground,URGENT,O-CLOSED,gov.publicstuff.com,1,7,yes,3,POINT (-85.20273679354 35.165075532366)
7162704,12/05/2019 08:57:12 AM,12/16/2019 08:57:12 AM,12/17/2019 09:28:58 AM,No,PW - Facilities Management,Miscellaneous Facilities Maintenance Requests,The carpet in the printing room is detached from the tack strip which is creating a trip hazard. City Attorney's Office. I will apply some tape.,URGENT,O-CLOSED,gov.publicstuff.com,8,,yes,8,POINT (-85.307882252217 35.043339724281)
7031385,11/05/2019 03:47:29 PM,12/17/2019 03:47:29 PM,11/27/2019 09:41:22 AM,Yes,DE - Design Engineering,Sidewalks,Entrance to Hill City Park concrete walkway is busted and cracked with large trip hazards. We (Parks division) have patched the hazards but the walk is in need of a re-poured section of concrete. - Travis Clark Gen Supervisor Parks (931)339-7312,NONE,O-CLOSED,gov.publicstuff.com,15,,yes,1,POINT (-85.307949787811 35.076184806207)
6893542,10/08/2019 09:09:54 AM,11/22/2019 09:09:54 AM,11/22/2019 01:11:44 PM,No,DE - Design Engineering,Sidewalks,Trip hazard. High use playground.,URGENT,O-CLOSED,iOS,32,,yes,9,POINT (-85.282375 35.033708)
7112376,11/22/2019 05:51:05 PM,12/06/2019 05:51:05 PM,11/27/2019 11:41:59 AM,Yes,PW - Stormwater,Erosion and Drainage,Dangerous trip hazard for walkers . . a persons hole foot would drop into the hole,URGENT,O-CLOSED,Iframe,3,5,yes,1,POINT (-85.312210140645 35.115771725302)
7117512,11/25/2019 10:12:23 AM,12/02/2019 10:12:23 AM,11/27/2019 08:00:14 AM,Yes,PW - Stormwater,Storm Drainage Problems,Curb sinking trip hazard,URGENT,O-CLOSED,iOS,2,7,yes,7,POINT (-85.300347 35.02732)
7395264,01/27/2020 04:45:11 PM,02/03/2020 04:45:11 PM,01/30/2020 02:11:28 PM,Yes,PW - Streets,Potholes,Raised Asphalt. Trip hazard.,URGENT,O-CLOSED,Iframe,3,5,yes,9,POINT (-85.249033389508 35.065254034385)
7368542,01/22/2020 08:09:30 AM,02/19/2020 08:09:30 AM,02/17/2020 07:54:25 AM,Yes,DE - Design Engineering,Distressed Pavement,email request to look into a very old street cut where a utility box is located where the street has settled and is a trip hazard.,EMERGENCY,O-CLOSED,gov.publicstuff.com,18,20,yes,7,POINT (-85.311417171621 35.047092830013)
8928161,10/15/2020 08:31:45 AM,11/23/2020 08:31:45 AM,11/24/2020 10:09:30 AM,No,DE - Design Engineering,Sidewalks,Trip hazardous broken sidewalk Tree pit need to be fill in with dirt.,NONE,O-CLOSED,Android,28,,yes,7,POINT (-85.31075835228 35.041759896217)
9837233,04/06/2021 05:43:17 PM,05/18/2021 05:43:17 PM,04/21/2021 09:15:30 AM,Yes,DE - Design Engineering,Sidewalks,Trip hazard,NONE,O-CLOSED,iOS,11,,yes,4,POINT (-85.14631 35.038233)
9590256,02/22/2021 04:51:47 PM,02/26/2021 04:51:47 PM,02/24/2021 06:18:13 AM,Yes,PW - Streets,Potholes,"4 -6  deep, 12 x18  hole next to concrete curb in front of Civil Axe Throwing. Stepped in hole and fell. This is a trip hazard and should be repaired asap.",EMERGENCY,O-CLOSED,Iframe,2,5,yes,7,POINT (-85.309666283833 35.052133383734)
9174293,12/01/2020 10:52:12 AM,01/12/2021 10:52:12 AM,01/12/2021 02:20:12 PM,No,DE - Design Engineering,Sidewalks,Crumpling sidewalk- trip hazard,NONE,O-CLOSED,iOS,30,,yes,7,POINT (-85.311383 35.046492)
9758266,03/23/2021 01:37:18 PM,05/04/2021 01:37:18 PM,04/01/2021 08:59:12 AM,Yes,DE - Design Engineering,Sidewalks,"This is photo of a small but dangerous trip hazard on the sidewalk that leads to the local High School.   There is limited high school foot traffic but a lot of elderly citizens that use this sidewalk for exercise. Please arrange for a Public Works maintenance crew to grind the trip hazard down so we can avoid an accident. Thank you, Retired Public Works Employee  Tony Boyd",NONE,O-CLOSED,gov.publicstuff.com,7,,yes,1,POINT (-85.364682815523 35.034654455749)
8674119,09/02/2020 11:12:09 AM,10/14/2020 11:12:09 AM,10/14/2020 08:41:44 AM,Yes,DE - Design Engineering,Sidewalks,Safety concerns trip hazard need ramp,NONE,O-CLOSED,iOS,30,,yes,8,POINT (-85.261991032958 35.056537452995)
9863626,04/12/2021 07:41:25 AM,04/16/2021 07:41:25 AM,04/12/2021 02:47:37 PM,Yes,PW - Stormwater,Storm Drainage Problems,bank washing out and causing a trip hazard on the sidewalk,URGENT,O-CLOSED,gov.publicstuff.com,0,7,yes,9,POINT (-85.273476057588 35.034497352046)
9098001,11/14/2020 05:13:14 PM,12/28/2020 05:13:14 PM,12/22/2020 11:01:31 AM,Yes,DE - Design Engineering,Sidewalks,"Just wondering who is responsible for the maintenance of this sidewalk. It might be the building that I live in    Anyway, it   s a one and ahalf inch drop off between sidewalk panels. A giant potential trip hazard! It be a shame to see someone break a wrist because of it. Thanks!",NONE,O-CLOSED,iOS,27,,yes,7,POINT (-85.30841 35.054853)
9829752,04/05/2021 06:43:14 PM,05/17/2021 06:43:14 PM,04/21/2021 08:53:27 AM,Yes,DE - Design Engineering,Sidewalks,Uneven sidewalk trip hazard,NONE,O-CLOSED,iOS,12,,yes,4,POINT (-85.138093 35.032621)
9837361,04/06/2021 06:04:42 PM,05/18/2021 06:04:42 PM,04/21/2021 09:15:04 AM,Yes,DE - Design Engineering,Sidewalks,Trip hazard,NONE,O-CLOSED,iOS,11,,yes,4,POINT (-85.148195 35.036482)
9837374,04/06/2021 06:06:37 PM,05/18/2021 06:06:37 PM,04/21/2021 09:14:36 AM,Yes,DE - Design Engineering,Sidewalks,Trip hazard,NONE,O-CLOSED,iOS,11,,yes,4,POINT (-85.147965 35.036956)
9893992,04/16/2021 11:05:56 AM,05/28/2021 11:05:56 AM,04/21/2021 09:33:03 AM,Yes,DE - Design Engineering,Sidewalks,Raised edge of concrete sidewalk by about one inch creates trip hazard.  My wife tripped at that corner of 4th & Market and fell down.  As she is 70 it could have resulted in severe injury but fortunately there were only bruises.,NONE,O-CLOSED,iOS,3,,yes,7,POINT (-85.309725 35.05217)
14428083,09/29/2023 02:08:46 PM,10/13/2023 02:08:46 PM,11/30/2023 08:01:24 AM,No,TE - Traffic Engineering,Miscellaneous Facilities Maintenance Requests,"Can someone either remove, cover, or otherwise mark this 6  pipe in the DRC King St Parking Lot? It is nearly invisible and a trip hazard. I tripped over it today and was grievously injured. (JK, I fell and skinned my knee but will survive.)  It also obstructs the ADA parking zone.",URGENT,O-CLOSED,gov.publicstuff.com,44,,yes,8,POINT (-85.308097114861 35.040654561292)
13462945,03/24/2023 09:04:13 PM,05/05/2023 09:04:13 PM,04/20/2023 01:43:26 PM,Yes,EPB,Street Lights (not Traffic Signals),"this lamp post was damaged during a traffic accident. Is it possible to get a new one installed? if not, what is the process for removing this base so it is not a trip hazard?",URGENT,O-CLOSED,iOS,19,,yes,7,POINT (-85.287155 34.985423)
14728562,12/16/2023 06:10:28 PM,12/27/2023 06:10:28 PM,12/26/2023 08:09:53 AM,Yes,,Contractor Complaint,"A crew came out and started grinding the sidewalk, leveling trip hazards. No vacuum system, no water to keep down the dust. Dust storm ensued. Left and didn t clean anything up. I cleaned it up. Much of this sidewalk needs to be replaced as it is a trip hazard.",NONE,O-CLOSED,Iframe,7,,no,7,
14992610,02/21/2024 12:30:12 PM,03/31/2024 12:30:12 PM,02/23/2024 09:20:16 AM,Yes,,Sidewalks,"Severely cracked section of sidewalk and is sunken also, trip hazard!",NONE,O-CLOSED,Iframe,2,,yes,2,POINT (-85.266715636 35.104892619)
13477778,03/28/2023 04:57:14 PM,05/05/2023 04:57:14 PM,05/05/2023 09:27:19 AM,Yes,DE - Design Engineering,Sidewalks,The sidewalk on East 10th street needs to be repaired. There are hatch covers that have sank and are causing a trip hazard.,NONE,O-CLOSED,Iframe,28,,yes,8,POINT (-85.308075128151 35.044381608787)
13310498,02/20/2023 03:08:45 PM,03/03/2023 03:08:45 PM,02/21/2023 07:37:53 AM,Yes,PW - Facilities Management,Plumbing Service Request,There is a open ended pipe located right by the sidewalk between the building and the pavilion. This pipe needs a cap on the top because it is a trip hazard currently.,EMERGENCY,O-CLOSED,gov.publicstuff.com,1,,yes,6,POINT (-85.182807951773 35.044236585101)
13098446,01/03/2023 01:42:28 PM,02/22/2023 01:42:28 PM,02/22/2023 02:55:20 PM,No,DE - Design Engineering,Sidewalks,4  high trip hazard across the sidewalk,NONE,O-CLOSED,Android,36,,yes,4,POINT (-85.138217013944 34.995508772442)
11890102,04/27/2022 03:12:12 PM,05/06/2022 03:12:12 PM,05/06/2022 02:56:26 PM,Yes,YFD - Youth & Family Development,Miscellaneous Facilities Maintenance Requests - YFD,Wyatt Community Center Request Requesting that front steps into the building be paved and leveled as this has become a trip hazard for participants coming into the building.,URGENT,O-CLOSED,gov.publicstuff.com,7,,yes,2,POINT (-85.303162456927 35.069509419063)
14465043,10/08/2023 02:50:23 PM,11/16/2023 02:50:23 PM,10/11/2023 01:26:07 PM,Yes,DE - Design Engineering,Sidewalks,"Center of sidewalk is crushed and indented, creating a trip hazard.",NONE,O-CLOSED,iOS,3,,yes,7,POINT (-85.312673 35.0462)
14465053,10/08/2023 02:57:35 PM,11/16/2023 02:57:35 PM,11/16/2023 10:38:55 AM,Yes,DE - Design Engineering,Sidewalks,"Sidewalk block is depressed below the grade of the surrounding sidewalk, creating a trip hazard. Note that the utility box is not the problem   it is level with the surrounding sidewalk. It only sticks up because the sidewalk block in which it is embedded is depressed below the level of the surrounding sidewalk. This is an issue with the sidewalk, not the utility box.",NONE,O-CLOSED,iOS,29,,yes,7,POINT (-85.314922 35.049419)
14981951,02/19/2024 09:38:17 AM,02/23/2024 09:38:17 AM,02/19/2024 11:45:55 AM,Yes,,Street Sweeping,"Large amounts leaves accumulated against curb, sidewalk trip hazards and holds stagnant water. All along Mississippi from Dallas to Forest.  Sidewalk collapse from recent utility work, kids riding bikes hazard ADA compliant?",EMERGENCY,O-CLOSED,Iframe,0,2,yes,2,POINT (-85.299936946 35.075138112)
14686547,12/05/2023 11:59:12 AM,01/12/2024 11:59:12 AM,01/11/2024 12:05:54 PM,Yes,DE - Design Engineering,Sidewalks,You recently did some leveling of uneven sidewalks in Ramsgate.  There is one edge that was not done which represents a trip hazard.  It is next to the light pole between 6508 and 6509 Queensbury Lane.  Thank you for your attention.,NONE,O-CLOSED,gov.publicstuff.com,27,,yes,3,POINT (-85.201201540922 35.162535174334)
12294851,07/11/2022 02:10:27 PM,08/18/2022 02:10:27 PM,07/26/2022 01:28:27 PM,Yes,DE - Design Engineering,Sidewalks,There is a missing brick in the sidewalk in front of the Development Resource Center (if you are looking at the main entrance it to the left near the fire hydrant) that is a trip hazard.,NONE,O-CLOSED,iOS,11,,yes,8,POINT (-85.308097 35.040655)
14324785,09/07/2023 06:57:09 PM,09/14/2023 06:57:09 PM,09/08/2023 03:41:58 PM,Yes,PW - Parks,Public Park Work Request,"Boards on pond pier are trip hazard , more all along.",URGENT,O-CLOSED,iOS,1,,yes,1,POINT (-85.313444 35.062381)
13390093,03/09/2023 11:20:06 AM,04/17/2023 11:20:06 AM,03/13/2023 02:40:30 PM,Yes,DE - Design Engineering,Sidewalks,large trip hazard where sidewalk has subsided relative to the manhole.,NONE,O-CLOSED,Android,2,,yes,3,POINT (-85.203116610646 35.162374109461)
13204144,01/26/2023 05:31:27 PM,03/07/2023 05:31:27 PM,02/21/2023 01:40:55 PM,Yes,DE - Design Engineering,Sidewalks,Sidewalk buckled up. Very strong trip hazard.,NONE,O-CLOSED,iOS,18,,yes,8,POINT (-85.294565 35.0442)
13900646,06/20/2023 04:18:35 PM,06/27/2023 04:18:35 PM,,N/A,PW - Parks,Miscellaneous Facilities Maintenance Requests,We have a trip hazard in the quad from unlevel concrete.,URGENT,,gov.publicstuff.com,,,yes,8,POINT (-85.285054183835 35.039776158531)
13752153,05/23/2023 12:30:31 PM,06/30/2023 12:30:31 PM,05/23/2023 02:34:24 PM,Yes,DE - Design Engineering,Sidewalks,multiple submissions about  trip hazards on sidewalk and curbs with no follow up yet.,NONE,O-CLOSED,Iframe,0,,yes,8,POINT (-85.308075128151 35.044381608787)
14361117,09/14/2023 03:26:22 PM,10/24/2023 03:26:22 PM,09/14/2023 03:30:37 PM,Yes,DE - Design Engineering,Sidewalks,Trip hazard,NONE,O-CLOSED,iOS,0,,yes,7,POINT (-85.310691 35.053867)
11481624,02/04/2022 02:17:38 PM,03/16/2022 02:17:38 PM,02/07/2022 02:20:35 PM,Yes,DE - Design Engineering,Sidewalks,thanks to Marvin & Andre for removing trip hazard #17 making this truly a more walkable (less tripable) community.   Lloyd & Jeanette  02/04/2022,NONE,O-CLOSED,iOS,1,,yes,7,POINT (-85.309881 35.035031)
11529035,02/15/2022 01:20:06 PM,02/25/2022 01:20:06 PM,02/17/2022 07:04:05 AM,Yes,PW - Streets,Potholes,Need some asphalt ( Trip hazardous) crosswalk 200 West main Street,EMERGENCY,O-CLOSED,Android (Staff),2,5,yes,7,POINT (-85.310087444956 35.037453425152)
11869318,04/24/2022 02:28:25 PM,06/02/2022 02:28:25 PM,04/28/2022 12:13:11 PM,Yes,DE - Design Engineering,Sidewalks,This is the 3rd or 4th time this has been turned in . ..  getting worse and a real trip hazard. Note the drinking cup located at the point to show the amount of drop,NONE,O-CLOSED,Iframe,4,,yes,1,POINT (-85.310798640489 35.114198300574)
12674234,09/20/2022 12:08:10 PM,10/28/2022 12:08:10 PM,09/20/2022 02:04:00 PM,Yes,DE - Design Engineering,Sidewalks,t Trip Hazardous  side  uprooting from a tree roots 4200 nd Steet.,NONE,O-CLOSED,Android (Staff),0,,yes,7,POINT (-85.318821630223 35.005153022864)
12859368,11/01/2022 11:50:40 AM,11/08/2022 11:50:40 AM,11/15/2022 03:00:35 PM,No,PW - Facilities Management,Miscellaneous Facilities Maintenance Requests,Office G-10 Corner Office Moisture coming through the cement and tile not sticking in the corner office continuing to replace tiles in the office over time. Trip hazard for employee in main walk space.,URGENT,O-CLOSED,gov.publicstuff.com,10,,yes,8,POINT (-85.307854341368 35.0433886914)
12886825,11/07/2022 04:06:26 PM,11/14/2022 04:06:26 PM,11/15/2022 11:24:52 AM,No,PW - Facilities Management,Miscellaneous Facilities Maintenance Requests,City Hall Elevator Right side. Several of the tiles are loose and one or two are missing. A temporary fix is required to elevate a trip hazard from high heels catching in depressed are from missing tile.,EMERGENCY,O-CLOSED,gov.publicstuff.com,6,,yes,8,POINT (-85.307854341368 35.0433886914)
13098346,01/03/2023 01:34:23 PM,02/10/2023 01:34:23 PM,01/19/2023 01:28:56 PM,Yes,DE - Design Engineering,Sidewalks,sidewalk has a very bad trip hazard,NONE,O-CLOSED,Android,12,,yes,4,POINT (-85.138288013718 34.997785010485)
13310491,02/20/2023 03:08:20 PM,03/03/2023 03:08:20 PM,02/24/2023 11:50:25 AM,Yes,PW - Facilities Management,Plumbing Service Request,There is a open ended pipe located right by the sidewalk between the building and the pavilion. This pipe needs a cap on the top because it is a trip hazard currently.,EMERGENCY,O-CLOSED,gov.publicstuff.com,4,,yes,8,POINT (-85.261676918633 35.051128860777)
13311009,02/20/2023 04:40:45 PM,03/30/2023 04:40:45 PM,03/13/2023 01:26:17 PM,Yes,DE - Design Engineering,Sidewalks,Several slabs uneven more than 4 inches.. Trip hazard and wheelchair problems,NONE,O-CLOSED,iOS,15,,yes,2,POINT (-85.296201 35.066671)
13521338,04/06/2023 04:03:38 PM,05/16/2023 04:03:38 PM,05/05/2023 09:56:32 AM,Yes,DE - Design Engineering,Sidewalks,The sidewalk in front of the hotel has several trip hazards. I have submitted several 311 requests over the last almost 2 years with no response.,NONE,O-CLOSED,gov.publicstuff.com,21,,yes,8,POINT (-85.308075128151 35.044381608787)
13617664,04/26/2023 02:49:23 PM,05/05/2023 02:49:23 PM,04/28/2023 11:18:47 AM,Yes,PW - Stormwater,Storm Drainage Problems,The drain covers on the sidewalk on the Market St side of 1110 Market St. are missing and creating a trip hazard.,EMERGENCY,O-CLOSED,gov.publicstuff.com,2,7,yes,8,POINT (-85.309319802371 35.043644561445)
13789713,05/31/2023 02:45:53 PM,06/07/2023 02:45:53 PM,06/06/2023 09:22:32 AM,Yes,PW - Streets,Miscellaneous Facilities Maintenance Requests,"Cedar Hill Head Start is a City owned building and property.  The walkway from the parking lot (used by City employees) is uneven, sloping, patchy grass and concrete.  I reached out to James Piercy (with Safety and Compliance) and he suggested I submit a 311 request.  It is a fall/trip hazard.  The landing at the stairs to the walkway does not have a hand rail and the pavement slopes significantly.",EMERGENCY,O-CLOSED,Iframe,4,,yes,7,POINT (-85.294692033294 34.988306955019)
13989375,07/08/2023 11:10:21 AM,08/17/2023 11:10:21 AM,07/18/2023 12:51:07 PM,Yes,DE - Design Engineering,Sidewalks,The sidewalk on the East side of Cowart Street between 17th Street and Cowartside Alley has a spot that has been pushed up by a tree root about 1.5 inches and is a trip hazard.  please repair.,NONE,O-CLOSED,Android,7,,yes,7,POINT (-85.310509314557 35.035259702653)
14012248,07/12/2023 12:21:48 PM,08/21/2023 12:21:48 PM,08/21/2023 08:12:52 AM,Yes,DE - Design Engineering,Sidewalks,"Curb and sidewalk  are trip hazards. We have had people trip and fall on the curbs and sidewalk. Someone from the city came out about 3 weeks ago and said they could start working on it the following week, but nothing since then.",NONE,O-CLOSED,Iframe,28,,yes,8,POINT (-85.308075128151 35.044381608787)
14187462,08/15/2023 12:15:44 PM,09/22/2023 12:15:44 PM,08/15/2023 01:09:09 PM,Yes,DE - Design Engineering,Sidewalks,Metal grate closet to stop sign is bending downward and a potential trip hazard.,NONE,O-CLOSED,iOS,0,,yes,8,POINT (-85.307854 35.043389)
14258487,08/29/2023 01:14:07 PM,09/05/2023 01:14:07 PM,08/30/2023 02:01:51 PM,Yes,PW - Facilities Management,Miscellaneous Facilities Maintenance Requests,The tile is cracking around the drain in the ladies locker room. It has raised up and is now a trip hazard in the middle of the floor which a couple of customers have expressed a concern that this could cause an injury.,URGENT,O-CLOSED,gov.publicstuff.com,1,,yes,7,POINT (-85.324455731354 35.008179863634)
