the_geom,OBJECTID,Facility ID,Install Date,Location Description,Rotation,Diameter,Valve Type,Active Flag,Owned By,Managed By,Last Update Date,Last Editor,ANCILLARYROLE,LEGACYID,LIFECYCLESTATUS,GROUNDTYPE,VENTMATERIAL,NOTES,TAXMAP,BASIN,AGENCY,COLLECTEDBY,DATECOLLECTED,NOPIPEINFLOW,NOPIPEOUTFLOW,DATASOURCE,ACCESSDIAMETER,ACCESSTYPE,ACCESSMATERIAL,CONEMATERIAL,LIDTYPE,CONETYPE,INFILTRATION,STEPS,PAVINGRING,MANHOLESTATUS,ABOVEGRADE,CONEHEIGHT,HIGHPIPEELEVATION,DEPTH,ELEVATION,RIMELEVATION,PhotoHotlink,PhotoExists,SubtypeText,SubBasin,WATERTYPE,GlobalID,Created By,Date Created,Enabled,created_user,created_date,last_edited_user,last_edited_date
POINT (-85.34860009512 35.060155356695),267,S134L083,,copied from legacy,,,Air Release,1,1,1,12/15/2014 03:18:33 PM +0000,RAYNER.HOWARD,0,52158,ACT,,,Tiftonia 5 Pump Station Force Main,134L,,,,,,,AB,,,,,,,,,,,,,,,,,,,,,Sanitary,{7042E640-8C35-4E84-A214-CE096106219D},RAYNER.HOWARD,12/15/2014 03:18:33 PM +0000,1,,,,
POINT (-85.211659095183 34.968754478987),713,S999A607,,,,,,1,1,1,,,0,,,,,,,,,,,,,,,,,,,,,,,,,,,,,,,,,,,{E6F4FE9E-0304-4795-8848-2C562D6CEAC2},,,1,GIS_ADMIN,05/02/2016 02:37:05 PM +0000,GIS_ADMIN,05/12/2016 03:21:26 PM +0000
POINT (-85.349833464673 35.044483730989),208,S144D048,,,,,Air Release,,,,12/15/2014 03:18:32 PM +0000,RAYNER.HOWARD,0,,ACT,,,Tiftonia 1 Pump Station (Moccasin Bend) Force Main,144D,,,,,1,1,,,,,,,,,,,,,,,,,,,,,Lookout Creek 1,Sewage,{31DDF308-4074-4D33-ACEE-01969BD91405},RAYNER.HOWARD,12/15/2014 03:18:31 PM +0000,1,,,,
POINT (-85.19545992728 35.028576508482),264,S148P702,,,,,Air Release,,,,12/15/2014 03:18:33 PM +0000,RAYNER.HOWARD,0,,ACT,,,New Airport Rd Pump Station Force Main,148P,,,,,1,1,,,,,,,,,,,,,,,,,,,,Assumed,South Chick Creek 14,,{EB20C124-1DF3-4AEE-AEB5-1BDF9422B8C6},RAYNER.HOWARD,12/15/2014 03:18:33 PM +0000,1,,,,
POINT (-85.329605975244 35.054481050428),2757,,,,,,Other,1,1,1,10/16/2023 06:39:05 PM +0000,BFORD,0,,,,,Precast Drain Vaive Vault,,,,,,,,,,,,,,,,,,,,,,,,,,,,,,{7E60C0AC-5713-431A-BE3C-63F09FE8A05C},BFORD,10/16/2023 06:39:05 PM +0000,1,,,,
POINT (-85.140602418973 34.974325590744),123,S999A227,,,,26,Air Release,,,,12/15/2014 03:18:29 PM +0000,RAYNER.HOWARD,0,,ACT,ASPH,,Ringgold Pump Station Force Main  ARV21,999A,SO South Chick,EWX,DJB,02/24/2011 12:00:00 AM +0000,1,1,SGGPS,26,,MET,NONE,,FT,NONE,Y,N,ACC,AT,,,,,709.75,P:\2009_Projects\09004_Chatt_SA\GIS\South_Chick\Photos_SC\Resize\S999A227.jpg,Y,Air Release Valve,,Sewage,{1F1DD43D-3CDA-4FA7-BA32-9E19FB99BC93},RAYNER.HOWARD,12/15/2014 03:18:29 PM +0000,1,,,,
POINT (-85.29733622491 35.082342762617),220,S127H069,,,,,Combination,1,1,1,12/15/2014 03:18:32 PM +0000,RAYNER.HOWARD,0,100406,ACT,,,Altamont Pump Station Force Main,127H,,,,,,,,,,,,,,,,,,,,,,,,,,,,,{F523D928-A49E-4A05-A0C6-8B2001E8FA26},RAYNER.HOWARD,12/15/2014 03:18:32 PM +0000,1,,,,
POINT (-85.31175535299 35.013957039206),214,S155K041,,,,,Air Release,1,1,1,12/15/2014 03:18:32 PM +0000,RAYNER.HOWARD,0,100909,,,,Alton Park Station Force Main,,,,,,,,,,,,,,,,,,,,,,,,,,,,,,{64736EE0-6358-4029-8F19-F5843081441A},RAYNER.HOWARD,12/15/2014 03:18:32 PM +0000,1,,,,
POINT (-85.222743991995 34.981251636369),1112,S999A600,,,,,Air Release,1,1,1,,,0,,,Grass,,Fort Oglethorpe Force Main,,,3,JMH,06/15/2016 12:00:00 AM +0000,,,SGGPS,,,,,,,,Y,,,TRUE,,,,,697.3775,,Y,,,Sewage,{4C9FC33E-9B8C-461B-9E1F-5C96C80DC264},,,1,GIS_ADMIN,05/04/2016 12:55:16 PM +0000,GIS_ADMIN,07/07/2016 12:31:30 PM +0000
POINT (-85.104329274208 34.957381120616),229,S999A222,,,,,Air Release,,,,12/15/2014 03:18:32 PM +0000,RAYNER.HOWARD,0,,ACT,GRASS,,Ringgold Pump Station Force Main  FC4,,SO South Chick,EWX,,,1,1,SGGPS,26,,MET,,,FT,,Y,N,ACC,ABOVE,,,,,,P:\2009_Projects\09004_Chatt_SA\GIS\South_Chick\Photos_SC\Resize\S999A222.jpg,Y,Unknown - Other,,Sewage,{80402972-5D92-46B5-B3B1-8060BE5B4BF8},RAYNER.HOWARD,12/15/2014 03:18:32 PM +0000,1,,,,
POINT (-85.086143716778 35.063495137157),1135,S140F010,,,,,Air Release,,,,01/14/2015 04:22:55 PM +0000,RAYNER.HOWARD,0,100750,ACT,,,The Summit Of Softball Complex Force Main,140F,,,,,1,1,AB,,,,,,,,,,,,,,,,,,,,Friars Branch 13,Sewage,{05C0F128-CCAA-4DB3-A158-0497709DD3A4},RAYNER.HOWARD,12/15/2014 03:18:31 PM +0000,1,,,,
POINT (-85.106397417046 34.947287461414),119,S999A217,,,,26,Air Release,,,,12/15/2014 03:18:29 PM +0000,RAYNER.HOWARD,0,,ACT,SOIL,,Ringgold Pump Station Force Main  ARV10,999A,SO South Chick,EWX,DJB,02/24/2011 12:00:00 AM +0000,1,1,SGGPS,26,,MET,NONE,,FT,NONE,Y,N,ACC,ABOVE,,,,,756.25,P:\2009_Projects\09004_Chatt_SA\GIS\South_Chick\Photos_SC\Resize\S999A217.jpg,Y,Air Release Valve,,Sewage,{8BAB615C-37C3-4E12-95F5-44C8B80E7783},RAYNER.HOWARD,12/15/2014 03:18:29 PM +0000,1,,,,
POINT (-85.139387920105 34.973814275207),232,S999A226,,,,,Air Release,,,,12/15/2014 03:18:32 PM +0000,RAYNER.HOWARD,0,,ACT,GRASS,,Ringgold Pump Station Force Main  FC11,,SO South Chick,EWX,,,1,1,SGGPS,26,,MET,,,FT,,Y,N,ACC,AT,,,,,,P:\2009_Projects\09004_Chatt_SA\GIS\South_Chick\Photos_SC\Resize\S999A226.jpg,Y,Unknown - Other,,Sewage,{1DF814F3-0BD4-4620-BA43-27B19F4F4CF8},RAYNER.HOWARD,12/15/2014 03:18:32 PM +0000,1,,,,
POINT (-85.11220535559 34.913068170097),224,S999A203,,,,,Air Release,,,,12/15/2014 03:18:32 PM +0000,RAYNER.HOWARD,0,,ACT,GRAV,,Ringgold Pump Station Force Main  IV1,,SO South Chick,EWX,,,1,1,SGGPS,26,,MET,,,FT,,Y,N,ACC,AT,,,,,,P:\2009_Projects\09004_Chatt_SA\GIS\South_Chick\Photos_SC\Resize\S999A203.jpg,Y,Unknown - Other,,Sewage,{4D4F086B-82ED-4595-93BC-44BA0D39C3E0},RAYNER.HOWARD,12/15/2014 03:18:32 PM +0000,1,,,,
POINT (-85.153230156557 34.98561528023),1145,S171P203,,,,,Air Release,,,,01/14/2015 04:22:55 PM +0000,RAYNER.HOWARD,0,,ACT,SOIL,,Ringgold Pump Station Force Main  IV11,171P,SO South Chick,EWX,,,1,1,SGGPS,26,,MET,,,FT,,Y,N,ACC,ABOVE,,,,,,P:\2009_Projects\09004_Chatt_SA\GIS\South_Chick\Photos_SC\Resize\S171P203.jpg,Y,Unknown - Other,South Chick Creek 19,Sewage,{8CC3427F-51EA-4BCA-9DDA-C029C5ECF107},RAYNER.HOWARD,12/15/2014 03:18:32 PM +0000,1,,,,
POINT (-85.108725214335 34.967153016648),238,S999A306,,,,,Air Release,,,,12/15/2014 03:18:32 PM +0000,RAYNER.HOWARD,0,,ACT,SOIL,,Ringgold Pump Station Force Main  FC6,,SO South Chick,EWX,,,1,1,SGGPS,26,,MET,,,FT,,Y,N,ACC,ABOVE,,,,,,P:\2009_Projects\09004_Chatt_SA\GIS\South_Chick\Photos_SC\Resize\S999A306.jpg,Y,Unknown - Other,,Sewage,{13C51813-090D-4120-B578-FA7E8CFC00AB},RAYNER.HOWARD,12/15/2014 03:18:32 PM +0000,1,,,,
POINT (-85.348936874571 35.054085687693),222,S134M063,,,,,,,,,12/15/2014 03:18:32 PM +0000,RAYNER.HOWARD,0,52158,ACT,ASPH,,Tiftonia 4 Pump Station Force Main,134M,SO Lookout Creek,EWX,,,1,1,TS,26,LID,MET,Concrete,,CC,,Y,N,ACC,AT,,,,,,P:\2009_Projects\09004_Chatt_SA\GIS\Lookout_Creek\Photos_LC\Resized\S134M063.jpg,Y,Unknown - Other,Lookout Creek 1,Sewage,{257B27E5-F4D6-421C-BE00-FCD24BEA40E5},RAYNER.HOWARD,12/15/2014 03:18:32 PM +0000,1,,,,
POINT (-85.264806466348 35.076068850919),250,S127N039,,copied from legacy,,,Air Release,1,1,1,08/01/2019 02:27:45 PM +0000,JODONNELL,0,52626,ACT,,,"South Chickamauga Creek Pump Station Force Main 42""",127N,,,,,,,AB,,,,,,,,,,,,,,,,,,,,,Sanitary,{33F0A713-4859-487D-BC91-EFE76DA88567},RAYNER.HOWARD,12/15/2014 03:18:33 PM +0000,1,,,,
POINT (-85.329652333823 35.054722321804),2753,S135O923,,,,24,Other,1,1,1,10/17/2023 02:45:39 PM +0000,BFORD,0,,,,,Precast Drain Valve Vault,,,,,,,,AB,,,,,,,,,,,,,,,,,,,,,,{E987B8CE-F552-4BA2-9E82-8966EF69A7CB},BFORD,10/16/2023 02:28:32 PM +0000,1,,,,
POINT (-85.329468913537 35.054523833839),2754,S135O922,,,,,Air Release,1,1,1,10/17/2023 02:45:39 PM +0000,BFORD,0,,,,,ARV Doghouse MH,,,,,,,,,,,,,,,,,,,,,,,,674.21,,,,,,{0B4F157E-BDFF-46C9-AAB6-588FF5FE4635},BFORD,10/16/2023 03:06:31 PM +0000,1,,,,
POINT (-85.076436473477 35.066717290312),1130,S140D005,,,,36,Air Release,,,,01/14/2015 04:22:55 PM +0000,RAYNER.HOWARD,0,100174,ACT,GRASS,,Collegedale Pump Station Force Main,140D,SO Wolftever Creek,EWX,MJQ,03/14/2011 12:00:00 AM +0000,1,1,SGGPS,36,,MET,CON,,CC,NONE,N,N,ACC,AT,,,,,860.88,P:\2009_Projects\09004_Chatt_SA\GIS\Mackey_Branch\PHOTOS_MB_WC\resized_photos\S140D005.jpg,Y,Air Release Valve,Friars Branch 13,Sewage,{E4741BA7-E508-49C2-BED1-0AEE6091EBF7},RAYNER.HOWARD,12/15/2014 03:18:30 PM +0000,1,,,,
POINT (-85.310836129775 35.013413369906),215,S155K042,,,,,Air Release,1,1,1,12/15/2014 03:18:32 PM +0000,RAYNER.HOWARD,0,100909,,,,Alton Park Station Force Main,,,,,,,,,,,,,,,,,,,,,,,,,,,,,,{91038C13-72E8-4011-98F1-2F696E5B4DD8},RAYNER.HOWARD,12/15/2014 03:18:32 PM +0000,1,,,,
POINT (-85.329419142606 35.054469973851),2755,S135O921,,,,,Other,1,1,1,10/17/2023 02:45:39 PM +0000,BFORD,0,,,,,Drain Tank Meter  Vault Downtream of ARV,,,,,,,,,,,,,,,,,,,,,,,,,,,,,,{50DA50BD-6630-4F97-BE7C-EF5E495FC5C5},BFORD,10/16/2023 03:15:34 PM +0000,1,,,,
POINT (-85.196562429328 35.121712066859),203,S111I123,,,,,Air Release,,,,12/15/2014 03:18:31 PM +0000,RAYNER.HOWARD,0,52344,ACT,,,Big Ridge 4 Pump Station Force Main,111I,,,,,1,1,,,,,,,,,,,,,0,,0,0,,,,,Tennessee River 18,Sewage,{F79EF347-AED5-433E-8168-F34F42723C4F},RAYNER.HOWARD,12/15/2014 03:18:31 PM +0000,1,,,,
POINT (-85.10576113795 34.924409964381),223,S999A207,,,,,Air Release,,,,12/15/2014 03:18:32 PM +0000,RAYNER.HOWARD,0,,ACT,GRASS,,Ringgold Pump Station Force Main  IV2,,SO South Chick,EWX,,,1,1,SGGPS,26,,MET,,,FT,,Y,N,ACC,ABOVE,,,,,,P:\2009_Projects\09004_Chatt_SA\GIS\South_Chick\Photos_SC\Resize\S999A207.jpg,Y,Unknown - Other,,Sewage,{4587A90B-9D4D-46E4-A9F1-755C15EDD2AE},RAYNER.HOWARD,12/15/2014 03:18:32 PM +0000,1,,,,
POINT (-85.133462103091 34.973214240601),242,S999A229,,,,,Air Release,,,,12/15/2014 03:18:32 PM +0000,RAYNER.HOWARD,0,,ACT,GRASS,,Ringgold Pump Station Force Main  IV8,,SO South Chick,EWX,,,1,1,SGGPS,26,,MET,,,FT,,Y,N,ACC,ABOVE,,,,,,P:\2009_Projects\09004_Chatt_SA\GIS\South_Chick\Photos_SC\Resize\S999A229.jpg,Y,Unknown - Other,,Sewage,{3141E632-B3FE-4235-85EE-C5A970342D33},RAYNER.HOWARD,12/15/2014 03:18:32 PM +0000,1,,,,
POINT (-85.208703551971 35.044771635258),218,S147D500,,,,,Air Release,,,,12/15/2014 03:18:32 PM +0000,RAYNER.HOWARD,0,,ACT,ASPH,,Airport 2 Pump Station Force Main,147D,SO South Chick,EWX,,,1,1,OTHER,,,UNK,Unknown,,UNK,,UNK,UNK,UTL,UNK,,,,,,P:\2009_Projects\09004_Chatt_SA\GIS\South_Chick\Photos_SC\Resize\S147D500.jpg,Y?,Assumed,South Chick Creek 5,Sewage,{8ED31C14-69F7-4B34-B6C7-7697CC3053E2},RAYNER.HOWARD,12/15/2014 03:18:32 PM +0000,1,,,,
POINT (-85.256765693856 35.087805264829),1148,S127D030,,,,,Air Release,,,,01/14/2015 04:22:55 PM +0000,RAYNER.HOWARD,0,52628,ACT,,,"South Chickamauga Creek Pump Station  Force Main 42""",127D,SO South Chick,EWX,,,1,1,OTHER,,,,,,,,,,,,,,,,,,N,Assumed,South Chick Creek 1,Sewage,{E46ADFB1-EBAD-491D-8C5C-361417371301},RAYNER.HOWARD,12/15/2014 03:18:33 PM +0000,1,,,,
POINT (-85.314813984607 35.014983632078),211,S155K039,,,,,Air Release,1,1,1,12/15/2014 03:18:32 PM +0000,RAYNER.HOWARD,0,100911,,,,Alton Park Station Force Main,,,,,,,,,,,,,,,,,,,,,,,,,,,,,,{B0CC0372-70B4-49BE-A38E-F8464CE5FA8C},RAYNER.HOWARD,12/15/2014 03:18:32 PM +0000,1,,,,
POINT (-85.239807959371 35.107574695817),1144,S119H004,,,,26,Air Release,,,,01/14/2015 04:22:55 PM +0000,RAYNER.HOWARD,0,52517,ACT,GRAV,,North Industrial Park Pump Station Force Main,119H,SO North Chick,EWX,SSS,09/04/2009 12:00:00 AM +0000,1,1,TS,26,,MET,CON,,FT,NONE,Y,N,ACC,AT,,,0,0,674.37,P:\2009_Projects\09004_Chatt_SA\GIS\North_Chick\Photos_NC\resize\S119H004.jpg,Y,Air Release Valve,North Chick Creek 1,Sewage,{7251F20F-E35F-4874-92A9-96038513B091},RAYNER.HOWARD,12/15/2014 03:18:31 PM +0000,1,,,,
POINT (-85.15845204312 34.989426930446),1146,S171I200,,,,,Air Release,,,,01/14/2015 04:22:55 PM +0000,RAYNER.HOWARD,0,,ACT,GRASS,,Ringgold Pump Station Force Main,171I,SO South Chick,EWX,,,1,1,SGGPS,26,,MET,,,FT,,Y,N,ACC,AT,,,,,,P:\2009_Projects\09004_Chatt_SA\GIS\South_Chick\Photos_SC\Resize\S171I200.jpg,Y,Unknown - Other,South Chick Creek 19,Sewage,{F173295E-21E9-436B-BC52-BFF5B88559D1},RAYNER.HOWARD,12/15/2014 03:18:32 PM +0000,1,,,,
POINT (-85.21209806216 34.974618461289),710,S999A604,,,,,,1,1,1,,,0,,,,,,,,,,,,,,,,,,,,,,,,,,,,,,,,,,,{30146B4C-2F8E-428C-A163-4F629919A529},,,1,GIS_ADMIN,05/02/2016 02:04:54 PM +0000,GIS_ADMIN,05/12/2016 03:21:08 PM +0000
POINT (-85.234978110452 35.176724676664),266,S091B001,,copied from legacy,,,Air Release,1,1,1,12/15/2014 03:18:33 PM +0000,RAYNER.HOWARD,0,100675,ACT,,,Boy Scout Pump Station Force Main,091B,,,,,,,AB,,,,,,,,,,,,,,,,,,,,,,{AB1137B0-BA4E-40D9-9A60-79E7A51AF07C},RAYNER.HOWARD,12/15/2014 03:18:33 PM +0000,1,,,,
POINT (-85.134133582511 34.973003573972),243,S999A230,,,,,Air Release,,,,12/15/2014 03:18:32 PM +0000,RAYNER.HOWARD,0,,ACT,GRASS,,Ringgold Pump Station Force Main  FC9,,SO South Chick,EWX,,,1,1,SGGPS,26,,MET,,,FT,,Y,N,ACC,ABOVE,,,,,,P:\2009_Projects\09004_Chatt_SA\GIS\South_Chick\Photos_SC\Resize\S999A230.jpg,Y,Unknown - Other,,Sewage,{4EC4072A-A8BC-4178-8107-433389FA33EA},RAYNER.HOWARD,12/15/2014 03:18:32 PM +0000,1,,,,
POINT (-85.10447419736 34.939464248103),226,S999A215,,,,,,,,,12/15/2014 03:18:32 PM +0000,RAYNER.HOWARD,0,,ACT,GRASS,,Ringgold Pump Station Force Main  IV3,,SO South Chick,EWX,,,1,1,SGGPS,26,,MET,,,FT,,Y,N,ACC,ABOVE,,,,,,P:\2009_Projects\09004_Chatt_SA\GIS\South_Chick\Photos_SC\Resize\S999A215.jpg,Y,Unknown - Other,,Sewage,{E5D84712-8034-4449-B9C5-63E0D0CAD888},RAYNER.HOWARD,12/15/2014 03:18:32 PM +0000,1,,,,
POINT (-85.210235486445 34.973983655255),711,S999A605,,,,,,1,1,1,,,0,,,,,,,,,,,,,,,,,,,,,,,,,,,,,,,,,,,{27DAB8DA-CB14-428C-AED6-762E3987623A},,,1,GIS_ADMIN,05/02/2016 02:07:40 PM +0000,GIS_ADMIN,05/12/2016 03:21:11 PM +0000
POINT (-85.368660073023 35.018598040697),268,S154F033,,copied from legacy,,,Air Release,1,1,1,12/15/2014 03:18:33 PM +0000,RAYNER.HOWARD,0,51353,ACT,,,Tiftonia 3 Pump Station (Aster Ave) Force Main,154F,,,,,,,AB,,,,,,,,,,,,,,,,,,,,,Sanitary,{3D70BE9C-2AA9-4ABD-BDE4-D0DC2A6FABBD},RAYNER.HOWARD,12/15/2014 03:18:33 PM +0000,1,,,,
POINT (-85.124771294733 34.970339013098),246,S999A236,,,,,Air Release,,,,12/15/2014 03:18:32 PM +0000,RAYNER.HOWARD,0,,ACT,GRASS,,Ringgold Pump Station Force Main  GATE VALVE,,SO South Chick,EWX,,,1,1,SGGPS,26,,MET,,,FT,,Y,N,ACC,ABOVE,,,,,,P:\2009_Projects\09004_Chatt_SA\GIS\South_Chick\Photos_SC\Resize\S999A236.jpg,Y,Unknown - Other,,Sewage,{1B0EEFA2-7808-4D14-B601-1C6E7951A9C0},RAYNER.HOWARD,12/15/2014 03:18:32 PM +0000,1,,,,
POINT (-85.08565823926 35.060869343021),1133,S140F008,,,,,Air Release,,,,01/14/2015 04:22:55 PM +0000,RAYNER.HOWARD,0,100750,ACT,,,The Summit Of Softball Complex Force Main,140F,,,,,1,1,AB,,,,,,,,,,,,,,,,,,,,Friars Branch 13,Sewage,{48814DB3-7B3A-4AD6-B05E-BC02B2544F91},RAYNER.HOWARD,12/15/2014 03:18:30 PM +0000,1,,,,
POINT (-85.086277396749 35.062337878715),1134,S140F009,,,,,Air Release,,,,01/14/2015 04:22:55 PM +0000,RAYNER.HOWARD,0,100750,ACT,,,The Summit Of Softball Complex Force Main,140F,,,,,1,1,AB,,,,,,,,,,,,,,,,,,,,Friars Branch 13,Sewage,{6F5BA0DF-AF53-42D4-802D-3AA852E76B67},RAYNER.HOWARD,12/15/2014 03:18:30 PM +0000,1,,,,
POINT (-85.329375930005 35.054423210253),2756,S135O920,,,,18,Other,1,1,1,10/17/2023 02:45:39 PM +0000,BFORD,0,,,,,Knife Gate Valve downstream of ARV Doghouse MH,,,,,,,,,,,,,,,,,,,,,,,,,,,,,,{7B6A0839-CBEC-4201-99E1-846BE148815E},BFORD,10/16/2023 03:21:22 PM +0000,1,,,,
POINT (-85.312978561255 35.014399774597),213,S155K040,,,,,Air Release,1,1,1,12/15/2014 03:18:32 PM +0000,RAYNER.HOWARD,0,100910,,,,Alton Park Station Force Main,,,,,,,,,,,,,,,,,,,,,,,,,,,,,,{7E0862EF-3A71-4E7C-A674-598D9DF4D964},RAYNER.HOWARD,12/15/2014 03:18:32 PM +0000,1,,,,
POINT (-85.329477219747 35.054582682686),2759,S135O924,,,,24,Other,1,1,1,10/17/2023 03:00:37 PM +0000,BFORD,0,,,,,Precast Drain Valve Vault,,,,,,,,,,,,,,,,,,,,,,,,,,,,,,{05F047C4-AC52-4BBD-AE09-F560CB03AB34},BFORD,10/17/2023 03:00:37 PM +0000,1,,,,
POINT (-85.104401389179 34.936776496675),252,S999A214,,,,,Air Release,,,,12/15/2014 03:18:33 PM +0000,RAYNER.HOWARD,0,,ACT,GRASS,,Ringgold Pump Station Force Main  FC2,,SO South Chick,EWX,,,1,1,SGGPS,26,,MET,,,FT,,Y,N,ACC,ABOVE,,,,,,P:\2009_Projects\09004_Chatt_SA\GIS\South_Chick\Photos_SC\Resize\S999A214.jpg,Y,Unknown - Other,,Sewage,{F9F82B51-4E3B-4C3F-AEE2-B9962F45DABB},RAYNER.HOWARD,12/15/2014 03:18:33 PM +0000,1,,,,
POINT (-85.16501657152 34.994192815422),1119,S170E200,,,,26,Air Release,,,,01/14/2015 04:22:55 PM +0000,RAYNER.HOWARD,0,,ACT,GRASS,,Ringgold Pump Station Force Main  ARV26,170E,SO South Chick,EWX,DJB,02/25/2011 12:00:00 AM +0000,1,1,SGGPS,26,,MET,NONE,,FT,NONE,Y,N,ACC,ABOVE,,,,,680.87,P:\2009_Projects\09004_Chatt_SA\GIS\South_Chick\Photos_SC\Resize\S170E200.jpg,Y,Air Release Valve,South Chick Creek 19,Sewage,{C489A121-69DB-409E-A97B-DD9A72AC209D},RAYNER.HOWARD,12/15/2014 03:18:29 PM +0000,1,,,,
POINT (-85.109757533259 34.967584582772),240,S999A307,,,,,Air Release,,,,12/15/2014 03:18:32 PM +0000,RAYNER.HOWARD,0,,ACT,SOIL,,Ringgold Pump Station Force Main  IV4,,SO South Chick,EWX,,,1,1,SGGPS,26,,MET,,,FT,,Y,N,ACC,ABOVE,,,,,,P:\2009_Projects\09004_Chatt_SA\GIS\South_Chick\Photos_SC\Resize\S999A307.jpg,Y,Unknown - Other,,Sewage,{5C6363C4-8484-4F7E-999F-32F24D8918D8},RAYNER.HOWARD,12/15/2014 03:18:32 PM +0000,1,,,,
POINT (-85.211329276021 34.9692998555),712,S999A606,,,,,,1,1,1,,,0,,,,,,,,,,,,,,,,,,,,,,,,,,,,,,,,,,,{D90D135A-5765-48F3-B272-9BECFF5E2BBC},,,1,GIS_ADMIN,05/02/2016 02:35:14 PM +0000,GIS_ADMIN,05/12/2016 03:21:16 PM +0000
POINT (-85.124763885929 34.970323687562),247,S999A237,,,,,Air Release,,,,12/15/2014 03:18:32 PM +0000,RAYNER.HOWARD,0,,ACT,GRASS,,Ringgold Pump Station Force Main  GATE VALVE,,SO South Chick,EWX,,,1,1,SGGPS,26,,MET,,,FT,,Y,N,ACC,ABOVE,,,,,,P:\2009_Projects\09004_Chatt_SA\GIS\South_Chick\Photos_SC\Resize\S999A237.jpg,Y,Unknown - Other,,Sewage,{40515FE4-DF2D-471B-AB0E-FA4A7EBCC91C},RAYNER.HOWARD,12/15/2014 03:18:32 PM +0000,1,,,,
POINT (-85.260350109153 35.084675803453),1150,S127E026,,,,,Air Release,,,,01/14/2015 04:22:55 PM +0000,RAYNER.HOWARD,0,52627,ACT,,,"South Chickamauga Creek Pump Station  Force Main 42""",127E,SO South Chick,EWX,,,1,1,OTHER,,,,,,,,,,,,,,,,,,N,Assumed,South Chick Creek 1,Sewage,{60DB5700-522F-4547-BFBD-AFEF72738DAC},RAYNER.HOWARD,12/15/2014 03:18:33 PM +0000,1,,,,
POINT (-85.104600369285 34.954613310538),228,S999A220,,,,,Air Release,,,,12/15/2014 03:18:32 PM +0000,RAYNER.HOWARD,0,,ACT,GRASS,,Ringgold Pump Station Force Main  IV4,,SO South Chick,EWX,,,1,1,SGGPS,26,,MET,,,FT,,Y,N,ACC,ABOVE,,,,,,P:\2009_Projects\09004_Chatt_SA\GIS\South_Chick\Photos_SC\Resize\S999A220.jpg,Y,Unknown - Other,,Sewage,{06665E75-5B25-46F3-B7AA-A7768567AD60},RAYNER.HOWARD,12/15/2014 03:18:32 PM +0000,1,,,,
POINT (-85.223066429893 35.009034831688),210,S157N084,,,,,Air Release,,,,12/15/2014 03:18:32 PM +0000,RAYNER.HOWARD,0,,ACT,,,Eastgate Pump Station Force Main,157N,,,,,1,1,,,,,,,,,,,,,,,,,,,,,South Chick Creek 11,Sewage,{D354133F-CDA9-455D-819B-27F8CA74A54E},RAYNER.HOWARD,12/15/2014 03:18:32 PM +0000,1,,,,
POINT (-85.122603203565 34.969036115406),237,S999A234,,,,,Air Release,,,,12/15/2014 03:18:32 PM +0000,RAYNER.HOWARD,0,,ACT,GRASS,,Ringgold Pump Station Force Main  ARV18,,SO South Chick,EWX,,,1,1,SGGPS,26,,MET,,,FT,,Y,N,ACC,ABOVE,,,,,,P:\2009_Projects\09004_Chatt_SA\GIS\South_Chick\Photos_SC\Resize\S999A234.jpg,Y,Unknown - Other,,Sewage,{4FD190D0-94EB-420D-9500-F408ACA113CF},RAYNER.HOWARD,12/15/2014 03:18:32 PM +0000,1,,,,
POINT (-85.219754820249 35.008620718869),209,S157N083,,,,,Air Release,,,,12/15/2014 03:18:32 PM +0000,RAYNER.HOWARD,0,,ACT,,,Eastgate Pump Station Force Main,157N,,,,,1,1,,,,,,,,,,,,,,,,,,,,,South Chick Creek 10,Sewage,{0471EBE5-41B1-4E54-B8C8-3C656AE267D0},RAYNER.HOWARD,12/15/2014 03:18:32 PM +0000,1,,,,
POINT (-85.104154877947 34.929121244024),225,S999A212,,,,,,,,,12/15/2014 03:18:32 PM +0000,RAYNER.HOWARD,0,,ACT,GRASS,,Ringgold Pump Station Force Main  FC1,,SO South Chick,EWX,,,1,1,SGGPS,26,,MET,,,FT,,Y,N,ACC,ABOVE,,,,,,P:\2009_Projects\09004_Chatt_SA\GIS\South_Chick\Photos_SC\Resize\S999A212.jpg,Y,Unknown - Other,,Sewage,{6B149701-2B16-4D23-AC46-3B2EAB3A66F0},RAYNER.HOWARD,12/15/2014 03:18:32 PM +0000,1,,,,
POINT (-85.147925665971 34.982820574743),233,S171P200,,,,,Air Release,,,,12/15/2014 03:18:32 PM +0000,RAYNER.HOWARD,0,,ACT,ASPH,,Ringgold Pump Station Force Main  IV10,171P,SO South Chick,EWX,,,1,1,SGGPS,24,,MET,,,FT,,Y,N,ACC,AT,,,,,,P:\2009_Projects\09004_Chatt_SA\GIS\South_Chick\Photos_SC\Resize\S171P200.jpg,Y,Unknown - Other,,Sewage,{2C515F96-93CF-4949-9710-92AE2DD28589},RAYNER.HOWARD,12/15/2014 03:18:32 PM +0000,1,,,,
POINT (-85.12479452154 34.970345925422),245,S999A235,,,,,Air Release,,,,12/15/2014 03:18:32 PM +0000,RAYNER.HOWARD,0,,ACT,GRASS,,Ringgold Pump Station Force Main  GATE VALVE,,SO South Chick,EWX,,,1,1,SGGPS,26,,MET,,,FT,,Y,N,ACC,ABOVE,,,,,,P:\2009_Projects\09004_Chatt_SA\GIS\South_Chick\Photos_SC\Resize\S999A235.jpg,Y,Unknown - Other,,Sewage,{71FEC27F-B27B-4F20-93F0-CA59BE823923},RAYNER.HOWARD,12/15/2014 03:18:32 PM +0000,1,,,,
POINT (-85.117922660095 34.967136957645),129,S999A311,,,,26,Air Release,,,,12/15/2014 03:18:29 PM +0000,RAYNER.HOWARD,0,,ACT,SOIL,,Ringgold Pump Station Force Main  ARV17,999A,SO South Chick,EWX,SSS,03/04/2011 12:00:00 AM +0000,1,1,SGGPS,26,,MET,NONE,,FT,NONE,Y,N,ACC,ABOVE,,,,,728.38,P:\2009_Projects\09004_Chatt_SA\GIS\South_Chick\Photos_SC\Resize\S999A311.jpg,Y,Air Release Valve,,Sewage,{2D15EAAD-E68C-409A-B009-2AC460669EC2},RAYNER.HOWARD,12/15/2014 03:18:29 PM +0000,1,,,,
POINT (-85.10598151595 34.949450740861),227,S999A218,,,,,Air Release,,,,12/15/2014 03:18:32 PM +0000,RAYNER.HOWARD,0,,ACT,GRASS,,Ringgold Pump Station Force Main  FC3,,SO South Chick,EWX,,,1,1,SGGPS,23,,MET,,,FT,,Y,N,ACC,AT,,,,,,P:\2009_Projects\09004_Chatt_SA\GIS\South_Chick\Photos_SC\Resize\S999A218.jpg,Y,Unknown - Other,,Sewage,{8FBB72A3-AB76-4C8D-82FC-256B7DD11FF3},RAYNER.HOWARD,12/15/2014 03:18:32 PM +0000,1,,,,
POINT (-85.297305755433 35.082342053682),221,S127H070,,,,,Combination,1,1,1,12/15/2014 03:18:32 PM +0000,RAYNER.HOWARD,0,100406,ACT,,,Altamont Pump Station Force Main,127H,,,,,,,,,,,,,,,,,,,,,,,,,,,,,{5620F0F8-77A1-4930-B185-5E41DD0A907E},RAYNER.HOWARD,12/15/2014 03:18:32 PM +0000,1,,,,
POINT (-85.239543122801 35.180668759102),217,S091A019,,,,,Air Release,,,,12/15/2014 03:18:32 PM +0000,RAYNER.HOWARD,0,100673,ACT,,,Boy Scout Pump Station Force Main,091A,SO North Chick,EWX,,,1,1,,0,,,,,,,,,UTL,,,,,,,,N,Assumed,North Chick Creek 9,Sewage,{BD0AAB3B-A346-4C91-A15E-4272DA7DB79A},RAYNER.HOWARD,12/15/2014 03:18:32 PM +0000,1,,,,
POINT (-85.155386228114 34.987176966429),1118,S171P204,,,,26,Air Release,,,,01/14/2015 04:22:55 PM +0000,RAYNER.HOWARD,0,,ACT,GRASS,,Ringgold Pump Station Force Main  ARV25,171P,SO South Chick,EWX,DJB,02/25/2011 12:00:00 AM +0000,1,1,SGGPS,26,,MET,NONE,,FT,NONE,Y,N,ACC,ABOVE,,,,,703.37,P:\2009_Projects\09004_Chatt_SA\GIS\South_Chick\Photos_SC\Resize\S171P204.jpg,Y,Air Release Valve,South Chick Creek 19,Sewage,{F0D402CB-65DF-4B23-8126-528A44878BEB},RAYNER.HOWARD,12/15/2014 03:18:29 PM +0000,1,,,,
POINT (-85.193365382067 35.121671140222),202,S111I122,,,,,Air Release,,,,12/15/2014 03:18:31 PM +0000,RAYNER.HOWARD,0,52344,ACT,,,Big Ridge 4 Pump Station Force Main,111I,,,,,1,1,,,,,,,,,,,,,0,,0,0,,,,,Tennessee River 18,Sewage,{F766B785-863C-4C1B-B974-3975CFFE09A3},RAYNER.HOWARD,12/15/2014 03:18:31 PM +0000,1,,,,
POINT (-85.173566872543 34.999727449832),1120,S170C075,,,,26,Air Release,,,,06/03/2015 04:33:31 PM +0000,CunninRB,0,,ACT,GRASS,,Ringgold Pump Station Force Main  ARV27,170C,SO South Chick,EWX,DJB,02/25/2011 12:00:00 AM +0000,1,1,SGGPS,26,,MET,NONE,,,NONE,Y,N,ACC,AT,,,,,678.63,P:\2009_Projects\09004_Chatt_SA\GIS\South_Chick\Photos_SC\Resize\S170C200.jpg,Y,Air Release Valve,South Chick Creek 16,Sewage,{B35567E7-CC58-43C9-834D-D540893BF858},RAYNER.HOWARD,12/15/2014 03:18:30 PM +0000,1,,,,
POINT (-85.207302528154 35.042866621862),219,S147E020,,,,,Air Release,,,,12/15/2014 03:18:32 PM +0000,RAYNER.HOWARD,0,100440,ACT,ASPH,,Airport 2 Pump Station Force Main,147E,SO South Chick,EWX,,,1,1,OTHER,,,UNK,Unknown,,UNK,,UNK,UNK,UTL,UNK,,,,,,,N,Assumed,South Chick Creek 5,Sewage,{7AAE36DA-1152-4E2D-A82A-D5779A20B106},RAYNER.HOWARD,12/15/2014 03:18:32 PM +0000,1,,,,
POINT (-85.14575481567 35.067145255727),1151,S139B019,,,,,,,,,01/14/2015 04:22:55 PM +0000,RAYNER.HOWARD,0,100356,ACT,GRASS,,ESIP Pump Station Force Main CANNOT LOCATE STRUCT-FOR DIR ONLY; INSIDE LOCKED FENCE,139B,SO Friar's Branch,EWX,,,1,1,OTHER,0,,UNK,Unknown,,UNK,,UNK,UNK,UTL,UNK,,,,,,,N,Assumed,Friars Branch 13,Sewage,{10638EB1-14AE-4D55-8225-392E3B24AB95},RAYNER.HOWARD,12/15/2014 03:18:33 PM +0000,1,,,,
POINT (-85.139574157307 34.97384100204),231,S999A225,,,,,Air Release,,,,12/15/2014 03:18:32 PM +0000,RAYNER.HOWARD,0,,ACT,ASPH,,Ringgold Pump Station Force Main  IV9,,SO South Chick,EWX,,,1,1,SGGPS,26,,MET,,,FT,,Y,N,ACC,AT,,,,,,P:\2009_Projects\09004_Chatt_SA\GIS\South_Chick\Photos_SC\Resize\S999A225.jpg,Y,Unknown - Other,,Sewage,{6936CAB9-5D9B-4924-9C8F-3C84726FC70D},RAYNER.HOWARD,12/15/2014 03:18:32 PM +0000,1,,,,
POINT (-85.124574472653 34.970669609431),236,S999A240,,,,,Air Release,,,,12/15/2014 03:18:32 PM +0000,RAYNER.HOWARD,0,,ACT,GRASS,,Ringgold Pump Station Force Main  IV7,,SO South Chick,EWX,,,1,1,SGGPS,26,,MISS,,,FT,,Y,N,ACC,ABOVE,,,,,,P:\2009_Projects\09004_Chatt_SA\GIS\South_Chick\Photos_SC\Resize\S999A240.jpg,Y,Unknown - Other,,Sewage,{E7C781BE-2848-498D-BCA0-2847FB86186B},RAYNER.HOWARD,12/15/2014 03:18:32 PM +0000,1,,,,
POINT (-85.134354070992 34.973015167575),244,S999A231,,,,,Air Release,,,,12/15/2014 03:18:32 PM +0000,RAYNER.HOWARD,0,,ACT,GRASS,,Ringgold Pump Station Force Main  FC10,,SO South Chick,EWX,,,1,1,SGGPS,26,,MET,,,FT,,Y,N,ACC,AT,,,,,,P:\2009_Projects\09004_Chatt_SA\GIS\South_Chick\Photos_SC\Resize\S999A231.jpg,Y,Unknown - Other,,Sewage,{7B56DF18-AF29-4D43-ADCF-0286670C9114},RAYNER.HOWARD,12/15/2014 03:18:32 PM +0000,1,,,,
POINT (-85.310223488964 35.011917918797),216,S155L013,,,,,Air Release,1,1,1,12/15/2014 03:18:32 PM +0000,RAYNER.HOWARD,0,100908,,,,Alton Park Station Force Main,,,,,,,,,,,,,,,,,,,,,,,,,,,,,,{F4B8B4B8-7FC5-4D73-9855-165B46E48742},RAYNER.HOWARD,12/15/2014 03:18:32 PM +0000,1,,,,
POINT (-85.124669754603 34.970337249708),248,S999A238,,,,,Air Release,,,,12/15/2014 03:18:32 PM +0000,RAYNER.HOWARD,0,,ACT,GRASS,,Ringgold Pump Station Force Main  IV6,,SO South Chick,EWX,,,1,1,SGGPS,26,,MET,,,FT,,Y,N,ACC,ABOVE,,,,,,P:\2009_Projects\09004_Chatt_SA\GIS\South_Chick\Photos_SC\Resize\S999A238.jpg,Y,Unknown - Other,,Sewage,{83D7D18C-1BB1-4DD6-8BCF-06737745F9EF},RAYNER.HOWARD,12/15/2014 03:18:32 PM +0000,1,,,,
POINT (-85.10418188617 34.958140493745),230,S999A223,,,,,Air Release,,,,12/15/2014 03:18:32 PM +0000,RAYNER.HOWARD,0,,ACT,GRASS,,Ringgold Pump Station Force Main  FC5,,SO South Chick,EWX,,,1,1,SGGPS,23,,MET,,,FT,,Y,N,ACC,AT,,,,,,P:\2009_Projects\09004_Chatt_SA\GIS\South_Chick\Photos_SC\Resize\S999A223.jpg,Y,Unknown - Other,,Sewage,{B4A49E57-74EA-4490-AC13-D3531A8F5129},RAYNER.HOWARD,12/15/2014 03:18:32 PM +0000,1,,,,
POINT (-85.262607183699 35.080286907162),270,S127L053,,,0,0,Air Release,0,0,0,12/15/2014 03:18:33 PM +0000,RAYNER.HOWARD,0,52626,,ASPH,,"South Chickamauga Creek Pump Station Force Main (42"") CANNOT LOCATE STRUCT-FOR DIR ONLY",127L,SO Citico Creek / Dobbs Branch,EWX,,,,,OT,,,,,,UNK,,UNK,UNK,,UNK,0,,0,0,,,,,Tennessee River 13,Sewage,{441C81EE-BF61-43C3-9763-1F1BE831328D},RAYNER.HOWARD,12/15/2014 03:18:33 PM +0000,1,,,,
POINT (-85.214809785262 35.1309636619),199,S110E301,,,,24,Air Release,,,,12/15/2014 03:18:31 PM +0000,RAYNER.HOWARD,0,,ACT,GRASS,,Hixson 3 Pump Station Force Main,110E,SO North Chick,EWX,SSS,09/18/2009 12:00:00 AM +0000,1,1,TS,24,,MET,CON,,FT,NONE,N,N,ACC,AT,,,0,0,663.88,P:\2009_Projects\09004_Chatt_SA\GIS\North_Chick\Photos_NC\resize\S110E301.jpg,Y,Air Release Valve,North Chick Creek 2,Sewage,{EA1EB1E5-D2AC-4DD2-B11C-0EA8B885965A},RAYNER.HOWARD,12/15/2014 03:18:31 PM +0000,1,,,,
POINT (-85.222899657579 34.99589947496),251,S169F003,,copied from legacy,,,Air Release,1,1,1,12/15/2014 03:18:33 PM +0000,RAYNER.HOWARD,0,52424,ACT,,,Spring Creek Pump Station Force Main,169F,,,,,,,AB,,,,,,,,,,,,,,,,,,,,,,{0F08EEEF-D3D6-4907-8E7B-65E36F9657B2},RAYNER.HOWARD,12/15/2014 03:18:33 PM +0000,1,,,,
POINT (-85.256478529029 35.087946342217),1147,S127D031,,,,,Air Release,,,,01/14/2015 04:22:55 PM +0000,RAYNER.HOWARD,0,52628,ACT,,,"South Chickamauga Creek Pump Station  Force Main 42""",127D,SO South Chick,EWX,,,1,1,OTHER,,,,,,,,,,,,,,,,,,N,Assumed,South Chick Creek 1,Sewage,{84237081-6475-4C58-A421-A31FDE01BC6B},RAYNER.HOWARD,12/15/2014 03:18:33 PM +0000,1,,,,
POINT (-85.124525023432 34.970664000245),235,S999A239,,,,,Air Release,,,,12/15/2014 03:18:32 PM +0000,RAYNER.HOWARD,0,,ACT,GRASS,,Ringgold Pump Station Force Main  FC8,,SO South Chick,EWX,,,1,1,SGGPS,26,,MISS,,,FT,,Y,N,ACC,ABOVE,,,,,,P:\2009_Projects\09004_Chatt_SA\GIS\South_Chick\Photos_SC\Resize\S999A239.jpg,Y,Unknown - Other,,Sewage,{7496BF1D-D304-45DB-BD90-2857039F11B9},RAYNER.HOWARD,12/15/2014 03:18:32 PM +0000,1,,,,
POINT (-85.222019206411 34.977989153369),1114,S999A601,,,,,Air Release,1,1,1,,,0,,,Soil,,Fort Oglethorpe Force Main,,,3,JMH,06/15/2016 12:00:00 AM +0000,,,SGGPS,,,,,,,,Y,,,At,,,,,705.2029,,Y,,,,{C5948543-E716-43E2-ABAF-02D469B82942},,,1,GIS_ADMIN,05/04/2016 01:02:06 PM +0000,GIS_ADMIN,07/07/2016 12:32:58 PM +0000
POINT (-85.104373274273 34.936698493158),117,S999A213,,,,26,Air Release,,,,12/15/2014 03:18:29 PM +0000,RAYNER.HOWARD,0,,ACT,GRASS,,Ringgold Pump Station Force Main  ARV8,999A,SO South Chick,EWX,DJB,02/24/2011 12:00:00 AM +0000,1,1,SGGPS,26,,MET,NONE,,FT,NONE,Y,N,ACC,ABOVE,,,,,777.25,P:\2009_Projects\09004_Chatt_SA\GIS\South_Chick\Photos_SC\Resize\S999A213.jpg,Y,Air Release Valve,,Sewage,{AC7AC8C3-D313-4595-8DB4-EDD91A4B83E3},RAYNER.HOWARD,12/15/2014 03:18:29 PM +0000,1,,,,
POINT (-85.260529219706 35.087141951548),1149,S127E025,,,,,Air Release,,,,01/14/2015 04:22:55 PM +0000,RAYNER.HOWARD,0,52628,ACT,,,"South Chickamauga Creek Pump Station  Force Main 42""",127E,SO South Chick,EWX,,,1,1,OTHER,,,,,,,,,,,,,,,,,,N,Assumed,South Chick Creek 1,Sewage,{C1785FF2-9705-4768-85C3-70DBA5518D76},RAYNER.HOWARD,12/15/2014 03:18:33 PM +0000,1,,,,
POINT (-85.267856842066 35.072583667515),271,S127N084,,,0,0,Air Release,0,0,0,12/15/2014 03:18:33 PM +0000,RAYNER.HOWARD,0,5265,,ASPH,,"South Chickamauga Creek Pump Station Force Main (42"") PAVED OVER METAL DETECTED",127N,SO Citico Creek / Dobbs Branch,EWX,,,,,SGGPS,,,,,,UNK,,UNK,UNK,,UNK,0,,0,0,,,,,Tennessee River 13,Sewage,{F2CA5EC5-0671-4822-B56B-5EC3E5876283},RAYNER.HOWARD,12/15/2014 03:18:33 PM +0000,1,,,,
POINT (-85.31014640153 35.010310610665),212,S155M038,,,,,Air Release,1,1,1,12/15/2014 03:18:32 PM +0000,RAYNER.HOWARD,0,100907,,,,Alton Park Station Force Main,,,,,,,,,,,,,,,,,,,,,,,,,,,,,,{7338215B-D691-4566-B39D-D110C04640A4},RAYNER.HOWARD,12/15/2014 03:18:32 PM +0000,1,,,,
POINT (-85.192111630734 35.129398922506),204,S111G025,,,,,Air Release,,,,12/15/2014 03:18:31 PM +0000,RAYNER.HOWARD,0,52341,ACT,,,Big Ridge 9 Pump Station Force Main,111G,,,,,1,1,,,,,,,,,,,,,0,,0,0,,,,,Tennessee River 18,Sewage,{825A0012-3A5B-42D1-BF95-2C45DCD703EA},RAYNER.HOWARD,12/15/2014 03:18:31 PM +0000,1,,,,
POINT (-85.113270533715 34.967722412958),239,S999A309,,,,,Air Release,,,,01/28/2022 06:09:49 PM +0000,JSDAVIS,0,,ACT,SOIL,,Ringgold Pump Station Force Main  FC7,,SO South Chick,EWX,,,1,1,SGGPS,26,,MET,,,FT,,Y,N,ACC,ABOVE,,,,,,P:\2009_Projects\09004_Chatt_SA\GIS\South_Chick\Photos_SC\Resize\S999A309.jpg,Y,Unknown - Other,,Sewage,{1F503F00-F987-4D5B-B91F-015D53459CFB},RAYNER.HOWARD,12/15/2014 03:18:32 PM +0000,1,,,,
POINT (-85.29945747371 35.086287418262),1143,S126E304,,,,26,Air Release,,,,01/14/2015 04:22:55 PM +0000,RAYNER.HOWARD,0,,ACT,ASPH,,Altamont Pump Station Force Main,126E,SO Tennessee River Part A,EWX,DTW,08/24/2010 12:00:00 AM +0000,1,1,TS,26,,MET,NONE,,NONE,NONE,UNK,N,ACC,AT,,,,0,774.83,P:\2009_Projects\09004_Chatt_SA\GIS\Chatt_Creek\Photos_CC_TN1\Resized\S126E304.jpg,Y,Air Release Valve,Tennessee River 5,Sewage,{32394391-604A-44E9-97B5-D53C961A9D25},RAYNER.HOWARD,12/15/2014 03:18:31 PM +0000,1,,,,
POINT (-85.202589850004 35.097920362587),176,S120P152,,,,26,Air Release,,,,12/15/2014 03:18:31 PM +0000,RAYNER.HOWARD,0,52149,ACT,ASPH,,Murray Hills 4 Pump Station Force Main,120P,SO South Chick,EWX,JDE,10/08/2009 12:00:00 AM +0000,1,1,TS,26,,MET,CON,,CC,NONE,N,N,ACC,AT,,,,,717.97,P:\2009_Projects\09004_Chatt_SA\GIS\South_Chick\Photos_SC\Resize\S120P152.jpg,Y,Air Release Valve,Tennessee River 14,Sewage,{B9F55439-6254-450B-A4BE-0A39B07187D3},RAYNER.HOWARD,12/15/2014 03:18:31 PM +0000,1,,,,
POINT (-85.388116055167 34.990555611094),145,S166I601,,,,26,Air Release,,,,12/15/2014 03:18:30 PM +0000,RAYNER.HOWARD,0,,ACT,ASPH,,Wauhatchie Pike Force Main,166I,SO Lookout Creek,EWX,CGS,05/11/2011 12:00:00 AM +0000,1,1,SGGPS,26,LID,MET,CON,,FT,NONE,Y,N,ACC,AT,,,,672.02,672.02,P:\2009_Projects\09004_Chatt_SA\GIS\Lookout_Creek\Photos_LC\Resized\S166I601.jpg,Y,Air Release Valve,Lookout Creek 3,Sewage,{82C3D273-4C73-4635-B5F1-FB3F33799957},RAYNER.HOWARD,12/15/2014 03:18:30 PM +0000,1,,,,
POINT (-85.146977673249 35.068440338804),1136,S139A025,,,,26,Air Release,,,,01/14/2015 04:22:55 PM +0000,RAYNER.HOWARD,0,100356,ACT,GRASS,,ESIP Pump Station Force Main,139A,SO Friar's Branch,EWX,CGS,07/01/2009 12:00:00 AM +0000,1,1,SGGPS,26,,MET,CON,,FT,NONE,Y,N,ACC,AT,,,0,0,726.02,P:\2009_Projects\09004_Chatt_SA\GIS\Friar_Branch\Photos_FR\S139A025.jpg,Y,Air Release Valve,Friars Branch 13,Sewage,{8BBBB277-F250-483C-887A-9030C387CC30},RAYNER.HOWARD,12/15/2014 03:18:31 PM +0000,1,,,,
POINT (-85.11495472121 34.967449599965),128,S999A310,,,,26,Air Release,,,,12/15/2014 03:18:29 PM +0000,RAYNER.HOWARD,0,,ACT,SOIL,,Ringgold Pump Station Force Main  ARV16,999A,SO South Chick,EWX,SSS,03/04/2011 12:00:00 AM +0000,1,1,SGGPS,26,,MET,NONE,,FT,NONE,Y,N,ACC,ABOVE,,,,,729.84,P:\2009_Projects\09004_Chatt_SA\GIS\South_Chick\Photos_SC\Resize\S999A310.jpg,Y,Air Release Valve,,Sewage,{2BC10DF5-F65A-400F-9453-1ED3EE4C9777},RAYNER.HOWARD,12/15/2014 03:18:29 PM +0000,1,,,,
POINT (-85.3726421039 35.013088361107),150,S154J601,,,,24,Air Release,,,,12/15/2014 03:18:30 PM +0000,RAYNER.HOWARD,2,51354,ACT,OTH,,Tiftonia 3 Pump Station (Aster Ave) Force Main NEED LOCK BAR,154J,SO Lookout Creek,EWX,MJQ,04/13/2011 12:00:00 AM +0000,0,0,SGGPS,24,LID,MET,CON,,CC,NONE,Y,N,ACC,ABOVE,,,,656.45,656.45,P:\2009_Projects\09004_Chatt_SA\GIS\Lookout_Creek\Photos_LC\Resized\S154J601.jpg,Y,Air Release Valve,Lookout Creek 3,Sewage,{BE94A65A-B89E-4C2D-B28C-0FB2336F72A0},RAYNER.HOWARD,12/15/2014 03:18:30 PM +0000,1,,,,
POINT (-85.072270501055 35.066514369575),1129,S140D301,,,,26,Air Release,,,,01/14/2015 04:22:55 PM +0000,RAYNER.HOWARD,2,,ACT,SOIL,,WWTA Lee Hwy Force Main,140D,SO Wolftever Creek,EWX,MJQ,03/14/2011 12:00:00 AM +0000,0,0,SGGPS,26,,MET,CON,,CC,NONE,Y,N,ACC,AT,,,,,807.49,P:\2009_Projects\09004_Chatt_SA\GIS\Mackey_Branch\PHOTOS_MB_WC\resized_photos\S140D301.jpg,Y,Air Release Valve,Friars Branch 13,Sewage,{9407EB8A-B4FA-45C4-8432-CAF1C3362649},RAYNER.HOWARD,12/15/2014 03:18:30 PM +0000,1,,,,
POINT (-85.201125766872 35.097715788113),177,S120P154,,,,26,Air Release,,,,12/15/2014 03:18:31 PM +0000,RAYNER.HOWARD,0,52149,ACT,ASPH,,Murray Hills 4 Pump Station Force Main,120P,SO South Chick,EWX,DJB,10/09/2009 12:00:00 AM +0000,1,1,TS,26,,MET,CON,,CC,NONE,N,N,ACC,AT,,,,,724.36,P:\2009_Projects\09004_Chatt_SA\GIS\South_Chick\Photos_SC\Resize\S120P154.jpg,Y,Air Release Valve,Tennessee River 14,Sewage,{1E82B110-88B3-43F3-821C-5C9F6373BF94},RAYNER.HOWARD,12/15/2014 03:18:31 PM +0000,1,,,,
POINT (-85.256045866132 35.088271986034),1137,S127D905,,,,26,Air Release,,,,01/14/2015 04:22:55 PM +0000,RAYNER.HOWARD,2,,ACT,SOIL,,Unattached near South Chickamauga Creek Force Main,127D,SO South Chick,EWX,SDM,05/31/2011 12:00:00 AM +0000,0,0,TS,26,,MET,NONE,,FT,NONE,Y,N,ACC,ABOVE,,,26.21,627.37,653.58,P:\2009_Projects\09004_Chatt_SA\GIS\South_Chick\Photos_SC\Resize\S127D905.jpg,Y,Air Release Valve,South Chick Creek 1,Sewage,{6703E75F-6377-4286-BDB2-393CC69134ED},RAYNER.HOWARD,12/15/2014 03:18:31 PM +0000,1,,,,
POINT (-85.218026111241 35.054988904532),178,S137K200,,,,,Air Release,,,,01/28/2022 06:09:49 PM +0000,JSDAVIS,0,,ACT,GRASS,,Creekwood Terrace Ln Force Main,137K,SO South Chick,EWX,SSS,10/28/2009 12:00:00 AM +0000,1,1,TS,26,,MET,NONE,,FT,NONE,Y,N,ACC,AT,,,,,696.41,P:\2009_Projects\09004_Chatt_SA\GIS\South_Chick\Photos_SC\Resize\S137K200.jpg,Y,Air Release Valve,South Chick Creek 4,Sewage,{3DD61739-30F6-4BC4-87E2-023C165D7C9D},RAYNER.HOWARD,12/15/2014 03:18:31 PM +0000,1,,,,
POINT (-85.372795222515 35.013215075211),149,S154J053,,,,24,Air Release,,,,12/15/2014 03:18:30 PM +0000,RAYNER.HOWARD,0,51354,ACT,ASPH,,Tiftonia 3 Pump Station (Aster Ave) Force Main NO LOCKING BAR,154J,SO Lookout Creek,EWX,MJQ,04/13/2011 12:00:00 AM +0000,1,1,SGGPS,24,LID,MET,CON,,CC,NONE,Y,N,ACC,AT,,,,652.64,652.64,P:\2009_Projects\09004_Chatt_SA\GIS\Lookout_Creek\Photos_LC\Resized\S154J053.jpg,Y,Air Release Valve,Lookout Creek 3,Sewage,{0CD10FA3-3502-43EA-8DDE-46FACB8B06D9},RAYNER.HOWARD,12/15/2014 03:18:30 PM +0000,1,,,,
POINT (-85.2028843335 35.00786463978),1122,S158P014,,,,26,Air Release,,,,01/14/2015 04:22:55 PM +0000,RAYNER.HOWARD,2,100596,ACT,GRASS,,Eastgate 2 Pump Station Force Main,158P,SO South Chick,EWX,WDB,11/04/2009 12:00:00 AM +0000,0,0,TS,26,,MET,CON,,EC,NONE,Y,N,ACC,AT,,,,,682.68,P:\2009_Projects\09004_Chatt_SA\GIS\South_Chick\Photos_SC\Resize\S158P014.jpg,Y,Air Release Valve,South Chick Creek 5,Sewage,{3C8C6915-ADFA-4294-A8D3-B3A9F345EB7A},RAYNER.HOWARD,12/15/2014 03:18:30 PM +0000,1,,,,
POINT (-85.07216656268 35.066747860679),1128,S140D300,,,,26,Air Release,,,,01/14/2015 04:22:55 PM +0000,RAYNER.HOWARD,0,,ACT,SOIL,,Collegedale Pump Station Force Main,140D,SO Wolftever Creek,EWX,MJQ,03/14/2011 12:00:00 AM +0000,1,1,SGGPS,26,,MET,CON,,CC,NONE,Y,N,ACC,AT,,,,,799.02,P:\2009_Projects\09004_Chatt_SA\GIS\Mackey_Branch\PHOTOS_MB_WC\resized_photos\S140D300.jpg,Y,Air Release Valve,Friars Branch 13,Sewage,{3F649162-0AF6-49CE-8A87-F6CA526D5781},RAYNER.HOWARD,12/15/2014 03:18:30 PM +0000,1,,,,
POINT (-85.265310636743 35.096083989299),182,S118N500,,,,24,Air Release,,,,12/15/2014 03:18:31 PM +0000,RAYNER.HOWARD,2,,ACT,SOIL,,Unattached near Stuart Heights Parallel Force Main at Rivermont Park,118N,SO Tennessee River Part B,EWX,MEG,11/10/2010 12:00:00 AM +0000,0,0,TS,24,,MET,CON,,UNK,NONE,N,N,ACC,AT,,,7.57,633.59,641.16,P:\2009_Projects\09004_Chatt_SA\GIS\Tenn_River\Photos_TNB_MC\Resized\S118N500.jpg,Y,Air Release Valve,Tennessee River 7,Sewage,{C47C4306-78BA-49EA-A6AC-E8ACC4B90584},RAYNER.HOWARD,12/15/2014 03:18:31 PM +0000,1,,,,
POINT (-85.211570580873 34.998201261653),142,S169E202,,,,26,Air Release,,,,12/15/2014 03:18:30 PM +0000,RAYNER.HOWARD,0,,ACT,GRASS,,Spring Creek Pump Station Force Main,169E,SO South Chick,EWX,DJB,03/04/2011 12:00:00 AM +0000,1,1,SGGPS,26,,MET,NONE,,FT,NONE,Y,N,ACC,ABOVE,,,,,668.11,P:\2009_Projects\09004_Chatt_SA\GIS\South_Chick\Photos_SC\Resize\S169E202.jpg,Y,Air Release Valve,,Sewage,{610A8D2D-00FA-4F01-9CB6-BB16728DA8F4},RAYNER.HOWARD,12/15/2014 03:18:30 PM +0000,1,,,,
POINT (-85.15206174743 34.984784657877),1117,S171P202,,,,26,Air Release,,,,01/14/2015 04:22:55 PM +0000,RAYNER.HOWARD,0,,ACT,ASPH,,Ringgold Pump Station Force Main  ARV24,171P,SO South Chick,EWX,DJB,02/24/2011 12:00:00 AM +0000,1,1,SGGPS,26,,MET,NONE,,FT,NONE,Y,N,ACC,AT,,,,,717.33,P:\2009_Projects\09004_Chatt_SA\GIS\South_Chick\Photos_SC\Resize\S171P202.jpg,Y,Air Release Valve,South Chick Creek 19,Sewage,{9A99E097-631D-4AAD-88B9-17C40151D000},RAYNER.HOWARD,12/15/2014 03:18:29 PM +0000,1,,,,
POINT (-85.215120368288 35.134279038914),197,S110D078,,,,24,Air Release,,,,12/15/2014 03:18:31 PM +0000,RAYNER.HOWARD,0,51225,ACT,GRASS,,Hixson 3 Pump Station Force Main,110D,SO North Chick,EWX,SSS,09/18/2009 12:00:00 AM +0000,1,1,TS,24,,MET,CON,,FT,NONE,Y,N,ACC,AT,,,0,0,654.57,P:\2009_Projects\09004_Chatt_SA\GIS\North_Chick\Photos_NC\resize\S110D078.jpg,Y,Air Release Valve,North Chick Creek 2,Sewage,{BD12A7A5-1A88-4CFE-B305-7BA63D19B7BA},RAYNER.HOWARD,12/15/2014 03:18:31 PM +0000,1,,,,
POINT (-85.10477821227 34.953635331284),120,S999A219,,,,26,Air Release,,,,12/15/2014 03:18:29 PM +0000,RAYNER.HOWARD,0,,ACT,GRASS,,Ringgold Pump Station Force Main  ARV11,999A,SO South Chick,EWX,DJB,02/24/2011 12:00:00 AM +0000,1,1,SGGPS,26,,MET,NONE,,FT,NONE,Y,N,ACC,ABOVE,,,,,753.49,P:\2009_Projects\09004_Chatt_SA\GIS\South_Chick\Photos_SC\Resize\S999A219.jpg,Y,Air Release Valve,,Sewage,{253F2839-6BAE-44AD-8847-6952B1B637ED},RAYNER.HOWARD,12/15/2014 03:18:29 PM +0000,1,,,,
POINT (-85.217628409247 34.978395760696),1111,S999A602,,,,,Air Release,1,1,1,,,0,,,Grass,,Fort Oglethorpe Force Main,,,3,JMH,06/15/2016 12:00:00 AM +0000,,,SGGPS,,,,,,,,Y,,,At,,,,,705.7046,,Y,,,,{BEC75A06-76E8-40FF-83DC-80A4FFAC2714},,,1,GIS_ADMIN,05/04/2016 12:37:09 PM +0000,GIS_ADMIN,07/07/2016 12:32:58 PM +0000
POINT (-85.334856944451 35.041679053707),253,S145H011,,,,,Air Release,,,,12/15/2014 03:18:33 PM +0000,RAYNER.HOWARD,0,50969,ACT,SOIL,,Tiftonia 1 Pump Station (Moccasin Bend) Force Main LID WELDED SHUT. PROBABLY AIR RELEASE VALVE,145H,SO Tennessee River Part B,EWX,,,1,1,TS,24,,MET,Unknown,,UNK,,UNK,N,INACC,ABOVE,,,,,657.92,P:\2009_Projects\09004_Chatt_SA\GIS\Tenn_River\Photos_TNB_MC\Resized\S145H011.jpg,Y,Inaccessible,Tennessee River 1,Sewage,{B3B470FB-DB72-4921-AD7A-240C5AF71740},RAYNER.HOWARD,12/15/2014 03:18:33 PM +0000,1,,,,
POINT (-85.224828071572 34.991326064661),140,S169K201,,,,26,Air Release,,,,12/15/2014 03:18:30 PM +0000,RAYNER.HOWARD,0,,ACT,ASPH,,Spring Creek Pump Station Force Main,169K,SO South Chick,EWX,DJB,03/01/2011 12:00:00 AM +0000,1,1,SGGPS,26,,MET,NONE,,FT,NONE,Y,N,ACC,AT,,,,,676.41,P:\2009_Projects\09004_Chatt_SA\GIS\South_Chick\Photos_SC\Resize\S169K201.jpg,Y,Air Release Valve,,Sewage,{AAF0D7DA-EE7C-482E-9542-1E7F2DDBB060},RAYNER.HOWARD,12/15/2014 03:18:30 PM +0000,1,,,,
POINT (-85.186419180065 35.009774846137),1123,S158O991,,,,24,Air Release,,,,01/14/2015 04:22:55 PM +0000,RAYNER.HOWARD,0,,ACT,GRAV,,East Brainerd (Frawley Rd )Pump Station Force Main,158O,SO South Chick,EWX,SSS,07/22/2010 12:00:00 AM +0000,1,1,TS,24,,MET,CON,,NONE,NONE,N,N,ACC,AT,,,,,676.99,P:\2009_Projects\09004_Chatt_SA\GIS\South_Chick\Photos_SC\Resize\S158O991.jpg,?,Air Release Valve,South Chick Creek 16,Sewage,{7E67FBFD-A3E7-49F4-B183-0BC1E25DA2BD},RAYNER.HOWARD,12/15/2014 03:18:30 PM +0000,1,,,,
POINT (-85.33391176015 35.049197067931),157,S145A321,,,,26,Air Release,,,,12/15/2014 03:18:30 PM +0000,RAYNER.HOWARD,0,,ACT,GRASS,,Tiftonia 1 Pump Station (Moccasin Bend) Force Main,145A,SO Tennessee River Part B,EWX,DJB,12/30/2010 12:00:00 AM +0000,1,1,SGGPS,26,,MET,NONE,,FT,NONE,Y,N,ACC,ABOVE,,,,,662.07,P:\2009_Projects\09004_Chatt_SA\GIS\Tenn_River\Photos_TNB_MC\Resized\S145A321.jpg,Y,Air Release Valve,Tennessee River 1,Sewage,{367F4BB8-4F3B-4550-B468-639D3CBC6F29},RAYNER.HOWARD,12/15/2014 03:18:30 PM +0000,1,,,,
POINT (-85.142433692459 35.065436197618),1124,S139B020,,,,26,Air Release,,,,01/14/2015 04:22:55 PM +0000,RAYNER.HOWARD,0,100358,ACT,ASPH,,ESIP Pump Station Force Main,139B,SO Friar's Branch,EWX,JPB,07/01/2009 12:00:00 AM +0000,1,1,SGGPS,26,,MET,NONE,,FT,NONE,Y,N,ACC,AT,,,0,0,759.11,P:\2009_Projects\09004_Chatt_SA\GIS\Friar_Branch\Photos_FR\S139B020.jpg,Y,Air Release Valve,Friars Branch 13,Sewage,{568C5DD4-11DD-42D3-A4E2-0C4BBA933E4A},RAYNER.HOWARD,12/15/2014 03:18:30 PM +0000,1,,,,
POINT (-85.344993214689 35.04282954274),152,S145H001,,,,24,Air Release,,,,12/15/2014 03:18:30 PM +0000,RAYNER.HOWARD,0,50971,ACT,GRASS,,Tiftonia 1 Pump Station (Moccasin Bend) Force Main,145H,SO Tennessee River Part B,EWX,MJQ,11/24/2010 12:00:00 AM +0000,1,1,SGGPS,24,,MET,CON,,CC,NONE,Y,N,ACC,ABOVE,,,,,649.71,P:\2009_Projects\09004_Chatt_SA\GIS\Tenn_River\Photos_TNB_MC\Resized\S145H001.jpg,Y,Air Release Valve,Tennessee River 1,Sewage,{F4801D45-3302-4544-82FD-08E2B2CB15B1},RAYNER.HOWARD,12/15/2014 03:18:30 PM +0000,1,,,,
POINT (-85.224291464946 34.993460553938),139,S169K200,,,,26,Air Release,,,,12/15/2014 03:18:30 PM +0000,RAYNER.HOWARD,0,,ACT,GRASS,,Spring Creek Pump Station Force Main,169K,SO South Chick,EWX,DJB,03/01/2011 12:00:00 AM +0000,1,1,SGGPS,26,,MET,NONE,,FT,NONE,Y,N,ACC,AT,,,,,672.16,P:\2009_Projects\09004_Chatt_SA\GIS\South_Chick\Photos_SC\Resize\S169K200.jpg,Y,Air Release Valve,,Sewage,{B0322B07-BD6B-4F59-A22A-302AE4DB4D25},RAYNER.HOWARD,12/15/2014 03:18:30 PM +0000,1,,,,
POINT (-85.202899387387 35.007914179682),1121,S158P600,,,,26,Air Release,,,,01/14/2015 04:22:55 PM +0000,RAYNER.HOWARD,0,,ACT,ASPH,,Eastgate 2 Pump Station Force Main,158P,SO South Chick,EWX,WDB,11/04/2009 12:00:00 AM +0000,1,1,TS,26,,MET,CON,,NONE,NONE,Y,N,ACC,AT,,,,,681.48,P:\2009_Projects\09004_Chatt_SA\GIS\South_Chick\Photos_SC\Resize\S158P600.jpg,Y,Air Release Valve,South Chick Creek 5,Sewage,{96424CE8-F576-4719-BAA4-27F0E588E6CF},RAYNER.HOWARD,12/15/2014 03:18:30 PM +0000,1,,,,
POINT (-85.261493606826 35.081498080677),179,S127L052,,,,26,Air Release,,,,12/15/2014 03:18:31 PM +0000,RAYNER.HOWARD,0,52626,ACT,ASPH,,"South Chickamauga Creek Pump Station Force Main 42""",127L,SO Citico Creek / Dobbs Branch,EWX,WDB,05/14/2010 12:00:00 AM +0000,1,1,SGGPS,26,,MET,CON,,FT,NONE,Y,N,ACC,AT,,,0,0,680.1879,P:\2009_Projects\09004_Chatt_SA\GIS\Citico_Creek\Photos_CI\Resized\S127L052.jpg,Y,Air Release Valve,Tennessee River 13,Sewage,{873828E9-D240-4AEA-B0E7-66D47D23386F},RAYNER.HOWARD,12/15/2014 03:18:31 PM +0000,1,,,,
POINT (-85.189541240242 35.099626162045),206,S120J077,,,,26,Air Release,,,,12/15/2014 03:18:31 PM +0000,RAYNER.HOWARD,0,100676,ACT,ASPH,,Murray Hills 2 (Shoreline Dr) Pump Station Force Main NO BARREL WITH GRAVEL BOTTOM,120J,SO Friar's Branch,EWX,DJB,06/05/2009 12:00:00 AM +0000,1,1,SGGPS,26,,MET,CON,,CC,NONE,Y,N,ACC,AT,,,0,0,728.14,P:\2009_Projects\09004_Chatt_SA\GIS\Friar_Branch\Photos_FR\S120J077.jpg,Y,Air Release Valve,Tennessee River 16,Sewage,{4D8124D4-6CBD-491E-A8B8-CACDF78883F6},RAYNER.HOWARD,12/15/2014 03:18:31 PM +0000,1,,,,
POINT (-85.365037174595 35.024601431089),147,S154C042,,,,24,Air Release,,,,12/15/2014 03:18:30 PM +0000,RAYNER.HOWARD,0,50918,ACT,GRAV,,Tiftonia 2 Pump Station Browns Ferry Rd) Force Main,154C,SO Lookout Creek,EWX,MJQ,03/22/2011 12:00:00 AM +0000,1,1,SGGPS,24,LID,MET,NONE,,FT,NONE,N,N,ACC,AT,,,,654.92,654.92,P:\2009_Projects\09004_Chatt_SA\GIS\Lookout_Creek\Photos_LC\Resized\S154C042.jpg,Y,Air Release Valve,Lookout Creek 2,Sewage,{14F233DF-37BE-4FEE-AB97-8C455E169373},RAYNER.HOWARD,12/15/2014 03:18:30 PM +0000,1,,,,
POINT (-85.370427004919 35.016367719601),151,S154J052,,,,24,Air Release,,,,12/15/2014 03:18:30 PM +0000,RAYNER.HOWARD,0,51353,ACT,ASPH,,Tiftonia 3 Pump Station (Aster Ave) Force Main,154J,SO Lookout Creek,EWX,MJQ,04/14/2011 12:00:00 AM +0000,1,1,TS,24,LID,MET,CON,,CC,NONE,Y,N,ACC,AT,,,,660.81,660.81,P:\2009_Projects\09004_Chatt_SA\GIS\Lookout_Creek\Photos_LC\Resized\S154J052.jpg,Y,Air Release Valve,Lookout Creek 3,Sewage,{C384349C-CFC2-401E-9117-DCE57563FC4E},RAYNER.HOWARD,12/15/2014 03:18:30 PM +0000,1,,,,
POINT (-85.215179736706 35.133179868384),198,S110D077,,,,24,Air Release,,,,12/15/2014 03:18:31 PM +0000,RAYNER.HOWARD,0,51225,ACT,GRASS,,Hixson 3 Pump Station Force Main,110D,SO North Chick,EWX,SSS,09/18/2009 12:00:00 AM +0000,1,1,TS,24,,MET,CON,,FT,NONE,Y,N,ACC,AT,,,0,0,652.07,P:\2009_Projects\09004_Chatt_SA\GIS\North_Chick\Photos_NC\resize\S110D077.jpg,Y,Air Release Valve,North Chick Creek 2,Sewage,{D5F448CB-A632-43D6-902E-516DE1AA66F0},RAYNER.HOWARD,12/15/2014 03:18:31 PM +0000,1,,,,
POINT (-85.112836899763 34.9679185942),127,S999A308,,,,26,Air Release,,,,12/15/2014 03:18:29 PM +0000,RAYNER.HOWARD,0,,ACT,SOIL,,Ringgold Pump Station Force Main  ARV15,999A,SO South Chick,EWX,SSS,03/04/2011 12:00:00 AM +0000,1,1,SGGPS,26,,MET,NONE,,FT,NONE,Y,N,ACC,ABOVE,,,,,760.84,P:\2009_Projects\09004_Chatt_SA\GIS\South_Chick\Photos_SC\Resize\S999A308.jpg,Y,Air Release Valve,,Sewage,{E7779532-5023-42F2-A591-710EE254421C},RAYNER.HOWARD,12/15/2014 03:18:29 PM +0000,1,,,,
POINT (-85.215788627252 35.123416160056),200,S110K300,,,,26,Air Release,,,,12/15/2014 03:18:31 PM +0000,RAYNER.HOWARD,0,,ACT,ASPH,,Big Ridge 1 Pump Station Force Main,110K,SO North Chick,EWX,SSS,09/22/2009 12:00:00 AM +0000,1,1,TS,26,,MET,CON,,FT,NONE,Y,N,ACC,AT,,,0,0,709.77,P:\2009_Projects\09004_Chatt_SA\GIS\North_Chick\Photos_NC\resize\S110K300.jpg,Y,Air Release Valve,North Chick Creek 2,Sewage,{9487B97F-FFD3-4319-B551-83208320D484},RAYNER.HOWARD,12/15/2014 03:18:31 PM +0000,1,,,,
POINT (-85.104286058732 34.959676462825),122,S999A224,,,,26,Air Release,,,,12/15/2014 03:18:29 PM +0000,RAYNER.HOWARD,0,,ACT,GRASS,,Ringgold Pump Station Force Main  ARV13,999A,SO South Chick,EWX,DJB,02/24/2011 12:00:00 AM +0000,1,1,SGGPS,26,,MET,NONE,,FT,NONE,Y,N,ACC,ABOVE,,,,,758.49,P:\2009_Projects\09004_Chatt_SA\GIS\South_Chick\Photos_SC\Resize\S999A224.jpg,Y,Air Release Valve,,Sewage,{28143B1D-9718-46B8-98CE-825FEB9EB1B4},RAYNER.HOWARD,12/15/2014 03:18:29 PM +0000,1,,,,
POINT (-85.333496420129 35.04442738993),153,S145B001,,,,24,Air Release,,,,12/15/2014 03:18:30 PM +0000,RAYNER.HOWARD,0,50968,ACT,GRASS,,Tiftonia 1 Pump Station (Moccasin Bend) Force Main FULL OF WATER,145B,SO Tennessee River Part B,EWX,MJQ,11/24/2010 12:00:00 AM +0000,1,1,SGGPS,24,,MET,NONE,,FT,NONE,Y,N,ACC,ABOVE,,,,,659.95,P:\2009_Projects\09004_Chatt_SA\GIS\Tenn_River\Photos_TNB_MC\Resized\S145B001.jpg,Y,Air Release Valve,Tennessee River 1,Sewage,{35193867-0C23-4C14-9787-AC3C6239BE8D},RAYNER.HOWARD,12/15/2014 03:18:30 PM +0000,1,,,,
POINT (-85.333818673559 35.050246554486),155,S135P003,,,,26,Air Release,,,,12/15/2014 03:18:30 PM +0000,RAYNER.HOWARD,0,,ACT,GRASS,,Tiftonia 1 Pump Station (Moccasin Bend) Force Main,135P,SO Tennessee River Part B,EWX,SSS,12/29/2010 12:00:00 AM +0000,1,1,SGGPS,26,,MET,NONE,,FT,NONE,Y,N,ACC,ABOVE,,,,,663.33,P:\2009_Projects\09004_Chatt_SA\GIS\Tenn_River\Photos_TNB_MC\Resized\S135P003.jpg,Y,Air Release Valve,Tennessee River 1,Sewage,{78B5DDD8-4FB0-4A15-9191-04BC6829FFBE},RAYNER.HOWARD,12/15/2014 03:18:30 PM +0000,1,,,,
POINT (-85.134640155709 34.993072274204),1115,S171K003,,,,24,Air Release,,,,01/14/2015 04:22:55 PM +0000,RAYNER.HOWARD,0,51586,ACT,GRASS,,Shady Fork Rd Force Main,171K,SO Mackey Branch,EWX,MJQ,02/18/2011 12:00:00 AM +0000,0,1,SGGPS,24,,MET,CON,,CC,NONE,Y,N,ACC,AT,,,,,958.28,P:\2009_Projects\09004_Chatt_SA\GIS\Mackey_Branch\PHOTOS_MB_WC\resized_photos\S171K003.jpg,Y,Air Release Valve,Mackey Branch 5,Sewage,{C32ECAE7-C02E-4651-9841-6A3D7E7ED6EC},RAYNER.HOWARD,12/15/2014 03:18:29 PM +0000,1,,,,
POINT (-85.14840733056 34.982931165499),1116,S171P201,,,,26,Air Release,,,,01/14/2015 04:22:55 PM +0000,RAYNER.HOWARD,0,,ACT,ASPH,,Ringgold Pump Station Force Main  ARV23,171P,SO South Chick,EWX,DJB,02/24/2011 12:00:00 AM +0000,1,1,SGGPS,26,,MET,NONE,,FT,NONE,Y,N,ACC,AT,,,,,708.77,P:\2009_Projects\09004_Chatt_SA\GIS\South_Chick\Photos_SC\Resize\S171P201.jpg,Y,Air Release Valve,South Chick Creek 19,Sewage,{D1C9F20A-8897-4416-84FD-AE8AD4F8B53B},RAYNER.HOWARD,12/15/2014 03:18:29 PM +0000,1,,,,
POINT (-85.299768032012 35.084098935671),1139,S126E301,,,,24,Air Release,,,,01/14/2015 04:22:55 PM +0000,RAYNER.HOWARD,0,,ACT,ASPH,,Altamont Pump Station Force Main,126E,SO Tennessee River Part A,EWX,DTW,08/24/2010 12:00:00 AM +0000,1,1,TS,24,,MET,UNK,,UNK,NONE,UNK,N,ACC,AT,,,,0,806.7,P:\2009_Projects\09004_Chatt_SA\GIS\Chatt_Creek\Photos_CC_TN1\Resized\S126E301.jpg,Y,Air Release Valve,Tennessee River 5,Sewage,{D8118B68-E575-48B1-883C-E55DF546BBC7},RAYNER.HOWARD,12/15/2014 03:18:31 PM +0000,1,,,,
POINT (-85.104152804778 34.928262132876),115,S999A211,,,,26,Air Release,,,,12/15/2014 03:18:29 PM +0000,RAYNER.HOWARD,0,,ACT,SOIL,,Ringgold Pump Station Force Main  ARV6,999A,SO South Chick,EWX,DJB,02/24/2011 12:00:00 AM +0000,1,1,SGGPS,26,,MET,NONE,,FT,NONE,Y,N,ACC,ABOVE,,,,,746.4,P:\2009_Projects\09004_Chatt_SA\GIS\South_Chick\Photos_SC\Resize\S999A211.jpg,Y,Air Release Valve,,Sewage,{E373B1AE-5671-4CCB-8F8A-B5664A65FA9C},RAYNER.HOWARD,12/15/2014 03:18:29 PM +0000,1,,,,
POINT (-85.298856189914 35.088429264776),1142,S126D301,,,,26,Air Release,,,,01/14/2015 04:22:55 PM +0000,RAYNER.HOWARD,0,,ACT,ASPH,,Altamont Pump Station Force Main,126D,SO Tennessee River Part A,EWX,DTW,08/24/2010 12:00:00 AM +0000,1,1,TS,26,,MET,NONE,,NONE,NONE,N,N,ACC,AT,,,,0,749.76,P:\2009_Projects\09004_Chatt_SA\GIS\Chatt_Creek\Photos_CC_TN1\Resized\S126D301.jpg,Y,Air Release Valve,Tennessee River 5,Sewage,{D518A627-CF6F-4725-9980-154335AE60FF},RAYNER.HOWARD,12/15/2014 03:18:31 PM +0000,1,,,,
POINT (-85.10549511563 34.92483851594),116,S999A208,,,,26,Air Release,,,,12/15/2014 03:18:29 PM +0000,RAYNER.HOWARD,0,,ACT,GRASS,,Ringgold Pump Station Force Main  ARV4,999A,SO South Chick,EWX,DJB,02/24/2011 12:00:00 AM +0000,1,1,SGGPS,26,,MET,NONE,,FT,NONE,Y,N,ACC,ABOVE,,,,,759.23,P:\2009_Projects\09004_Chatt_SA\GIS\South_Chick\Photos_SC\Resize\S999A208.jpg,Y,Air Release Valve,,Sewage,{CA2A0B1A-9F90-45C5-B03A-984C8B9224A5},RAYNER.HOWARD,12/15/2014 03:18:29 PM +0000,1,,,,
POINT (-85.106759135241 34.923596988786),112,S999A206,,,,26,Air Release,,,,12/15/2014 03:18:29 PM +0000,RAYNER.HOWARD,0,,ACT,GRASS,,Ringgold Pump Station Force Main  ARV3,999A,SO South Chick,EWX,DJB,02/23/2011 12:00:00 AM +0000,1,1,SGGPS,26,,MET,NONE,,FT,NONE,Y,N,ACC,AT,,,,,751.11,P:\2009_Projects\09004_Chatt_SA\GIS\South_Chick\Photos_SC\Resize\S999A206.jpg,Y,Air Release Valve,,Sewage,{07EEFF57-82C6-4D49-B0D5-C554393289BF},RAYNER.HOWARD,12/15/2014 03:18:29 PM +0000,1,,,,
POINT (-85.386141007343 34.993370323572),146,S166I602,,,,26,Air Release,,,,12/15/2014 03:18:30 PM +0000,RAYNER.HOWARD,0,,ACT,ASPH,,Wauhatchie Pike Force Main,166I,SO Lookout Creek,EWX,CGS,05/11/2011 12:00:00 AM +0000,1,1,SGGPS,26,LID,MET,CON,,FT,NONE,Y,N,ACC,AT,,,,674.66,674.66,P:\2009_Projects\09004_Chatt_SA\GIS\Lookout_Creek\Photos_LC\Resized\S166I602.jpg,Y,Air Release Valve,Lookout Creek 3,Sewage,{EB90E234-7C36-4559-AF58-A1ED4ABD0047},RAYNER.HOWARD,12/15/2014 03:18:30 PM +0000,1,,,,
POINT (-85.204604157527 35.00336377585),143,S170A200,,,,26,Air Release,,,,12/15/2014 03:18:30 PM +0000,RAYNER.HOWARD,0,,ACT,GRASS,,Spring Creek Pump Station Force Main,170A,SO South Chick,EWX,DJB,03/04/2011 12:00:00 AM +0000,1,1,SGGPS,26,,MET,NONE,,FT,NONE,Y,N,ACC,ABOVE,,,,,660.92,P:\2009_Projects\09004_Chatt_SA\GIS\South_Chick\Photos_SC\Resize\S170A200.jpg,Y,Air Release Valve,,Sewage,{19F4A44B-8426-4E71-A432-2C911DF4F40E},RAYNER.HOWARD,12/15/2014 03:18:30 PM +0000,1,,,,
POINT (-85.363912144196 35.027221929699),148,S154C041,,,,24,Air Release,,,,12/15/2014 03:18:30 PM +0000,RAYNER.HOWARD,0,50918,ACT,SOIL,,Tiftonia 2 Pump Station (Browns Ferry Rd) Force Main,154C,SO Lookout Creek,EWX,MJQ,03/28/2011 12:00:00 AM +0000,1,1,SGGPS,24,LID,MET,NONE,,FT,NONE,Y,N,ACC,AT,,,,661.9,661.9,P:\2009_Projects\09004_Chatt_SA\GIS\Lookout_Creek\Photos_LC\Resized\S154C041.jpg,Y,Air Release Valve,Lookout Creek 2,Sewage,{D8A974D0-5719-488A-82DE-5E20AFCA100B},RAYNER.HOWARD,12/15/2014 03:18:30 PM +0000,1,,,,
POINT (-85.104184467475 34.932119036419),113,S999A209,,,,26,Air Release,,,,12/15/2014 03:18:29 PM +0000,RAYNER.HOWARD,0,,ACT,GRASS,,Ringgold Pump Station Force Main  ARV7,999A,SO South Chick,EWX,DJB,02/23/2011 12:00:00 AM +0000,1,1,SGGPS,26,,MET,NONE,,FT,NONE,Y,N,ACC,ABOVE,,,,,753.56,P:\2009_Projects\09004_Chatt_SA\GIS\South_Chick\Photos_SC\Resize\S999A209.jpg,Y,Air Release Valve,,Sewage,{9CFE1ACA-1735-49D3-9918-8A2F6EF1A71C},RAYNER.HOWARD,12/15/2014 03:18:29 PM +0000,1,,,,
POINT (-85.143200267391 35.070659710016),1126,S130O006,,,,26,Air Release,,,,01/14/2015 04:22:55 PM +0000,RAYNER.HOWARD,0,100355,ACT,GRAV,,ESIP Pump Station Force Main,130O,SO Friar's Branch,EWX,SSS,06/29/2009 12:00:00 AM +0000,1,1,SGGPS,26,,MET,NONE,,FT,NONE,Y,N,ACC,AT,,,0,0,724.97,P:\2009_Projects\09004_Chatt_SA\GIS\Friar_Branch\Photos_FR\S130O006.jpg,Y,Air Release Valve,Friars Branch 13,Sewage,{2C38BE0E-653E-4A7D-A54E-57F1BC7D5134},RAYNER.HOWARD,12/15/2014 03:18:30 PM +0000,1,,,,
POINT (-85.300037813941 35.08292379492),1141,S126E300,,,,26,Air Release,,,,01/14/2015 04:22:55 PM +0000,RAYNER.HOWARD,0,,ACT,ASPH,,Altamont Pump Station Force Main,126E,SO Tennessee River Part A,EWX,DTW,08/24/2010 12:00:00 AM +0000,1,1,TS,26,,MET,UNK,,UNK,NONE,UNK,N,ACC,AT,,,,0,820.66,P:\2009_Projects\09004_Chatt_SA\GIS\Chatt_Creek\Photos_CC_TN1\Resized\S126E300.jpg,Y,Air Release Valve,Tennessee River 5,Sewage,{C6FA4743-F43E-4BCA-B987-B7C2D964AE9B},RAYNER.HOWARD,12/15/2014 03:18:31 PM +0000,1,,,,
POINT (-85.104402635606 34.955527870869),121,S999A221,,,,23,Air Release,,,,12/15/2014 03:18:29 PM +0000,RAYNER.HOWARD,0,,ACT,GRASS,,Ringgold Pump Station Force Main  ARV12,999A,SO South Chick,EWX,DJB,02/24/2011 12:00:00 AM +0000,1,1,SGGPS,23,,MET,NONE,,FT,NONE,Y,N,ACC,ABOVE,,,,,759.22,P:\2009_Projects\09004_Chatt_SA\GIS\South_Chick\Photos_SC\Resize\S999A221.jpg,Y,Air Release Valve,,Sewage,{4C8155FE-6885-4E19-8323-FAE18506D483},RAYNER.HOWARD,12/15/2014 03:18:29 PM +0000,1,,,,
POINT (-85.337802422026 35.041662478973),154,S145H006,,,,24,Air Release,,,,12/15/2014 03:18:30 PM +0000,RAYNER.HOWARD,0,50969,ACT,SOIL,,Tiftonia 1 Pump Station (Moccasin Bend) Force Main,145H,SO Tennessee River Part B,EWX,DTW,11/29/2010 12:00:00 AM +0000,1,1,TS,24,,MET,CON,,CC,NONE,Y,N,ACC,ABOVE,,,,,657.3,P:\2009_Projects\09004_Chatt_SA\GIS\Tenn_River\Photos_TNB_MC\Resized\S145H006.jpg,Y,Air Release Valve,Tennessee River 1,Sewage,{11C40514-5DBB-450F-9A12-5E528B5D5FB3},RAYNER.HOWARD,12/15/2014 03:18:30 PM +0000,1,,,,
POINT (-85.328242958805 35.092450287609),193,S126B012,,,,24,Air Release,,,,12/15/2014 03:18:31 PM +0000,RAYNER.HOWARD,0,51328,ACT,ASPH,,Komatsu Pump Station Force Main,126B,SO Mountain Creek,EWX,JDE,12/21/2010 12:00:00 AM +0000,1,1,TS,24,,MET,CON,,CC,NONE,Y,N,ACC,ABOVE,,,,,704.72,P:\2009_Projects\09004_Chatt_SA\GIS\Tenn_River\Photos_TNB_MC\Resized\S126B012.jpg,Y,Air Release Valve,Mountain Creek 1,Sewage,{ADC57F0E-870F-42C2-80C7-F8EF7E355977},RAYNER.HOWARD,12/15/2014 03:18:31 PM +0000,1,,,,
POINT (-85.212520653257 35.120135930109),201,S110M300,,,,26,Air Release,,,,12/15/2014 03:18:31 PM +0000,RAYNER.HOWARD,0,,ACT,ASPH,,Big Ridge 1 Pump Station Force Main,110M,SO North Chick,EWX,SSS,09/23/2009 12:00:00 AM +0000,1,1,TS,26,,MET,CON,,FT,NONE,Y,N,ACC,AT,,,0,0,865.02,P:\2009_Projects\09004_Chatt_SA\GIS\North_Chick\Photos_NC\resize\S110M300.jpg,Y,Air Release Valve,North Chick Creek 2,Sewage,{730D1B0D-B128-4AE4-9DB8-1FEEF597FEB0},RAYNER.HOWARD,12/15/2014 03:18:31 PM +0000,1,,,,
POINT (-85.131140177387 34.973480871072),134,S999A232,,,,26,Air Release,,,,12/15/2014 03:18:30 PM +0000,RAYNER.HOWARD,0,,ACT,GRASS,,Ringgold Pump Station Force Main  ARV20,999A,SO South Chick,EWX,DJB,02/25/2011 12:00:00 AM +0000,1,1,SGGPS,26,,MET,NONE,,FT,NONE,Y,N,ACC,ABOVE,,,,,720.45,P:\2009_Projects\09004_Chatt_SA\GIS\South_Chick\Photos_SC\Resize\S999A232.jpg,Y,Air Release Valve,,Sewage,{77EB3B83-7502-4F44-9961-72021FDB21BD},RAYNER.HOWARD,12/15/2014 03:18:30 PM +0000,1,,,,
POINT (-85.138815931242 35.064172809503),1125,S139G089,,,,26,Air Release,,,,01/14/2015 04:22:55 PM +0000,RAYNER.HOWARD,0,100359,ACT,ASPH,,ESIP Pump Station Force Main  GRAVEL BOTTOM,139G,SO Friar's Branch,EWX,WDB,06/24/2009 12:00:00 AM +0000,1,1,TS,26,,MET,NONE,,FT,NONE,Y,N,ACC,AT,,,0,0,775.68,P:\2009_Projects\09004_Chatt_SA\GIS\Friar_Branch\Photos_FR\S139G089.jpg,Y,Air Release Valve,Friars Branch 13,Sewage,{7B39EFCC-02C3-4CF3-B040-FE8029DEF50D},RAYNER.HOWARD,12/15/2014 03:18:30 PM +0000,1,,,,
POINT (-85.221836505333 34.997691217984),138,S169F200,,,,26,Air Release,,,,12/15/2014 03:18:30 PM +0000,RAYNER.HOWARD,0,,ACT,GRASS,,Spring Creek Pump Station Force Main,169F,SO South Chick,EWX,DJB,03/01/2011 12:00:00 AM +0000,1,1,SGGPS,26,,MET,NONE,,FT,NONE,Y,N,ACC,ABOVE,,,,,681.21,P:\2009_Projects\09004_Chatt_SA\GIS\South_Chick\Photos_SC\Resize\S169F200.jpg,Y,Air Release Valve,,Sewage,{2E3B298F-F1CD-4AAE-BBC6-F845D7C04434},RAYNER.HOWARD,12/15/2014 03:18:30 PM +0000,1,,,,
POINT (-85.104983349324 34.940264431344),118,S999A216,,,,26,Air Release,,,,12/15/2014 03:18:29 PM +0000,RAYNER.HOWARD,0,,ACT,GRASS,,Ringgold Pump Station Force Main  ARV9,999A,SO South Chick,EWX,DJB,02/24/2011 12:00:00 AM +0000,1,1,SGGPS,26,,MET,NONE,,FT,NONE,Y,N,ACC,ABOVE,,,,,778.57,P:\2009_Projects\09004_Chatt_SA\GIS\South_Chick\Photos_SC\Resize\S999A216.jpg,Y,Air Release Valve,,Sewage,{6A0E52E6-1223-4B09-B31D-DE958902E64F},RAYNER.HOWARD,12/15/2014 03:18:29 PM +0000,1,,,,
POINT (-85.217084939104 34.997825466391),137,S169E201,,,,26,Air Release,,,,12/15/2014 03:18:30 PM +0000,RAYNER.HOWARD,0,,ACT,GRASS,,Spring Creek Pump Station Force Main,169E,SO South Chick,EWX,DJB,03/01/2011 12:00:00 AM +0000,1,1,SGGPS,26,,MET,NONE,,FT,NONE,Y,N,ACC,ABOVE,,,,,675.24,P:\2009_Projects\09004_Chatt_SA\GIS\South_Chick\Photos_SC\Resize\S169E201.jpg,Y,Air Release Valve,,Sewage,{1B7F0255-0428-42DB-B055-05BB8A8B9132},RAYNER.HOWARD,12/15/2014 03:18:30 PM +0000,1,,,,
POINT (-85.104573063293 34.92662990116),114,S999A210,,,,26,Air Release,,,,12/15/2014 03:18:29 PM +0000,RAYNER.HOWARD,0,,ACT,SOIL,,Ringgold Pump Station Force Main  ARV5,999A,SO South Chick,EWX,DJB,02/24/2011 12:00:00 AM +0000,1,1,SGGPS,26,,MET,NONE,,FT,NONE,Y,N,ACC,ABOVE,,,,,748.99,P:\2009_Projects\09004_Chatt_SA\GIS\South_Chick\Photos_SC\Resize\S999A210.jpg,Y,Air Release Valve,,Sewage,{ECEC4EB6-5542-47E9-AE0F-54BF867F1641},RAYNER.HOWARD,12/15/2014 03:18:29 PM +0000,1,,,,
POINT (-85.192220419331 35.097785336915),174,S120O099,,,,28,Air Release,,,,12/15/2014 03:18:31 PM +0000,RAYNER.HOWARD,0,100676,ACT,GRASS,,Murray Hills 3 (Bal Harbor Cir Pump Station Force Main NO BARREL.  CONE SITTING ON GRAVEL.,120O,SO Friar's Branch,EWX,DJB,05/26/2009 12:00:00 AM +0000,1,1,SGGPS,28,,MET,CON,,CC,NONE,Y,N,ACC,AT,,,0,0,778.69,P:\2009_Projects\09004_Chatt_SA\GIS\Friar_Branch\Photos_FR\S120O099.jpg,Y,Air Release Valve,Tennessee River 15,Sewage,{8B0F3D5D-B590-4F80-9C4E-5B00E96A89B2},RAYNER.HOWARD,12/15/2014 03:18:31 PM +0000,1,,,,
POINT (-85.299592923148 35.085187504357),1140,S126E302,,,,26,Air Release,,,,01/14/2015 04:22:55 PM +0000,RAYNER.HOWARD,0,,ACT,ASPH,,Altamont Pump Station Force Main,126E,SO Tennessee River Part A,EWX,DTW,08/24/2010 12:00:00 AM +0000,1,1,TS,26,,MET,UNK,,UNK,NONE,UNK,N,ACC,AT,,,,0,788.69,P:\2009_Projects\09004_Chatt_SA\GIS\Chatt_Creek\Photos_CC_TN1\Resized\S126E302.jpg,Y,Air Release Valve,Tennessee River 5,Sewage,{EF234047-4402-44B4-83C0-2962D6E9A6E9},RAYNER.HOWARD,12/15/2014 03:18:31 PM +0000,1,,,,
POINT (-85.145739141213 34.980189228433),124,S999A228,,,,26,Air Release,,,,12/15/2014 03:18:29 PM +0000,RAYNER.HOWARD,0,,ACT,ASPH,,Ringgold Pump Station Force Main  ARV22,999A,SO South Chick,EWX,DJB,02/24/2011 12:00:00 AM +0000,1,1,SGGPS,26,,MET,NONE,,FT,NONE,Y,N,ACC,AT,,,,,693.28,P:\2009_Projects\09004_Chatt_SA\GIS\South_Chick\Photos_SC\Resize\S999A228.jpg,Y,Air Release Valve,,Sewage,{F1C38F48-2113-497B-AE86-0A0C79061416},RAYNER.HOWARD,12/15/2014 03:18:29 PM +0000,1,,,,
POINT (-85.173167830591 34.998324372173),1152,S170F001,,,,,,1,1,1,06/03/2015 05:02:19 PM +0000,CunninRB,0,,ACT,Grass,,new control valve MH installed during East Brainerd rehab project - contract W-10-004,170F,SO South Chick,JEG,,06/02/2015 12:00:00 AM +0000,,,TS,86,LID,CON,Concrete,SL,FT,,,,Accessible,,,666.91,,665.46,670.09,,,,South Chick Creek 16,Sewage,{DBE7C6FF-0A21-4AAA-97C5-A955ECA46EE2},CunninRB,06/03/2015 03:18:53 PM +0000,1,,,,
POINT (-85.299238976352 35.087369756185),1138,S126E303,,,,26,Air Release,,,,01/14/2015 04:22:55 PM +0000,RAYNER.HOWARD,0,,ACT,ASPH,,Altamont Pump Station Force Main,126E,SO Tennessee River Part A,EWX,DTW,08/24/2010 12:00:00 AM +0000,1,1,TS,26,,MET,NONE,,NONE,NONE,UNK,N,ACC,AT,,,,0,760.96,P:\2009_Projects\09004_Chatt_SA\GIS\Chatt_Creek\Photos_CC_TN1\Resized\S126E303.jpg,Y,Air Release Valve,Tennessee River 5,Sewage,{0F5FD3E3-6EEE-4719-BBA4-58DC159570B6},RAYNER.HOWARD,12/15/2014 03:18:31 PM +0000,1,,,,
POINT (-85.228772386055 34.986158518549),141,S169N200,,,,26,Air Release,,,,12/15/2014 03:18:30 PM +0000,RAYNER.HOWARD,0,,ACT,ASPH,,Spring Creek Pump Station Force Main,169N,SO South Chick,EWX,DJB,03/01/2011 12:00:00 AM +0000,1,1,SGGPS,26,,MET,NONE,,FT,NONE,Y,N,ACC,AT,,,,,681.1,P:\2009_Projects\09004_Chatt_SA\GIS\South_Chick\Photos_SC\Resize\S169N200.jpg,Y,Air Release Valve,,Sewage,{14AFB568-FDC4-40AD-BAFE-2F770CFEAB7A},RAYNER.HOWARD,12/15/2014 03:18:30 PM +0000,1,,,,
POINT (-85.128768233166 34.973051506084),135,S999A233,,,,26,Air Release,,,,12/15/2014 03:18:30 PM +0000,RAYNER.HOWARD,0,,ACT,GRASS,,Ringgold Pump Station Force Main  ARV19,999A,SO South Chick,EWX,DJB,02/25/2011 12:00:00 AM +0000,1,1,SGGPS,26,,MET,NONE,,FT,NONE,Y,N,ACC,ABOVE,,,,,720.69,P:\2009_Projects\09004_Chatt_SA\GIS\South_Chick\Photos_SC\Resize\S999A233.jpg,Y,Air Release Valve,,Sewage,{99088575-226A-421E-9339-BC58F6EE53DF},RAYNER.HOWARD,12/15/2014 03:18:30 PM +0000,1,,,,
POINT (-85.108322938802 34.919003850063),111,S999A205,,,,26,Air Release,,,,12/15/2014 03:18:29 PM +0000,RAYNER.HOWARD,0,,ACT,ASPH,,"Ringgold Pump Station Force Main  THIS STR HAS A LOT OF EVID OF FLOW COMING OUT OF VALVE AND INTO MH, ARV2.",999A,SO South Chick,EWX,DJB,02/23/2011 12:00:00 AM +0000,1,1,SGGPS,26,,MET,NONE,,FT,NONE,Y,N,ACC,AT,,,,,794.44,P:\2009_Projects\09004_Chatt_SA\GIS\South_Chick\Photos_SC\Resize\S999A205.jpg,Y,Air Release Valve,,Sewage,{B318A998-FCA1-42AC-B97D-254D1C85CB9E},RAYNER.HOWARD,12/15/2014 03:18:29 PM +0000,1,,,,
POINT (-85.333841292078 35.049771858243),156,S135P320,,,,26,Air Release,,,,12/15/2014 03:18:30 PM +0000,RAYNER.HOWARD,0,,ACT,GRASS,,Tiftonia 1 Pump Station (Moccasin Bend) Force Main,135P,SO Tennessee River Part B,EWX,DJB,12/30/2010 12:00:00 AM +0000,1,1,SGGPS,26,,MET,NONE,,FT,NONE,Y,N,ACC,ABOVE,,,,,663.1,P:\2009_Projects\09004_Chatt_SA\GIS\Tenn_River\Photos_TNB_MC\Resized\S135P320.jpg,Y,Air Release Valve,Tennessee River 1,Sewage,{9AE3BEE8-0E7F-4359-B041-F99709CC0056},RAYNER.HOWARD,12/15/2014 03:18:30 PM +0000,1,,,,
POINT (-85.107558593172 34.966327374726),130,S999A305,,,,26,Air Release,,,,12/15/2014 03:18:29 PM +0000,RAYNER.HOWARD,0,,ACT,SOIL,,Ringgold Pump Station Force Main  ARV14,999A,SO South Chick,EWX,SSS,03/04/2011 12:00:00 AM +0000,1,1,SGGPS,26,,MET,NONE,,FT,NONE,Y,N,ACC,ABOVE,,,,,736.53,P:\2009_Projects\09004_Chatt_SA\GIS\South_Chick\Photos_SC\Resize\S999A305.jpg,Y,Air Release Valve,,Sewage,{D6A8ABE9-B193-492E-B6A8-984BDE30701E},RAYNER.HOWARD,12/15/2014 03:18:29 PM +0000,1,,,,
POINT (-85.240679685952 35.183111445608),207,S082P203,,,,26,Air Release,,,,12/15/2014 03:18:31 PM +0000,RAYNER.HOWARD,0,,ACT,GRASS,,WWTA  Soddy-Daisy Force Main,082P,SO North Chick,EWX,MJQ,08/24/2009 12:00:00 AM +0000,0,1,SGGPS,26,,MET,CON,,CC,NONE,Y,N,ACC,ABOVE,,,0,0,664.16,P:\2009_Projects\09004_Chatt_SA\GIS\North_Chick\Photos_NC\resize\S082P203.jpg,Y,Air Release Valve,North Chick Creek 9,Sewage,{0A460446-1EC9-4A64-A0ED-4B24165B3B70},RAYNER.HOWARD,12/15/2014 03:18:31 PM +0000,1,,,,
POINT (-85.192859728513 35.096234684828),175,S120P153,,,,26,Air Release,,,,12/15/2014 03:18:31 PM +0000,RAYNER.HOWARD,0,52148,ACT,GRASS,,Murray Hills 5 Pump Station Force Main  BOTTOM OF MH IS GRAVEL,120P,SO Friar's Branch,EWX,DJB,05/29/2009 12:00:00 AM +0000,1,1,SGGPS,26,,MET,NONE,,FT,NONE,Y,N,ACC,AT,,,0,0,809.29,P:\2009_Projects\09004_Chatt_SA\GIS\Friar_Branch\Photos_FR\S120P153.jpg,Y,Air Release Valve,Friars Branch 17,Sewage,{7350C638-E562-4177-A7EC-B38D1FA476B1},RAYNER.HOWARD,12/15/2014 03:18:31 PM +0000,1,,,,
POINT (-85.216338620703 34.978245634978),1110,S999A603,,,,,Combination,1,1,1,,,0,,,Concrete,,Fort Oglethorpe Force Main,,,3,JMH,06/15/2016 12:00:00 AM +0000,,,SGGPS,,,,,,,,Y,,,At,,,,,708.2384,,Y,,,,{D3EBC5D0-6152-4171-97A0-DF9F2CEDCAD8},,,1,GIS_ADMIN,05/04/2016 12:13:58 PM +0000,GIS_ADMIN,07/07/2016 12:32:58 PM +0000
POINT (-85.144152024212 35.072035909898),1127,S130O005,,,,26,Air Release,,,,01/14/2015 04:22:55 PM +0000,RAYNER.HOWARD,0,100354,ACT,GRASS,,ESIP Pump Station Force Main,130O,SO Friar's Branch,EWX,SSS,06/29/2009 12:00:00 AM +0000,1,1,SGGPS,26,,MET,NONE,,FT,NONE,Y,N,ACC,AT,,,0,0,722.34,P:\2009_Projects\09004_Chatt_SA\GIS\Friar_Branch\Photos_FR\S130O005.jpg,Y,Air Release Valve,Friars Branch 13,Sewage,{B54E8A4F-0AB5-42F8-A882-1AE5ACB871EC},RAYNER.HOWARD,12/15/2014 03:18:30 PM +0000,1,,,,
POINT (-85.112001482765 34.913858400746),109,S999A204,,,,26,Air Release,,,,12/15/2014 03:18:29 PM +0000,RAYNER.HOWARD,0,,ACT,ASPH,,Ringgold Pump Station Force Main  ARV1,999A,SO South Chick,EWX,DJB,02/23/2011 12:00:00 AM +0000,1,1,SGGPS,26,,MET,NONE,,FT,NONE,Y,N,ACC,AT,,,,,763.72,P:\2009_Projects\09004_Chatt_SA\GIS\South_Chick\Photos_SC\Resize\S999A204.jpg,Y,Air Release Valve,,Sewage,{42FDEC5B-E5F5-42FD-934C-B810A0816866},RAYNER.HOWARD,12/15/2014 03:18:29 PM +0000,1,,,,
POINT (-85.209014936208 34.99914025797),136,S169E200,,,,26,Air Release,,,,12/15/2014 03:18:30 PM +0000,RAYNER.HOWARD,0,,ACT,GRASS,,Spring Creek Pump Station Force Main,169E,SO South Chick,EWX,DJB,03/01/2011 12:00:00 AM +0000,1,1,SGGPS,26,,MET,NONE,,FT,NONE,Y,N,ACC,ABOVE,,,,,664.82,P:\2009_Projects\09004_Chatt_SA\GIS\South_Chick\Photos_SC\Resize\S169E200.jpg,Y,Air Release Valve,,Sewage,{96029C87-9BAF-4122-A6CC-6979F7FC804B},RAYNER.HOWARD,12/15/2014 03:18:30 PM +0000,1,,,,
POINT (-85.390572805378 34.987380131681),144,S166P600,,,,26,Air Release,,,,12/15/2014 03:18:30 PM +0000,RAYNER.HOWARD,0,,ACT,ASPH,,Wauhatchie Pike Force Main,166P,SO Lookout Creek,EWX,CGS,05/11/2011 12:00:00 AM +0000,0,1,SGGPS,26,LID,MET,CON,,FT,NONE,Y,N,ACC,AT,,,,691.56,691.56,P:\2009_Projects\09004_Chatt_SA\GIS\Lookout_Creek\Photos_LC\Resized\S166P600.jpg,Y,Air Release Valve,Lookout Creek 3,Sewage,{6A25D2BB-F354-424F-BB51-393B5731005B},RAYNER.HOWARD,12/15/2014 03:18:30 PM +0000,1,,,,
POINT (-85.158414918024 35.077421125986),1156,S129L056,,,,,,1,1,1,01/05/2023 02:14:03 PM +0000,BFORD,0,,,,,,,,,,,,,,,,,,,,,,,,,,,,,,,,,,,{9D905364-7933-4725-A967-4974AE54F006},BFORD,10/19/2022 08:12:50 PM +0000,1,,,,
POINT (-85.177065704632 35.100882950485),1553,S120K049,,,,,Air Release,1,1,1,01/05/2023 01:50:15 PM +0000,BFORD,0,,,,,S.T.E.P./Low Pressure Air Release Valve,120K,,,,,,,AB,,,,,,,,,,,,,,,,823.108,,,,,,{7FDA583E-639B-4E6E-A8BF-FE3E45A3B73A},BFORD,12/14/2022 07:10:24 PM +0000,1,,,,
POINT (-85.149510832957 35.075680621596),1153,S130P040,,,,,,1,1,1,01/05/2023 02:17:07 PM +0000,BFORD,0,,,,,,,,,,,,,,,,,,,,,,,,,,,,,,,,,,,{4788BA11-B716-4C46-87F9-4CF8FB6CD8A2},BFORD,10/19/2022 07:43:49 PM +0000,1,,,,
POINT (-85.176981342819 35.100743747894),1554,S120K050,,,,,Air Release,1,1,1,01/05/2023 01:50:51 PM +0000,BFORD,0,,,,,S.T.E.P./Low Pressure Air Release Valve,120K,,,,,,,AB,,,,,,,,,,,,,,,,823.15,,,,,,{A1BA8317-979E-49EC-8E33-9D6A2E03DE16},BFORD,12/14/2022 07:10:24 PM +0000,1,,,,
POINT (-85.153321679084 35.076906179643),1155,S130I011,,,,,Air Release,1,1,1,01/05/2023 02:22:16 PM +0000,BFORD,0,,,,,ESIP Pump Station Force Main,,,,,,,,,,,,,,,,,,,,,,,,,,,,,,{2D4A3DD3-55C6-4D9C-8255-C3F40A266D12},BFORD,10/19/2022 08:09:05 PM +0000,1,,,,
POINT (-85.090057992619 35.068788699086),1955,,,,,,,1,1,1,01/24/2023 04:19:47 PM +0000,BFORD,0,,,,,,,,,,,,,,,,,,,,,,,,,,,,,,,,,,,{D7D5E66D-5A48-4492-B509-9C863BE2777F},BFORD,01/24/2023 04:19:47 PM +0000,1,,,,
POINT (-85.095616946675 35.06822831201),1953,,,,,,,1,1,1,01/24/2023 04:01:56 PM +0000,BFORD,0,,,,,,,,,,,,,,,,,,,,,,,,,,,,,,,,,,,{5CB55E48-99D3-4AAD-B068-DB9776866F34},BFORD,01/24/2023 04:01:56 PM +0000,1,,,,
POINT (-85.085111349111 35.068408180653),1956,,,,,,,1,1,1,01/24/2023 04:39:21 PM +0000,BFORD,0,,,,,,,,,,,,,,,,,,,,,,,,,,,,,,,,,,,{A3658BE7-7DF2-4C21-9916-981CB692C4BB},BFORD,01/24/2023 04:39:21 PM +0000,1,,,,
POINT (-85.081193535484 35.066501439505),1131,S140C001,,,,36,Air Release,,,,01/24/2023 04:47:52 PM +0000,BFORD,0,100173,ACT,GRASS,,Collegedale Pump Station Force Main,140C,SO Wolftever Creek,EWX,MJQ,03/14/2011 12:00:00 AM +0000,1,1,SGGPS,36,,MET,CON,,CC,NONE,N,N,ACC,AT,,,,,850.15,P:\2009_Projects\09004_Chatt_SA\GIS\Mackey_Branch\PHOTOS_MB_WC\resized_photos\S140C001.jpg,Y,Air Release Valve,Friars Branch 13,Sewage,{6C441F5A-21C3-4804-A7B3-B68CFE955481},RAYNER.HOWARD,12/15/2014 03:18:30 PM +0000,1,,,,
POINT (-85.095612492647 35.068244366876),1132,S140B301,,,,23,Air Release,,,,01/24/2023 04:26:14 PM +0000,BFORD,0,,ACT,SOIL,,Collegedale Pump Station Force Main,140B,SO Wolftever Creek,EWX,WDB,03/15/2011 12:00:00 AM +0000,1,1,TS,23,,MET,CON,,EC,NONE,N,N,ACC,ABOVE,,,,,935.68,P:\2009_Projects\09004_Chatt_SA\GIS\Mackey_Branch\PHOTOS_MB_WC\resized_photos\S140B301.jpg,Y,Air Release Valve,Friars Branch 13,Sewage,{26666A9D-97E3-4D72-A187-D1937D0A1B07},RAYNER.HOWARD,12/15/2014 03:18:30 PM +0000,1,,,,
POINT (-85.090092658319 35.068778716299),1954,,,,,,,1,1,1,01/24/2023 04:18:26 PM +0000,BFORD,0,,,,,,,,,,,,,,,,,,,,,,,,,,,,,,,,,,,{FFF12F66-7E22-409C-B9EC-235FA8288DCA},BFORD,01/24/2023 04:18:26 PM +0000,1,,,,
POINT (-85.400191477501 35.007056992227),2353,S153M200,,,,,Combination,1,1,1,01/27/2023 04:37:04 PM +0000,BFORD,0,,,,,,153M,,,,,,,AB,,,,,,,,,,,,,,,,900.46,,,Combination Sewage Air &,,Sewage,{3EEB0861-EFDF-4A52-A472-4617F808590E},BFORD,01/27/2023 03:38:59 PM +0000,1,,,,
POINT (-85.2801011864 35.068678656479),185,S136B045,,,,26,Air Release,0,,,08/15/2023 04:09:35 PM +0000,BFORD,0,52115,ACT,GRASS,,Abandoned - Dupont Pump Station (Stuart Heights Parallel) Force Main,136B,SO Tennessee River Part A,EWX,MEG,07/26/2010 12:00:00 AM +0000,1,1,AB,26,,MET,CON,,CC,NONE,Y,N,InAccessible,ABOVE,,,,0,669.58,P:\2009_Projects\09004_Chatt_SA\GIS\Chatt_Creek\Photos_CC_TN1\Resized\S136B045.jpg,Y,Abandoned,Tennessee River 4,Sewage,{C9457DFE-8725-4634-B487-D1B211AAD3D3},RAYNER.HOWARD,12/15/2014 03:18:31 PM +0000,0,,,,
POINT (-85.280606569645 35.083829317939),262,S127G027,,,,,Air Release,0,,,08/15/2023 04:09:35 PM +0000,BFORD,0,52213,ACT,GRASS,,Abandoned - Dupont Pump Station (Stuart Heights Parallel) Force Main,127G,SO Tennessee River Part B,EWX,,,1,1,AB,24,,MET,Concrete,SL,FT,,Y,N,InAccessible,AT,,,,,658.31,P:\2009_Projects\09004_Chatt_SA\GIS\Tenn_River\Photos_TNB_MC\Resized\S127G027.jpg,Y,Abandoned,Tennessee River 7,Sewage,{04F76C2A-7514-438F-81AB-6FB958F79541},RAYNER.HOWARD,12/15/2014 03:18:33 PM +0000,0,,,,
POINT (-85.280621549772 35.065363936859),260,S136G028,,,,,Air Release,0,,,08/15/2023 04:09:35 PM +0000,BFORD,0,,ACT,,,Abandoned - Dupont Pump Station (Stuart Heights Parallel) Force Main,136G,SO Tennessee River Part A,EWX,,,1,1,AB,,,,,,,,,,InAccessible,,,,,,,,,Abandoned,Tennessee River 4,Sewage,{91DC2797-80CD-4646-9291-9BDEBA5A8AC4},RAYNER.HOWARD,12/15/2014 03:18:33 PM +0000,0,,,,
POINT (-85.280927528887 35.071578426644),258,S127O069,,,,,Air Release,0,,,08/15/2023 04:09:35 PM +0000,BFORD,0,52115,ACT,GRASS,,Abandoned - Dupont Pump Station (Stuart Heights Parallel) Force Main,127O,SO Tennessee River Part A,EWX,,,1,1,AB,,,UNK,Unknown,,UNK,,UNK,UNK,InAccessible,UNK,,,,,,,N,Abandoned,Tennessee River 4,Sewage,{A7B642E0-D544-440A-B395-D023BE721840},RAYNER.HOWARD,12/15/2014 03:18:33 PM +0000,0,,,,
POINT (-85.266776300129 35.095720587504),183,S118N051,,,,26,Air Release,0,,,08/15/2023 04:09:35 PM +0000,BFORD,0,52215,ACT,SOIL,,Abandoned - Dupont Pump Station (Stuart Heights Parallel) Force Main,118N,SO Tennessee River Part B,EWX,MEG,11/10/2010 12:00:00 AM +0000,1,1,AB,26,,MET,CON,,FT,NONE,N,N,InAccessible,ABOVE,,,,,656,P:\2009_Projects\09004_Chatt_SA\GIS\Tenn_River\Photos_TNB_MC\Resized\S118N051.jpg,Y,Abandoned,Tennessee River 7,Sewage,{4D37D15A-2C52-43F9-8793-F09EC648990C},RAYNER.HOWARD,12/15/2014 03:18:31 PM +0000,0,,,,
POINT (-85.256513079731 35.107069452158),195,S118E108,,,,24,Air Release,0,,,08/15/2023 04:09:35 PM +0000,BFORD,0,52219,ACT,SOIL,,Abandoned - Dupont Pump Station (Stuart Heights Parallel) Force Main,118E,SO Tennessee River Part B,EWX,CGS,10/11/2010 12:00:00 AM +0000,1,1,AB,24,,MET,CON,,CC,HIGH,Y,N,InAccessible,ABOVE,,,,,659.93,P:\2009_Projects\09004_Chatt_SA\GIS\Tenn_River\Photos_TNB_MC\Resized\S118E108.jpg,Y,Abandoned,Tennessee River 9,Sewage,{E3200E58-C165-4B1A-BF2C-F6287F64255D},RAYNER.HOWARD,12/15/2014 03:18:31 PM +0000,0,,,,
POINT (-85.269911819975 35.09423093246),265,S118N052,,copied from legacy,,,Air Release,0,1,1,08/15/2023 04:09:35 PM +0000,BFORD,0,52215,ACT,,,Abandoned - Dupont Pump Station (Stuart Heights Parallel) Force Main,118N,,,,,,,AB,,,,,,,,,,InAccessible,,,,,,,,,Abandoned,,,{0EBCFCFD-05D4-40B4-A1CF-114785FE6A0A},RAYNER.HOWARD,12/15/2014 03:18:33 PM +0000,0,,,,
POINT (-85.281261796746 35.082242016749),261,S127J029,,,,,Air Release,0,,,08/15/2023 04:09:35 PM +0000,BFORD,0,,ACT,GRASS,,Abandoned - Dupont Pump Station (Stuart Heights Parallel) Force Main,127G,SO Tennessee River Part B,EWX,,,1,1,AB,26,,MET,,,CC,,Y,N,InAccessible,ABOVE,,,12.55,641.28,653.83,P:\2009_Projects\09004_Chatt_SA\GIS\Tenn_River\Photos_TNB_MC\Resized\S127J029.jpg,Y,Abandoned,Tennessee River 7,Sewage,{EDD459C7-6A5A-4F5F-B6B7-F2E14A51E0BB},RAYNER.HOWARD,12/15/2014 03:18:33 PM +0000,0,,,,
POINT (-85.259156251036 35.099143596142),249,S118L016,,copied from legacy,,,Air Release,0,1,1,08/15/2023 04:09:35 PM +0000,BFORD,0,52217,ACT,,,Abandoned - Dupont Pump Station (Stuart Heights Parallel) Force Main,118L,,,,,,,AB,,,,,,,,,,InAccessible,,,,,,,,,Abandoned,,,{D99D5389-3A02-49B5-8B5D-D1EEDA356E5D},RAYNER.HOWARD,12/15/2014 03:18:32 PM +0000,0,,,,
POINT (-85.25869120781 35.100702126889),194,S118L015,,,,26,Air Release,0,,,08/15/2023 04:09:35 PM +0000,BFORD,0,52218,ACT,SOIL,,Abandoned - Dupont Pump Station (Stuart Heights Parallel) Force Main,118L,SO Tennessee River Part B,EWX,CGS,10/11/2010 12:00:00 AM +0000,1,1,AB,26,,MET,CON,,FT,NONE,Y,N,InAccessible,ABOVE,,,,,660.46,P:\2009_Projects\09004_Chatt_SA\GIS\Tenn_River\Photos_TNB_MC\Resized\S118L015.jpg,Y,Abandoned,Tennessee River 9,Sewage,{06A47CE5-36B2-405D-993B-E7A551FBFF6C},RAYNER.HOWARD,12/15/2014 03:18:31 PM +0000,0,,,,
POINT (-85.280375274706 35.066386446763),259,S136B046,,,,,Air Release,0,,,08/15/2023 04:09:35 PM +0000,BFORD,0,52115,ACT,GRASS,,Abandoned - Dupont Pump Station (Stuart Heights Parallel) Force Main,136B,SO Tennessee River Part A,EWX,,,1,1,AB,,,UNK,Unknown,,UNK,,UNK,UNK,InAccessible,UNK,,,,,,,N,Abandoned,Tennessee River 4,Sewage,{F6B5FF9D-8807-4DCF-844B-0C69AF58E56E},RAYNER.HOWARD,12/15/2014 03:18:33 PM +0000,0,,,,
POINT (-85.281503601353 35.075856334312),186,S127O068,,,,26,Air Release,0,,,08/15/2023 04:09:35 PM +0000,BFORD,0,52212,ACT,SOIL,,Abandoned - Dupont Pump Station (Stuart Heights Parallel) Force Main,127O,SO Tennessee River Part A,EWX,SSS,02/01/2011 12:00:00 AM +0000,1,1,AB,26,,MET,NONE,,FT,NONE,Y,N,InAccessible,ABOVE,,,21.28,,668.04,P:\2009_Projects\09004_Chatt_SA\GIS\Chatt_Creek\Photos_CC_TN1\Resized\S127O068.jpg,Y,Abandoned,Tennessee River 4,Sewage,{DF956A96-2A18-45F7-AF83-D43C72F883F8},RAYNER.HOWARD,12/15/2014 03:18:31 PM +0000,0,,,,
POINT (-85.290069207364 35.0577841866),184,S136I048,,,,26,Air Release,0,,,08/15/2023 04:09:35 PM +0000,BFORD,0,52211,ACT,SOIL,,Abandoned - Dupont Pump Station (Stuart Heights Parallel) Force Main,136I,SO Tennessee River Part A,EWX,JDE,07/14/2010 12:00:00 AM +0000,1,1,AB,26,,MET,NONE,,FT,NONE,Y,N,InAccessible,ABOVE,,,,0,664.37,P:\2009_Projects\09004_Chatt_SA\GIS\Chatt_Creek\Photos_CC_TN1\Resized\S136I048.jpg,Y,Abandoned,Tennessee River 4,Sewage,{B63CB6F1-0E4A-4BDD-934F-9F3B5F58ED7B},RAYNER.HOWARD,12/15/2014 03:18:31 PM +0000,0,,,,
POINT (-85.278819246499 35.086814104921),263,S127G026,,,,,Air Release,0,,,08/15/2023 04:09:35 PM +0000,BFORD,0,52214,ACT,GRASS,,Abandoned - Dupont Pump Station (Stuart Heights Parallel) Force Main,127G,SO Tennessee River Part B,EWX,,,1,1,AB,26,,MET,,,FT,,Y,N,InAccessible,ABOVE,,,,,661.83,P:\2009_Projects\09004_Chatt_SA\GIS\Tenn_River\Photos_TNB_MC\Resized\S127G026.jpg,Y,Abandoned,Tennessee River 7,Sewage,{2754A56D-1E9C-46FA-8799-92C751303F21},RAYNER.HOWARD,12/15/2014 03:18:33 PM +0000,0,,,,
POINT (-85.286673551589 35.059147588353),310,S136I413,,,,,Air Release,0,,,08/15/2023 04:09:35 PM +0000,BFORD,0,,ACT,,,Abandoned - Dupont Pump Station (Stuart Heights Parallel) Force Main,136I,SO Tennessee River Part A,EWX,,,1,1,AB,,,,,,,,,,InAccessible,,,,,,,,N,Abandoned,Tennessee River 4,Sewage,{C16C860B-D324-483C-9C9B-8196C91857EA},,,0,GIS_ADMIN,10/30/2015 01:48:27 PM +0000,GIS_ADMIN,10/30/2015 01:48:54 PM +0000
POINT (-85.275031479177 35.090635400447),181,S127B081,,,,26,Air Release,0,,,08/15/2023 04:09:35 PM +0000,BFORD,0,52214,ACT,SOIL,,Abandoned - Dupont Pump Station (Stuart Heights Parallel) Force Main,127B,SO Tennessee River Part B,EWX,WDB,10/22/2010 12:00:00 AM +0000,1,1,AB,26,,MET,CON,,CC,NONE,Y,N,InAccessible,ABOVE,,,,,652.84,P:\2009_Projects\09004_Chatt_SA\GIS\Tenn_River\Photos_TNB_MC\Resized\S127B081.jpg,Y,Abandoned,Tennessee River 7,Sewage,{D28478A9-4F7D-4C8E-9DF5-BF584FFADC2F},RAYNER.HOWARD,12/15/2014 03:18:31 PM +0000,0,,,,
