Service Request Key,Created Date,Due At,Completed At,Completed,On Time Indicator,Department,Request Type,Description,Request Type Code,Status Code,Accela Status Code,Intake Form,Request Address,Actual Days to Complete - Working,SLA FY 2019,Latitude,Longitude,Location,isPublic,Council District,PublicLocation,IsMyChatt
16399493,01/10/2025 04:14:58 PM,01/17/2025 04:14:58 PM,01/13/2025 06:40:16 AM,Y,Yes,,Snow and Ice Removal,And Mississippi hill to Barton for us essential workers!,URGENT,O-CLOSED,completed,iOS,"1216 Russell St, Chattanooga, 37405",1,1,35.06729,-85.294447,POINT (-85.294447 35.06729),no,2,,
16399251,01/10/2025 03:20:10 PM,01/17/2025 03:20:10 PM,01/13/2025 06:40:13 AM,Y,Yes,,Snow and Ice Removal,There is an Orange Grove house in our neighborhood that requires nursing staff to get in and out. There are also several elderly folks in our neighborhood. The hills in our neighborhood have made it completely inaccessible due to snow and ice,URGENT,O-CLOSED,completed,iOS,"6206-6216 Pine Marr Dr, Chattanooga, 37343",1,1,35.169724,-85.250948,POINT (-85.250948 35.169724),no,3,,
16397571,01/10/2025 09:23:56 AM,01/17/2025 09:23:56 AM,01/13/2025 06:39:38 AM,Y,Yes,,Snow and Ice Removal,,URGENT,O-CLOSED,completed,Android,"533 Ethyeylin Ln, Chattanooga, 37343",1,1,35.154917247,-85.258718649,POINT (-85.258718649 35.154917247),yes,3,POINT (-85.258718649 35.154917247),
16397656,01/10/2025 09:50:23 AM,01/17/2025 09:50:23 AM,01/13/2025 06:39:39 AM,Y,Yes,,Snow and Ice Removal,Our hill doesn't appear to be brined and it gets treacherous with any ice. We have several elderly households as well as a person with a severe medical condition.,URGENT,O-CLOSED,completed,Iframe,"Lynnolen Ln, Chattanooga, 37415",1,1,35.149628123,-85.27644441,POINT (-85.27644441 35.149628123),yes,1,POINT (-85.27644441 35.149628123),
16397836,01/10/2025 10:31:39 AM,01/17/2025 10:31:39 AM,01/13/2025 06:39:48 AM,Y,Yes,,Snow and Ice Removal,Please salt 6500 -6700 Ballard Dr.  Especially within the 6500 block which is uphill starting at the 6600 block of Ballard,URGENT,O-CLOSED,completed,gov.publicstuff.com,"6509 Ballard Dr, Chattanooga, 37421",1,1,35.042806276,-85.177288575,POINT (-85.177288575 35.042806276),yes,6,POINT (-85.177288575 35.042806276),
16397916,01/10/2025 10:45:03 AM,01/17/2025 10:45:03 AM,01/13/2025 06:39:50 AM,Y,Yes,,Snow and Ice Removal,"Stringers Ridge road is what need the cleaning the most off Dayton Blvd., on the Chattanooga side. States they have to get in and out of the building, and the road is on a hill.",URGENT,O-CLOSED,completed,gov.publicstuff.com,"900 Whitehall Rd, Chattanooga, 37405",1,1,35.075257571,-85.320997638,POINT (-85.320997638 35.075257571),yes,1,POINT (-85.320997638 35.075257571),
16398128,01/10/2025 11:26:20 AM,01/17/2025 11:26:20 AM,01/13/2025 06:39:53 AM,Y,Yes,,Snow and Ice Removal,"Caller asks for sand to be spread for snow removal in the area, mentioning that the road conditions are terrible.",URGENT,O-CLOSED,completed,gov.publicstuff.com,"3847 Wauchula St, Chattanooga, 37406",1,1,35.075471184,-85.226853927,POINT (-85.226853927 35.075471184),yes,5,POINT (-85.226853927 35.075471184),
16398163,01/10/2025 11:33:08 AM,01/17/2025 11:33:08 AM,01/10/2025 03:11:37 PM,Y,Yes,,Snow and Ice Removal,entrance to gaylan heights mainly off bonny oaks,URGENT,O-CLOSED,completed,gov.publicstuff.com,"3847 Wauchula St, Chattanooga, 37406",0,1,35.075471184,-85.226853927,POINT (-85.226853927 35.075471184),yes,5,POINT (-85.226853927 35.075471184),
16398286,01/10/2025 11:59:25 AM,01/17/2025 11:59:25 AM,01/13/2025 06:39:56 AM,Y,Yes,,Snow and Ice Removal,Need hill salted,URGENT,O-CLOSED,completed,Iframe,"6823 Ivanwood Dr, Chattanooga, 37343",1,1,35.172708877,-85.248754151,POINT (-85.248754151 35.172708877),yes,3,POINT (-85.248754151 35.172708877),
16398670,01/10/2025 01:16:36 PM,01/17/2025 01:16:36 PM,01/13/2025 06:40:01 AM,Y,Yes,,Snow and Ice Removal,Caller requests salt be placed on streets in the surrounding area of primary routes near his home.,URGENT,O-CLOSED,completed,gov.publicstuff.com,"7314 Courage Way, Chattanooga, 37421",1,1,35.05215949,-85.147200494,POINT (-85.147200494 35.05215949),yes,6,POINT (-85.147200494 35.05215949),
16398753,01/10/2025 01:37:24 PM,01/17/2025 01:37:24 PM,01/13/2025 06:40:09 AM,Y,Yes,,Snow and Ice Removal,Citizen states she works for a 24 hour facility and needs to go to work.,URGENT,O-CLOSED,completed,gov.publicstuff.com,"1006 Rockway Dr, Chattanooga, 37411",1,1,35.042002034,-85.24252025,POINT (-85.24252025 35.042002034),yes,9,POINT (-85.24252025 35.042002034),
16398839,01/10/2025 01:55:59 PM,01/17/2025 01:55:59 PM,01/13/2025 06:40:10 AM,Y,Yes,,Snow and Ice Removal,"I usually stays clear but todfay cars are already gaving issues going up the hill, in the last 20 mins.",URGENT,O-CLOSED,completed,gov.publicstuff.com,"3409 Elder Mountain Rd, Chattanooga, 37419",1,1,35.042697286,-85.363005052,POINT (-85.363005052 35.042697286),yes,1,POINT (-85.363005052 35.042697286),
16399317,01/10/2025 03:37:30 PM,01/17/2025 03:37:30 PM,01/13/2025 06:40:14 AM,Y,Yes,,Snow and Ice Removal,,URGENT,O-CLOSED,completed,gov.publicstuff.com,"2598 Jenkins Rd, Chattanooga, 37421",1,1,35.044275895,-85.128328078,POINT (-85.128328078 35.044275895),yes,4,POINT (-85.128328078 35.044275895),
16399537,01/10/2025 04:24:24 PM,01/17/2025 04:24:24 PM,01/13/2025 06:40:18 AM,Y,Yes,,Snow and Ice Removal,,URGENT,O-CLOSED,completed,gov.publicstuff.com,"805 Snow St, Chattanooga, 37405",1,1,35.072036599,-85.310762177,POINT (-85.310762177 35.072036599),yes,1,POINT (-85.310762177 35.072036599),
16399642,01/10/2025 04:46:43 PM,01/17/2025 04:46:43 PM,01/13/2025 06:40:22 AM,Y,Yes,,Snow and Ice Removal,,URGENT,O-CLOSED,completed,iOS,"501-599 Oak Tree Dr, Chattanooga, 37415",1,1,35.118506,-85.274999,POINT (-85.274999 35.118506),yes,2,POINT (-85.274999 35.118506),
16397454,01/10/2025 08:44:59 AM,01/17/2025 08:44:59 AM,01/13/2025 06:39:37 AM,Y,Yes,,Snow and Ice Removal,Lake resort drive and lake resort terrace are solid ice right now. 3 apartment complexes are connected to these roads. Wife is a RN @ Erlanger and won t be able to get to work by Saturday morning.,URGENT,O-CLOSED,completed,iOS,"5926-5948 Lake Resort Ter, Chattanooga, 37415",1,1,35.112533,-85.212724,POINT (-85.212724 35.112533),yes,3,POINT (-85.212724 35.112533),
16397489,01/10/2025 08:58:26 AM,01/17/2025 08:58:26 AM,01/10/2025 11:20:24 AM,Y,Yes,,Snow and Ice Removal,,URGENT,O-CLOSED,completed,iOS,"5950-5998 Lake Resort Ter, Chattanooga, 37415",0,1,35.113289,-85.213343,POINT (-85.213343 35.113289),yes,3,POINT (-85.213343 35.113289),
16397672,01/10/2025 09:53:17 AM,01/17/2025 09:53:17 AM,01/13/2025 06:39:40 AM,Y,Yes,,Snow and Ice Removal,Citizen saw a car slide on the street. They were not in an accident and was able to correct and keep going. He would just like the street to be maintained.,URGENT,O-CLOSED,completed,gov.publicstuff.com,"403 Glenwood Dr, Chattanooga, 37404",1,1,35.03707166,-85.261084359,POINT (-85.261084359 35.03707166),yes,9,POINT (-85.261084359 35.03707166),
16397692,01/10/2025 09:57:50 AM,01/17/2025 09:57:50 AM,01/13/2025 06:39:42 AM,Y,Yes,,Snow and Ice Removal,Cars parked in others yards bc they have got stuck. People on this road are out at work and can t get home. Die to employers demanding them come to work. We want family to be able to get home. Hixson Ave have narrow roads with steep hill. Cloverdale is bad too but this road is going to be tough to maneuver.  Elderly people who have needed ambulance services frequently in recent months.,URGENT,O-CLOSED,completed,iOS,"1301-1317 Hixson Ave, Chattanooga, 37343",1,1,35.131025,-85.258873,POINT (-85.258873 35.131025),yes,2,POINT (-85.258873 35.131025),
16397865,01/10/2025 10:36:35 AM,01/17/2025 10:36:35 AM,01/13/2025 06:39:49 AM,Y,Yes,,Snow and Ice Removal,It s frozen in front of my house and I d just like it to be salted if at all possible.,URGENT,O-CLOSED,completed,iOS,"1318 Arlington Ave, Chattanooga, 37406",1,1,35.05045,-85.259521,POINT (-85.259521 35.05045),yes,9,POINT (-85.259521 35.05045),
16398079,01/10/2025 11:17:09 AM,01/17/2025 11:17:09 AM,01/13/2025 06:39:52 AM,Y,Yes,,Snow and Ice Removal,citizen informed a lot of elderly people on the street and they have nurses coming back and forth and need the road clear in case of medical assistance needed,URGENT,O-CLOSED,completed,gov.publicstuff.com,"509 Biltmore Dr, Chattanooga, 37411",1,1,35.029693337,-85.239039963,POINT (-85.239039963 35.029693337),yes,9,POINT (-85.239039963 35.029693337),
16398462,01/10/2025 12:36:17 PM,01/17/2025 12:36:17 PM,01/13/2025 06:39:57 AM,Y,Yes,,Snow and Ice Removal,Going,URGENT,O-CLOSED,completed,gov.publicstuff.com,"1610 Greenwood Rd, Chattanooga, 37406",1,1,35.053172075,-85.241335083,POINT (-85.241335083 35.053172075),yes,5,POINT (-85.241335083 35.053172075),
16398480,01/10/2025 12:38:38 PM,01/17/2025 12:38:38 PM,01/13/2025 06:39:59 AM,Y,Yes,,Snow and Ice Removal,"My boyfriend is getting the l discharged from the hospital tonight after a week long stay for chemotherapy treatment. I think we can get from memorial hospital downtown to Ely or Gadd but I'm concerned about Ely, Delaschmitt, and my street Sherry Lane. I live at the top of the hill on Sherry Lane at 4534. I drive an AWD Subaru so I'm confident we can get close, but not all the way home. Thought I'd give this a try. Thanks!",URGENT,O-CLOSED,completed,Iframe,"4534 Sherry Ln, Chattanooga, 37343",1,1,35.126786329,-85.270027011,POINT (-85.270027011 35.126786329),yes,2,POINT (-85.270027011 35.126786329),
16399829,01/10/2025 05:34:37 PM,01/17/2025 05:34:37 PM,01/13/2025 06:40:23 AM,Y,Yes,,Snow and Ice Removal,The hills in our cul-de-sac neighborhood are impassable.,URGENT,O-CLOSED,completed,iOS,"537 Ethyeylin Ln, Chattanooga, 37343",1,1,35.154661,-85.258776,POINT (-85.258776 35.154661),yes,3,POINT (-85.258776 35.154661),
16399909,01/10/2025 06:01:03 PM,01/17/2025 06:01:03 PM,01/13/2025 06:40:31 AM,Y,Yes,,Snow and Ice Removal,,URGENT,O-CLOSED,completed,iOS,"536 Ethyeylin Ln, Chattanooga, 37343",1,1,35.154705,-85.258906,POINT (-85.258906 35.154705),yes,3,POINT (-85.258906 35.154705),
16399944,01/10/2025 06:14:18 PM,01/17/2025 06:14:18 PM,01/13/2025 06:40:32 AM,Y,Yes,,Snow and Ice Removal,,URGENT,O-CLOSED,completed,Android,"3201-3299 Bon Air Cir, Chattanooga, 37404",1,1,35.041783229,-85.246895961,POINT (-85.246895961 35.041783229),yes,9,POINT (-85.246895961 35.041783229),
16399946,01/10/2025 06:16:32 PM,01/17/2025 06:16:32 PM,01/13/2025 06:40:34 AM,Y,Yes,,Snow and Ice Removal,need to get to work,URGENT,O-CLOSED,completed,Iframe,"2018 Clematis Dr, Chattanooga, 37343",1,1,35.132738704,-85.189870898,POINT (-85.189870898 35.132738704),yes,3,POINT (-85.189870898 35.132738704),
16398246,01/10/2025 11:51:47 AM,01/17/2025 11:51:47 AM,01/13/2025 06:39:54 AM,Y,Yes,,Snow and Ice Removal,please brime hill. can't get up it.,URGENT,O-CLOSED,completed,Android,"1051 River Hills Cir, Chattanooga, 37415",1,1,35.089825641,-85.283539298,POINT (-85.283539298 35.089825641),yes,2,POINT (-85.283539298 35.089825641),
16399035,01/10/2025 02:34:02 PM,01/17/2025 02:34:02 PM,01/13/2025 06:40:11 AM,Y,Yes,,Snow and Ice Removal,It needs to be sanded between Oriole and Hilltop because of the hill and the curves.  It doesn't melt with the sun due to the trees.,URGENT,O-CLOSED,completed,Iframe,"3703 Monte Vista Dr, Chattanooga, 37411",1,1,35.020473665,-85.246206959,POINT (-85.246206959 35.020473665),yes,6,POINT (-85.246206959 35.020473665),
16399572,01/10/2025 04:31:43 PM,01/16/2025 04:31:43 PM,01/13/2025 06:32:26 AM,Y,Yes,,Tree Fallen/Branch,Caller states a tree has fallen across the road in front of this location,EMERGENCY,O-CLOSED,completed,gov.publicstuff.com,"2354 Marco Cir, Chattanooga, 37421",1,2,35.059039761,-85.175667524,POINT (-85.175667524 35.059039761),yes,6,POINT (-85.175667524 35.059039761),
16399614,01/10/2025 04:39:30 PM,01/17/2025 04:39:30 PM,01/13/2025 06:40:21 AM,Y,Yes,,Snow and Ice Removal,roads are impassible,URGENT,O-CLOSED,completed,Android,"3761-3899 Thrushwood Dr, Chattanooga, 37415",1,1,35.116837858,-85.280724317,POINT (-85.280724317 35.116837858),yes,2,POINT (-85.280724317 35.116837858),
16399868,01/10/2025 05:48:27 PM,01/17/2025 05:48:27 PM,01/13/2025 06:40:30 AM,Y,Yes,,Snow and Ice Removal,,URGENT,O-CLOSED,completed,iOS,"606 Mooremont Ter, Chattanooga, 37411",1,1,35.02959,-85.238747,POINT (-85.238747 35.02959),yes,9,POINT (-85.238747 35.02959),
16400068,01/10/2025 07:19:45 PM,01/17/2025 07:19:45 PM,01/13/2025 06:40:36 AM,Y,Yes,,Snow and Ice Removal,steep hill with an assisted living facility at top of the hill. medical professionals need to get in and out throughout the day,URGENT,O-CLOSED,completed,Android,"6207-6215 Pine Marr Dr, Chattanooga, 37343",1,1,35.169716537,-85.250710733,POINT (-85.250710733 35.169716537),yes,3,POINT (-85.250710733 35.169716537),
