the_geom,OBJECTID,Facility Identifier,Install Date,Location Description,Rotation,Operational Date,Structure Type,Active Flag,Owned By,Managed By,Last Update Date,Last Editor,AncillaryRole,ADMINISTRATIVEAREA,LEGACYID,LIFECYCLESTATUS,WATERTYPE,ACCESSDIAMETER,OPERATIONALAREA,WORKORDERID,WARRANTYDATE,INSTALLCONTRACTOR,ELEVATION,BELOWGRADE,MANUFACTURER,INLETDIAMETER,DISCHARGEDIAMETER,RATEDFLOW,RATEDPRESSURE,TOTALDYNAMICHEAD,LOWSETPOINT,HIGHSETPOINT,MODEL,SERIALNUMBER,ASBUILT_DATE,NOTES,PUMPSTATIONTYPE,PUMPSTATIONCONTRACT,NORTHING,EASTING,STREETNUMBER,STREETNAME,ALIAS_1,ALIAS_2,BUILDINGSTRUCTURE,YEARINSERVICE,ACCESS,WASTEWATERTYPE,WATERCOMPANY,WATERLINE,BACKFLOWPREVENTER,POWERCOMPANY,SURGEPROTECTOR,PHONENUMBER,EMERGENCYPOWER,PHASEVOLTAGE,FLOWMETERTYPE,FLOWMETERMANUFACTURER,PUMPSTATIONCAPACITY,NUMBEROFPUMPS,PUMPBRAND,PUMPTYPE,PUMPCAPACITY,WETWELLTYPE,WETWELLSIZE,WETWELLINVERTELEVATION,OVERFLOWLOCATION,RECEIVINGSTRUCTURE,FORCEMAINENDLOCATION,NEXTPUMPSTATIONDOWNSTREAM,NAME,SUBBASIN,Condition,ConditionDate,PhotoHotlink1,PhotoHotlink2,PhotoHotlink3,PhotoHotlink4,PhotoHotlink5,OperationalDate,DataSource,Capacity,ElevationAtBottom,LevelSensorType,Modem,AverageFlow,PeakFlow,WetWellCapacity,WetWellRimElevation,WetWellBarScreen,WetWellRingMaterial,WetWellFrameMaterial,WetWellDepth,WetWellMaterial,WetWellStepMaterial,WetWellAccessType,WetWellAccessMaterial,WetWellAccessDiameter,WetWellLiner,PhotoYN,Canopy,NumPipesIn,NumPipesOut,CollectedBy,DateCollected,TimeCollected,Basin,WorkArea,Taxmap,GlobalID,Enabled,created_user,created_date,last_edited_user,last_edited_date,SUBTYPE,StreetView,Directions,DocumentLibrary
POINT (-85.32001028458 35.023872620942),1098,SSR,,2800 BROAD STREET,,,Other,1,1,1,05/17/2022 06:37:55 PM +0000,JODONNELL,0,,,ACT,Combined,24,,,,,,,,,,,,,,,,,,Some sort of control structure,Regulator Station,,,,2800,BROAD STREET,,,,,,,,,,,,,,,,,,,,,,,,,,,,,SIDNEY STREET REGULATOR,CSO 4,Fair,,,,,,,,SGGPS,,,,,,,,,,,,,,,,,,,,,,,,,,CSS ROMLNICA,,155C,{28916D33-0D79-49E1-8580-5FA0BBB59F3D},1,GIS_ADMIN,06/21/2017 01:42:25 PM +0000,,,6,https://drive.google.com/file/d/1Eedy1AOnzMeli2oYgaC4qZRzdvK4fb4L/view?usp=sharing,"https://www.google.com/maps/dir/Current+Location/35.023873,-85.32001",https://drive.google.com/drive/folders/1zl2PYT4noOmnnryG91_52bX-t8ygQ6c5?usp=sharing
POINT (-85.32867139622 35.055342424306),3095,,,Hamm Rd Wet Weather Combined Sewer Storage - Phase 1,,,Pump Station,1,1,1,10/17/2023 01:48:18 PM +0000,BFORD,0,,,,Combined,,,,,,,,,,,,,,,,,,,,,,,,,,,,,,,,,,,,,,,,,,,,,,,,,,,,,,,,,,,,,,,,,,,,,,,,,,,,,,,,,,,,,,,,,,,,,{D671B4AB-0955-4BB5-9968-CF8BB959F797},1,BFORD,10/17/2023 01:48:18 PM +0000,,,1,,,
POINT (-85.221320145779 35.033430767959),231,WBPS,,1645 Eucalyptus Dr,,,Pump Station,1,1,1,05/17/2022 06:37:55 PM +0000,JODONNELL,0,,S147K990,ACT,,,,,,S147K990,,0,,,,,,,,,,,,,Pump Station,,255782,2201630,1645,Eucalyptus Dr,WILLOW58,WILLOW58,Wetwell Mounted Pumps With Doghouse Enclosure for Control Panel,1981,Ground Level,Domestic,NA,NA,NA,EPB,No,NA,No,3/240,NA,NA,0,2,Ebara,Submersible Vertical Centrifugal,100,Prefab Concrete Manhole,5' Dia 16' depth,,First manhole upstream of station in wooded area,South Chickamauga Creek,Manhole # 147K058 N Moore Rd at Drummond Dr,Friar Branch,WILLOW BEND PUMP STATION,South Chick Creek 7,,,P:\2009_Projects\09004_Chatt_SA\GIS\South_Chick\Photos_SC\Resize\S147K990.jpg,,,,P:\2009_Projects\09004_Chatt_SA\GIS\South_Chick\Photos_SC\Resize\Willow_Bend_Pump_Station_Photos.pdf,,TS,,,,,,,,664.18,,,,16.02,,,,,,,Y,MEDIUM,,,SSS,07/22/2010 12:00:00 AM +0000,,SO South Chick,,147K,{2E4EC285-7E21-4453-8D2C-A15E2E5B2E6C},1,,,GIS_ADMIN,06/06/2016 01:47:01 PM +0000,1,https://drive.google.com/file/d/1l0uiArjXIzbZ03b2rwnLNawt1W_Hk-Id/view?usp=sharing,"https://www.google.com/maps/dir/Current+Location/35.0334637649759,-85.2211514719859",https://drive.google.com/drive/folders/1nOFMTczOLDPbabCPNek446nCFfACZisT?usp=sharing
POINT (-85.211325319614 35.118328107601),181,BRPS1,,LAKE RESORT DR & GANN STORE RD,,,Pump Station,1,1,1,05/17/2022 06:37:55 PM +0000,JODONNELL,0,,SPS110M,ACT,,,,,,SPS110M,,0,,,,,,,,,,,,\\Oceanus\images\TIC\EngineeringDrawings\100800-100899\100860.pdf,Pump Station,73A-1,286711,2204377,,LAKE RESORT DR & Gann Store Road,BIGRID10,BIGRID10,Prefab Wetwell With Exterior Control Panel,1995,Ground Level,Domestic,TAWC,"1""",Yes,EPB,No,NA,Portable Generator,3/480,Magnetic,Badger,3,2,Hydromatic,Submersible Centrifugal,950,Prefab Concrete Manhole,"8'-6"" x 12'(oval) x 22'",765,At the Station,Tennessee River,3000 blk Hamill Rd,Dupont,BIG RIDGE PUMP STATION #1,Tennessee River 17,,,,\\Oceanus\images\TIC\EngineeringDrawings\100800-100899\100860.pdf,,,,,,,,,,,,,,,,,,,,,,,,,,,,,,,,,,{58322A22-BF14-4FF0-9156-28E2D4E78AC5},1,,,GIS_ADMIN,06/06/2016 01:47:02 PM +0000,1,https://drive.google.com/file/d/1wVNp-_rsrfUGGyzmcUuq4EQgF-_1C4g-/view?usp=sharing,"https://www.google.com/maps/dir/Current+Location/35.118439521389,-85.211090025119",https://drive.google.com/drive/folders/182U6cmi5UWVIEO9h2GXGpaOzRr8Z4Wt_?usp=sharing
POINT (-85.215773094237 35.037381006586),196,BMPS,,4608 Ricky Dr,,,Pump Station,1,1,1,11/13/2023 01:39:13 PM +0000,BFORD,0,,S147L990,ACT,,,,,,S147L990,,0,,,,,,,,,,,,CASTING IS LOOSE,Pump Station,,257196,2203271,4608,Ricky Dr,BRAINE26,BRAINE26,Prefabricated Underground Tube Station,1972,Ladder,Domestic,NA,NA,NA,EPB,No,NA,No,3/240,NA,NA,0,2,Smith & Loveless,Dry Pit Vertical Centrifugal,100,Manhole,"4' Dia  17'-8"" depth",,At The Station,South Chickamauga Creek,Manhole 147L008 Mike-Edd & Shawhan,Friar Branch,BRAINERD MANOR PUMP STATION,South Chick Creek 7,,,P:\2009_Projects\09004_Chatt_SA\GIS\South_Chick\Photos_SC\Resize\S147L990.jpg,,,,P:\2009_Projects\09004_Chatt_SA\GIS\South_Chick\Photos_SC\Resize\Brainerd_Manor_Pump_Station_Photos.pdf,,SGGPS,,,,,,,,670.8,,,,17.46,,,,,,,Y,MEDIUM,,,SSS,07/22/2010 12:00:00 AM +0000,,SO South Chick,,147L,{9654C667-62EB-4425-AAE0-04CF84D84C67},1,,,GIS_ADMIN,06/06/2016 01:47:01 PM +0000,1,https://drive.google.com/file/d/1h7qguqxER0TVXKaN7wj-Iq_ec6O1VwYG/view?usp=sharing,"https://www.google.com/maps/dir/Current+Location/35.03731,-85.215798",https://drive.google.com/drive/folders/1ILMxnP0GCCort_5S_aJEDpXemjIMSe4B?usp=sharing
POINT (-85.175337513045 35.105225938514),217,MH1,,4778 Webb Rd,,,Pump Station,1,1,1,05/17/2022 06:37:55 PM +0000,JODONNELL,0,,S120F990,ACT,,,,,,S120F990,,0,,,,,,,,,,,,\\Oceanus\images\TIC\EngineeringDrawings\100800-100899\100858.pdf,Pump Station,46A,282027,2215175,4778,Webb Rd,MURRAY68,MURRAY68,Prefab Underground Control and Pump Room With Attached Wetwell,1994,Manlift,Domestic,TAWC,"1""",Yes,EPB,No,NA,Portable Generator,3/480,NA,NA,4,2,Marathon Electric,Vertical Drypit Centrifugal,255,Attached Wetwell,6' Dia  28' depth,,At Station,Tennessee River,Manhole 120J001  4228 Webb Rd,South Chickamauga,MURRAY HILLS #1,Tennessee River 16,,,P:\2009_Projects\09004_Chatt_SA\GIS\Friar_Branch\Photos_FR\PumpStations\S120F990.jpg,\\Oceanus\images\TIC\EngineeringDrawings\100800-100899\100858.pdf,,,P:\2009_Projects\09004_Chatt_SA\GIS\Friar_Branch\Photos_FR\PumpStations\MurrayHillsNo1_Pump_Station_Photos.pdf,,SGGPS,,,,,,,,,,,,691.69,,,,,,,Y,LIGHT,,,CGS,07/09/2009 12:00:00 AM +0000,,SO Friar's Branch,,120F,{698611B8-D95A-41A3-90E6-AB7E8ADEF23B},1,,,GIS_ADMIN,06/06/2016 01:47:01 PM +0000,1,https://drive.google.com/file/d/1ct4DZQUtHDq0T2Aqk2YsLiG-g7Kmu-fQ/view?usp=sharing,"https://www.google.com/maps/dir/Current+Location/35.105226,-85.175338",https://drive.google.com/drive/folders/1jVV5AKtffIDxy4f5dowEvFjaG_nQT-yx?usp=sharing
POINT (-85.321759564497 35.031658617068),696,CSR,,SUPERSPUN AVE (AT I-24 I-27),,,Other,1,1,1,08/02/2023 02:51:18 PM +0000,BFORD,0,,S145N653,ACT,Combined,24,,,,,,,,,,,,,,,,,,PART OF CSO,Regulator Station,,,,,SUPERSPUN AVE,,,,,,,,,,,,,,,,,,,,,,,,,,,,,CARTER STREET REGULATOR,CSO 4,Good,,,,,,,,TS,,,,,,,,,,,,,,,,,,,,,,,,,,CSS ROMLNICA,,145N,{6D26DD99-56DC-4677-8B94-A7217B963389},1,GIS_ADMIN,06/19/2017 08:17:27 PM +0000,,,6,https://drive.google.com/file/d/1nW0cJjoTFeU8DXTudq_dGbZeBDZduWeh/view?usp=sharing,"https://www.google.com/maps/dir/Current+Location/35.0354398055093,-85.3230550431293",https://drive.google.com/drive/folders/13AlTcoeOEh6rCIOgF5T7umX4lW2fffPN?usp=sharing
POINT (-85.195430816297 35.096244802699),232,MH5,,3820 Kings Rd,,,Pump Station,1,1,1,05/17/2022 06:37:55 PM +0000,JODONNELL,0,,S120P990,ACT,,,,,,S120P990,,0,,,,,,,,,,,,\\Oceanus\images\TIC\EngineeringDrawings\100800-100899\100858.pdf,Pump Station,46B,278781,2209185,3820,Kings Rd,MURRAY72,MURRAY72,Prefab Underground Control and Pump Room With Attached Wetwell,1994,Manlift,Domestic,TAWC,"1""",Yes,EPB,No,NA,Portable Generator,3/480,NA,NA,2,2,Marathon Electric,Vertical Drypit Centrifugal,450,Attached Wetwell,6' Dia 30' depth,,At Station,Tennessee River,Manhole 120P051  4825 Lake Haven Dr,South Chickamauga,MURRAY HILLS #5,Tennessee River 15,,,P:\2009_Projects\09004_Chatt_SA\GIS\Friar_Branch\Photos_FR\PumpStations\S120P990.jpg,\\Oceanus\images\TIC\EngineeringDrawings\100800-100899\100858.pdf,,,P:\2009_Projects\09004_Chatt_SA\GIS\Friar_Branch\Photos_FR\PumpStations\MurrayHillsNo5_Pump_Station_Photos.pdf,,TS,,663.71,,,,,,695.27,,,,31.56,,,,,,,Y,LIGHT,,,CGS,07/09/2009 12:00:00 AM +0000,,SO Friar's Branch,,120P,{6816C6B9-543D-444C-A32C-5B30C1A32580},1,,,GIS_ADMIN,06/06/2016 01:47:03 PM +0000,1,https://drive.google.com/file/d/15dPLYUht1zYIngbCcb5GcyW6rbq2azyo/view?usp=sharing,"https://www.google.com/maps/dir/Current+Location/35.096245,-85.195431",https://drive.google.com/drive/folders/1zRFFk6crn6ubWgxbwQqyGd8Agq1QGaCz?usp=sharing
POINT (-85.206487018464 35.038430005637),175,AIRPS1,,1001 AIRPORT RD (END OF Jubilee Dr),,,Pump Station,1,1,1,05/17/2022 06:37:55 PM +0000,JODONNELL,0,,S147E990,ACT,,,,,,S147E990,,0,,,,,,,,,,,,\\Oceanus\images\TIC\EngineeringDrawings\100400-100499\100438.pdf,Pump Station,West Airfield Perimeter Rd,257593,2206075,1001,AIRPORT RD (END OF Jubilee Dr),AIRPOR4,AIRPOR4,Prefab Wetwell With Exterior Control Panel,2005,Ground Level,Domestic & Industrial,TAWC,"3/4""",Yes,EPB,Yes,NA,Portable Generator,3/480,Magnetic,Badger,1,2,Ebara,Submersible Vertical Centrifugal,180,Manhole,"5' Dia  21'-2"" depth",,At Station Wetwell,South Chickamauga Creek,"Manhole 147D004 upstream of creek crossing on 42"" line",Friar Branch,AIRPORT PUMP STATION #2,South Chick Creek 5,,,P:\2009_Projects\09004_Chatt_SA\GIS\South_Chick\Photos_SC\Resize\s147e990.jpg,\\Oceanus\images\TIC\EngineeringDrawings\100400-100499\100438.pdf,,,P:\2009_Projects\09004_Chatt_SA\GIS\South_Chick\Photos_SC\Resize\Airport_Road_2_Pump_Station_Photos.pdf,,SGGPS,,,,,,,,662.17,,,,21.24,,,,,,,Y,LIGHT,,,SSS,07/22/2010 12:00:00 AM +0000,,SO South Chick,,147E,{8A29B5DA-12EC-4B6F-9202-AA131164323D},1,,,GIS_ADMIN,06/06/2016 01:47:02 PM +0000,1,https://drive.google.com/file/d/1vwZpQq-rItk4JYu1f6w81QfYwXzqSUU4/view?usp=sharing,"https://www.google.com/maps/dir/Current+Location/35.03843,-85.206487",https://drive.google.com/drive/folders/1k30k0CxFskXDtUCKkG7snD4eljqL6_MD?usp=sharing
POINT (-85.207045262717 35.114504477847),182,BRPS2,,4600 Gann Store Road,,,Pump Station,1,1,1,05/17/2022 06:37:55 PM +0000,JODONNELL,0,,SPS119D,ACT,,,,,,SPS119D,,0,,,,,,,,,,,,\\Oceanus\images\TIC\EngineeringDrawings\100800-100899\100860.pdf,Pump Station,73A-1,285312,2205670,4600,Gann Store Road,BIGRID11,BIGRID11,Prefab Wetwell With Exterior Control Panel,1995,Ground Level,Domestic,TAWC,"1""",Yes,EPB,No,NA,Portable Generator,3/480,Magnetic,Badger,3,2,Hydromatic,Submersible Centrifugal,950,Prefab Concrete Manhole,"10'-6"" Dia  38'-6"" depth",666.5,At the Station,Tennessee River,Big Ridge No.1,Big Ridge No.1,BIG RIDGE PUMP STATION #2,Tennessee River 17,,,,\\Oceanus\images\TIC\EngineeringDrawings\100800-100899\100860.pdf,,,,,,,,,,,,,,,,,,,,,,,,,,,,,,,,,,{A54FA6F5-E64D-45CE-A610-6D49EAFF483B},1,,,GIS_ADMIN,06/06/2016 01:47:02 PM +0000,1,https://drive.google.com/file/d/1QuegDdvckMXBKRvWCaef5z1iK8vTfVJ4/view?usp=sharing,"https://www.google.com/maps/dir/Current+Location/35.114504,-85.207045",https://drive.google.com/drive/folders/1QoT6FEgavgi5F1kRBK-iapMCYxEfcptJ?usp=sharing
POINT (-85.181490352124 35.082757960688),212,LVPS,,4537 Peckinpaugh Dr,,,Pump Station,1,1,1,05/17/2022 06:37:55 PM +0000,JODONNELL,0,,S129G990,ACT,,,,,,S129G990,,0,,,,,,,,,,,,\\Oceanus\images\TIC\EngineeringDrawings\51600-51699\51654.pdf,Pump Station,49C1,273823,2213382,4537,Peckinpaugh Dr,LAKEVI43,LAKEVI43,Wetwell Mounted Pumps With Doghouse,1985,Ground Level,Domestic,TAWC,"3/4""",NA,EPB,No,NA,No,3/480,NA,NA,0,2,Hydromatic,Submersible Vertical Centrifugal,132,Prefab Concrete Manhole,"6' Dia 17'-6"" depth   Invert Elev 71",655.67,At Station,Friar Branch,Manhole 129G086 4514 Peckinpaugh Dr,South Chickamauga Creek,LAKE VISTA PUMP STATION,Friars Branch 15,,,P:\2009_Projects\09004_Chatt_SA\GIS\Friar_Branch\Photos_FR\PumpStations\S129G990.jpg,\\Oceanus\images\TIC\EngineeringDrawings\51600-51699\51654.pdf,,,P:\2009_Projects\09004_Chatt_SA\GIS\Friar_Branch\Photos_FR\PumpStations\LakeVista_Pump_Station_Photos.pdf,,TS,,709.26,,,,,,728.05,,,,18.79,,,,,,,Y,LIGHT,,,JPB,07/13/2009 12:00:00 AM +0000,,SO Friar's Branch,,129G,{5DBF76D0-37B4-4C7B-A1D5-2B756B19FB79},1,,,GIS_ADMIN,06/06/2016 01:47:02 PM +0000,1,https://drive.google.com/file/d/1lWEQwa_1UitbHO9HolqsW0oOzw_Gbx7z/view?usp=sharing,"https://www.google.com/maps/dir/Current+Location/35.082758,-85.18149",https://drive.google.com/drive/folders/16ywRpKi4dpiPm9DrBRomQ3X1LbaJQAxa?usp=sharing
POINT (-85.213858135834 34.975792154655),234,FOPS,,,,,Pump Station,1,1,1,11/13/2023 01:46:22 PM +0000,BFORD,0,,SPS999,ACT,,,,,,SPS999,,0,,,,,,,,,,,,Pump Station Abandoned but force main left in place to receive flow from W Chickamauga Creek PS,Pump Station,53B-1,2203905,234929,1350,Mack Smith Rd,FT.OLG36,FT.OLG36,Wetwell Mounted Pumps With Doghouse,1997,Ground Level,Domestic & Industrial,TAWC,"5/8""",NA,N GA Electric Power,Yes,NA,Onsite Generator,3/480,Magnetic,ABB,,2,Smith & Loveless,,,Manhole    (Invert Elev 677.,6' Dia,677,At The Station,Spring Creek,Manhole #2 Contract 53B1-3.1 (two manholes upstream of wetwell),Spring Creek Pump Station,FT. OLGETHORPE PUMP STATION,,,,,,,,,,,,,,,,,,,,,,,,,,,,,,,,,,,,,,,{2F0A29A0-1BE2-4BE5-A579-0A94B3DA9720},1,,,GIS_ADMIN,06/06/2016 01:47:01 PM +0000,7,,,
POINT (-85.365157716274 35.024635998716),226,TPS2,,151 Browns Ferry Rd,,,Pump Station,1,1,1,05/17/2022 06:37:55 PM +0000,JODONNELL,0,,S154C042,ACT,,,,,,S154C042,,0,,,,,,,,,,,,\\Oceanus\images\TIC\EngineeringDrawings\50900-50999\50956.pdf,Pump Station,"62B, 62C",252271,2158588,151,Browns Ferry Rd,TPS2,,Prefab underground control & pump room with attached wetwell,1984,Manlift,Domestic & Industrial,TAWC,"1""",Yes,EPB,No,NA,Portable generator,3/480,NA,NA,7,2,Fairbanks Morse,Dry Pit Centrifugal vertical,2260,Attached with manhole,"4' Dia 27'-6"" depth",627.5,Manhole at 156 Browns Ferry Rd,Lookout Creek,manhole 144K018 at 424 Brownsferry Rd,Tiftonia No.1,TIFTONIA PUMP STATION #2,Lookout Creek 2,,,P:\2009_Projects\09004_Chatt_SA\GIS\Lookout_Creek\Photos_LC\Resized\S154C042.jpg,\\Oceanus\images\TIC\EngineeringDrawings\50900-50999\50956.pdf,,,,,SGGPS,,,,,,,,657.09,,,,29.4,,,,,,,,Light,,,DJB,12/09/2010 12:00:00 AM +0000,,SO Lookout Creek,,154C,{BA042A1F-3B6E-448A-90BC-0198095BA40C},1,,,GIS_ADMIN,06/06/2016 02:08:21 PM +0000,1,https://drive.google.com/file/d/1tOox0SUN3wFsKXRP_MVsl580KZresC9e/view?usp=sharing,"https://www.google.com/maps/dir/Current+Location/35.024636,-85.365158",https://drive.google.com/drive/folders/108kW-J3_zMRaRWphVjIzBR6kc8bTpPZi?usp=sharing
POINT (-85.227493110617 35.005967648846),166,NTSWS,,N TERRACE & S HOWELL AVE,,,Pump Station,1,1,1,08/02/2023 02:51:18 PM +0000,BFORD,0,,DLS157N,ACT,,,,,,DLS157N,,0,,,,,,,,,,,,,Storm Station,,245760,2199861,0,North Terrace,NORTHT74,NORTHT74,"No Structure, Exterior Control Panel",1997,Ground Level,Storm Water,NA,NA,NA,EPB,Yes,NA,Portable Generator,3/480,NA,NA,23,4,Flygt,Submersible Centrifugal,0,Open Basin,,,NA,Spring Creek,NA,NA,STORM STATION NORTH TERRACE,South Chick Creek 11,,,,,,,,,,,,,,,,,,,,,,,,,,,,,,,,,,,,,,{BBBE229B-B778-4706-AA9D-7728BCDFC27C},1,,,GIS_ADMIN,06/06/2016 01:47:01 PM +0000,4,https://drive.google.com/file/d/1XQzJ6QD3C-Nsdw42jR5RSTzBS3oNbreu/view?usp=sharing,"https://www.google.com/maps/dir/Current+Location/35.005968,-85.227493",https://drive.google.com/drive/folders/1Tt4j_RuuPzJ-yDxPOSxAN2q1F0vlWQzE?usp=sharing
POINT (-85.221560248857 35.051024159735),682,FBPS,,3910 JUANDALE DR,,,Lift Station,1,1,1,05/17/2022 06:37:55 PM +0000,JODONNELL,0,,S137N990,ACT,,,,,,S137N990,,0,,,,,,,,,,,,"SEE PLANS FOR DETAILED INFORMATION STR.TO LARGE TO MEASURE PER RH, WW too deep to get pipe inverts",Lift Station,47,262206,2201505,3910,Juandale Dr,,,"Custom Built, Control Room, Drywell and Wetwell",1978,Stairs and Elevator,Domestic & Industrial,TAWC,"2""",Yes,EPB,Yes,629-2025,No,3/480,Magnetic,Fisher Porter,73,3,Worthington,Vertical Centrifugal Dry Pit,16800,Dual Wetwell,0,,third manhole upstream of station in field in rear of sta,South Chickamauga Creek,NA,South Chickamauga Creek PS,FRIAR BRANCH PUMP STATION,South Chick Creek 4,,,P:\2009_Projects\09004_Chatt_SA\GIS\South_Chick\Photos_SC\Resize\S137N990.jpg,,,,P:\2009_Projects\09004_Chatt_SA\GIS\South_Chick\Photos_SC\Resize\Friars_Branch_Pump_Station_Photos.pdf,,SGGPS,,,,,,,,675.06,,,,,,,,,,,Y,LIGHT,,,SSS,07/22/2010 12:00:00 AM +0000,,SO South Chick,,137N,{08CE5BE0-8EF0-4856-83EE-446ED695DC4C},1,,,,,2,https://drive.google.com/file/d/1DXooMAWVTt3pi2WzUrpEAm1WN4f723rr/view?usp=sharing,"https://www.google.com/maps/dir/Current+Location/35.051024,-85.22156",https://drive.google.com/drive/folders/1Vb7dBRXo_PAvQmQ-iPSz1Zd2qeWyEW_0?usp=sharing
POINT (-85.153386716258 35.105232592074),230,VAAP,,5400 Hwy 58,,,Pump Station,1,1,1,05/17/2022 06:37:55 PM +0000,JODONNELL,0,,S121H990,ACT,,,,,,S121H990,,0,,,,,,,,,,,,,Pump Station,,282019,2221741,5400,Hwy 58,VAAPPL83,VAAPPL83,Prefab Wetwell With Exterior Control Panel,1998,Ground Level,Domestic & Industrial,NA,NA,NA,EPB,No,NA,Portable Generator,3/480,Magnetic,ABB,2,2,KSB,Submersible Vertical Centrifugal,780,Prefab Concrete Manhole,"10' Dia 24'-6"" depth",,At Station,Tennessee River,ESIP,ESIP,VAAP PLANT,Tennessee River 16,,,P:\2009_Projects\09004_Chatt_SA\GIS\Friar_Branch\Photos_FR\PumpStations\S121H990.jpg,,,,P:\2009_Projects\09004_Chatt_SA\GIS\Friar_Branch\Photos_FR\PumpStations\Lakeshore_VAAP_Pump_Station_Photos.pdf,,SGGPS,,676.12,,,,,,700.72,,,,24.6,,,,,,,Y,LIGHT,,,CGS,07/09/2009 12:00:00 AM +0000,,SO Friar's Branch,,121H,{881C135E-726C-44F0-B1B7-87EF2DF82DA0},1,,,GIS_ADMIN,06/06/2016 01:47:02 PM +0000,1,https://drive.google.com/file/d/1MhDrje5C8pfrU0yolKL77pAhMQx3BwY2/view?usp=sharing,"https://www.google.com/maps/dir/Current+Location/35.1060871543329,-85.1532296337465",https://drive.google.com/drive/folders/1mCN5yqq-T84RoRMzXcsnUWpaJRooYq9d?usp=sharing
POINT (-85.21366524287 35.110592499633),192,BRPS12,,5840 Lake Resort Terrace,,,Pump Station,1,1,1,05/17/2022 06:37:55 PM +0000,JODONNELL,0,,SPS119D,ACT,,,,,,SPS119D,,0,,,,,,,,,,,,\\Oceanus\images\TIC\EngineeringDrawings\100800-100899\100863.pdf,Pump Station,73D,283874,2203695,5840,Lake Resort Terrace,BIGRID15,BIGRID15,Prefab Wetwell With Exterior Control Panel,1999,Ground Level,Domestic,TAWC,"1""",Yes,EPB,No,NA,Portable Generator,3/480,NA,NA,1,2,Hydromatic,Submersible Centrifugal,180,Prefab Concrete Manhole,"8'-6"" x 12'-6""(oval) x 15'-6""",775.4,At the Station,Tennessee River,Big Ridge No.13,Big Ridge No.13,BIG RIDGE PUMP STATION #12,Tennessee River 17,,,,\\Oceanus\images\TIC\EngineeringDrawings\100800-100899\100863.pdf,,,,,,,,,,,,,,,,,,,,,,,,,,,,,,,,,,{0C8ABB7C-A4D5-4643-885A-EBE55FFE3373},1,,,GIS_ADMIN,06/06/2016 01:47:03 PM +0000,1,https://drive.google.com/file/d/13cKOj0TqnwlFy2TFvPktDoXVCC7eoWwt/view?usp=sharing,"https://www.google.com/maps/dir/Current+Location/35.110592,-85.213665",https://drive.google.com/drive/folders/1i35zvPcQvUtuyXNnQ5qqQYeW6x03Rtcn?usp=sharing
POINT (-85.341223773572 35.088995548408),216,MTC,,183 Raider Lane,,,Pump Station,1,1,1,05/17/2022 06:37:55 PM +0000,JODONNELL,0,,S126A900,ACT,,,,,,S126A900,,0,,,,,,,,,,,,Inverts unavailable due to depth of wet well.; \\Oceanus\images\TIC\EngineeringDrawings\50400-50499\50406.pdf,Pump Station,30,275731,2165596,183,RAIDER LANE,MTC,,"Custom Built, Control Room, Drywell and Wetwell",1971,Stairs,Domestic & Industrial,TAWC,"2""",Yes,EPB,No,757-5417,No,3/480,Magnetic,Fischer Porter,6,2,G E Motors,Vertical Centrifugal Dry Pit,4166,Custom Built,"28'-10"" x 6' x 38'-9""",621.25,Tidegate behind station along Tennessee River,Tennessee River,Manhole 126H001 at Baylor School,MBWWTP,MOUNTAIN CREEK PUMP STATION,Tennessee River 1,,,P:\2009_Projects\09004_Chatt_SA\GIS\Tenn_River\Photos_TNB_MC\Resized\S126A900.jpg,\\Oceanus\images\TIC\EngineeringDrawings\50400-50499\50406.pdf,,,,,TS,,,,,,,,659.58,,,,33.45,,,,,,,,LIGHT,,,DJB,12/08/2010 12:00:00 AM +0000,,SO Tennessee River Part B,,126A,{63E27AEE-D6D1-4C18-B5A6-0BF9D875B77D},1,,,GIS_ADMIN,06/06/2016 02:06:56 PM +0000,1,https://drive.google.com/file/d/1pMfWMOnucJIPPPjzYgIagiIWMzPJOvVo/view?usp=sharing,"https://www.google.com/maps/dir/Current+Location/35.088996,-85.341224",https://drive.google.com/drive/folders/1vVDMF6iNMq7-JqdHbLmbUPqz46H18piY?usp=sharing
POINT (-85.160504161627 34.996097921378),683,HGPS,,1054 CALLAWAY CT,,,Pump Station,1,1,1,05/17/2022 06:37:55 PM +0000,JODONNELL,0,,S170E990,ACT,,,,,,S170E990,,0,,,,,,,,,,,,,Pump Station,57A-1,242424,2219463,1054,CALLAWAY CT,,,Prefab Wetwell With Exterior Control Panel,2005,Ground Level,Domestic,TAWC,"3/4""",Yes,EPB,Yes,NA,Portable Generator,3/480,NA,NA,0,2,Hydromatic,Submersible Vertical Centrifugal,60,Manhole,5' Dia 12' depth,,At Station Wetwell,South Chickamauga Creek,Manhole 171H007  Rear of 819 Norfolk Green Circle,East Brainerd,Heritage Green,South Chick Creek 19,,,P:\2009_Projects\09004_Chatt_SA\GIS\South_Chick\Photos_SC\Resize\S170E990.jpg,,,,P:\2009_Projects\09004_Chatt_SA\GIS\South_Chick\Photos_SC\Resize\Heritage_Green_Pump_Station_Photos.pdf,,SGGPS,,,,,,,,690.54,,,,12,,,,,,,Y,LIGHT,,,SSS,07/22/2010 12:00:00 AM +0000,,SO South Chick,,170E,{F9F8E350-6195-4A07-838F-0C160837F8B8},1,,,,,1,https://drive.google.com/file/d/1IvqNIS-8NKwcuOu9WuY5jDL7TCBrD5yE/view?usp=sharing,"https://www.google.com/maps/dir/Current+Location/34.996098,-85.160504",https://drive.google.com/drive/folders/1SwMH3Npr0tbuQ151pE4CUrlpVVByWROa?usp=sharing
POINT (-85.328659820725 34.985264902881),1100,WCPS5,,WALKER COUNTY PUMP STATION #5 (CH5) formerly listed as manhole S167O078,,,Pump Station,1,1,1,05/17/2022 06:37:55 PM +0000,JODONNELL,0,,,ACT,Sewage,,,,,,,,,,,,,,,,,,,The City has a flow meter and telemetry that we maintain but the station does not belong to us,Pump Station,,,,,,,,,,,,,,,,,,,,,,,,,,,,,,,,,,WALKER COUNTY PUMP STATION #5 (CH5),Chattanooga Creek 4,Unknown,,,,,,,,OT,,,,,,,,,,,,,,,,,,,,,,,,,,SO Chattanooga Creek,,167O,{6E2A19EA-57DD-4B00-AAE8-28A4ED93DDEC},1,GIS_ADMIN,06/21/2017 02:32:20 PM +0000,,,7,,,
POINT (-85.357690460207 34.98247524833),1097,LMGAS,,,,,Pump Station,1,1,1,05/17/2022 06:37:55 PM +0000,JODONNELL,0,,,,Sewage,,,,,,,,,,,,,,,,,,,The City has a flow meter and telemetry that we maintain but the station does not belong to us,Pump Station,,,,,,,,,,,,,,,,,,,,,,,,,,,,,,,,,,LOOKOUT MOUNTAIN (GA) STATION,,,,,,,,,,,,,,,,,,,,,,,,,,,,,,,,,,,,,,,{D1A34750-BE06-44ED-8D51-9CAC97C19CE2},1,GIS_ADMIN,06/21/2017 01:33:50 PM +0000,,,7,,,
POINT (-85.231106347542 35.12262296699),215,MTPS,,4907 Meadow Trace,,,Pump Station,1,1,1,05/17/2022 06:37:55 PM +0000,JODONNELL,0,,S110J990,ACT,,,,,,S110J990,,0,,,,,,,,,,,,Depth is 9.92',Pump Station,,288192,2198432,4907,Meadow Trace,MEADOW46,MEADOW46,Prefab Wetwell With Exterior Control Panel,1992,Ground Level,Domestic,Hixson Utility,"3/4""",Yes,EPB,No,NA,Portable Generator,1/240,NA,NA,0,2,Hydromatic,Submersible Vertical Centrifugal,25,Manhole,"4' Dia   9'-10"" depth",,At Station Wetwell,North Chickamauga Creek,Manhole 110J043   4907 Meadow Trace Rear,Dupont,MEADOW TRACE PUMP STATION,North Chick Creek 2,,,P:\2009_Projects\09004_Chatt_SA\GIS\North_Chick\Photos_NC\PumpStations\S110J990.jpg,,,,P:\2009_Projects\09004_Chatt_SA\GIS\North_Chick\Photos_NC\PumpStations\Meadow_Trace_Pump_Station_Photos.pdf,,TS,,,,,,,,663.83,,,,9.92,,,,,,,Y,HEAVY,,,DJB,07/08/2009 12:00:00 AM +0000,,SO North Chick,,110J,{9088ED32-602A-42E7-A688-2E08F34C92A4},1,,,GIS_ADMIN,06/06/2016 01:47:02 PM +0000,1,https://drive.google.com/file/d/1SwyGPJBMDxHaMeGUH6tZVkIWZTboIWn5/view?usp=sharing,"https://www.google.com/maps/dir/Current+Location/35.122623,-85.231106",https://drive.google.com/drive/folders/1Rn3V-KFI4A_X7dvvbcZKwrJ82TzgpnFX?usp=sharing
POINT (-85.250210892002 35.089443692827),688,SOCHPS,,4090 N HAWTHORNE STREET,,,Pump Station,1,1,1,05/17/2022 06:37:55 PM +0000,JODONNELL,0,,,ACT,,,,,,,,0,,84,42,,,,,665,,,11/16/2012 12:00:00 AM +0000,"PS Upgrades to Valves and HVAC, did not update elev info except WW rim-Record Drawings (11/16/12)",Pump Station,"37A,37A-1",276100,2192763,4090,N. Hawthorne St.,,,"Custom Built, Control Room, Drywell and Wetwell",1978,Stairs and Elevator,Domestic & Industrial,TAWC,"4""",Yes,EPB,Yes,697-1272,No,3/480,Magnetic,Fischer Porter,103,4,Fairbanks Morse,Horizontal Centrifugal Dry Pit,24000,Dual Wet well,10' x 55' x 22',611.82,Manholes along South Chickamauga Creek,South Chickamauga Creek,"36"" line ends at manhole 127E012 Across from 3611  Amnicola.  42"" line ends manho",Citico PS,SOUTH CHICKAMAUGA PUMP STATION,South Chick Creek 1,,,,,,,,,,,,,,,,,665,,,,,,,,,,,,,1,4,,,,SO South Chick,,128A,{D9BE5150-E42D-46CA-815A-E40FB44C04E9},1,,,,,1,https://drive.google.com/file/d/1NLgcdnt6SATIN1OgSNdKMBFpQqIHUAxc/view?usp=sharing,"https://www.google.com/maps/dir/Current+Location/35.089444,-85.250211",https://drive.google.com/drive/folders/1k1mLBPXBrkiAisF0LHxXjCfCFk15NXJI?usp=sharing
POINT (-85.1820325608 35.133581587046),187,BRPS7,,2223 Rambler Ln.,,,Pump Station,1,1,1,05/17/2022 06:37:55 PM +0000,JODONNELL,0,,SPS111B,ACT,,,,,,SPS111B,,0,,,,,,,,,,,,\\Oceanus\images\TIC\EngineeringDrawings\100800-100899\100861.pdf,Pump Station,73C,292320,2213086,2223,Rambler Ln,BIGRID21,BIGRID21,Prefab Wetwell With Exterior Control Panel,1997,Ground Level,Domestic,TAWC,"1""",Yes,EPB,No,NA,Portable Generator,3/480,NA,NA,0,2,Hydromatic,Submersible Centrifugal,25,Prefab Concrete Manhole,"5' Dia 15'-1"" depth",721,At the Station,Tennessee River,Manhole 44 Contract 73C,Big Ridge No.6,BIG RIDGE PUMP STATION #7,Tennessee River 19,,,,\\Oceanus\images\TIC\EngineeringDrawings\100800-100899\100861.pdf,,,,,,,,,,,,,,,,,,,,,,,,,,,,,,,,,,{659138DC-DD60-47AA-B634-04A5B0150A00},1,,,GIS_ADMIN,06/06/2016 01:47:01 PM +0000,1,https://drive.google.com/file/d/14A_YxDTRqVcqGYcBE9E2UlN1gXv5DA9i/view?usp=sharing,"https://www.google.com/maps/dir/Current+Location/35.1335812559405,-85.1820555414628",https://drive.google.com/drive/folders/1tpKEkJYkKFNDCyT1IBRN7KgaOMdiHO5x?usp=sharing
POINT (-85.252009968967 35.096606549117),238,RP1,,4301 Amnicola Hwy,,,Pump Station,1,1,1,05/17/2022 06:37:55 PM +0000,JODONNELL,0,,SPS118M,ACT,,,,,,SPS118M,,0,,12,12,,,,,,,,,,Pump Station,,,,4301,Amnicola,TENNES81,TENNES81,,,,,,,,,,,,,,,,2,,,,,,,,,,,Riverpark Pump Station #1,Tennessee River 14,,,,,,,,,,,,,,,,,,,,,,,,,,,,,,,,,,,,,,{A8930D37-99E3-4193-B448-B78CCAB6781A},1,,,GIS_ADMIN,06/06/2016 01:47:03 PM +0000,1,https://drive.google.com/file/d/1DCX7jeMnoLZtW1lpPbJQKdUSv8s6fUjU/view?usp=sharing,"https://www.google.com/maps/dir/Current+Location/35.096607,-85.25201",https://drive.google.com/drive/folders/1T5O-sibtlRDM2Ta1t4EoU9FU5YDQgTgs?usp=sharing
POINT (-85.144880130802 35.07392644086),681,ESIP,,7139 DISCOVERY DR,,,Pump Station,1,1,1,05/17/2022 06:37:55 PM +0000,JODONNELL,0,,S130O993,ACT,,,,,,S130O993,,0,,,,,,,,,,,,\\Oceanus\images\TIC\EngineeringDrawings\100300-100399\100360.pdf,Pump Station,County Project 02-505,270869,2224382,7139,DISCOVERY DR,,,Prefab Wetwell With Exterior Control Panel,2004,Ground Level,Industrial,Eastside,"1""",Yes,EPB,Yes,NA,Portable Generator,3/480,Magnetic,Badger,2,2,Flygt,Submersible Vertical Centrifugal,795,Dual Custom Built,10' x 20' x 32',642.64,At Station,Poe Branch,Manhole # 139G035 Silverdale Rd and Bonny Oaks Dr,Friar Branch,ESIP PUMP STATION,Friars Branch 13,,,P:\2009_Projects\09004_Chatt_SA\GIS\Friar_Branch\Photos_FR\PumpStations\S130O993.jpg,,,,P:\2009_Projects\09004_Chatt_SA\GIS\Friar_Branch\Photos_FR\PumpStations\ESIP_Pump_Station_Photos.pdf,,SGGPS,,688.68,,,,,,721.73,,,,33.05,,,,,,,Y,LIGHT,,,CGS,07/09/2009 12:00:00 AM +0000,,SO Friar's Branch,,130O,{F4FE16A9-66AA-4771-BC38-CFDFEC571DD3},1,,,,,1,https://drive.google.com/file/d/1kc_kAmj7VU91Y-V2ew24usdkuSMfC-OZ/view?usp=sharing,"https://www.google.com/maps/dir/Current+Location/35.073926,-85.14488",https://drive.google.com/drive/folders/13S9ETodJvZIxrc6Bt97VMGA1H0doqST3?usp=sharing
POINT (-85.188245183604 35.098618694114),218,MH2,,4959 Bal Harbor Dr,,,Pump Station,1,1,1,05/17/2022 06:37:55 PM +0000,JODONNELL,0,,S120J990,ACT,,,,,,S120J990,,0,,,,,,,,,,,,\\Oceanus\images\TIC\EngineeringDrawings\52100-52199\52173.pdf,Pump Station,46B-2,279574,2211332,4959,Bal Harbor Dr.,MURRAY69,MURRAY69,Prefab Wetwell With Exterior Control Panel,1994,Ground Level,Domestic,TAWC,"1""",Yes,EPB,No,NA,Portable Generator,3/240,NA,NA,0,2,Hydromatic,Vertical Submersible Centrifugal,80,Prefab Concerete Pipe,"6' Dia 10'- 7"" depth",682.66,At Station,Tennessee River,Manhole 120J026  4935 Bal Harbor,Murray Hills No.5,MURRAY HILLS #2,Tennessee River 16,,,P:\2009_Projects\09004_Chatt_SA\GIS\Friar_Branch\Photos_FR\PumpStations\S120J990.jpg,\\Oceanus\images\TIC\EngineeringDrawings\52100-52199\52173.pdf,,,P:\2009_Projects\09004_Chatt_SA\GIS\Friar_Branch\Photos_FR\PumpStations\MurrayHillsNo2_Pump_Station_Photos.pdf,,SGGPS,,682.69,,,,,,693.32,,,,10.63,,,,,,,Y,LIGHT,,,CGS,07/09/2009 12:00:00 AM +0000,,,,120J,{2F3B605F-AF8C-4B06-A334-7742DBED5A3C},1,,,GIS_ADMIN,06/06/2016 01:47:03 PM +0000,1,https://drive.google.com/file/d/1p-ruec2HwZcQQ0TwRYSAvp-CltD5YGGy/view?usp=sharing,"https://www.google.com/maps/dir/Current+Location/35.098619,-85.188245",https://drive.google.com/drive/folders/1lAbI6DAWMqIXMvOfqIHG9Wb5gdueA37q?usp=sharing
POINT (-85.292328180281 35.053136874099),695,CCSO,,929 RIVERSIDE DRIVE,,,Storage Basin,1,1,1,05/17/2022 06:37:55 PM +0000,JODONNELL,0,,,,Combined,,,,,,,,,,6,,,,,,,,,,CSO,,,,929,Riverside Drive,,,,,,,,,,,,,,,,,,,,,,,,,,,,,CITICO CSO,CSO 7,,,,,,,,,,,,,,,,,,,,,,,,,,,,,,,,,,,,,,{48233DC9-FA94-47F5-A7B8-7C7448BF3AFA},1,GIS_ADMIN,06/19/2017 08:11:25 PM +0000,,,3,https://drive.google.com/file/d/14Et1xIZLwLFLEGIFYpPrNZmdexSKfFF7/view?usp=sharing,"https://www.google.com/maps/dir/Current+Location/35.053137,-85.292328",https://drive.google.com/drive/folders/1TJ25yczOHn5X11wv7j5uVgJlUw9-SdGt?usp=sharing
POINT (-85.217309400715 35.009371287055),201,EPS1,,5600 BRAINERD RD & EASTGATE LOOP,,,Pump Station,1,1,1,05/17/2022 06:37:55 PM +0000,JODONNELL,0,,S157N990,ACT,,,,,,S157N990,,0,,,,,,,,,,,,\\Oceanus\images\TIC\EngineeringDrawings\100700-100799\100757.pdf,Pump Station,W-09-008,247043,2202889,5600,Brainerd Rd,EASTGA32,EASTGA32,Prefabricated Underground Tube Station,1963,Ladder,Domestic,NA,NA,NA,EPB,No,NA,No,3/240,NA,NA,1,2,Smith & Loveless,Dry Pit Vertical Centrifugal,200,Prefab Manhole,4' Dia  18' depth,,At The Station,South Chickamauga Creek,Manhole 157M017,Golf Course,EASTGATE PUMP STATION #1,South Chick Creek 10,,,P:\2009_Projects\09004_Chatt_SA\GIS\South_Chick\Photos_SC\Resize\S157N990.jpg,\\Oceanus\images\TIC\EngineeringDrawings\100700-100799\100757.pdf,,,P:\2009_Projects\09004_Chatt_SA\GIS\South_Chick\Photos_SC\Resize\Eastgate_Pump_Station_Photos.pdf,,SGGPS,,,,,,,,673.91,,,,18.5,,,,,,,Y,LIGHT,,,DJB,07/26/2010 12:00:00 AM +0000,,SO South Chick,,157N,{40BFAE3D-603C-435E-B128-60E2BC3EF22F},1,,,GIS_ADMIN,06/06/2016 01:47:02 PM +0000,1,https://drive.google.com/file/d/1PMd7pXBKRPZO0STWy6pbPSErUCiSlJTo/view?usp=sharing,"https://www.google.com/maps/dir/Current+Location/35.009371,-85.217309",https://drive.google.com/drive/folders/1ll5E15UWu4oQWiAESbNqvMw6b3X35KzQ?usp=sharing
POINT (-85.190408833717 35.126716121347),190,BRPS10,,4026 Breakwater Dr,,,Pump Station,1,1,1,05/17/2022 06:37:55 PM +0000,JODONNELL,0,,SPS111G,ACT,,,,,,SPS111G,,0,,,,,,,,,,,,\\Oceanus\images\TIC\EngineeringDrawings\100800-100899\100861.pdf,Pump Station,73C,289795,2210609,4026,Breakwater Dr,BIGRID13,BIGRID13,Prefab Wetwell With Exterior Control Panel,1997,Ground Level,Domestic,TAWC,"1""",Yes,EPB,No,NA,Portable Generator,3/480,NA,NA,0,2,Hydromatic,Submersible Centrifugal,25,Prefab Concrete Manhole,"5' Dia 13'-10"" depth",721,At the Station,Tennessee River,Manhole 447 Contract 73C) Eldridge View Rd,Big Ridge No.5,BIG RIDGE PUMP STATION #10,Tennessee River 18,,,,\\Oceanus\images\TIC\EngineeringDrawings\100800-100899\100861.pdf,,,,,,,,,,,,,,,,,,,,,,,,,,,,,,,,,,{99E8FDC7-9D31-4883-9A03-0C9CA313EA79},1,,,GIS_ADMIN,06/06/2016 01:47:03 PM +0000,1,https://drive.google.com/file/d/1LFKbO4tQqOGSfvKZsuyUCXsyCN1N2aah/view?usp=sharing,"https://www.google.com/maps/dir/Current+Location/35.126716,-85.190409",https://drive.google.com/drive/folders/1WU4l0krugLQ_jrolAzkXr116IGrAJ5AX?usp=sharing
POINT (-85.196650927599 35.121602047234),183,BRPS3,,4727 Privateer Rd,,,Pump Station,1,1,1,05/17/2022 06:37:55 PM +0000,JODONNELL,0,,SPS111I,ACT,,,,,,SPS111I,,0,,,,,,,,,,,,\\Oceanus\images\TIC\EngineeringDrawings\100800-100899\100865.pdf,Pump Station,73A-2,287924,2208749,4727,Privateer Rd,BIGRID18,BIGRID18,Prefab Wetwell With Exterior Control Panel,1995,Ground Level,Domestic,TAWC,"1""",Yes,EPB,No,NA,Portable Generator,3/480,NA,NA,0,2,Hydromatic,Submersible Centrifugal,80,Prefab Wetwell With Exterior,"5' Dia 13'-3"" depth",722.25,At the Station,Tennessee River,Manhole at intersection of Privateer & Lake Forest Dr,Big Ridge No.2,BIG RIDGE PUMP STATION #3,Tennessee River 18,,,,\\Oceanus\images\TIC\EngineeringDrawings\100800-100899\100865.pdf,,,,,,,,,,,,,,,,,,,,,,,,,,,,,,,,,,{91230636-D8DB-43B7-BC55-00B49D6FF4C9},1,,,GIS_ADMIN,06/06/2016 01:47:01 PM +0000,1,https://drive.google.com/file/d/1GRZzoj2HZraMDgYvWDLh4nAQN1b9otkP/view?usp=sharing,"https://www.google.com/maps/dir/Current+Location/35.121602,-85.196651",https://drive.google.com/drive/folders/19kYYekZPH83EsDS4H4LAqZRioT2f-rdd?usp=sharing
POINT (-85.323988536968 35.082312615504),693,PPS,,1151 OLD PINEVILLE RD,,,Pump Station,1,1,1,05/17/2022 06:37:55 PM +0000,JODONNELL,0,,S126J516,ACT,Sewage,,,,,S126J516,,1,,10,,182,,85,662,683.67,,,10/30/2014 12:00:00 AM +0000,"Discharge Line is 4"" which is not a choice on drop down menu",Pump Station,,,,1151,Old Pineville Rd.,,,Prefabricated Underground Tube Station,2014,Ladder,Domestic,TAWC,"5/8""",NA,EPB,No,NA,No,3/240,Mag Meter,NA,0,2,KSB or Barnes,Submersible,250,Manhole,6' Dia 21.67' depth,662,Ditch On Pineville Rd,Stringers Branch,Manhole 126J019   1042 Pineville Rd (Check this),MBWWTP,Pineville PS,Tennessee River 1,,,P:\2009_Projects\09004_Chatt_SA\GIS\Tenn_River\Photos_TNB_MC\Resized\S126J016.jpg,,,,,,SGGPS,,662,,,,,,683.67,,,,,,,,,,,,LIGHT,1,2,SSS,12/08/2010 12:00:00 AM +0000,,SO Tennessee River Part B,,126J,{790A1EB8-1A50-4EC6-BE35-6650A02AC994},1,,,,,1,https://drive.google.com/file/d/1ZAlylnibXC0YBADvYJgDJpJ8HlCRfeQ7/view?usp=sharing,"https://www.google.com/maps/dir/Current+Location/35.0825639236923,-85.323989283322",https://drive.google.com/drive/folders/1LhNJgU34M-B46CX3-e_6FVP1uetoojr1?usp=sharing
POINT (-85.297849525941 35.052474348035),214,MPPS,,100 DOUGLAS STREET,,,Diversion Chamber,1,1,1,05/17/2022 06:37:55 PM +0000,JODONNELL,0,,S136P991,ACT,,,,,,S136P991,,0,,,,,,,,,,,,\\Oceanus\images\TIC\EngineeringDrawings\100800-100899\100856.pdf,Pump Station,CSO-5d-99,262524,2178646,100,Douglas Street,MANKER45,MANKER45,Prefab Wetwell With Exterior Control Panel,2002,Ground Level,Domestic,NA,NA,NA,EPB,No,NA,Portable Generator,1/240,NA,NA,0,2,Barnes,Submersible Vertical Centrifugal,46,Prefab Concrete Manhole,"4' Dia 15'-4"" depth",641.97,At The Station,Tennessee River,Manhole 136P013 off Mabel St at the Manker Patten  Tennis Club,Citico,MANKER PATTEN PUMP STATION,CSO 7,,,,\\Oceanus\images\TIC\EngineeringDrawings\100800-100899\100856.pdf,,,,,SGGPS,,,,,,,,656.88,,,,,,,,,,,Y,LIGHT,,,SSS,07/23/2010 12:00:00 AM +0000,10:13:56,CSS Citico Creek,,136P,{DDCF4A65-FC46-438D-8322-9C3375C1EE0A},1,,,GIS_ADMIN,06/06/2016 01:47:01 PM +0000,1,https://drive.google.com/file/d/1bKFip7sjnXtTiQcaeY1f6tp8g6H2ckI2/view?usp=sharing,"https://www.google.com/maps/dir/Current+Location/35.052474,-85.29785",https://drive.google.com/drive/folders/14hXUNt0PgqKEyP1QT4bkbAVxKeFfahW7?usp=sharing
POINT (-85.287208297435 35.04466575694),1096,ESV,,,,,Other,1,1,1,05/17/2022 06:37:55 PM +0000,JODONNELL,0,,,,,,,,,,,,,,,,,,,,,,,,VALVE STATION,,,,,,,,,,,,,,,,,,,,,,,,,,,,,,,,,,ENGLE STADIUM VALVE,,,,,,,,,,,,,,,,,,,,,,,,,,,,,,,,,,,,,,,{2AB2CA8E-1B69-4C7E-B9B2-EF8269EBEE63},1,GIS_ADMIN,06/21/2017 01:27:33 PM +0000,,,7,https://drive.google.com/file/d/1ytI62OfvYNh0g6H1VROBtFWZ_l5ffRz8/view?usp=sharing,"https://www.google.com/maps/dir/Current+Location/35.0443628567089,-85.287098094202",https://drive.google.com/drive/folders/1bBte3ouDKwVPB6ofD8PdFOgHM30QG-XL?usp=sharing
POINT (-85.186307885662 35.009783865593),680,EBPS,,1 FRAWLEY RD,,,Pump Station,1,1,1,05/17/2022 06:37:55 PM +0000,JODONNELL,0,,S158O990,ACT,,,,,,S158O990,,0,,,,,,,,,,,,"EWX Crews could not see any pipes inside the wetwell, unable to obtain pipe inverts; \\Oceanus\images\TIC\EngineeringDrawings\50600-50699\50677.pdf",Pump Station,50,247224,2212182,1,Frawley Rd,,,"Custom Built, Control Room, Drywell And Wetwell",1978,Manlift,Domestic,TAWC,"3/4""",Yes,EPB,No,NA,No,3/480,Magnetic,Fischer Porter,10,3,Smith & Loveless,Dry Pit Vertical Centrifugal,2250,Custom Built,4' Dia 41' depth,637,Manhole 158O001 upstream of station,South Chickamauga Creek,Manhole 158O004,Friar Branch,East Brainerd PS,South Chick Creek 16,,,P:\2009_Projects\09004_Chatt_SA\GIS\South_Chick\Photos_SC\Resize\S158O990.jpg,,,,P:\2009_Projects\09004_Chatt_SA\GIS\South_Chick\Photos_SC\Resize\East_Brainerd_Pump_Station_Photos.pdf,,SGGPS,,,,,,,,677.54,,,,,,,,,,,Y,LIGHT,,,SSS,07/22/2010 12:00:00 AM +0000,,SO South Chick,,158O,{95FBF2CA-D799-4FBB-AB3D-830975AF0565},1,,,,,1,https://drive.google.com/file/d/1OL9P9NcgC0Y5gcNw7Zdbk8o6OAgN_07G/view?usp=sharing,"https://www.google.com/maps/dir/Current+Location/35.0092963759271,-85.1854858994804",https://drive.google.com/drive/folders/1XWdiEzHek2c2cDXUbxZe57eKVrqjsQps?usp=sharing
POINT (-85.329357182822 35.088758056264),211,KPS,,409 SIGNAL MTN RD,,,Pump Station,1,1,1,05/17/2022 06:37:55 PM +0000,JODONNELL,0,,S126B900,ACT,,,,,,S126B900,,0,,,,,,,,,,,,"Invert unavailable, pipes unreachable.; \\Oceanus\images\TIC\EngineeringDrawings\51300-51399\51329.pdf",Pump Station,31B-1,275708,2169127,409,SIGNAL MTN RD,KOMATS42,KOMATS42,Wetwell Mounted Pumps With Doghouse,1987,Ground Level,Domestic & Industrial,NA,NA,NA,EPB,No,NA,No,3/240,NA,NA,1,2,EBARA,Submersible Vertical Centrifugal,275,Manhole,"6'-6"" Dia  18' depth  invert elev 65",655.67,Manhole 126B009 On Runyan Dr,Stringers Branch,Manhole 117O032   536 Runyan Dr,MBWWTP,KOMATSU PUMP STATION,Mountain Creek 1,,,P:\2009_Projects\09004_Chatt_SA\GIS\Tenn_River\Photos_TNB_MC\Resized\S126B900.jpg,\\Oceanus\images\TIC\EngineeringDrawings\51300-51399\51329.pdf,,,,,SGGPS,,,,,,,,674.37,,,,18.18,,,,,,,,LIGHT,,,SSS,12/08/2010 12:00:00 AM +0000,,SO Mountain Creek,,126B,{C4A7617E-E843-47D3-94A9-9A24AFDD1E14},1,,,GIS_ADMIN,06/06/2016 01:47:03 PM +0000,1,https://drive.google.com/file/d/161X8VwOfKOwYF3HFjp4X7K5FKh0fwpFx/view?usp=sharing,"https://www.google.com/maps/dir/Current+Location/35.0888116119013,-85.329120951501",https://drive.google.com/drive/folders/1Ul24XxR_CjxwgcvyVNHSmorsCYEZ5D3N?usp=sharing
POINT (-85.193273981958 35.099625465998),219,MH3,,4924 Bal Harbor Dr.,,,Pump Station,1,1,1,05/17/2022 06:37:55 PM +0000,JODONNELL,0,,S120I990,ACT,,,,,,S120I990,,0,,,,,,,,,,,,\\Oceanus\images\TIC\EngineeringDrawings\52100-52199\52173.pdf,Pump Station,46B-2,279934,2209843,4924,Bal Harbor Dr.,MURRAY71,MURRAY71,Prefab Wetwell With Exterior Control Panel,1994,Ground Level,Domestic,TAWC,"1""",Yes,EPB,No,NA,Portable Generator,3/480,NA,NA,0,2,Hydromatic,Vertical Submersible Centrifugal,150,Prefab Concerete Pipe,"6' Dia  14'- 8"" depth",687.16,At Station,Tennessee River,Manhole 120O069 4903 Kings Rd,Murray Hills No. 5,MURRAY HILLS #3,Tennessee River 15,,,P:\2009_Projects\09004_Chatt_SA\GIS\Friar_Branch\Photos_FR\PumpStations\S120I990.jpg,\\Oceanus\images\TIC\EngineeringDrawings\52100-52199\52173.pdf,,,P:\2009_Projects\09004_Chatt_SA\GIS\Friar_Branch\Photos_FR\PumpStations\MurrayHillsNo3_Pump_Station_Photos.pdf,,SGGPS,,,,,,,,702.4,,,,,,,,,,,Y,LIGHT,,,CGS,07/09/2009 12:00:00 AM +0000,,SO Friar's Branch,,120I,{8BC3C541-EBDD-421F-80AA-1B3EB10B4C49},1,,,GIS_ADMIN,06/06/2016 01:47:03 PM +0000,1,https://drive.google.com/file/d/1baYiBwbhx00y1l5sNgDeckZFyz6mLDfH/view?usp=sharing,"https://www.google.com/maps/dir/Current+Location/35.099625,-85.193274",https://drive.google.com/drive/folders/1oYW0KSqgJvd-p5AXPYFGzxeRS3VFibqe?usp=sharing
POINT (-85.21220973238 35.108112572958),193,BRPS13,,4110 Lake Resort Terrace,,,Pump Station,1,1,1,05/17/2022 06:37:55 PM +0000,JODONNELL,0,,SPS119E,ACT,,,,,,SPS119E,,0,,,,,,,,,,,,\\Oceanus\images\TIC\EngineeringDrawings\100800-100899\100863.pdf,Pump Station,73D,282985,2204095,4110,Lake Resort Terrace,BIGRID16,BIGRID16,Prefab Wetwell With Exterior Control Panel,1999,Ground Level,Domestic,TAWC,"1""",Yes,EPB,No,NA,Portable Generator,3/480,NA,NA,1,2,Hydromatic,Submersible Centrifugal,400,Prefab Concrete Manhole,"6'-6"" Dia 22'-6"" depth",683,At the Station,Tennessee River,Manhole 39B Contract 73D at Queen Aire Ln,Big Ridge No.12,BIG RIDGE PUMP STATION #13,Tennessee River 17,,,,\\Oceanus\images\TIC\EngineeringDrawings\100800-100899\100863.pdf,,,,,,,,,,,,,,,,,,,,,,,,,,,,,,,,,,{B2245218-74E8-4B7D-B58D-47F4BE9FD859},1,,,GIS_ADMIN,06/06/2016 01:47:03 PM +0000,1,https://drive.google.com/file/d/1neu2NeUcCir_RI9Ohv6KW7j0FgCEEXxb/view?usp=sharing,"https://www.google.com/maps/dir/Current+Location/35.108113,-85.21221",https://drive.google.com/drive/folders/1ZDs3-5vqcy-5Li04ti8dCGSiWNGfRsY2?usp=sharing
POINT (-85.197001117672 35.124911582359),185,BRPS5,,4800 Woodland Circle,,,Pump Station,1,1,1,05/17/2022 06:37:55 PM +0000,JODONNELL,0,,SPS111I,ACT,,,,,,SPS111I,,0,,,,,,,,,,,,\\Oceanus\images\TIC\EngineeringDrawings\100800-100899\100865.pdf,Pump Station,73A-2,289129,2208637,4800,Woodland Circle,BIGRID19,BIGRID19,Prefab Wetwell With Exterior Control Panel,1995,Ground Level,Domestic,TAWC,"1""",Yes,EPB,No,NA,Portable Generator,3/480,Magnetic,Badger,2,2,Hydromatic,Submersible Centrifugal,550,Prefab Wetwell With Exterior,8' Dia 28' depth,679,At the Station,Tennessee River,manhole at intersection of Gann Store & Ridgecrest,Big Ridge No.2,BIG RIDGE PUMP STATION #5,Tennessee River 18,,,,\\Oceanus\images\TIC\EngineeringDrawings\100800-100899\100865.pdf,,,,,,,,,,,,,,,,,,,,,,,,,,,,,,,,,,{3A620772-C1FC-4C35-9282-3F2541739AA9},1,,,GIS_ADMIN,06/06/2016 01:47:01 PM +0000,1,https://drive.google.com/file/d/1i_njOPExQ5Luw2hlNrzAMrfwb1-RZWwU/view?usp=sharing,"https://www.google.com/maps/dir/Current+Location/35.124912,-85.197001",https://drive.google.com/drive/folders/10quRrFYbPkQ_L26wDVqJ2ewiQnz5rKIU?usp=sharing
POINT (-85.195779332703 35.032535180877),244,AIRPS2,,1001 Airport Rd,,,Pump Station,1,1,1,05/17/2022 06:37:55 PM +0000,JODONNELL,0,,SPS148I,ACT,,,,,,SPS148I,,0,,12,12,,,,,,,,,\\Oceanus\images\TIC\EngineeringDrawings\100700-100799\100772.pdf,Pump Station,W-08-010,,,1001,AIRPORT ROAD,AIRPOR5,AIRPOR5,,,,,,,,,,,,,,,,2,,,800,,,,,,,,AIRPORT PUMP STATION #1,South Chick Creek 14,,,,\\Oceanus\images\TIC\EngineeringDrawings\100700-100799\100772.pdf,,,,,,,,,,,,,,,,,,,,,,,,,,,,,,,,,,{256F867B-5D8F-4E3B-881C-6EEDB5A8C66F},1,,,GIS_ADMIN,06/06/2016 01:47:02 PM +0000,1,https://drive.google.com/file/d/11F7vPDo7cLJdlrU_C7gl9LSDRE4X89Pq/view?usp=sharing,"https://www.google.com/maps/dir/Current+Location/35.032535,-85.195779",https://drive.google.com/drive/folders/11exuI3QoTq-aWY-XyGblDoBcAfUxp93O?usp=sharing
POINT (-85.310101628329 35.010205323788),250,APPS,,3390 HUGHES AVE,,,Pump Station,1,1,1,05/17/2022 06:37:55 PM +0000,JODONNELL,0,,S155M990,ACT,,,,,,S155M990,,0,,,,,,,,,,,,"Verified no 4"" pipe coming in from the south into PS or into MH S155M037; \\Oceanus\images\TIC\EngineeringDrawings\100600-100699\100650.pdf",Pump Station,mf # 100650,247107,2175147,3390,HUGHES AVE,ALTONP7,ALTONP7,Prefabricated Underground Tube Station,1972,Ladder,Domestic,NA,NA,NA,EPB,No,NA,No,3/240,NA,NA,0,2,Smith & Loveless 4B2A,Drypit Vertical Centrifugal,265,Manhole,"4' Dia 10'-11"" depth",641.87,Manhole 155M033 off  3508 Central Ave,Chattanooga Creek,Manhole 155N033 Near 3536 Hughes Ave,23RD ST,ALTON PARK PUMP STATION,Chattanooga Creek 2,,,P:\2009_Projects\09004_Chatt_SA\GIS\Chatt_Creek\Photos_CC_TN1\Resized\S155M990.jpg,\\Oceanus\images\TIC\EngineeringDrawings\100600-100699\100650.pdf,,,P:\2009_Projects\09004_Chatt_SA\GIS\Chatt_Creek\Photos_CC_TN1\Resized\Alton_Park_Pump_Station_Photos.pdf,,SGGPS,,,,,,,,661.68,,,,,,,,,,,Y,LIGHT,1,1,MJQ,06/29/2010 12:00:00 AM +0000,,SO Chattanooga Creek,,155M,{C40C50B3-6046-4C49-AE3B-E19507226A52},1,,,GIS_ADMIN,06/06/2016 01:47:02 PM +0000,1,https://drive.google.com/file/d/1teNErOa36iaRF4mUs3oFN71iqoew3mtt/view?usp=sharing,"https://www.google.com/maps/dir/Current+Location/35.010205,-85.310102",https://drive.google.com/drive/folders/1ASIg-XR0KK6Ch-0mpXMo3Tp7fOudaSiV?usp=sharing
POINT (-85.30587484485 35.026795166736),173,23STPS,,257 E 25TH ST,,,Lift Station,1,1,1,05/17/2022 06:37:55 PM +0000,JODONNELL,0,,SLS155D900,ACT,,,,,,SLS155D900,,0,,,,,,,,,,,,\\Oceanus\images\TIC\EngineeringDrawings\50800-50899\50801.pdf,Lift Station,134B,253165,2176331,257,E 25TH STREET,23RDST2,23RDST2,"Custom Built, Control Room, Drywell and Wetwell",1955,Stairs and Elevator,"Domestic, Industrial & Combined",TAWC,"2""",Yes,EPB,Yes,757-4944,No,3/480,Magnetic,Fisher Porter,78,4,ITT Fluid technology Corp,Horizontal Centrifugal Dry Pit,18000,Custom Built,8' x 43' x18',614,Central Avenue CSO,Chattanooga Creek,NA,MBWWTP,23RD STREET PUMP STATION,CSO 5,,,,\\Oceanus\images\TIC\EngineeringDrawings\50800-50899\50801.pdf,,,,,,,,,,,,,,,,,,,,,,,,,,,,,,,,,,{C9D6B966-5069-4AA5-B2F7-268C2BE23D30},1,,,GIS_ADMIN,06/06/2016 01:47:03 PM +0000,2,https://drive.google.com/file/d/1Ny_e45bzQaM0as6kqpQcnZgLWAQN5ldD/view?usp=sharing,"https://www.google.com/maps/dir/Current+Location/35.0264545397065,-85.305875",https://drive.google.com/drive/folders/17bd3Fq3W4EjSbVZxO9GlW5jKlLVIHT3n?usp=sharing
POINT (-85.350223642859 35.060844177938),229,TPS5,,1335 O'GRADY DR,,,Pump Station,1,1,1,05/17/2022 06:37:55 PM +0000,JODONNELL,0,,S134E003,ACT,,,,,,S134E003,,0,,,,,,,,,,,,,Pump Station,64C,265495,2162921,1335,O'GRADY DR,TPS5,,Wetwell Mounted Pumps & Exterior Control Panel,1994,Ground Level,Domestic,TAWC,"5/8""",Yes,EPB,No,NA,Portable Generator,3/480,NA,NA,1,2,Fairbanks Morris,Submersible Centrifugal,200,Precast,"6' Dia  16'-8"" depth",,Station Wetwell,Tennessee River,Manhole 134L022 in the rear of 3314 Oak Burr Dr,Tiftonia No.4,TIFTONIA PUMP STATION #5,Lookout Creek 1,,,P:\2009_Projects\09004_Chatt_SA\GIS\Lookout_Creek\Photos_LC\Resized\S134E003.jpg,,,,,,SGGPS,,,,,,,,694.1,,,,16.7,,,,,,,,Light,,,,12/09/2010 12:00:00 AM +0000,,SO Lookout Creek,,134E,{27796613-3367-486B-A156-57B285549CCD},1,,,GIS_ADMIN,06/06/2016 02:08:46 PM +0000,1,https://drive.google.com/file/d/1Il8bmfwCjS6Hsr3616S7uRUv5cXQ7oAX/view?usp=sharing,"https://www.google.com/maps/dir/Current+Location/35.060844,-85.350224",https://drive.google.com/drive/folders/1-k40ul5rH7xZh0B63IkgPbgg4UTh5TDk?usp=sharing
POINT (-85.157388655029 35.001946254561),690,DAVPPS,,1075 Dodie Dr off Davidson Rd,,,Pump Station,1,1,1,05/17/2022 06:37:55 PM +0000,JODONNELL,0,,S171A078,ACT,,,,,,S171A078,,0,,12,12,,,,,,,,,,Pump Station,,244485.6,2220878.9,1075,Dodie Dr,,,,,,,,,,,,,,,,,,2,,,450,,,,,,,,Davidson Place,South Chick Creek 19,,,,,,,,,,,,,,,,,,,,,,,,,,,,,,,,,,,,,171A,{5AEA26FD-DF72-41B8-BC3F-0166C86ACFEA},1,,,,,1,https://drive.google.com/file/d/129TrqFw6LK_ObFFjmLxnVlI3jPSWF1As/view?usp=sharing,"https://www.google.com/maps/dir/Current+Location/35.0013728324953,-85.1574458618527",https://drive.google.com/drive/folders/1xCZN55IB1nqqkhzgLa5vxvOZmN7uJIOt?usp=sharing
POINT (-85.291664861457 35.053158978323),2294,CPS2,,929 RIVERSIDE DR,0,,Pump Station,1,1,1,08/02/2023 02:31:32 PM +0000,BFORD,0,,S136P990,,,,,,,,0,0,,,,0,,,,,,,,"32.17, this pump station is an assumed structure inside the Citico Creek CSO data, no invert info available",Pump Station,,262844,2180446,,Riverside Dr,,,,,Stairs and Elevator,,,"4""",,,,,,,,,,4,"2&3 G E motors, 1&4 Siemens motors",Horizontal Centrifugal Dry Pit,27500,,,,,,,,CITICO PUMP STATION,CSO 7,,,,,,,,,SGGPS,0,,,,,0,,,,,,,,,,,,,Y,LIGHT,0,,,,,SO Citico Creek / Dobbs Branch,,136P,{E49D6249-EBEA-4573-90DE-1A835435F8A9},1,BFORD,09/23/2019 03:28:42 PM +0000,,,1,https://drive.google.com/file/d/1kbQ8WnYe_xP0zZHlEHeNfMtIicS0CkIz/view?usp=sharing,"https://www.google.com/maps/dir/Current+Location/35.053159,-85.291665",https://drive.google.com/drive/folders/1HnqKbpZvZxCO-A0d3LEmHlLX6MsKRcwd?usp=sharing
POINT (-85.226793036492 35.122158255296),179,ACLS,,2543 ARBOR CREEK WAY,,,Pump Station,1,1,1,05/17/2022 06:37:55 PM +0000,JODONNELL,0,,S110K990,ACT,,,,,,S110K990,,0,,,,,,,,,,,,Depth is 10.88',Pump Station,,288194,2199772,2543,Arbor Creek Way,ARBORC8,ARBORC8,Wetwell Mounted Pumps With Doghouse,1989,Ground Level,Domestic,NA,NA,NA,EPB,No,NA,No,1/240,NA,NA,0,2,Hydromatic,Suction Lift Self Priming,150,Manhole,"4' Dia 10'-6"" depth",,At Station Wetwell,North Chickamauga Creek,Manhole 110J027 Arbor Creek Way & Sunset Strip,Dupont,ARBOR CREEK PUMP STATION,North Chick Creek 2,,,P:\2009_Projects\09004_Chatt_SA\GIS\North_Chick\Photos_NC\PumpStations\S110K990.jpg,,,,P:\2009_Projects\09004_Chatt_SA\GIS\North_Chick\Photos_NC\PumpStations\Arbor_Creek_Pump_Station_Photos.pdf,,SGGPS,,,,,,,,662.66,,,,10.88,,,,,,,Y,MEDIUM,,,DJB,07/08/2009 12:00:00 AM +0000,,SO North Chick,,110K,{6161DA6A-FB6E-4CF9-AF82-731F7CF64BE0},1,,,GIS_ADMIN,06/06/2016 01:47:03 PM +0000,1,https://drive.google.com/file/d/143pLhykY1gkXUeblU_1J8l_c7isM5TMi/view?usp=sharing,"https://www.google.com/maps/dir/Current+Location/35.122158,-85.226793",https://drive.google.com/drive/folders/1SyquQoGnSKKGJzV0LluhA_uro1QZKN7j?usp=sharing
POINT (-85.308273096847 35.00330579754),203,FSPS,,3816 Fagan St,,,Pump Station,1,1,1,05/17/2022 06:37:55 PM +0000,JODONNELL,0,,S167D990,ACT,,,,,,S167D990,,0,,,,,,,,,,,,\\Oceanus\images\TIC\EngineeringDrawings\100400-100499\100417.pdf,Pump Station,194522,244591,2175680,3816,Fagan St,FAGANS34,FAGANS34,Wetwell Mounted Pumps With Doghouse,1979,Ground Level,Domestic,NA,NA,NA,EPB,No,NA,No,3/240,NA,NA,0,2,KSB,Submersible Vertical Centrifugal,50,Manhole,4' Dia 13' depth,,Manhole Beside Fence At Station,Chattanooga Creek,NA,Alton Park,FAGAN STREET PUMP STATION,Chattanooga Creek 2,,,P:\2009_Projects\09004_Chatt_SA\GIS\Chatt_Creek\Photos_CC_TN1\Resized\S167D990.jpg,\\Oceanus\images\TIC\EngineeringDrawings\100400-100499\100417.pdf,,,P:\2009_Projects\09004_Chatt_SA\GIS\Chatt_Creek\Photos_CC_TN1\Resized\Fagan_St_Pump_Station_Photos.pdf,,TS,,637.19,,,,,,650.01,,,,12.82,,,,,,,Y,LIGHT,1,1,SSS,07/23/2010 12:00:00 AM +0000,,SO Chattanooga Creek,,167D,{5E6FB847-D2DF-4027-AFED-228E29692B00},1,,,GIS_ADMIN,06/06/2016 01:47:03 PM +0000,1,https://drive.google.com/file/d/1KfjPoq_HN3iIKuK44z4ljvHUbt0l2o9l/view?usp=sharing,"https://www.google.com/maps/dir/Current+Location/35.003306,-85.308273",https://drive.google.com/drive/folders/1kLHPAylV7kGqMuxuon6yvihduGbmd3jJ?usp=sharing
POINT (-85.325824237846 35.039084173328),675,19STPS,,1032 W 19TH ST,,,Lift Station,1,1,1,05/17/2022 06:37:55 PM +0000,JODONNELL,0,,S145G990,ACT,,,,,,S145G990,,0,,,,,,,,,,,,"EWX field crews unable to measure depth or any pipe inverts, too deep; \\Oceanus\images\TIC\EngineeringDrawings\100800-100899\100852.pdf",Lift Station,"29, 29A",257595,2170327,1032,W. 19th ST,,,"Custom Built, Control Room, Drywell and Wetwell",1966,Stairs,"Domestic, Industrial & Combned",TAWC,"2""",Yes,EPB,Yes,757-4948,No,3/480,Magnetic,ABB,20,3,Fairbanks Morse,Vertical Centrifugal Dry Pit,7000,Custom Built,"7' x 33' x 16'-1""",614.57,Regulator,Tennessee River,NA,MBWWTP,19th St. PUMP STATION,CSO 4,,,,,,,,,SGGPS,,,,,,,,664.26,,,,,,,,,,,Y,LIGHT,,,SSS,07/23/2010 12:00:00 AM +0000,,CSS ROMLNICA,,145G,{46DF6416-F489-45A6-B516-8D4E831772B8},1,,,,,2,https://drive.google.com/file/d/13ImQ9OLKvoTOc1rhIXW0zOTENNI-B6lv/view?usp=sharing,"https://www.google.com/maps/dir/Current+Location/35.039084,-85.325824",https://drive.google.com/drive/folders/1a0p94emuMIp_DXNIvbUYFbvwhrWBJCaU?usp=sharing
POINT (-85.18874242712 35.136217480923),186,BRPS6,,1908 Wisteria Dr,,,Pump Station,1,1,1,05/17/2022 06:37:55 PM +0000,JODONNELL,0,,SPS111B,ACT,,,,,,SPS111B,,0,,,,,,,,,,,,,Pump Station,73B-1,293263,2211073,1908,Wisteria Dr.,BIGRID20,BIGRID20,Prefab Wetwell With Exterior Control Panel,1996,Ground Level,Domestic,TAWC,"1""",Yes,EPB,No,NA,Onsite Generator,3/480,Magnetic,Badger,2,2,Hydormatic,Submersible Centrifugal,550,Prefab Concrete Manhole,8' x 13' Oval  depth 25',,At the Station,Tennessee River,manhole at Hamill Rd #451 Contract 73B-1,Big Ridge No.5,BIG RIDGE PUMP STATION #6,Tennessee River 18,,,,,,,,,,,,,,,,,,,,,,,,,,,,,,,,,,,,,,{CA5DE0C5-D42A-4F6D-9771-78535C31AB8F},1,,,GIS_ADMIN,06/06/2016 01:47:03 PM +0000,1,https://drive.google.com/file/d/162IpQyL4pTVJdONLl-y353NA8-d7Dc3D/view?usp=sharing,"https://www.google.com/maps/dir/Current+Location/35.1372853099353,-85.1887635557041",https://drive.google.com/drive/folders/1ZJeIbbTI6oiR-b4EhCnu-8YR7Ofu2ANm?usp=sharing
POINT (-85.229886271359 35.130091625865),208,HPS1,,4677 Adams Rd,,,Pump Station,1,1,1,05/17/2022 06:37:55 PM +0000,JODONNELL,0,,S110G990,ACT,,,,,,S110G990,,0,,,,,,,,,,,,"Depth is 25.11', HAS 23 INCH WT LID THAT NEEDS INSIDE LID AND LOCK, Unable to see any\\Oceanus\images\TIC\EngineeringDrawings\100800-100899\100853.pdf",Pump Station,61A,290898,2198795,4677,Adams Rd,HIXSON39,HIXSON39,"Ground Level Control Room, Underground Tube Station",1980,Stairs / Manlift,Domestic,Hixson Utility,"3/4""",Yes,EPB,No,870-0639,No,3/480,Magnetic,Fischer Porter,30,3,Smith & Loveless,Vertical Centrifugal,7000,Manhole,"4' Dia 23'-2"" depth",630.17,Manhole 50' north of station in wooded area,North Chickamauga Creek,Manhole 110G011  2028 Crescent Club,Dupont,HIXSON #1 PUMP STATION,North Chick Creek 2,,,P:\2009_Projects\09004_Chatt_SA\GIS\North_Chick\Photos_NC\PumpStations\S110G990.jpg,\\Oceanus\images\TIC\EngineeringDrawings\100800-100899\100853.pdf,,,P:\2009_Projects\09004_Chatt_SA\GIS\North_Chick\Photos_NC\PumpStations\Hixson_No_1_Pump_Station_Photos.pdf,,SGGPS,,,,,,,,654.55,,,,25.11,,,,,,,Y,LIGHT,,,DJB,07/08/2009 12:00:00 AM +0000,,SO North Chick,,110G,{09095D9C-29BB-44C9-BF01-C58B009E00D7},1,,,GIS_ADMIN,06/06/2016 01:47:03 PM +0000,1,https://drive.google.com/file/d/1nVdjEunTsNGB_W3PbR4UbYFwS73GghHg/view?usp=sharing,"https://www.google.com/maps/dir/Current+Location/35.130092,-85.229886",https://drive.google.com/drive/folders/1UMeQeUbHy8esmrKdPlcH0bFViLKPKuCC?usp=sharing
POINT (-85.31287647825 35.026084092288),174,26STPS,,"2601 Carr St
2600 Carr St",,,Pump Station,1,1,1,05/17/2022 06:37:55 PM +0000,JODONNELL,0,,S155C990,ACT,,,,,,S155C990,,0,,,,,,,,,,,,\\Oceanus\images\TIC\EngineeringDrawings\25100-25199\25126.pdf,Pump Station,2757,252885,2174232,2601,Carr St,26THST3,26THST3,Wetwell Mounted Pumps With Doghouse,1979,Ground Level,Domestic,NA,NA,NA,EPB,No,NA,No,3/240,NA,NA,0,2,Hydromatic,Submersible Vertical Centrifugal,25,Prefab Concrete Manhole,"4' Dia 12'-1"" depth",644.12,At Station,Chattanooga Creek,Manhole 155C026 at Long and 26th St,19TH ST,26TH STREET PUMP STATION,CSO 4,,,,\\Oceanus\images\TIC\EngineeringDrawings\25100-25199\25126.pdf,,,,,SGGPS,,,,,,,,656.74,,,,12.92,,,,,,,Y,LIGHT,2,1,SSS,07/23/2010 12:00:00 AM +0000,,CSS WICETR,,155C,{C34C779A-433D-4CD3-83D1-AFE2766B4642},1,,,GIS_ADMIN,06/06/2016 01:47:03 PM +0000,1,https://drive.google.com/file/d/14ajJ9PXOkNVY9phy0kRYQfcHPpV00Ifu/view?usp=sharing,"https://www.google.com/maps/dir/Current+Location/35.026084,-85.312876",https://drive.google.com/drive/folders/1GOI1AqjGAxQqbaAaY8-RHQgatRsek0da?usp=sharing
POINT (-85.203343029398 35.008480885936),691,EPS2,,490 GREENWAY VIEW DR,,,Pump Station,1,1,1,05/17/2022 06:37:55 PM +0000,JODONNELL,0,,S158P603,ACT,,,,,,S158P603,,0,,12,12,,,,,,,,,"Pump station not shown on existing City Inventory, most likely new; \\Oceanus\images\TIC\EngineeringDrawings\100800-100899\100849.pdf",Pump Station,W-05-003,246579.87,2207099.35,490,GREENWAY VIEW DR,,,,,,,,,,,,,,,,,,2,,,500,,,,,,,,EASTGATE PUMP STATION #2,South Chick Creek 5,,,P:\2009_Projects\09004_Chatt_SA\GIS\South_Chick\Photos_SC\Resize\S158P603.jpg,,,,,,SGGPS,,,,,,,,676.9,,,,,,,,,,,Y,LIGHT,,,WDB,11/05/2009 12:00:00 AM +0000,,SO South Chick,,158P,{1EF33FC5-8B4D-42D4-82BF-64B9AED2F179},1,,,,,1,https://drive.google.com/file/d/1gX1d-3L-ChChke4_81i4-ij8l6wokr0r/view?usp=sharing,"https://www.google.com/maps/dir/Current+Location/35.0070351916644,-85.2064375528763",https://drive.google.com/drive/folders/1dicp0fLPYOzVKElfo9H1j6W6s3pW5nvD?usp=sharing
POINT (-85.274563978911 35.052143243778),686,OKPS,,1108 N HOLTZCLAW,,,Lift Station,1,1,1,05/17/2022 06:37:55 PM +0000,JODONNELL,0,,S136N990,ACT,,,,,,S136N990,,0,,,,,,,,,,,,"30.05 Depth, invert info could not be collected by field crew, unable to get to pipe",Lift Station,1,262503,2185658,1108,N Holtzclaw Ave,,,"Custom Built, Control Room, Drywell and Wetwell",1976,Stairs,Domestic & Industrial,TAWC,"1""",Yes,EPB,No,697-9712,No,3/480,Magnetic,Brooks,67,3,Allis - Chalmers,Vertical Centrifugal Dry Pit,5200,Open Basin,32' x 16' x 22',620,First Manhole rear of pump station,Citico Creek,NA,Citico,Orchard Knob PS,Citico Creek 1,,,P:\2009_Projects\09004_Chatt_SA\GIS\Citico_Creek\Photos_CI\Resized\S136N990.jpg,,,,P:\2009_Projects\09004_Chatt_SA\GIS\Citico_Creek\Photos_CI\Resized\Orchard_Knob_WW_Pump_Station_Photos.pdf,,SGGPS,,,,,,,,659.224,,,,,,,,,,,Y,LIGHT,,,SSS,07/23/2010 12:00:00 AM +0000,,SO Citico Creek / Dobbs Branch,,136N,{B2B0BC9E-8A9D-4DBB-A7AD-07D44AEFF8F7},1,,,,,2,https://drive.google.com/file/d/1WtWd5sTF3LFgP-aj85kcVPqrKi_O3Mni/view?usp=sharing,"https://www.google.com/maps/dir/Current+Location/35.052143,-85.274564",https://drive.google.com/drive/folders/1AGlSutwbUfxCtD6jPMi6gdv8PEOhcK0J?usp=sharing
POINT (-85.349932102348 35.044517438052),225,TPS1,,808 Browns Ferry Rd,,,Pump Station,1,1,1,05/17/2022 06:37:55 PM +0000,JODONNELL,0,,S144D900,ACT,,,,,,S144D900,,0,,,,,,,,,,,,\\Oceanus\images\TIC\EngineeringDrawings\100800-100899\100851.pdf,Pump Station,62A,259543,2163083,808,Browns Ferry Rd,TPS1,,Prefab underground control & pump room with attached wetwell,1984,Manlift,Domestic & Industrial,TAWC,"1""",Yes,EPB,No,NA,Portable Generator,3/480,NA,NA,9,2,Louis Allis,Dry Pit Centrifugal vertical,3030,Attached with manhole,"4' Dia 44'-6"" depth",612.2,Manhole  across water from station at 3240 Waterfront Dr,Tennessee River,MBWWTP,MBWWTP,TIFTONIA PUMP STATION #1,Lookout Creek 1,,,P:\2009_Projects\09004_Chatt_SA\GIS\Lookout_Creek\Photos_LC\Resized\S144D900.jpg,\\Oceanus\images\TIC\EngineeringDrawings\100800-100899\100851.pdf,,,,,SGGPS,,,,,,,,657.84,,,,45.15,,,,,,,,,,,DJB,12/09/2010 12:00:00 AM +0000,,SO Lookout Creek,,144D,{C356D41F-4EAA-4A29-AF16-8C2E0EB4AD47},1,,,GIS_ADMIN,06/06/2016 02:08:13 PM +0000,1,https://drive.google.com/file/d/19jH4hKbZdscpGGvdGxi1jryb_v81qEi4/view?usp=sharing,"https://www.google.com/maps/dir/Current+Location/35.044517,-85.349932",https://drive.google.com/drive/folders/1OJpOBSwYS4wtYcIuFXdhob1I5G2iZrGj?usp=sharing
POINT (-85.216339384588 35.111325511513),191,BRPS11,,5600 Lake Resort Terrace,,,Pump Station,1,1,1,05/17/2022 06:37:55 PM +0000,JODONNELL,0,,SPS119C,ACT,,,,,,SPS119C,,0,,,,,,,,,,,,\\Oceanus\images\TIC\EngineeringDrawings\100800-100899\100863.pdf,Pump Station,73D,284116,2202860,5600,Lake Resort Terrace,BIGRID14,BIGRID14,Prefab Wetwell With Exterior Control Panel,1999,Ground Level,Domestic,TAWC,"1""",Yes,EPB,No,NA,Portable Generator,3/480,NA,NA,0,2,Hydromatic,Submersible Centrifugal,150,Prefab Concrete Manhole,"6'-6"" Dia 13'-4"" depth",682.2,At the Station,Tennessee River,Big Ridge No.13,Big Ridge No.13,BIG RIDGE PUMP STATION #11,Tennessee River 17,,,,\\Oceanus\images\TIC\EngineeringDrawings\100800-100899\100863.pdf,,,,,,,,,,,,,,,,,,,,,,,,,,,,,,,,,,{E5C06A76-3840-4E67-B305-99F07329DF6A},1,,,GIS_ADMIN,06/06/2016 01:47:03 PM +0000,1,https://drive.google.com/file/d/1snUn7s7I_oKq5SD0kxLcRJ0o5ozDEESi/view?usp=sharing,"https://www.google.com/maps/dir/Current+Location/35.111326,-85.216339",https://drive.google.com/drive/folders/1Vrc34LgrKHD2VvH8k6COexsasyjkx02R?usp=sharing
POINT (-85.189325891659 35.129476678774),189,BRPS9,,6402 Lake Shadows Circle,,,Pump Station,1,1,1,05/17/2022 06:37:55 PM +0000,JODONNELL,0,,SPS111G,ACT,,,,,,SPS111G,,0,,,,,,,,,,,,\\Oceanus\images\TIC\EngineeringDrawings\100800-100899\100861.pdf,Pump Station,73C,290803,2210925,6402,Lake Shadows Circle,BIGRID23,BIGRID23,Prefab Wetwell With Exterior Control Panel,1997,Ground Level,Domestic,TAWC,"1""",Yes,EPB,No,NA,Portable Generator,3/480,NA,NA,0,2,Hydromatic,Submersible Centrifugal,25,Prefab Concrete Manhole,"5' Dia 13'-10"" depth",770.5,At the Station,Tennessee River,manhole 13 Contract 73C,Big Ridge No.5,BIG RIDGE PUMP STATION #9,Tennessee River 18,,,,\\Oceanus\images\TIC\EngineeringDrawings\100800-100899\100861.pdf,,,,,,,,,,,,,,,,,,,,,,,,,,,,,,,,,,{64C36265-8FD3-4FDE-933E-7530BC99D086},1,,,GIS_ADMIN,06/06/2016 01:47:01 PM +0000,1,https://drive.google.com/file/d/1SsaR-aRKW4GW7GaasmXUTbBMimuKcUc2/view?usp=sharing,"https://www.google.com/maps/dir/Current+Location/35.129477,-85.189326",https://drive.google.com/drive/folders/1QmdUjZofD2dsdBAMPKFUux9ixN4cym7c?usp=sharing
POINT (-85.084514217961 35.05924175252),692,SLS1,,,,,Pump Station,1,1,1,05/17/2022 06:37:55 PM +0000,JODONNELL,0,,,ACT,,,,,,,,0,,12,12,,,,,,,,,\\Oceanus\images\TIC\EngineeringDrawings\100800-100899\100848.pdf,Pump Station,,,,0,,,,,,,,,,,,,,,,,,,,,,,,,,,,,,SUMMIT LANDFILL STATION #1,Friars Branch 13,,,,,,,,,,,,,,,,,,,,,,,,,,,,,,,,,,,,,,{857A157A-E036-4573-AAD1-E903AD905C0F},1,,,,,1,https://drive.google.com/file/d/161oy53vsGmLbt-H4Za34HTIHwsA_Az_8/view?usp=sharing,"https://www.google.com/maps/dir/Current+Location/35.059242,-85.084514",https://drive.google.com/drive/folders/1gKrYdlwaKh5kv7unRePaGMqG_Ch7Qs7U?usp=sharing
POINT (-85.233836102655 35.143863929996),209,HPS2,,5409 Old Hixson Pike,,,Pump Station,1,1,1,05/17/2022 06:37:55 PM +0000,JODONNELL,0,,S100J990,ACT,,,,,,S100J990,,0,,,,,,,,,,,,"Depth is 38.46', Unable to see any pipes from this access point; \\Oceanus\images\TIC\EngineeringDrawings\100800-100899\100853.pdf",Pump Station,61A,295938,2197568,5409,Old Hixson Pike,HIXSON40,HIXSON40,"Ground Level Control Room, Underground Tube Station",1980,Manlift,Domestic,Hixson Utility,"3/4""",Yes,EPB,No,NA,No,3/480,Magnetic,Fischer Porter,26,3,Smith & Loveless,Vertical Centrifugal,7000,Manhole,4' Dia 36' depth,630.17,At The Station,North Chickamauga Creek,Manhole 100J048  5122 Adams Rd,Hixson 1,HIXSON #2 PUMP STATION,North Chick Creek 4,,,P:\2009_Projects\09004_Chatt_SA\GIS\North_Chick\Photos_NC\PumpStations\S100J990.jpg,\\Oceanus\images\TIC\EngineeringDrawings\100800-100899\100853.pdf,,,P:\2009_Projects\09004_Chatt_SA\GIS\North_Chick\Photos_NC\PumpStations\Hixson_No_2_Pump_Station_Photos.pdf,,SGGPS,,,,,,,,668.87,,,,38.46,,,,,,,Y,LIGHT,,,DJB,07/08/2009 12:00:00 AM +0000,,SO North Chick,,100J,{6746F4D9-4AB5-4EE4-AC2C-51CCE94E63F9},1,,,GIS_ADMIN,06/06/2016 01:47:02 PM +0000,1,https://drive.google.com/file/d/1UhLQnP9OF_-26Oxy30G6TmxQ_lBGrUPz/view?usp=sharing,"https://www.google.com/maps/dir/Current+Location/35.143864,-85.233836",https://drive.google.com/drive/folders/1fEV38Hw23ShESLFt4VmqZoCbujWuUimT?usp=sharing
POINT (-85.372568361856 35.013120841884),227,TPS3,,Aster Avenue,,,Pump Station,1,1,1,05/17/2022 06:37:55 PM +0000,JODONNELL,0,,S154J600,ACT,,,,,,S154J600,,0,,,,,,,,,,,,\\Oceanus\images\TIC\EngineeringDrawings\51300-51399\51356.pdf,Pump Station,63B,248063,2156336,,Aster Avenue,TPS3,,Prefab underground control & pump room with attached wetwell,1985,Manlift,Domestic & Industrial,TAWC,"1""",Yes,EPB,No,NA,Portable generator,3/480,NA,NA,5,2,Fairbanks Morse,Dry Pit Centrifugal vertical,1760,Attached with manhole,4'  Dia 36' depth,619.5,Manhole 50 Feet upstream in wooded area,Lookout Creek,manhole 154F015 at Aster and Cummings,Tiftonia No.2,TIFTONIA PUMP STATION #3,Lookout Creek 3,,,P:\2009_Projects\09004_Chatt_SA\GIS\Lookout_Creek\Photos_LC\Resized\S154J600.jpg,\\Oceanus\images\TIC\EngineeringDrawings\51300-51399\51356.pdf,,,,,,,,,,,,,656.45,,,,36.4,,,,,,,,Light,,,DJB,12/09/2010 12:00:00 AM +0000,,SO Lookout Creek,,154J,{26D0C3BB-C065-4918-A9AB-E8D978B0B293},1,,,GIS_ADMIN,06/06/2016 02:08:29 PM +0000,1,https://drive.google.com/file/d/1gqpXeXvN9Cjhf8iO3cjhO7t1G1dcDYi9/view?usp=sharing,"https://www.google.com/maps/dir/Current+Location/35.013121,-85.372568",https://drive.google.com/drive/folders/1KjXAE0QcxQ20Rt6W817sxlQFJV-e0riB?usp=sharing
POINT (-85.215086887401 35.134441861275),210,HPS3,,2998 PRESTON STATION DR,,,Pump Station,1,1,1,05/17/2022 06:37:55 PM +0000,JODONNELL,0,,S110D990,ACT,,,,,,S110D990,,0,,,,,,,,,,,,"Depth is 40.16', Unable to see any pipes from this access point; \\Oceanus\images\TIC\EngineeringDrawings\51200-51299\51238.pdf",Pump Station,74,292554,2203208,2998,PRESTON STATION DR,HIXSON41,HIXSON41,Prefab Underground Tube Station,1985,Manlift,Domestic,Hixson Utility,"1""",Yes,EPB,No,NA,No,3/480,NA,NA,6,3,Westinghouse,Vertical  Centrifugal,7000,Manhole,"4' Dia Manhole 27'-3"" depth",626.72,At The Station,North Chickamauga Creek,Manhole 110F017  2939 Hamill Rd,Dupont,HIXSON #3 PUMP STATION,North Chick Creek 2,,,P:\2009_Projects\09004_Chatt_SA\GIS\North_Chick\Photos_NC\PumpStations\S110D990.jpg,\\Oceanus\images\TIC\EngineeringDrawings\51200-51299\51238.pdf,,,,,SGGPS,,,,,,,,666.37,,,,40.16,,,,,,,Y,LIGHT,,,JPB,07/13/2009 12:00:00 AM +0000,,SO North Chick,,110D,{7DC2EFCF-9D85-428A-944E-4419503BCC0A},1,,,GIS_ADMIN,06/06/2016 01:47:03 PM +0000,1,https://drive.google.com/file/d/1Lrdk_MKsQs57hzEZa3C6NfXOcK019nej/view?usp=sharing,"https://www.google.com/maps/dir/Current+Location/35.1349584196051,-85.2145518335905",https://drive.google.com/drive/folders/1ToHiJe5snmDGSTITJXvnpv7XlRPwalzk?usp=sharing
POINT (-85.346534157811 35.056640583495),228,TPS4,,1305 Browns Ferry Rd,,,Pump Station,1,1,1,05/17/2022 06:37:55 PM +0000,JODONNELL,0,,S134L900,ACT,,,,,,S134L900,,0,,,,,,,,,,,,,Pump Station,64C,263937,2164081,1305,Browns Ferry Rd,TPS4,,Wetwell Mounted Pumps & Exterior Control Panel,1994,Ground Level,Domestic,TAWC,"5/8""",Yes,EPB,No,NA,Portable Generator,3/480,NA,NA,1,2,Fairbanks Morris,Submersible Centrifugal,475,Precast concrete pipes,"6' Dia  18'-9"" depth",,Station Wetwell,Tennessee River,1216 Browns Ferry Rd  manhole 134M054,Tiftonia No.1,TIFTONIA PUMP STATION #4,Lookout Creek 1,,,P:\2009_Projects\09004_Chatt_SA\GIS\Lookout_Creek\Photos_LC\Resized\S134L900.jpg,,,,,,SGGPS,,,,,,,,655,,,,18.82,,,,,,,,,,,,12/09/2010 12:00:00 AM +0000,,SO Lookout Creek,,134L,{F154EE9F-1620-4858-BC77-2E048D1E9261},1,,,GIS_ADMIN,06/06/2016 02:08:37 PM +0000,1,https://drive.google.com/file/d/1-bRIDlcD19ntAtKw2GFT25pY9pMWAAbc/view?usp=sharing,"https://www.google.com/maps/dir/Current+Location/35.056641,-85.346534",https://drive.google.com/drive/folders/1hqcPVvGDrLjGbA3IVaGHuAVQp1g2gbVr?usp=sharing
POINT (-85.303701586726 35.053560507102),180,BPPS,,501 Battery Place,,,Pump Station,1,1,1,05/17/2022 06:37:55 PM +0000,JODONNELL,0,,S135M990,ACT,,,,,,S135M990,,0,,,,,,,,,,,,"20.67' depth, unable to obtain any pipe inverts from access",Pump Station,,262891,2176917,501,Battery Place,BATTER9,BATTER9,Wetwell Mounted Pumps With Doghouse,1985,Ground Level,Domestic,NA,NA,NA,EPB,No,NA,No,3/240,NA,NA,1,2,Ebara,Submersible Vertical Centrifugal,300,Manhole,"6' Dia 20'-7"" depth",,Manhole in Veteran's Bridge,Tennessee River,Manhole 136P013 Near Douglas & E 1st St,Citico,BATTERY PLACE PUMP STATION,CSO 7,,,,,,,,,TS,,714.66,,,,,,,,,,,,,,,,,Y,LIGHT,,,SSS,07/23/2010 12:00:00 AM +0000,10:57:4,CSS Citico Creek,,135M,{C3A34BBD-8CBE-42F2-BB43-BFD94382F5AC},1,,,GIS_ADMIN,06/06/2016 01:47:01 PM +0000,1,https://drive.google.com/file/d/1I1M39SkjZc7Q9Oyk3_ToXYdbaD8Ey_L_/view?usp=sharing,"https://www.google.com/maps/dir/Current+Location/35.053369817612,-85.3032523885293",https://drive.google.com/drive/folders/1hIjSxJaLsgh2t5KVWUyot0Z_gQLs355-?usp=sharing
POINT (-85.306502583841 35.023707146681),273,CACSO,,350 E 25TH ST,,,Storage Basin,1,1,1,08/02/2023 02:31:32 PM +0000,BFORD,0,,SD155D041,,Combined,,,,,SD155D041,,,,,,,,,,,,,,,CSO,,,,350,E 25th St,CACSO,,,,,,,,,,,,,,,,,,,,,,,,,,,,CENTRAL CSO,CSO 5,,,,,,,,,,,,,,,,,,,,,,,,,,,,,,,,,,,,,,{E77AA059-000A-400F-9CB8-44F368D40B5D},1,GIS_ADMIN,05/31/2016 01:54:46 PM +0000,GIS_ADMIN,06/06/2016 01:53:39 PM +0000,3,https://drive.google.com/file/d/1hYwmkk8BLRHy13Kg6MZXNir9sWo-ly6z/view?usp=sharing,"https://www.google.com/maps/dir/Current+Location/35.0257743792631,-85.3059365412178",https://drive.google.com/drive/folders/1PxMJkFZutBOAhNiJJTWAOZYoxC4ETOiR?usp=sharing
POINT (-85.285111222813 35.042197304984),2695,Warner Park CSOSF,,,,,,1,1,1,08/02/2023 02:31:32 PM +0000,BFORD,0,,,,,,,,,,,,,,,,,,,,,,,,CSO,,,,,,,,,,,,,,,,,,,,,,,,,,,,,,,,,,,,,,,,,,,,,,,,,,,,,,,,,,,,,,,,,,,,,,,,,{9A8BC191-E7DB-4BD8-B297-76FFE48CDC41},1,BFORD,06/28/2021 07:20:16 PM +0000,,,3,,,
POINT (-85.184221088063 35.133595386729),188,BRPS8,,2200 Wisteria Dr,,,Pump Station,1,1,1,05/17/2022 06:37:55 PM +0000,JODONNELL,0,,SPS111B,ACT,,,,,,SPS111B,,0,,,,,,,,,,,,\\Oceanus\images\TIC\EngineeringDrawings\100800-100899\100861.pdf,Pump Station,73C,292322,2212432,2200,Wisteria Dr,BIGRID22,BIGRID22,Prefab Wetwell With Exterior Control Panel,1997,Ground Level,Domestic,TAWC,"1""",Yes,EPB,No,NA,Portable Generator,3/480,NA,NA,0,2,Hydromatic,Submersible Centrifugal,25,Prefab Concrete Manhole,"5' Dia 12'-7"" depth",745.5,At the Station,Tennessee River,Manhole 37 Contract 73C,Big Ridge No.5,BIG RIDGE PUMP STATION #8,Tennessee River 19,,,,\\Oceanus\images\TIC\EngineeringDrawings\100800-100899\100861.pdf,,,,,,,,,,,,,,,,,,,,,,,,,,,,,,,,,,{233422EC-B47A-4E07-BAB4-5592B0421C12},1,,,GIS_ADMIN,06/06/2016 01:47:01 PM +0000,1,https://drive.google.com/file/d/1db_QNV1g2eUK8d67j7DmGHEFMC1zzhYs/view?usp=sharing,"https://www.google.com/maps/dir/Current+Location/35.133595,-85.184221",https://drive.google.com/drive/folders/1niOTpKG1ClRnKfNKlgkJpAlaIl8dJ6f0?usp=sharing
POINT (-85.249905024791 35.098228762296),239,RP2,,4301 Amnicola Hwy,,,Pump Station,1,1,1,05/17/2022 06:37:55 PM +0000,JODONNELL,0,,SPS119P,ACT,,,,,,SPS119P,,0,,12,12,,,,,,,,,,Pump Station,,,,4301,Amnicola,TENNES82,TENNES82,,,,,,,,,,,,,,,,2,,,,,,,,,,,Riverpark Pump Station #2,Tennessee River 14,,,,,,,,,,,,,,,,,,,,,,,,,,,,,,,,,,,,,,{DB1E568A-C5DA-45D1-B63C-3D5CF254C157},1,,,GIS_ADMIN,06/06/2016 01:47:03 PM +0000,1,https://drive.google.com/file/d/1UfGgnaOc07CVXBlMIHn9mAgS6eC1W2E1/view?usp=sharing,"https://www.google.com/maps/dir/Current+Location/35.098229,-85.249905",https://drive.google.com/drive/folders/18k0du3_nf-AMPgyKVKVhdhJfeXE3jGuK?usp=sharing
POINT (-85.293288849208 35.020069571111),684,HPPS,,2331 S HOLTZCLAW AVE,,,Lift Station,1,1,1,05/17/2022 06:37:55 PM +0000,JODONNELL,0,,S156H991,ACT,,,,,,S156H991,,0,,,,,,,,,,,,Out pipe invert elevation is 637.162; \\Oceanus\images\TIC\EngineeringDrawings\100800-100899\100868.pdf,Lift Station,134C,250744,2180119,2331,S. Holtzclaw Ave,,,"Custom Built Pump Station, Control Room And Wetwell",1995,Ground Level,Domestic & Industrial,TAWC,"3""",Yes,EPB,No,NA,Portable Generator,3/480,Ultrasonic,ADS Model 4500,13,3,Yeomans,Submersible Vertical Centrifugal,4500,Custom Built With Diversion,"18'-8"" x 30' x 24'",632.5,Manhole in 23rd St,Dobbs Branch,NA,23RD ST,Highland Park PS,Dobbs Branch 3,,,,,,,P:\2009_Projects\09004_Chatt_SA\GIS\Citico_Creek\Photos_CI\Resized\Highland_Park_PS_Photos.pdf,,TS,,637.246,,,,,,656.6376,,,,19.476,,,,,,,Y,HEAVY,,,DJB,07/08/2009 12:00:00 AM +0000,,SO Citico Creek / Dobbs Branch,,156H,{666D2917-746E-4826-8747-48DFE2B4E541},1,,,,,2,https://drive.google.com/file/d/1t4N3RVXeZyVNP6fHTd044Jc6zbctEzny/view?usp=sharing,"https://www.google.com/maps/dir/Current+Location/35.0201531002417,-85.2928784955464",https://drive.google.com/drive/folders/1LOrW7xv_08VBLnxWC4lLkJNXkuEpiavO?usp=sharing
POINT (-85.22091646344 35.018371312738),205,BGCPS,,5203 OLD MISSION RD,,,Lift Station,1,1,1,05/17/2022 06:37:55 PM +0000,JODONNELL,0,,S157F990,ACT,,,,,,S157F990,,0,,,,,,,,,,,,"30'MD, unable to obtain inverts because EWX crew could not get to pipes",Lift Station,,250288,2201780,5203,OLD MISSION RD,BRAINE25,BRAINE25,"Custom Built, Control Room, Drywell And Wetwell",1949,Ladder,Domestic,NA,NA,NA,EPB,No,NA,No,3/240,NA,NA,1,2,Westinghouse,Dry Pit Extended Drive Shaft Vertical Centrifugal,500,Custom Built,10' x 16' x 29',,Drainage Ditch 50 Feet South Of Station On Golf Course,South Chickamauga Creek,NA,Friar Branch,GOLF COURSE PUMP STATION,South Chick Creek 10,,,P:\2009_Projects\09004_Chatt_SA\GIS\South_Chick\Photos_SC\Resize\S157F990.jpg,,,,P:\2009_Projects\09004_Chatt_SA\GIS\South_Chick\Photos_SC\Resize\Golf_Course_Pump_Station_Photos.pdf,,SGGPS,,,,,,,,669.3,,,,,,,,,,,Y,LIGHT,,,SSS,07/22/2010 12:00:00 AM +0000,,SO South Chick,,157F,{A9A5B4DD-3AC5-4E25-A599-234F18BFD0E6},1,,,GIS_ADMIN,06/06/2016 01:47:02 PM +0000,2,https://drive.google.com/file/d/1y_7QLt8Yvylg_ul4FLOBEjiSEiubuDV-/view?usp=sharing,"https://www.google.com/maps/dir/Current+Location/35.018371,-85.220916",https://drive.google.com/drive/folders/1wNa8HsP_ZYo5OdOZEX_afeSTl_cYzt9w?usp=sharing
POINT (-85.236901377318 35.107584544367),685,DIP,,4500 PINNACLE LANE,,,Pump Station,1,1,1,05/17/2022 06:37:55 PM +0000,JODONNELL,0,,S119G990,ACT,,,,,,S119G990,,0,,,,,,,,,,,,\\Oceanus\images\TIC\EngineeringDrawings\100800-100899\100859.pdf,Pump Station,67A-1,282737,2196770,4500,Pinnacle Lane,,,Prefab Wetwell With Exterior Control Panel,1999,Ground Level,Domestic,Hixson Utility,"3/4""",YES,EPB,No,NA,Portable Generator,3/480,NA,NA,0,2,Hydomatic,Submersible Vertical Centrifugal,25,Prefab Manhole,"5' Dia 19'-8"" depth",655,Station Wetwell,Tennessee River,Manhole 119H001  4501 Access Rd,DuPont,DUPONT INDUSTRIAL PARK LANE,North Chick Creek 1,,,P:\2009_Projects\09004_Chatt_SA\GIS\North_Chick\Photos_NC\PumpStations\S119G990.jpg,,,,P:\2009_Projects\09004_Chatt_SA\GIS\North_Chick\Photos_NC\PumpStations\North_Industrial_Park_Pump_Station_Photos.pdf,,SGGPS,,,,,,,,674.53,,,,19.66,,,,,,,Y,LIGHT,,,DJB,07/08/2009 12:00:00 AM +0000,,SO North Chick,,119G,{BDD140F0-1DAC-4313-BD1C-BC07CE56FFAA},1,,,,,1,https://drive.google.com/file/d/1XjdONmNyZ2AmwiqW2UWDkX4A4UJZb3BA/view?usp=sharing,"https://www.google.com/maps/dir/Current+Location/35.1073526746877,-85.2355667293115",https://drive.google.com/drive/folders/1tR8FN5Rogta_WcSYnfE-yrTo--NAvaKR?usp=sharing
POINT (-85.281621349032 35.043275803592),245,WPSS1,,301 N Holtzclaw Ave,,,Pump Station,1,1,1,08/02/2023 02:51:18 PM +0000,BFORD,0,,D146G930,ACT,,,,,,D146G930,,0,,12,12,,,,,,,,,,Storm Station,,259216.2,2183550.6,301,N Holtzclaw Ave,WPSS1,,,,,Storm Water,,,,,,,,,,,,,,,,,,,,,,,WARNER PARK #2,CSO 8,,,,,,,,,,,,,,,,,,,,,,,,,,,,N,,,,,,,CSS Citico Creek,,146G,{DC428645-9462-482B-BC8D-C4DB946D7D4D},1,,,GIS_ADMIN,06/06/2016 02:09:12 PM +0000,1,https://drive.google.com/file/d/19b_CGbW271z5mMTXqMm8jL8wUIRDNsgy/view?usp=sharing,"https://www.google.com/maps/dir/Current+Location/35.043276,-85.281621",https://drive.google.com/drive/folders/1kTSP8UlPfZorBQ1ZtKA9MRiTda-Xwh6K?usp=sharing
POINT (-85.241982798993 35.182352243337),195,BOYRPS,,811 Boy Scout Rd,,,Pump Station,1,1,1,05/17/2022 06:37:55 PM +0000,JODONNELL,0,,S082P990,ACT,,,,,,S082P990,,0,,,,,,,,,,,,\\Oceanus\images\TIC\EngineeringDrawings\100800-100899\100864.pdf,Pump Station,74A,309905,2195020,811,Boy Scout Rd,BOYSCO24,BOYSCO24,"Custom Built Pump Station, Control Room And Wetwell",1992,Ground Level,"Domestic, Industrial",Hixson Utility,"3/4""",Yes,EPB,No,NA,Portable Generator,3/480,Magnetic,Marsh-McBirney,12,3,FLYGT,Submersible Vertical Centrifugal,0,Custom Built,"12' x 12' x 31'-6""        invert ele",641.75,At The Station,North Chickamauga Creek,Manhole 26 Contract 70 Boy Scout & Sandswitch,Hixson 2,BOYSCOUT ROAD PUMP STATION,North Chick Creek 9,,,P:\2009_Projects\09004_Chatt_SA\GIS\North_Chick\Photos_NC\PumpStations\S082P990.jpg,\\Oceanus\images\TIC\EngineeringDrawings\100800-100899\100864.pdf,,,P:\2009_Projects\09004_Chatt_SA\GIS\North_Chick\Photos_NC\PumpStations\Boy_Scout_Road_Pump_Station_Photos.pdf,,TS,,,,,,,,676.08,,,,34.4,,,,,,,Y,HEAVY,,,DJB,07/13/2009 12:00:00 AM +0000,,SO North Chick,,082P,{EA3B27DA-9B38-4DC5-ACDE-79252FAB0EE6},1,,,GIS_ADMIN,06/06/2016 01:47:01 PM +0000,1,https://drive.google.com/file/d/1o98z-Qg0DuMHbxfsLz8nRvuKp_QMsRQu/view?usp=sharing,"https://www.google.com/maps/dir/Current+Location/35.182352,-85.241983",https://drive.google.com/drive/folders/1Sd2xAxTrJSu3xBOmolTrBbofZvTj-TxX?usp=sharing
POINT (-85.19310047272 35.121945455603),184,BRPS4,,4757 Privateer Rd,,,Pump Station,1,1,1,05/17/2022 06:37:55 PM +0000,JODONNELL,0,,SPS111I,ACT,,,,,,SPS111I,,0,,,,,,,,,,,,\\Oceanus\images\TIC\EngineeringDrawings\100800-100899\100861.pdf,Pump Station,73C,288058,2209812,4757,Privateer Rd,BIGRID12,BIGRID12,Prefab Wetwell With Exterior Control Panel,1997,Ground Level,Domestic,TAWC,"1""",Yes,EPB,No,NA,Portable Generator,3/480,NA,NA,0,2,Hydromatic,Submersible Centrifugal,25,Prefab Wetwell With Exterior,"5' Dia 12'-7"" depth",691.5,At the Station,Tennessee River,Big Ridge No.3,Big Ridge No.3,BIG RIDGE PUMP STATION #4,Tennessee River 18,,,,\\Oceanus\images\TIC\EngineeringDrawings\100800-100899\100861.pdf,,,,,,,,,,,,,,,,,,,,,,,,,,,,,,,,,,{F4E45D66-9480-4D66-A57F-5594204451CD},1,,,GIS_ADMIN,06/06/2016 01:47:02 PM +0000,1,,"https://www.google.com/maps/dir/Current+Location/35.121945,-85.1931",https://drive.google.com/drive/folders/13gToXkpUCpGoCGvpO6R6a4kwzIRzWuEQ?usp=sharing
POINT (-85.29803835899 35.088994473345),676,ALTAPS,,801 ALTAMONT ROAD,,,Pump Station,1,1,1,05/17/2022 06:37:55 PM +0000,JODONNELL,0,,S127A087,ACT,Sewage,,,,,S127A087,,0,,8,6,,,,723,740,,,01/23/2012 12:00:00 AM +0000,\\Oceanus\images\TIC\EngineeringDrawings\100400-100499\100407.pdf,Pump Station,W-10-007-202,275836,2178520,801,ALTAMONT ROAD,,,Prefab Wetwell With Exterior Control Panel,2000,Ground Level,Domestic,TAWC,"3/4""",Yes,EPB,Yes,NA,Portable Generator,3/480,Magnetic,ABB,,4,ABS,Submersible Vertical Centrifugal,0,Prefab Concrete Manhole,10' Dia  17' depth,723,Manhole 20 feet north of station gate,Stringers Branch,Manhole 127I055  Knickerbocker and East Old Dallas,MBWWTP,ALTAMONT PUMP STATION,Tennessee River 5,,,P:\2009_Projects\09004_Chatt_SA\GIS\Chatt_Creek\Photos_CC_TN1\Resized\S127A087.jpg,,,,P:\2009_Projects\09004_Chatt_SA\GIS\Chatt_Creek\Photos_CC_TN1\Resized\Altamont_Pump_Station_Photos.pdf,,SGGPS,,723,Floats,,,,,740,,,,17,,,Hatch,Aluminum,,,Y,LIGHT,2,2,DTW,08/19/2010 12:00:00 AM +0000,,SO Tennessee River Part A,,127A,{B4F54395-67A5-48EB-B8FE-D03B10206C51},1,,,,,1,https://drive.google.com/file/d/1Vgq-RJjxQj73QA3uKJquMbAnRorc3Rr-/view?usp=sharing,"https://www.google.com/maps/dir/Current+Location/35.088994,-85.298038",https://drive.google.com/drive/folders/1LjNJNJtMP1r4V8R8wUzRdb_zFOhfDbh1?usp=sharing
POINT (-85.228355222301 34.982120941164),689,SPCRPS,,,,,Pump Station,1,1,1,05/17/2022 06:37:55 PM +0000,JODONNELL,0,,S999A283,ACT,,,,,,S999A283,,0,,,,,,,,,,,,\\Oceanus\images\TIC\EngineeringDrawings\52400-52499\52409.pdf,Pump Station,53B,2199689.177,237052.775,250,Vero Beach Avenue,,,Prefab Wetwell With Exterior Control Panel,1999,Ground Level,Domestic & Industrial,TAWC,"3/4""",No,N GA Electric Power,Yes,NA,On Site Generator,3/480,Magnetic,ABB,14,3,KSB,Submersible Vertical Centrifugal,5000,Custom Built,"11'-6"" x 20'-6"" x 28'",656,Manhole 30'  East Of Walk Through Gate,Spring Creek,Junction Chamber #2 Contract 53B2-13.1 behind Wal-Mart,Friar Branch,Spring Creek PS,,,,,,,,,,SGGPS,,,,,,,,683.76,,,,,,,,,,,N,LIGHT,,,DJB,03/03/2011 12:00:00 AM +0000,,SO South Chick,,999A,{3D0FBDCC-2F06-4EE2-BCF4-81E948755BE1},1,,,,,7,https://drive.google.com/file/d/1rSpDxKhlOAJfvyaT8UEzZSlrkzXQ3aUi/view?usp=sharing,"https://www.google.com/maps/dir/Current+Location/34.982121,-85.228355",https://drive.google.com/drive/folders/1jaaugohr8P9Ov2HWCc5wR5Xah3tW7vej?usp=sharing
POINT (-85.115810346583 34.909667694191),235,RPS,,Near I 75 in Ringgold GA,,,Pump Station,1,1,1,05/17/2022 06:37:55 PM +0000,JODONNELL,0,,S999A202,ACT,,,,,,S999A202,,0,,12,12,,,,,,,,,\\Oceanus\images\TIC\EngineeringDrawings\100800-100899\100874.pdf,Pump Station,,211012.9,2233604.4,0,,RINGGO49,RINGGO49,,,,,,,,,,,,,,,,2,,,1215,,,,,,,,RINGGOLD PUMP STATION,,,,,\\Oceanus\images\TIC\EngineeringDrawings\100800-100899\100874.pdf,,,,,TS,,,,,,,,763.36,,,,,,,,,,,N,LIGHT,,,SSS,02/23/2011 12:00:00 AM +0000,,SO South Chick,,999A,{2EB807B2-F579-4E24-B70E-1DE7BA84E5E6},1,,,GIS_ADMIN,06/06/2016 01:47:02 PM +0000,7,https://drive.google.com/file/d/1LZeTwYAVUU25nRIyIbSE9kXCShoEtdrM/view?usp=sharing,"https://www.google.com/maps/dir/Current+Location/34.9106886639802,-85.1199013035963",https://drive.google.com/drive/folders/1QniD2hCU5D4GqSYnCYeXS5rNa1U4TTI3?usp=sharing
POINT (-85.316223068425 35.035221572867),272,CSCSO,,519 W 19TH STREET,,,Storage Basin,1,1,1,08/02/2023 02:31:32 PM +0000,BFORD,0,,SD145K,,Combined,,,,,SD145K,,,,,,,,,,,,,,,CSO,,,,519,W 19th St,CSCSO,,,,,,,,,,,,,,,,,,,,,,,,,,,,CARTER STREET CSO,CSO 4,,,,,,,,,,,,,,,,,,,,,,,,,,,,,,,,,,,,,,{29F0EB05-B9CB-41AC-BD8C-14231119C4AE},1,GIS_ADMIN,05/31/2016 01:48:16 PM +0000,GIS_ADMIN,06/06/2016 01:53:21 PM +0000,3,https://drive.google.com/file/d/1UiSOFhSwbKVxjiZ_BRiTgy55Pr3llboE/view?usp=sharing,"https://www.google.com/maps/dir/Current+Location/35.0348409442545,-85.3166724489779",https://drive.google.com/drive/folders/1ZYhVA8mhW72WfjJanc84H1CtX6dMl_Nc?usp=sharing
POINT (-85.284966378773 35.042208125398),278,,,,,,,1,1,1,08/02/2023 02:51:18 PM +0000,BFORD,0,,,,,,,,,,,,,,,,,,,,,,,,Storm Station,,,,,,,,,,,,,,,,,,,,,,,,,,,,,,,,,,,,,,,,,,,,,,,,,,,,,,,,,,,,,,,,,,,,,,,,,{4BF5E710-18B1-4150-A615-0455481B526C},1,GIS_ADMIN,05/31/2016 02:43:46 PM +0000,,12/30/1899 12:00:00 AM +0000,4,,,
POINT (-85.263372901697 35.068648667623),213,LSPS,,2301 RIVERSIDE DRIVE,,,Pump Station,1,1,1,05/17/2022 06:37:55 PM +0000,JODONNELL,0,,S136C990,ACT,,,,,,S136C990,,0,,,,,,,,,,,,"29.84' depth, above-grade MH here, 24"" lid, invert info not available; \\Oceanus\images\TIC\EngineeringDrawings\50800-50899\50874.pdf",Pump Station,36,268500,2188898,2301,RIVERSIDE DRIVE,LATTAS44,LATTAS44,"Ground Level Control Room, Underground Tube Station",1973,Manlift,Domestic,TAWC,"3/4""",Yes,EPB,No,NA,No,3/480,NA,NA,3,2,Fairbanks Morse,Dry Pit Horizontal Centrifugal,1000,Prefab Manhole,4' Dia 24' depth,633.61,Manhole In Latta St,Tannery Branch,Manhole 136C038  1210 Latta St,Citico,LATTA STREET PUMP STATION,Tennessee River 13,,,P:\2009_Projects\09004_Chatt_SA\GIS\Citico_Creek\Photos_CI\Resized\S136C990.jpg,\\Oceanus\images\TIC\EngineeringDrawings\50800-50899\50874.pdf,,,P:\2009_Projects\09004_Chatt_SA\GIS\Citico_Creek\Photos_CI\Resized\Latta_Street_Pump_Station_Photos.pdf,,SGGPS,,,,,,,,663.322,,,,,,,,,,,?,LIGHT,,,SSS,07/23/2010 12:00:00 AM +0000,,SO Citico Creek / Dobbs Branch,,136C,{334E4B0C-4356-4F75-B96D-27BD133AAD25},1,,,GIS_ADMIN,06/06/2016 01:47:02 PM +0000,1,https://drive.google.com/file/d/1gzw_Ux7xIhfkMxn_ci2laGyJVROXP8eG/view?usp=sharing,"https://www.google.com/maps/dir/Current+Location/35.068649,-85.263373",https://drive.google.com/drive/folders/1ptBLyjo4pP-BrudpTtsZa7ZWlRPdMOF3?usp=sharing
POINT (-85.17966210878 35.143962787624),194,BRPS14,,101 Hixson Marina Rd,,,Pump Station,1,1,1,05/17/2022 06:37:55 PM +0000,JODONNELL,0,,SPS101K002,ACT,,,,,,SPS101K002,,0,,,,,,,,,,,,\\Oceanus\images\TIC\EngineeringDrawings\100200-100299\100228.pdf,Pump Station,73B-3,296102,2213771,101,Hixson Marina Rd,BIGRID17,BIGRID17,Prefab Wetwell With Exterior Control Panel,2003,Ground Level,Domestic,NA,NA,NA,EPB,No,NA,Portable Generator,3/480,Magnetic,Badger,1,2,Hydromatic,Submersible Centrifugal,225,Prefab Concrete Manhole,6' Dia 18' depth,678.8,At the Station,Tennessee River,manhole at 1908 Hixson Marina Rd,Big Ridge No.6,BIG RIDGE PUMP STATION #14,Tennessee River 19,,,,\\Oceanus\images\TIC\EngineeringDrawings\100200-100299\100228.pdf,,,,,,,,,,,,,,,,,,,,,,,,,,,,,,,,,,{F4015525-6455-43DB-9ED9-F1619D0A4DCA},1,,,GIS_ADMIN,06/06/2016 01:47:01 PM +0000,1,https://drive.google.com/file/d/17Nx1sS9OQidOe6KTsKk0Bv3ckrwFNZBU/view?usp=sharing,"https://www.google.com/maps/dir/Current+Location/35.143963,-85.179662",https://drive.google.com/drive/folders/1jnWA5X3vHyPzyvWAuGnQNTFtR87un_h7?usp=sharing
POINT (-85.20371523842 35.097323915919),220,MH4,,3707 Kings Rd,,,Pump Station,1,1,1,05/17/2022 06:37:55 PM +0000,JODONNELL,0,,S120P991,ACT,,,,,,S120P991,,0,,,,,,,,,,,,,Pump Station,46B,279068,2206716,3707,Kings Rd,MURRAY70,MURRAY70,Prefab Wetwell With Exterior Control Panel,1994,Ground Level,Domestic,TAWC,"1""",Yes,EPB,No,NA,Portable Generator,3/240,NA,NA,0,2,Hydomatic,Vertical Submersible Centrifugal,80,Prefab Concerete Pipe,6' Dia 12' depth,,At Station,Tennessee River,Manhole 120P081  3759 Kings Rd,Murray Hills No.5,MURRAY HILLS #4,Tennessee River 14,,,P:\2009_Projects\09004_Chatt_SA\GIS\South_Chick\Photos_SC\Resize\S120P991.jpg,,,,P:\2009_Projects\09004_Chatt_SA\GIS\South_Chick\Photos_SC\Resize\Murray_Hills_4_Pump_Station_Photos.pdf,,SGGPS,,,,,,,,713.46,,,,12.05,,,,,,,Y,LIGHT,,,CGS,07/09/2009 12:00:00 AM +0000,,SO South Chick,,120P,{A5C2C6BA-E517-40F6-93B1-FF80E9E4D4BC},1,,,GIS_ADMIN,06/06/2016 01:47:01 PM +0000,1,https://drive.google.com/file/d/1Dm4oEOx4a9M9gbIBwyjRc_Ki9dXCwD8O/view?usp=sharing,"https://www.google.com/maps/dir/Current+Location/35.097324,-85.203715",https://drive.google.com/drive/folders/1LjuYkg1Pt0NWQPwE3gt4QjcTIkeEcrHq?usp=sharing
POINT (-85.32482304705 35.049568325798),275,MLKCSO,,1015 RIVERFRONT PARKWAY,,,Storage Basin,1,1,1,08/02/2023 02:31:32 PM +0000,BFORD,0,,SD135O,,Combined,,,,,SD135O,,,,,,,,,,,,,,,CSO,,,,1015,Riverfront Parkway,MLKCSO,,,,,,,,,,,,,,,,,,,,,,,,,,,,MLK CSO,CSO 1,,,,,,,,,,,,,,,,,,,,,,,,,,,,,,,,,,,,,,{667E31B1-0F9C-44FC-A094-1577C76D8617},1,GIS_ADMIN,05/31/2016 02:01:35 PM +0000,GIS_ADMIN,06/06/2016 02:06:48 PM +0000,3,https://drive.google.com/file/d/1XmoMfj17sgzFaG-JZaDrHHWfQ43aLq2m/view?usp=sharing,"https://www.google.com/maps/dir/Current+Location/35.049568,-85.324823",https://drive.google.com/drive/folders/15QCz_QFMlfOpwIDu0_pv_0oPwRWr6Bwi?usp=sharing
POINT (-85.088121802422 35.056498623391),672,SLS2,,,,,,1,1,1,08/02/2023 02:31:32 PM +0000,BFORD,0,,,,,,,,,,,,,,,,,,,,,,,,OTHER,,,,,,SUMMIT80,SUMMIT80,,,,,,,,,,,,,,,,,,,,,,,,,,,SUMMIT LANDFILL STATION #2,,,,,,,,,,,,,,,,,,,,,,,,,,,,,,,,,,,,,,,{631BBA58-D123-48EC-91D5-AB698B77D6BE},1,GIS_ADMIN,06/06/2016 12:45:23 PM +0000,GIS_ADMIN,06/06/2016 01:47:03 PM +0000,7,,,
POINT (-85.33901284432 35.001409835569),2694,,,,,,,1,1,1,08/02/2023 02:31:32 PM +0000,BFORD,0,,,,,,,,,,,,,,,,,,,,,,,,Pump Station,,,,,,,,,,,,,,,,,,,,,,,,,,,,,,,,,,WINTERVIEW PUMP STATION,,,,,,,,,,,,,,,,,,,,,,,,,,,,,,,,,,,,,,,{8EE5772B-E407-4B1C-80B8-EA65EB5AA5CB},1,JODONNELL,11/06/2019 03:17:39 PM +0000,,,1,https://drive.google.com/file/d/1kIJL1hU1D9SYS7OPakiLx8RuzSyBty-y/view?usp=sharing,"https://www.google.com/maps/dir/Current+Location/35.00141,-85.339013",https://drive.google.com/drive/folders/1bHpTCa_8gYKioToEZhbud6FTK2OY2et4?usp=sharing
POINT (-85.213463708596 35.020189489181),170,SS3,,1001 AIRPORT ROAD,,,Pump Station,1,1,1,08/02/2023 02:51:18 PM +0000,BFORD,0,,DLS157E,ACT,,,,,,DLS157E,,0,,,,,,,,,,,,,Storm Station,,250970,2204021,1001,Airport Road,STORMS78,STORMS78,"Custom built pump station, control room",1976,Ground Level,Storm Water,NA,NA,NA,EPB,No,NA,Portable Generator,3/480,NA,NA,35,2,Aurora,Vertical Centrifugal Mixed Flow,12000,Open Basin,,,NA,South Chickamauga Creek,NA,NA,STORM STATION #1 LEVEE,South Chick Creek 10,,,,,,,,,,,,,,,,,,,,,,,,,,,,,,,,,,,,,,{278B55C4-DFAE-411E-A792-94789C98BABF},1,,,GIS_ADMIN,06/06/2016 01:47:01 PM +0000,4,https://drive.google.com/file/d/19oTb1BKBmfHsY4WNsaUzXboPXUASREzF/view?usp=sharing,"https://www.google.com/maps/dir/Current+Location/35.0141776651074,-85.2107868476717",https://drive.google.com/drive/folders/1qG9PXigJEk7wPYIfNk1ZGcds77GnulxQ?usp=sharing
POINT (-85.319854525088 35.039597858279),271,19STCSO,,1504 RIVERFRONT PARKWAY,,,Storage Basin,1,1,1,08/02/2023 02:31:32 PM +0000,BFORD,0,,SD145F,,Combined,,,,,SD145F,,,,,,,,,,,,,,,CSO,,,,1504,RIVERFRONT PARKWAY,19STCSO,,,,,,,,,,,,,,,,,,,,,,,,,,,,19TH STREET CSO,CSO 1,,,,,,,,,,,,,,,,,,,,,,,,,,,,,,,,,,,,,,{3D42CD7B-0425-4CFC-9240-F66F39FBD7AD},1,GIS_ADMIN,05/31/2016 01:42:23 PM +0000,GIS_ADMIN,06/06/2016 01:52:55 PM +0000,3,https://drive.google.com/file/d/14luzUxJP13yTb6bMvDNrs6zE5ZUtgyng/view?usp=sharing,"https://www.google.com/maps/dir/Current+Location/35.039598,-85.319855",https://drive.google.com/drive/folders/13bgjz4053kOkog2W9QMPPHZ8o84w31ep?usp=sharing
POINT (-85.21867581514 35.005160024937),168,SS1,,5500 MILLER DRIVE,,,Pump Station,1,1,1,08/02/2023 02:51:18 PM +0000,BFORD,0,,DLS157N,ACT,,,,,,DLS157N,,0,,,,,,,,,,,,,Storm Station,,245487,2202504,5500,Miller Drive,STORMS76,STORMS76,"Custom built pump station, control room and wet well",1976,Ground Level,Storm Water,NA,NA,NA,EPB,No,855-9413,No,3/480,NA,NA,250,5,Aurora,Vertical Centrifugal Mixed Flow,50000,Open Basin,,,NA,South Chickamauga Creek,NA,NA,STORM STATION #3 LEVEE,South Chick Creek 10,,,,,,,,,,,,,,,,,,,,,,,,,,,,,,,,,,,,,,{6C6B54BB-988C-4D9F-A76D-7D9087108335},1,,,GIS_ADMIN,06/06/2016 01:47:01 PM +0000,4,https://drive.google.com/file/d/1fzir6xhnnjgLuNcOS79kumyrDAHXDx0X/view?usp=sharing,"https://www.google.com/maps/dir/Current+Location/35.0058443736017,-85.2189377192756",https://drive.google.com/drive/folders/1FqMGZgiIRWrJmAHVpGOI44LJEZKscgTN?usp=sharing
POINT (-85.274500549843 35.052262673626),673,OKSS,,1108 N HOLTZCLAW AVE,,,Pump Station,1,1,1,08/02/2023 02:51:18 PM +0000,BFORD,0,,,ACT,,,,,,,,0,,,,,,,,,,,,,Storm Station,1,262503,2185658,1108,N Holtzclaw,,,"Custom built pump station, control room and wet well",1976,Ground Level,Storm Water,TAWC,"1""",Yes,EPB,No,697-9712,No,3/4160,NA,NA,518,3,Byron Jackson,Vertical Mixed Flow,120000,Open Basin,,,NA,Citico Creek,NA,NA,STORM STATION ORCHARD KNOB,Citico Creek 1,,,,,,,,,,,,,,,,,,,,,,,,,,,,,,,,,,,,,,{05DD7EDE-0E57-4DB7-A350-2D776A63A0DA},1,,,,,4,https://drive.google.com/file/d/1dDpxmeQqs7c3jNQFCOdZtwQZmqCMWFyr/view?usp=sharing,"https://www.google.com/maps/dir/Current+Location/35.052178180621,-85.274932337573",https://drive.google.com/drive/folders/1EDUaEusXdmscX7rSYzNtXyr91ORz6vp0?usp=sharing
POINT (-85.315991578327 35.0248440253),247,WSCSO,,208 W 27TH STREET,,,Storage Basin,1,1,1,08/02/2023 02:31:32 PM +0000,BFORD,0,,SD155C368,ACT,Combined,,,,,SD155C368,,,,,,,,,,,,,,WILLIAMS ST CSO,CSO,,252433.53976924,2173308.86115579,208,W 27th Street,WSCSO,,,,,,,,,,,,,,,,,,,,,,,,,,,,WILLIAMS STREET CSO,CSO 4,,,,,,,,,,,,,,,,,,,,,,,,,,,,,,,,,,,,,155C,{DEB94D9A-0911-48A6-A0DB-8EE16581CFE7},1,,,GIS_ADMIN,06/06/2016 02:10:00 PM +0000,3,https://drive.google.com/file/d/1qKhiGWo4IqPQ4m2ygK94IAMzljzihUGn/view?usp=sharing,"https://www.google.com/maps/dir/Current+Location/35.024844,-85.315992",https://drive.google.com/drive/folders/1HQlJWbWFaVzN8DgmO65A9H3QWitJzKGR?usp=sharing
POINT (-85.284570900615 35.040477494854),246,WPSS2,,301 N Holtzclaw Ave,,,Pump Station,1,1,1,08/02/2023 02:51:18 PM +0000,BFORD,0,,D146G380,ACT,,,,,,D146G380,,0,,12,12,,,,,,,,,THIS IS A STORM PS,Storm Station,,258191.172,2182675.154,301,N HOLTZCLAW AVE,WPSS2,,,,,Storm Water,,,,,,,,,,,,,,,,,,,,,,,STORM STATION WARNER PARK #1,CSO 8,,,P:\00_2008 Projects\08050_CSS\Photos\WarnerPark_Photos\D146G380.jpg,,,,,,SGGPS,,,,,,,,663.56,,,,17.2,,,,,,,,LIGHT,,,,,,CSS Citico Creek,,146G,{9839BA56-895A-4D87-8E98-AB594A945A5E},1,,,GIS_ADMIN,06/06/2016 02:09:20 PM +0000,4,,"https://www.google.com/maps/dir/Current+Location/35.0420244867306,-85.2855535689053",https://drive.google.com/drive/folders/1knNk9kCzUg-Vg42ke5kQHeBNEfdREzCW?usp=sharing
POINT (-85.304830363544 35.059921429447),277,TCSO,,404 RIVER STREET,,,Storage Basin,1,1,1,08/02/2023 02:31:32 PM +0000,BFORD,0,,SD135L,,Combined,,,,,SD135L,,,,,,,,,,,,,,,CSO,,,,404,River Street,TCSO,,,,,,,,,,,,,,,,,,,,,,,,,,,,TREMONT CSO,Tennessee River 3,,,,,,,,,,,,,,,,,,,,,,,,,,,,,,,,,,,,,,{ABD7B281-00A9-4A7C-BEB4-4F681A4E08DD},1,GIS_ADMIN,05/31/2016 02:39:18 PM +0000,GIS_ADMIN,06/06/2016 02:08:55 PM +0000,3,https://drive.google.com/file/d/1q3KPUTHSQTRxDg9fwsDsytVINyeYwUDV/view?usp=sharing,"https://www.google.com/maps/dir/Current+Location/35.059921,-85.30483",https://drive.google.com/drive/folders/1HIxK6GoYKN3vNhilBvJM5MzKQX8y_cS2?usp=sharing
POINT (-85.308420643344 35.034596135418),671,17STSW,,28 W Main St,,,Other,1,1,1,08/02/2023 02:51:18 PM +0000,BFORD,0,,DST145L001,,,,,,,DST145L001,,,,,,,,,,,,,,Abandoned,Storm Station,,,,28,W MAIN STREET,17thST61,17thST61,,,,,,,,,,,,,,,,,,,,,,,,,,,STORM STATION 17th STREET PLAZA,CSO 6,,,,,,,,,,,,,,,,,,,,,,,,,,,,,,,,,,,,,,{1CD159A0-F31E-4F0B-8683-AD3F6D049EBF},1,GIS_ADMIN,06/06/2016 12:18:10 PM +0000,GIS_ADMIN,06/06/2016 01:47:04 PM +0000,4,https://drive.google.com/file/d/1yTuvxhpNPlln2Q8u63jVgJ291LvLAIAM/view?usp=sharing,"https://www.google.com/maps/dir/Current+Location/35.034596,-85.308421",https://drive.google.com/drive/folders/1f3o7SoxNVaIC3YEdRvsLp1fxNWqpbKzD?usp=sharing
POINT (-85.241669377145 35.152546100421),165,ELSWS,,800 LOWER MILL ROAD,,,Pump Station,1,1,1,08/02/2023 02:51:18 PM +0000,BFORD,0,,DLS100H,ACT,,,,,,DLS100H,,0,,,,,,,,,,,,,Storm Station,,299079,2195202,800,Lower Mill Rd,EARLLA64,EARLLA64,"No Structure, exterior control panel.",1998,Ground Level,Storm Water,NA,NA,NA,EPB,Yes,NA,Portable Generator,3/480,NA,NA,6,2,Flygt,Submersible Vertical Centrifugal,2000,Precast Concrete Pipes,"8' Dia 18'-4"" depth",,NA,North Chickamauga Creek,NA,NA,STORM STATION EARL LANE,North Chick Creek 7,,,,,,,,,,,,,,,,,,,,,,,,,,,,,,,,,,,,,,{AFA7B7B0-39AC-43F2-9899-48EBFC135CA5},1,,,GIS_ADMIN,06/06/2016 01:47:00 PM +0000,4,https://drive.google.com/file/d/1UImFsF3S4azQ1VA8eM7cbz0lhObmG6Lc/view?usp=sharing,"https://www.google.com/maps/dir/Current+Location/35.152546,-85.241669",https://drive.google.com/drive/folders/1v-yTHGxjNbPf-UzRAa4FuI-fg28Nh8JB?usp=sharing
POINT (-85.210652731591 35.006120829054),169,SS2,,EASTGATE LOOP & CORNELISON ROAD,,,Pump Station,1,1,1,08/02/2023 02:51:18 PM +0000,BFORD,0,,DLS157M,ACT,,,,,,DLS157M,,0,,,,,,,,,,,,,Storm Station,3-B,245856,2204904,,Eastgate Loop & Cornelison Road,STORMS77,STORMS77,Custom built pump station and control room.,1976,Ground Level,Storm Water,NA,NA,NA,EPB,No,NA,Portable Generator,3/480,NA,NA,52,3,Aurora,Vertical Centrifugal Mixed Flow,12000,Open Basin,,,NA,West Chickamauga Creek,NA,NA,STORM STATION #2 LEVEE,South Chick Creek 5,,,,,,,,,,,,,,,,,,,,,,,,,,,,,,,,,,,,,,{199AFE13-5368-4EA3-A1CC-BE62305EE554},1,,,GIS_ADMIN,06/06/2016 01:47:01 PM +0000,4,https://drive.google.com/file/d/1jX07FCCnm45cG4sufkdNhWI6TUUppBUa/view?usp=sharing,"https://www.google.com/maps/dir/Current+Location/35.006121,-85.210653",https://drive.google.com/drive/folders/1PRBMh6KPNMT1l2kUlUneZtxcN07veQUH?usp=sharing
POINT (-85.325476230567 35.039164429451),694,19STR,,1032 W 19TH STREET,,,Other,1,1,1,08/02/2023 02:51:18 PM +0000,BFORD,0,,,,,,,,,,,,,,,,,,,,,,,,Regulator Station,,,,1032,W 19TH STREET,,,,,,,,,,,,,,,,,,,,,,,,,,,,,"19TH STREET REGULATOR
19TH STREET REGULATOR",,,,,,,,,,,,,,,,,,,,,,,,,,,,,,,,,,,,,,,{07F2CED9-E588-4FD0-B09C-D53BE6231B41},1,GIS_ADMIN,06/19/2017 08:01:20 PM +0000,,,6,https://drive.google.com/file/d/1yukplMp_nR98KbIlMxZjeR4lv8TD1NVi/view?usp=sharing,"https://www.google.com/maps/dir/Current+Location/35.039164,-85.325476",https://drive.google.com/drive/folders/1MyTZHXo3icfljX0YgobYVWXZhV3iwjly?usp=sharing
POINT (-85.209615075041 35.151716253164),674,VBSWS,,101 VALLEYBROOK CIRCLE,,,Pump Station,1,1,1,08/02/2023 02:51:18 PM +0000,BFORD,0,,,ACT,,,,,,,,0,,,,,,,,,,,,,Storm Station,,298447,2204782,101,Valleybrook Circle,,,"No structure, exterior control panel.",1999,Ground Level,Storm Water,NA,NA,NA,EPB,Yes,NA,Portable Generator,3/480,NA,NA,3,2,Flygt,Submersible Vertical Centrifugal,1000,Precast Concrete pipe,"8' x 8'  x 7'-9""",,NA,North Chickamauga Creek,NA,NA,STORM STATION VALLEYBROOK,North Chick Creek 3,,,,,,,,,,,,,,,,,,,,,,,,,,,,,,,,,,,,,,{ECB24495-0F79-4CEA-86EF-35608A2FEDB2},1,,,,,4,,"https://www.google.com/maps/dir/Current+Location/35.151716,-85.209615",https://drive.google.com/drive/folders/1IBMMXIWFOOL7-KYx4qwpFhuNYn4FPugU?usp=sharing
POINT (-85.253851869044 35.107882329835),1095,DMS,,,,,,1,1,1,08/02/2023 02:51:18 PM +0000,BFORD,0,,,,,,,,,,,,,,,,,,,,,,,,Regulator Station,,,,,,,,,,,,,,,,,,,,,,,,,,,,,,,,,,DUPONT METER STATION,,,,,,,,,,,,,,,,,,,,,,,,,,,,,,,,,,,,,,,{63A0C8BE-00E4-4DB5-8CE6-6506686A5C5D},1,GIS_ADMIN,06/21/2017 01:17:50 PM +0000,,,6,https://drive.google.com/file/d/1KVT1I6Gk3xvJogJBKLDhConlJuU44s2U/view?usp=sharing,"https://www.google.com/maps/dir/Current+Location/35.1120771815879,-85.2518223744175",https://drive.google.com/drive/folders/1Uf-Lb4z6dUru-TIuLobl30yxmp9OSmG7?usp=sharing
POINT (-85.312245560256 35.056253337513),276,RSCSO,,101 RIVERFRONT PARKWAY,,,Storage Basin,1,1,1,08/02/2023 02:31:32 PM +0000,BFORD,0,,SD135K,,Combined,,,,,SD135K,,,,,,,,,,,,,,,CSO,,,,101,Riverfront Parkway,RSCSO,,,,,,,,,,,,,,,,,,,,,,,,,,,,ROSS LANDING CSO,CSO 2,,,,,,,,,,,,,,,,,,,,,,,,,,,,,,,,,,,,,,{B976CC05-E6F9-4FF4-988A-5CFCDCE7ABD6},1,GIS_ADMIN,05/31/2016 02:32:16 PM +0000,GIS_ADMIN,06/06/2016 02:07:07 PM +0000,3,https://drive.google.com/file/d/1IuW0DJ6rAanpTyArVYam78sMzkQLWjAZ/view?usp=sharing,"https://www.google.com/maps/dir/Current+Location/35.056253,-85.312246",https://drive.google.com/drive/folders/1XW2ONkZ0Ic-Y8MEiORVxSJRpibRq1Zst?usp=sharing
POINT (-85.254249857373 35.107716566025),679,DPPS,,1550 ELM ST,,,Pump Station,1,1,1,08/15/2023 03:40:16 PM +0000,BFORD,0,,S118E999,ABN,,,,,,S118E999,,0,,,,,,,,,,,,Pump Station was demolished and relocated  Contract W-12-026-203,Pump Station,40F,282738,2191558,1550,ELM ST,,,"Custom Built Pump Station, Control Room And Wetwell",1995,Ground Level,Domestic & Industrial,Hixson Utility,"3""",Yes,EPB,Yes,NA,Portable Generator,3/480,Magnetic,Fischer Porter,13,3,KSB,Submersible Sewage Pump,4500,Custom Built,"22'-8"" X  34'-8"" X  20'-6""",640,Manhole in Elm Street near diversion box,Tennessee River,Junction Chamber in Heritage Landing on Constitution Dr,MBWWTP,Dupont PS,Tennessee River 9,,,P:\2009_Projects\09004_Chatt_SA\GIS\Tenn_River\Photos_TNB_MC\Resized\S118E999.jpg,,,,,,TS,,,,,,,,660.93,,,,20.1,,,,,,,,LIGHT,,,SSS,12/08/2010 12:00:00 AM +0000,,SO Tennessee River Part B,,118E,{8ABC799D-BFE0-45A2-9593-E9617C1BFCD4},0,,,,,1,https://drive.google.com/file/d/1RJlkA50nYuseYPwRyNzeuNSQJUrD6QSE/view?usp=sharing,"https://www.google.com/maps/dir/Current+Location/35.107717,-85.25425",https://drive.google.com/drive/folders/19qRSlkTGVBOfvZAuFgMD-OVjXn-V2qAn?usp=sharing
