Branch Name,Report Month,Report Year,Circulation Category,Circulation Count,Report Date,Fiscal Year
Downtown,July,2021,Adult,6987,07/01/2021 12:00:00 AM,2022
Downtown,August,2021,Adult,7011,08/01/2021 12:00:00 AM,2022
Downtown,September,2021,Adult,6458,09/01/2021 12:00:00 AM,2022
Downtown,October,2021,Adult,6818,10/01/2021 12:00:00 AM,2022
Downtown,November,2021,Adult,6999,11/01/2021 12:00:00 AM,2022
Downtown,December,2021,Adult,6841,12/01/2021 12:00:00 AM,2022
Downtown,January,2022,Adult,8075,01/01/2022 12:00:00 AM,2022
Downtown,February,2022,Adult,7446,02/01/2022 12:00:00 AM,2022
Downtown,March,2022,Adult,8189,03/01/2022 12:00:00 AM,2022
Downtown,April,2022,Adult,7789,04/01/2022 12:00:00 AM,2022
Downtown,May,2022,Adult,8221,05/01/2022 12:00:00 AM,2022
Downtown,June,2022,Adult,9122,06/01/2022 12:00:00 AM,2022
Downtown,July,2021,AV,2926,07/01/2021 12:00:00 AM,2022
Downtown,August,2021,AV,3089,08/01/2021 12:00:00 AM,2022
Downtown,September,2021,AV,3385,09/01/2021 12:00:00 AM,2022
Downtown,October,2021,AV,2746,10/01/2021 12:00:00 AM,2022
Downtown,November,2021,AV,2873,11/01/2021 12:00:00 AM,2022
Downtown,December,2021,AV,2479,12/01/2021 12:00:00 AM,2022
Downtown,January,2022,AV,2126,01/01/2022 12:00:00 AM,2022
Downtown,February,2022,AV,2195,02/01/2022 12:00:00 AM,2022
Downtown,March,2022,AV,2103,03/01/2022 12:00:00 AM,2022
Downtown,April,2022,AV,2033,04/01/2022 12:00:00 AM,2022
Downtown,May,2022,AV,2432,05/01/2022 12:00:00 AM,2022
Downtown,June,2022,AV,2706,06/01/2022 12:00:00 AM,2022
Downtown,July,2021,Juvenile,18416,07/01/2021 12:00:00 AM,2022
Downtown,August,2021,Juvenile,16999,08/01/2021 12:00:00 AM,2022
Downtown,September,2021,Juvenile,17053,09/01/2021 12:00:00 AM,2022
Downtown,October,2021,Juvenile,16833,10/01/2021 12:00:00 AM,2022
Downtown,November,2021,Juvenile,17662,11/01/2021 12:00:00 AM,2022
Downtown,December,2021,Juvenile,16471,12/01/2021 12:00:00 AM,2022
Downtown,January,2022,Juvenile,18588,01/01/2022 12:00:00 AM,2022
Downtown,February,2022,Juvenile,18310,02/01/2022 12:00:00 AM,2022
Downtown,March,2022,Juvenile,22025,03/01/2022 12:00:00 AM,2022
Downtown,April,2022,Juvenile,19638,04/01/2022 12:00:00 AM,2022
Downtown,May,2022,Juvenile,21355,05/01/2022 12:00:00 AM,2022
Downtown,June,2022,Juvenile,23888,06/01/2022 12:00:00 AM,2022
Downtown,July,2021,Teen,1666,07/01/2021 12:00:00 AM,2022
Downtown,August,2021,Teen,1624,08/01/2021 12:00:00 AM,2022
Downtown,September,2021,Teen,1430,09/01/2021 12:00:00 AM,2022
Downtown,October,2021,Teen,1657,10/01/2021 12:00:00 AM,2022
Downtown,November,2021,Teen,1516,11/01/2021 12:00:00 AM,2022
Downtown,December,2021,Teen,1588,12/01/2021 12:00:00 AM,2022
Downtown,January,2022,Teen,1914,01/01/2022 12:00:00 AM,2022
Downtown,February,2022,Teen,1561,02/01/2022 12:00:00 AM,2022
Downtown,March,2022,Teen,1830,03/01/2022 12:00:00 AM,2022
Downtown,April,2022,Teen,1700,04/01/2022 12:00:00 AM,2022
Downtown,May,2022,Teen,1956,05/01/2022 12:00:00 AM,2022
Downtown,June,2022,Teen,2248,06/01/2022 12:00:00 AM,2022
Eastgate,January,2022,Adult,3098,01/01/2022 12:00:00 AM,2022
Eastgate,February,2022,Adult,2908,02/01/2022 12:00:00 AM,2022
Eastgate,March,2022,Adult,3254,03/01/2022 12:00:00 AM,2022
Eastgate,April,2022,Adult,3014,04/01/2022 12:00:00 AM,2022
Eastgate,May,2022,Adult,2928,05/01/2022 12:00:00 AM,2022
Eastgate,June,2022,Adult,2935,06/01/2022 12:00:00 AM,2022
Eastgate,July,2021,Adult,3373,07/01/2021 12:00:00 AM,2022
Eastgate,August,2021,Adult,3510,08/01/2021 12:00:00 AM,2022
Eastgate,September,2021,Adult,3479,09/01/2021 12:00:00 AM,2022
Eastgate,October,2021,Adult,3634,10/01/2021 12:00:00 AM,2022
Eastgate,November,2021,Adult,3359,11/01/2021 12:00:00 AM,2022
Eastgate,December,2021,Adult,3108,12/01/2021 12:00:00 AM,2022
Eastgate,January,2022,AV,1068,01/01/2022 12:00:00 AM,2022
Eastgate,February,2022,AV,898,02/01/2022 12:00:00 AM,2022
Eastgate,March,2022,AV,1039,03/01/2022 12:00:00 AM,2022
Eastgate,April,2022,AV,894,04/01/2022 12:00:00 AM,2022
Eastgate,May,2022,AV,996,05/01/2022 12:00:00 AM,2022
Eastgate,June,2022,AV,914,06/01/2022 12:00:00 AM,2022
Eastgate,July,2021,AV,1829,07/01/2021 12:00:00 AM,2022
Eastgate,August,2021,AV,1668,08/01/2021 12:00:00 AM,2022
Eastgate,September,2021,AV,1529,09/01/2021 12:00:00 AM,2022
Eastgate,October,2021,AV,1498,10/01/2021 12:00:00 AM,2022
Eastgate,November,2021,AV,1468,11/01/2021 12:00:00 AM,2022
Eastgate,December,2021,AV,1114,12/01/2021 12:00:00 AM,2022
Eastgate,January,2022,Juvenile,5106,01/01/2022 12:00:00 AM,2022
Eastgate,February,2022,Juvenile,4943,02/01/2022 12:00:00 AM,2022
Eastgate,March,2022,Juvenile,5328,03/01/2022 12:00:00 AM,2022
Eastgate,April,2022,Juvenile,5425,04/01/2022 12:00:00 AM,2022
Eastgate,May,2022,Juvenile,5623,05/01/2022 12:00:00 AM,2022
Eastgate,June,2022,Juvenile,6458,06/01/2022 12:00:00 AM,2022
Eastgate,July,2021,Juvenile,6979,07/01/2021 12:00:00 AM,2022
Eastgate,August,2021,Juvenile,7454,08/01/2021 12:00:00 AM,2022
Eastgate,September,2021,Juvenile,6338,09/01/2021 12:00:00 AM,2022
Eastgate,October,2021,Juvenile,6653,10/01/2021 12:00:00 AM,2022
Eastgate,November,2021,Juvenile,5703,11/01/2021 12:00:00 AM,2022
Eastgate,December,2021,Juvenile,4665,12/01/2021 12:00:00 AM,2022
Eastgate,January,2022,Teen,550,01/01/2022 12:00:00 AM,2022
Eastgate,February,2022,Teen,460,02/01/2022 12:00:00 AM,2022
Eastgate,March,2022,Teen,527,03/01/2022 12:00:00 AM,2022
Eastgate,April,2022,Teen,493,04/01/2022 12:00:00 AM,2022
Eastgate,May,2022,Teen,695,05/01/2022 12:00:00 AM,2022
Eastgate,June,2022,Teen,647,06/01/2022 12:00:00 AM,2022
Eastgate,July,2021,Teen,922,07/01/2021 12:00:00 AM,2022
Eastgate,August,2021,Teen,730,08/01/2021 12:00:00 AM,2022
Eastgate,September,2021,Teen,523,09/01/2021 12:00:00 AM,2022
Eastgate,October,2021,Teen,526,10/01/2021 12:00:00 AM,2022
Eastgate,November,2021,Teen,400,11/01/2021 12:00:00 AM,2022
Eastgate,December,2021,Teen,394,12/01/2021 12:00:00 AM,2022
Northgate,January,2022,Adult,6456,01/01/2022 12:00:00 AM,2022
Northgate,February,2022,Adult,6023,02/01/2022 12:00:00 AM,2022
Northgate,March,2022,Adult,6333,03/01/2022 12:00:00 AM,2022
Northgate,April,2022,Adult,5650,04/01/2022 12:00:00 AM,2022
Northgate,May,2022,Adult,5894,05/01/2022 12:00:00 AM,2022
Northgate,June,2022,Adult,6338,06/01/2022 12:00:00 AM,2022
Northgate,July,2021,Adult,6955,07/01/2021 12:00:00 AM,2022
Northgate,August,2021,Adult,6475,08/01/2021 12:00:00 AM,2022
Northgate,September,2021,Adult,6196,09/01/2021 12:00:00 AM,2022
Northgate,October,2021,Adult,6400,10/01/2021 12:00:00 AM,2022
Northgate,November,2021,Adult,5764,11/01/2021 12:00:00 AM,2022
Northgate,December,2021,Adult,5759,12/01/2021 12:00:00 AM,2022
Northgate,January,2022,AV,1881,01/01/2022 12:00:00 AM,2022
Northgate,February,2022,AV,1610,02/01/2022 12:00:00 AM,2022
Northgate,March,2022,AV,1784,03/01/2022 12:00:00 AM,2022
Northgate,April,2022,AV,1655,04/01/2022 12:00:00 AM,2022
Northgate,May,2022,AV,1700,05/01/2022 12:00:00 AM,2022
Northgate,June,2022,AV,1848,06/01/2022 12:00:00 AM,2022
Northgate,July,2021,AV,2481,07/01/2021 12:00:00 AM,2022
Northgate,August,2021,AV,2308,08/01/2021 12:00:00 AM,2022
Northgate,September,2021,AV,2372,09/01/2021 12:00:00 AM,2022
Northgate,October,2021,AV,2386,10/01/2021 12:00:00 AM,2022
Northgate,November,2021,AV,2086,11/01/2021 12:00:00 AM,2022
Northgate,December,2021,AV,1968,12/01/2021 12:00:00 AM,2022
Northgate,January,2022,Juvenile,11262,01/01/2022 12:00:00 AM,2022
Northgate,February,2022,Juvenile,11143,02/01/2022 12:00:00 AM,2022
Northgate,March,2022,Juvenile,11936,03/01/2022 12:00:00 AM,2022
Northgate,April,2022,Juvenile,9690,04/01/2022 12:00:00 AM,2022
Northgate,May,2022,Juvenile,10246,05/01/2022 12:00:00 AM,2022
Northgate,June,2022,Juvenile,12203,06/01/2022 12:00:00 AM,2022
Northgate,July,2021,Juvenile,12373,07/01/2021 12:00:00 AM,2022
Northgate,August,2021,Juvenile,11554,08/01/2021 12:00:00 AM,2022
Northgate,September,2021,Juvenile,11315,09/01/2021 12:00:00 AM,2022
Northgate,October,2021,Juvenile,11670,10/01/2021 12:00:00 AM,2022
Northgate,November,2021,Juvenile,10865,11/01/2021 12:00:00 AM,2022
Northgate,December,2021,Juvenile,9842,12/01/2021 12:00:00 AM,2022
Northgate,January,2022,Teen,1102,01/01/2022 12:00:00 AM,2022
Northgate,February,2022,Teen,1035,02/01/2022 12:00:00 AM,2022
Northgate,March,2022,Teen,1030,03/01/2022 12:00:00 AM,2022
Northgate,April,2022,Teen,919,04/01/2022 12:00:00 AM,2022
Northgate,May,2022,Teen,1073,05/01/2022 12:00:00 AM,2022
Northgate,June,2022,Teen,1219,06/01/2022 12:00:00 AM,2022
Northgate,July,2021,Teen,1424,07/01/2021 12:00:00 AM,2022
Northgate,August,2021,Teen,1229,08/01/2021 12:00:00 AM,2022
Northgate,September,2021,Teen,1130,09/01/2021 12:00:00 AM,2022
Northgate,October,2021,Teen,1135,10/01/2021 12:00:00 AM,2022
Northgate,November,2021,Teen,1079,11/01/2021 12:00:00 AM,2022
Northgate,December,2021,Teen,988,12/01/2021 12:00:00 AM,2022
Avondale,January,2022,Adult,74,01/01/2022 12:00:00 AM,2022
Avondale,February,2022,Adult,52,02/01/2022 12:00:00 AM,2022
Avondale,March,2022,Adult,66,03/01/2022 12:00:00 AM,2022
Avondale,April,2022,Adult,39,04/01/2022 12:00:00 AM,2022
Avondale,May,2022,Adult,64,05/01/2022 12:00:00 AM,2022
Avondale,June,2022,Adult,72,06/01/2022 12:00:00 AM,2022
Avondale,July,2021,Adult,0,07/01/2021 12:00:00 AM,2022
Avondale,August,2021,Adult,0,08/01/2021 12:00:00 AM,2022
Avondale,September,2021,Adult,0,09/01/2021 12:00:00 AM,2022
Avondale,October,2021,Adult,0,10/01/2021 12:00:00 AM,2022
Avondale,November,2021,Adult,33,11/01/2021 12:00:00 AM,2022
Avondale,December,2021,Adult,45,12/01/2021 12:00:00 AM,2022
Avondale,January,2022,AV,2,01/01/2022 12:00:00 AM,2022
Avondale,February,2022,AV,7,02/01/2022 12:00:00 AM,2022
Avondale,March,2022,AV,27,03/01/2022 12:00:00 AM,2022
Avondale,April,2022,AV,19,04/01/2022 12:00:00 AM,2022
Avondale,May,2022,AV,67,05/01/2022 12:00:00 AM,2022
Avondale,June,2022,AV,41,06/01/2022 12:00:00 AM,2022
Avondale,July,2021,AV,7,07/01/2021 12:00:00 AM,2022
Avondale,August,2021,AV,0,08/01/2021 12:00:00 AM,2022
Avondale,September,2021,AV,6,09/01/2021 12:00:00 AM,2022
Avondale,October,2021,AV,0,10/01/2021 12:00:00 AM,2022
Avondale,November,2021,AV,2,11/01/2021 12:00:00 AM,2022
Avondale,December,2021,AV,0,12/01/2021 12:00:00 AM,2022
Avondale,January,2022,Juvenile,92,01/01/2022 12:00:00 AM,2022
Avondale,February,2022,Juvenile,52,02/01/2022 12:00:00 AM,2022
Avondale,March,2022,Juvenile,57,03/01/2022 12:00:00 AM,2022
Avondale,April,2022,Juvenile,39,04/01/2022 12:00:00 AM,2022
Avondale,May,2022,Juvenile,60,05/01/2022 12:00:00 AM,2022
Avondale,June,2022,Juvenile,102,06/01/2022 12:00:00 AM,2022
Avondale,July,2021,Juvenile,0,07/01/2021 12:00:00 AM,2022
Avondale,August,2021,Juvenile,0,08/01/2021 12:00:00 AM,2022
Avondale,September,2021,Juvenile,0,09/01/2021 12:00:00 AM,2022
Avondale,October,2021,Juvenile,0,10/01/2021 12:00:00 AM,2022
Avondale,November,2021,Juvenile,14,11/01/2021 12:00:00 AM,2022
Avondale,December,2021,Juvenile,25,12/01/2021 12:00:00 AM,2022
Avondale,January,2022,Teen,28,01/01/2022 12:00:00 AM,2022
Avondale,February,2022,Teen,36,02/01/2022 12:00:00 AM,2022
Avondale,March,2022,Teen,43,03/01/2022 12:00:00 AM,2022
Avondale,April,2022,Teen,16,04/01/2022 12:00:00 AM,2022
Avondale,May,2022,Teen,33,05/01/2022 12:00:00 AM,2022
Avondale,June,2022,Teen,29,06/01/2022 12:00:00 AM,2022
Avondale,July,2021,Teen,0,07/01/2021 12:00:00 AM,2022
Avondale,August,2021,Teen,0,08/01/2021 12:00:00 AM,2022
Avondale,September,2021,Teen,0,09/01/2021 12:00:00 AM,2022
Avondale,October,2021,Teen,0,10/01/2021 12:00:00 AM,2022
Avondale,November,2021,Teen,5,11/01/2021 12:00:00 AM,2022
Avondale,December,2021,Teen,18,12/01/2021 12:00:00 AM,2022
South Chatt,January,2022,Adult,1440,01/01/2022 12:00:00 AM,2022
South Chatt,February,2022,Adult,1404,02/01/2022 12:00:00 AM,2022
South Chatt,March,2022,Adult,1468,03/01/2022 12:00:00 AM,2022
South Chatt,April,2022,Adult,1342,04/01/2022 12:00:00 AM,2022
South Chatt,May,2022,Adult,1359,05/01/2022 12:00:00 AM,2022
South Chatt,June,2022,Adult,1284,06/01/2022 12:00:00 AM,2022
South Chatt,July,2021,Adult,1568,07/01/2021 12:00:00 AM,2022
South Chatt,August,2021,Adult,1664,08/01/2021 12:00:00 AM,2022
South Chatt,September,2021,Adult,1475,09/01/2021 12:00:00 AM,2022
South Chatt,October,2021,Adult,1537,10/01/2021 12:00:00 AM,2022
South Chatt,November,2021,Adult,1605,11/01/2021 12:00:00 AM,2022
South Chatt,December,2021,Adult,1295,12/01/2021 12:00:00 AM,2022
South Chatt,January,2022,AV,571,01/01/2022 12:00:00 AM,2022
South Chatt,February,2022,AV,547,02/01/2022 12:00:00 AM,2022
South Chatt,March,2022,AV,591,03/01/2022 12:00:00 AM,2022
South Chatt,April,2022,AV,471,04/01/2022 12:00:00 AM,2022
South Chatt,May,2022,AV,475,05/01/2022 12:00:00 AM,2022
South Chatt,June,2022,AV,524,06/01/2022 12:00:00 AM,2022
South Chatt,July,2021,AV,718,07/01/2021 12:00:00 AM,2022
South Chatt,August,2021,AV,778,08/01/2021 12:00:00 AM,2022
South Chatt,September,2021,AV,724,09/01/2021 12:00:00 AM,2022
South Chatt,October,2021,AV,833,10/01/2021 12:00:00 AM,2022
South Chatt,November,2021,AV,872,11/01/2021 12:00:00 AM,2022
South Chatt,December,2021,AV,735,12/01/2021 12:00:00 AM,2022
South Chatt,January,2022,Juvenile,3984,01/01/2022 12:00:00 AM,2022
South Chatt,February,2022,Juvenile,3848,02/01/2022 12:00:00 AM,2022
South Chatt,March,2022,Juvenile,4017,03/01/2022 12:00:00 AM,2022
South Chatt,April,2022,Juvenile,3615,04/01/2022 12:00:00 AM,2022
South Chatt,May,2022,Juvenile,3627,05/01/2022 12:00:00 AM,2022
South Chatt,June,2022,Juvenile,4344,06/01/2022 12:00:00 AM,2022
South Chatt,July,2021,Juvenile,4616,07/01/2021 12:00:00 AM,2022
South Chatt,August,2021,Juvenile,4447,08/01/2021 12:00:00 AM,2022
South Chatt,September,2021,Juvenile,3982,09/01/2021 12:00:00 AM,2022
South Chatt,October,2021,Juvenile,4902,10/01/2021 12:00:00 AM,2022
South Chatt,November,2021,Juvenile,4708,11/01/2021 12:00:00 AM,2022
South Chatt,December,2021,Juvenile,3489,12/01/2021 12:00:00 AM,2022
South Chatt,January,2022,Teen,249,01/01/2022 12:00:00 AM,2022
South Chatt,February,2022,Teen,174,02/01/2022 12:00:00 AM,2022
South Chatt,March,2022,Teen,266,03/01/2022 12:00:00 AM,2022
South Chatt,April,2022,Teen,196,04/01/2022 12:00:00 AM,2022
South Chatt,May,2022,Teen,187,05/01/2022 12:00:00 AM,2022
South Chatt,June,2022,Teen,254,06/01/2022 12:00:00 AM,2022
South Chatt,July,2021,Teen,277,07/01/2021 12:00:00 AM,2022
South Chatt,August,2021,Teen,321,08/01/2021 12:00:00 AM,2022
South Chatt,September,2021,Teen,214,09/01/2021 12:00:00 AM,2022
South Chatt,October,2021,Teen,344,10/01/2021 12:00:00 AM,2022
South Chatt,November,2021,Teen,330,11/01/2021 12:00:00 AM,2022
South Chatt,December,2021,Teen,232,12/01/2021 12:00:00 AM,2022
Avondale,January,2023,AV,,01/01/2023 12:00:00 AM,2023
Digital,January,2022,Hoopla: Audiobooks,3039,01/01/2022 12:00:00 AM,2022
Digital,February,2022,Hoopla: Audiobooks,3037,02/01/2022 12:00:00 AM,2022
Digital,March,2022,Hoopla: Audiobooks,2969,03/01/2022 12:00:00 AM,2022
Digital,April,2022,Hoopla: Audiobooks,3074,04/01/2022 12:00:00 AM,2022
Digital,May,2022,Hoopla: Audiobooks,3494,05/01/2022 12:00:00 AM,2022
Digital,June,2022,Hoopla: Audiobooks,3218,06/01/2022 12:00:00 AM,2022
Digital,July,2021,Hoopla: Audiobooks,2809,07/01/2021 12:00:00 AM,2022
Digital,August,2021,Hoopla: Audiobooks,3022,08/01/2021 12:00:00 AM,2022
Digital,September,2021,Hoopla: Audiobooks,2746,09/01/2021 12:00:00 AM,2022
Digital,October,2021,Hoopla: Audiobooks,2706,10/01/2021 12:00:00 AM,2022
Digital,November,2021,Hoopla: Audiobooks,2966,11/01/2021 12:00:00 AM,2022
Digital,December,2021,Hoopla: Audiobooks,2802,12/01/2021 12:00:00 AM,2022
Digital,January,2022,Hoopla: Comics,219,01/01/2022 12:00:00 AM,2022
Digital,February,2022,Hoopla: Comics,291,02/01/2022 12:00:00 AM,2022
Digital,March,2022,Hoopla: Comics,1345,03/01/2022 12:00:00 AM,2022
Digital,April,2022,Hoopla: Comics,195,04/01/2022 12:00:00 AM,2022
Digital,May,2022,Hoopla: Comics,287,05/01/2022 12:00:00 AM,2022
Digital,June,2022,Hoopla: Comics,203,06/01/2022 12:00:00 AM,2022
Digital,July,2021,Hoopla: Comics,230,07/01/2021 12:00:00 AM,2022
Digital,August,2021,Hoopla: Comics,296,08/01/2021 12:00:00 AM,2022
Digital,September,2021,Hoopla: Comics,201,09/01/2021 12:00:00 AM,2022
Digital,October,2021,Hoopla: Comics,149,10/01/2021 12:00:00 AM,2022
Digital,November,2021,Hoopla: Comics,238,11/01/2021 12:00:00 AM,2022
Digital,December,2021,Hoopla: Comics,169,12/01/2021 12:00:00 AM,2022
Digital,January,2022,Hoopla: Ebook,1367,01/01/2022 12:00:00 AM,2022
Digital,February,2022,Hoopla: Ebook,1356,02/01/2022 12:00:00 AM,2022
Digital,March,2022,Hoopla: Ebook,187,03/01/2022 12:00:00 AM,2022
Digital,April,2022,Hoopla: Ebook,1283,04/01/2022 12:00:00 AM,2022
Digital,May,2022,Hoopla: Ebook,1538,05/01/2022 12:00:00 AM,2022
Digital,June,2022,Hoopla: Ebook,1335,06/01/2022 12:00:00 AM,2022
Digital,July,2021,Hoopla: Ebook,1433,07/01/2021 12:00:00 AM,2022
Digital,August,2021,Hoopla: Ebook,1517,08/01/2021 12:00:00 AM,2022
Digital,September,2021,Hoopla: Ebook,1295,09/01/2021 12:00:00 AM,2022
Digital,October,2021,Hoopla: Ebook,1305,10/01/2021 12:00:00 AM,2022
Digital,November,2021,Hoopla: Ebook,1273,11/01/2021 12:00:00 AM,2022
Digital,December,2021,Hoopla: Ebook,1164,12/01/2021 12:00:00 AM,2022
Digital,January,2022,Hoopla: Movies/TV,375,01/01/2022 12:00:00 AM,2022
Digital,February,2022,Hoopla: Movies/TV,457,02/01/2022 12:00:00 AM,2022
Digital,March,2022,Hoopla: Movies/TV,366,03/01/2022 12:00:00 AM,2022
Digital,April,2022,Hoopla: Movies/TV,379,04/01/2022 12:00:00 AM,2022
Digital,May,2022,Hoopla: Movies/TV,670,05/01/2022 12:00:00 AM,2022
Digital,June,2022,Hoopla: Movies/TV,374,06/01/2022 12:00:00 AM,2022
Digital,July,2021,Hoopla: Movies/TV,422,07/01/2021 12:00:00 AM,2022
Digital,August,2021,Hoopla: Movies/TV,608,08/01/2021 12:00:00 AM,2022
Digital,September,2021,Hoopla: Movies/TV,372,09/01/2021 12:00:00 AM,2022
Digital,October,2021,Hoopla: Movies/TV,421,10/01/2021 12:00:00 AM,2022
Digital,November,2021,Hoopla: Movies/TV,361,11/01/2021 12:00:00 AM,2022
Digital,December,2021,Hoopla: Movies/TV,344,12/01/2021 12:00:00 AM,2022
Digital,January,2022,Hoopla: Music,55,01/01/2022 12:00:00 AM,2022
Digital,February,2022,Hoopla: Music,75,02/01/2022 12:00:00 AM,2022
Digital,March,2022,Hoopla: Music,50,03/01/2022 12:00:00 AM,2022
Digital,April,2022,Hoopla: Music,98,04/01/2022 12:00:00 AM,2022
Digital,May,2022,Hoopla: Music,95,05/01/2022 12:00:00 AM,2022
Digital,June,2022,Hoopla: Music,80,06/01/2022 12:00:00 AM,2022
Digital,July,2021,Hoopla: Music,87,07/01/2021 12:00:00 AM,2022
Digital,August,2021,Hoopla: Music,76,08/01/2021 12:00:00 AM,2022
Digital,September,2021,Hoopla: Music,85,09/01/2021 12:00:00 AM,2022
Digital,October,2021,Hoopla: Music,85,10/01/2021 12:00:00 AM,2022
Digital,November,2021,Hoopla: Music,79,11/01/2021 12:00:00 AM,2022
Digital,December,2021,Hoopla: Music,88,12/01/2021 12:00:00 AM,2022
Digital,January,2022,Overdrive Audio,7092,01/01/2022 12:00:00 AM,2022
Digital,February,2022,Overdrive Audio,6347,02/01/2022 12:00:00 AM,2022
Digital,March,2022,Overdrive Audio,7288,03/01/2022 12:00:00 AM,2022
Digital,April,2022,Overdrive Audio,7227,04/01/2022 12:00:00 AM,2022
Digital,May,2022,Overdrive Audio,7926,05/01/2022 12:00:00 AM,2022
Digital,June,2022,Overdrive Audio,8180,06/01/2022 12:00:00 AM,2022
Digital,July,2021,Overdrive Audio,6153,07/01/2021 12:00:00 AM,2022
Digital,August,2021,Overdrive Audio,6121,08/01/2021 12:00:00 AM,2022
Digital,September,2021,Overdrive Audio,5848,09/01/2021 12:00:00 AM,2022
Digital,October,2021,Overdrive Audio,6312,10/01/2021 12:00:00 AM,2022
Digital,November,2021,Overdrive Audio,6215,11/01/2021 12:00:00 AM,2022
Digital,December,2021,Overdrive Audio,6460,12/01/2021 12:00:00 AM,2022
Digital,January,2022,Overdrive Ebook,9510,01/01/2022 12:00:00 AM,2022
Digital,February,2022,Overdrive Ebook,7691,02/01/2022 12:00:00 AM,2022
Digital,March,2022,Overdrive Ebook,8233,03/01/2022 12:00:00 AM,2022
Digital,April,2022,Overdrive Ebook,7833,04/01/2022 12:00:00 AM,2022
Digital,May,2022,Overdrive Ebook,8606,05/01/2022 12:00:00 AM,2022
Digital,June,2022,Overdrive Ebook,8473,06/01/2022 12:00:00 AM,2022
Digital,July,2021,Overdrive Ebook,6896,07/01/2021 12:00:00 AM,2022
Digital,August,2021,Overdrive Ebook,7324,08/01/2021 12:00:00 AM,2022
Digital,September,2021,Overdrive Ebook,7552,09/01/2021 12:00:00 AM,2022
Digital,October,2021,Overdrive Ebook,7769,10/01/2021 12:00:00 AM,2022
Digital,November,2021,Overdrive Ebook,7980,11/01/2021 12:00:00 AM,2022
Digital,December,2021,Overdrive Ebook,7717,12/01/2021 12:00:00 AM,2022
Avondale,July,2022,Adult,73,07/01/2022 12:00:00 AM,2023
Avondale,July,2022,AV,24,07/01/2022 12:00:00 AM,2023
Avondale,July,2022,Juvenile,53,07/01/2022 12:00:00 AM,2023
Avondale,July,2022,Teen,19,07/01/2022 12:00:00 AM,2023
Avondale,August,2022,Adult,79,08/01/2022 12:00:00 AM,2023
Avondale,August,2022,AV,36,08/01/2022 12:00:00 AM,2023
Avondale,August,2022,Juvenile,104,08/01/2022 12:00:00 AM,2023
Avondale,August,2022,Teen,31,08/01/2022 12:00:00 AM,2023
Avondale,September,2022,Adult,,09/01/2022 12:00:00 AM,2023
Avondale,September,2022,AV,,09/01/2022 12:00:00 AM,2023
Avondale,September,2022,Juvenile,,09/01/2022 12:00:00 AM,2023
Avondale,September,2022,Teen,,09/01/2022 12:00:00 AM,2023
Avondale,October,2022,Adult,,10/01/2022 12:00:00 AM,2023
Avondale,October,2022,AV,,10/01/2022 12:00:00 AM,2023
Avondale,October,2022,Juvenile,,10/01/2022 12:00:00 AM,2023
Avondale,October,2022,Teen,,10/01/2022 12:00:00 AM,2023
Avondale,November,2022,Adult,,11/01/2022 12:00:00 AM,2023
Avondale,November,2022,AV,,11/01/2022 12:00:00 AM,2023
Avondale,November,2022,Juvenile,,11/01/2022 12:00:00 AM,2023
Avondale,November,2022,Teen,,11/01/2022 12:00:00 AM,2023
Avondale,December,2022,Adult,,12/01/2022 12:00:00 AM,2023
Avondale,December,2022,AV,,12/01/2022 12:00:00 AM,2023
Avondale,December,2022,Juvenile,,12/01/2022 12:00:00 AM,2023
Avondale,December,2022,Teen,,12/01/2022 12:00:00 AM,2023
Avondale,January,2023,Adult,,01/01/2023 12:00:00 AM,2023
Avondale,January,2023,Juvenile,,01/01/2023 12:00:00 AM,2023
Avondale,January,2023,Teen,,01/01/2023 12:00:00 AM,2023
Avondale,February,2023,Adult,,02/01/2023 12:00:00 AM,2023
Avondale,February,2023,AV,,02/01/2023 12:00:00 AM,2023
Avondale,February,2023,Juvenile,,02/01/2023 12:00:00 AM,2023
Avondale,February,2023,Teen,,02/01/2023 12:00:00 AM,2023
Avondale,March,2023,Adult,,03/01/2023 12:00:00 AM,2023
Avondale,March,2023,AV,,03/01/2023 12:00:00 AM,2023
Avondale,March,2023,Juvenile,,03/01/2023 12:00:00 AM,2023
Avondale,March,2023,Teen,,03/01/2023 12:00:00 AM,2023
Avondale,April,2023,Adult,,04/01/2023 12:00:00 AM,2023
Avondale,April,2023,AV,,04/01/2023 12:00:00 AM,2023
Avondale,April,2023,Juvenile,,04/01/2023 12:00:00 AM,2023
Avondale,April,2023,Teen,,04/01/2023 12:00:00 AM,2023
Avondale,May,2023,Adult,,05/01/2023 12:00:00 AM,2023
Avondale,May,2023,AV,,05/01/2023 12:00:00 AM,2023
Avondale,May,2023,Juvenile,,05/01/2023 12:00:00 AM,2023
Avondale,May,2023,Teen,,05/01/2023 12:00:00 AM,2023
Avondale,June,2023,Adult,,06/01/2023 12:00:00 AM,2023
Avondale,June,2023,AV,,06/01/2023 12:00:00 AM,2023
Avondale,June,2023,Juvenile,,06/01/2023 12:00:00 AM,2023
Avondale,June,2023,Teen,,06/01/2023 12:00:00 AM,2023
Digital,July,2022,Hoopla: Audiobooks,3356,07/01/2022 12:00:00 AM,2023
Digital,July,2022,Hoopla: Comics,244,07/01/2022 12:00:00 AM,2023
Digital,July,2022,Hoopla: Ebook,1520,07/01/2022 12:00:00 AM,2023
Digital,July,2022,Hoopla: Movies/TV,427,07/01/2022 12:00:00 AM,2023
Digital,July,2022,Hoopla: Music,79,07/01/2022 12:00:00 AM,2023
Digital,July,2022,Overdrive Audio,8729,07/01/2022 12:00:00 AM,2023
Digital,July,2022,Overdrive Ebook,9034,07/01/2022 12:00:00 AM,2023
Digital,August,2022,Hoopla: Audiobooks,3743,08/01/2022 12:00:00 AM,2023
Digital,August,2022,Hoopla: Comics,398,08/01/2022 12:00:00 AM,2023
Digital,August,2022,Hoopla: Ebook,1520,08/01/2022 12:00:00 AM,2023
Digital,August,2022,Hoopla: Movies/TV,673,08/01/2022 12:00:00 AM,2023
Digital,August,2022,Hoopla: Music,79,08/01/2022 12:00:00 AM,2023
Digital,August,2022,Overdrive Audio,9042,08/01/2022 12:00:00 AM,2023
Digital,August,2022,Overdrive Ebook,8770,08/01/2022 12:00:00 AM,2023
Digital,September,2022,Hoopla: Audiobooks,,09/01/2022 12:00:00 AM,2023
Digital,September,2022,Hoopla: Comics,,09/01/2022 12:00:00 AM,2023
Digital,September,2022,Hoopla: Ebook,,09/01/2022 12:00:00 AM,2023
Digital,September,2022,Hoopla: Movies/TV,,09/01/2022 12:00:00 AM,2023
Digital,September,2022,Hoopla: Music,,09/01/2022 12:00:00 AM,2023
Digital,September,2022,Overdrive Audio,,09/01/2022 12:00:00 AM,2023
Digital,September,2022,Overdrive Ebook,,09/01/2022 12:00:00 AM,2023
Digital,October,2022,Hoopla: Audiobooks,,10/01/2022 12:00:00 AM,2023
Digital,October,2022,Hoopla: Comics,,10/01/2022 12:00:00 AM,2023
Digital,October,2022,Hoopla: Ebook,,10/01/2022 12:00:00 AM,2023
Digital,October,2022,Hoopla: Movies/TV,,10/01/2022 12:00:00 AM,2023
Digital,October,2022,Hoopla: Music,,10/01/2022 12:00:00 AM,2023
Digital,October,2022,Overdrive Audio,,10/01/2022 12:00:00 AM,2023
Digital,October,2022,Overdrive Ebook,,10/01/2022 12:00:00 AM,2023
Digital,November,2022,Hoopla: Audiobooks,,11/01/2022 12:00:00 AM,2023
Digital,November,2022,Hoopla: Comics,,11/01/2022 12:00:00 AM,2023
Digital,November,2022,Hoopla: Ebook,,11/01/2022 12:00:00 AM,2023
Digital,November,2022,Hoopla: Movies/TV,,11/01/2022 12:00:00 AM,2023
Digital,November,2022,Hoopla: Music,,11/01/2022 12:00:00 AM,2023
Digital,November,2022,Overdrive Audio,,11/01/2022 12:00:00 AM,2023
Digital,November,2022,Overdrive Ebook,,11/01/2022 12:00:00 AM,2023
Digital,December,2022,Hoopla: Audiobooks,,12/01/2022 12:00:00 AM,2023
Digital,December,2022,Hoopla: Comics,,12/01/2022 12:00:00 AM,2023
Digital,December,2022,Hoopla: Ebook,,12/01/2022 12:00:00 AM,2023
Digital,December,2022,Hoopla: Movies/TV,,12/01/2022 12:00:00 AM,2023
Digital,December,2022,Hoopla: Music,,12/01/2022 12:00:00 AM,2023
Digital,December,2022,Overdrive Audio,,12/01/2022 12:00:00 AM,2023
Digital,December,2022,Overdrive Ebook,,12/01/2022 12:00:00 AM,2023
Digital,January,2023,Hoopla: Audiobooks,,01/01/2023 12:00:00 AM,2023
Digital,January,2023,Hoopla: Comics,,01/01/2023 12:00:00 AM,2023
Digital,January,2023,Hoopla: Ebook,,01/01/2023 12:00:00 AM,2023
Digital,January,2023,Hoopla: Movies/TV,,01/01/2023 12:00:00 AM,2023
Digital,January,2023,Hoopla: Music,,01/01/2023 12:00:00 AM,2023
Digital,January,2023,Overdrive Audio,,01/01/2023 12:00:00 AM,2023
Digital,January,2023,Overdrive Ebook,,01/01/2023 12:00:00 AM,2023
Digital,February,2023,Hoopla: Audiobooks,,02/01/2023 12:00:00 AM,2023
Digital,February,2023,Hoopla: Comics,,02/01/2023 12:00:00 AM,2023
Digital,February,2023,Hoopla: Ebook,,02/01/2023 12:00:00 AM,2023
Digital,February,2023,Hoopla: Movies/TV,,02/01/2023 12:00:00 AM,2023
Digital,February,2023,Hoopla: Music,,02/01/2023 12:00:00 AM,2023
Digital,February,2023,Overdrive Audio,,02/01/2023 12:00:00 AM,2023
Digital,February,2023,Overdrive Ebook,,02/01/2023 12:00:00 AM,2023
Digital,March,2023,Hoopla: Audiobooks,,03/01/2023 12:00:00 AM,2023
Digital,March,2023,Hoopla: Comics,,03/01/2023 12:00:00 AM,2023
Digital,March,2023,Hoopla: Ebook,,03/01/2023 12:00:00 AM,2023
Digital,March,2023,Hoopla: Movies/TV,,03/01/2023 12:00:00 AM,2023
Digital,March,2023,Hoopla: Music,,03/01/2023 12:00:00 AM,2023
Digital,March,2023,Overdrive Audio,,03/01/2023 12:00:00 AM,2023
Digital,March,2023,Overdrive Ebook,,03/01/2023 12:00:00 AM,2023
Digital,April,2023,Hoopla: Audiobooks,,04/01/2023 12:00:00 AM,2023
Digital,April,2023,Hoopla: Comics,,04/01/2023 12:00:00 AM,2023
Digital,April,2023,Hoopla: Ebook,,04/01/2023 12:00:00 AM,2023
Digital,April,2023,Hoopla: Movies/TV,,04/01/2023 12:00:00 AM,2023
Digital,April,2023,Hoopla: Music,,04/01/2023 12:00:00 AM,2023
Digital,April,2023,Overdrive Audio,,04/01/2023 12:00:00 AM,2023
Digital,April,2023,Overdrive Ebook,,04/01/2023 12:00:00 AM,2023
Digital,May,2023,Hoopla: Audiobooks,,05/01/2023 12:00:00 AM,2023
Digital,May,2023,Hoopla: Comics,,05/01/2023 12:00:00 AM,2023
Digital,May,2023,Hoopla: Ebook,,05/01/2023 12:00:00 AM,2023
Digital,May,2023,Hoopla: Movies/TV,,05/01/2023 12:00:00 AM,2023
Digital,May,2023,Hoopla: Music,,05/01/2023 12:00:00 AM,2023
Digital,May,2023,Overdrive Audio,,05/01/2023 12:00:00 AM,2023
Digital,May,2023,Overdrive Ebook,,05/01/2023 12:00:00 AM,2023
Digital,June,2023,Hoopla: Audiobooks,,06/01/2023 12:00:00 AM,2023
Digital,June,2023,Hoopla: Comics,,06/01/2023 12:00:00 AM,2023
Digital,June,2023,Hoopla: Ebook,,06/01/2023 12:00:00 AM,2023
Digital,June,2023,Hoopla: Movies/TV,,06/01/2023 12:00:00 AM,2023
Digital,June,2023,Hoopla: Music,,06/01/2023 12:00:00 AM,2023
Digital,June,2023,Overdrive Audio,,06/01/2023 12:00:00 AM,2023
Digital,June,2023,Overdrive Ebook,,06/01/2023 12:00:00 AM,2023
Downtown,July,2022,Adult,9300,07/01/2022 12:00:00 AM,2023
Downtown,July,2022,AV,2559,07/01/2022 12:00:00 AM,2023
Downtown,July,2022,Juvenile,25486,07/01/2022 12:00:00 AM,2023
Downtown,July,2022,Teen,2477,07/01/2022 12:00:00 AM,2023
Downtown,August,2022,Adult,9328,08/01/2022 12:00:00 AM,2023
Downtown,August,2022,AV,2602,08/01/2022 12:00:00 AM,2023
Downtown,August,2022,Juvenile,24000,08/01/2022 12:00:00 AM,2023
Downtown,August,2022,Teen,2045,08/01/2022 12:00:00 AM,2023
Downtown,September,2022,Adult,,09/01/2022 12:00:00 AM,2023
Downtown,September,2022,AV,,09/01/2022 12:00:00 AM,2023
Downtown,September,2022,Juvenile,,09/01/2022 12:00:00 AM,2023
Downtown,September,2022,Teen,,09/01/2022 12:00:00 AM,2023
Downtown,October,2022,Adult,,10/01/2022 12:00:00 AM,2023
Downtown,October,2022,AV,,10/01/2022 12:00:00 AM,2023
Downtown,October,2022,Juvenile,,10/01/2022 12:00:00 AM,2023
Downtown,October,2022,Teen,,10/01/2022 12:00:00 AM,2023
Downtown,November,2022,Adult,,11/01/2022 12:00:00 AM,2023
Downtown,November,2022,AV,,11/01/2022 12:00:00 AM,2023
Downtown,November,2022,Juvenile,,11/01/2022 12:00:00 AM,2023
Downtown,November,2022,Teen,,11/01/2022 12:00:00 AM,2023
Downtown,December,2022,Adult,,12/01/2022 12:00:00 AM,2023
Downtown,December,2022,AV,,12/01/2022 12:00:00 AM,2023
Downtown,December,2022,Juvenile,,12/01/2022 12:00:00 AM,2023
Downtown,December,2022,Teen,,12/01/2022 12:00:00 AM,2023
Downtown,January,2023,Adult,,01/01/2023 12:00:00 AM,2023
Downtown,January,2023,AV,,01/01/2023 12:00:00 AM,2023
Downtown,January,2023,Juvenile,,01/01/2023 12:00:00 AM,2023
Downtown,January,2023,Teen,,01/01/2023 12:00:00 AM,2023
Downtown,February,2023,Adult,,02/01/2023 12:00:00 AM,2023
Downtown,February,2023,AV,,02/01/2023 12:00:00 AM,2023
Downtown,February,2023,Juvenile,,02/01/2023 12:00:00 AM,2023
Downtown,February,2023,Teen,,02/01/2023 12:00:00 AM,2023
Downtown,March,2023,Adult,,03/01/2023 12:00:00 AM,2023
Downtown,March,2023,AV,,03/01/2023 12:00:00 AM,2023
Downtown,March,2023,Juvenile,,03/01/2023 12:00:00 AM,2023
Downtown,March,2023,Teen,,03/01/2023 12:00:00 AM,2023
Downtown,April,2023,Adult,,04/01/2023 12:00:00 AM,2023
Downtown,April,2023,AV,,04/01/2023 12:00:00 AM,2023
Downtown,April,2023,Juvenile,,04/01/2023 12:00:00 AM,2023
Downtown,April,2023,Teen,,04/01/2023 12:00:00 AM,2023
Downtown,May,2023,Adult,,05/01/2023 12:00:00 AM,2023
Downtown,May,2023,AV,,05/01/2023 12:00:00 AM,2023
Downtown,May,2023,Juvenile,,05/01/2023 12:00:00 AM,2023
Downtown,May,2023,Teen,,05/01/2023 12:00:00 AM,2023
Downtown,June,2023,Adult,,06/01/2023 12:00:00 AM,2023
Downtown,June,2023,AV,,06/01/2023 12:00:00 AM,2023
Downtown,June,2023,Juvenile,,06/01/2023 12:00:00 AM,2023
Downtown,June,2023,Teen,,06/01/2023 12:00:00 AM,2023
Eastgate,July,2022,Adult,3033,07/01/2022 12:00:00 AM,2023
Eastgate,July,2022,AV,1155,07/01/2022 12:00:00 AM,2023
Eastgate,July,2022,Juvenile,6854,07/01/2022 12:00:00 AM,2023
Eastgate,July,2022,Teen,617,07/01/2022 12:00:00 AM,2023
Eastgate,August,2022,Adult,3152,08/01/2022 12:00:00 AM,2023
Eastgate,August,2022,AV,1178,08/01/2022 12:00:00 AM,2023
Eastgate,August,2022,Juvenile,6969,08/01/2022 12:00:00 AM,2023
Eastgate,August,2022,Teen,462,08/01/2022 12:00:00 AM,2023
Eastgate,September,2022,Adult,,09/01/2022 12:00:00 AM,2023
Eastgate,September,2022,AV,,09/01/2022 12:00:00 AM,2023
Eastgate,September,2022,Juvenile,,09/01/2022 12:00:00 AM,2023
Eastgate,September,2022,Teen,,09/01/2022 12:00:00 AM,2023
Eastgate,October,2022,Adult,,10/01/2022 12:00:00 AM,2023
Eastgate,October,2022,AV,,10/01/2022 12:00:00 AM,2023
Eastgate,October,2022,Juvenile,,10/01/2022 12:00:00 AM,2023
Eastgate,October,2022,Teen,,10/01/2022 12:00:00 AM,2023
Eastgate,November,2022,Adult,,11/01/2022 12:00:00 AM,2023
Eastgate,November,2022,AV,,11/01/2022 12:00:00 AM,2023
Eastgate,November,2022,Juvenile,,11/01/2022 12:00:00 AM,2023
Eastgate,November,2022,Teen,,11/01/2022 12:00:00 AM,2023
Eastgate,December,2022,Adult,,12/01/2022 12:00:00 AM,2023
Eastgate,December,2022,AV,,12/01/2022 12:00:00 AM,2023
Eastgate,December,2022,Juvenile,,12/01/2022 12:00:00 AM,2023
Eastgate,December,2022,Teen,,12/01/2022 12:00:00 AM,2023
Eastgate,January,2023,Adult,,01/01/2023 12:00:00 AM,2023
Eastgate,January,2023,AV,,01/01/2023 12:00:00 AM,2023
Eastgate,January,2023,Juvenile,,01/01/2023 12:00:00 AM,2023
Eastgate,January,2023,Teen,,01/01/2023 12:00:00 AM,2023
Eastgate,February,2023,Adult,,02/01/2023 12:00:00 AM,2023
Eastgate,February,2023,AV,,02/01/2023 12:00:00 AM,2023
Eastgate,February,2023,Juvenile,,02/01/2023 12:00:00 AM,2023
Eastgate,February,2023,Teen,,02/01/2023 12:00:00 AM,2023
Eastgate,March,2023,Adult,,03/01/2023 12:00:00 AM,2023
Eastgate,March,2023,AV,,03/01/2023 12:00:00 AM,2023
Eastgate,March,2023,Juvenile,,03/01/2023 12:00:00 AM,2023
Eastgate,March,2023,Teen,,03/01/2023 12:00:00 AM,2023
Eastgate,April,2023,Adult,,04/01/2023 12:00:00 AM,2023
Eastgate,April,2023,AV,,04/01/2023 12:00:00 AM,2023
Eastgate,April,2023,Juvenile,,04/01/2023 12:00:00 AM,2023
Eastgate,April,2023,Teen,,04/01/2023 12:00:00 AM,2023
Eastgate,May,2023,Adult,,05/01/2023 12:00:00 AM,2023
Eastgate,May,2023,AV,,05/01/2023 12:00:00 AM,2023
Eastgate,May,2023,Juvenile,,05/01/2023 12:00:00 AM,2023
Eastgate,May,2023,Teen,,05/01/2023 12:00:00 AM,2023
Eastgate,June,2023,Adult,,06/01/2023 12:00:00 AM,2023
Eastgate,June,2023,AV,,06/01/2023 12:00:00 AM,2023
Eastgate,June,2023,Juvenile,,06/01/2023 12:00:00 AM,2023
Eastgate,June,2023,Teen,,06/01/2023 12:00:00 AM,2023
Northgate,July,2022,Adult,6682,07/01/2022 12:00:00 AM,2023
Northgate,July,2022,AV,1995,07/01/2022 12:00:00 AM,2023
Northgate,July,2022,Juvenile,12214,07/01/2022 12:00:00 AM,2023
Northgate,July,2022,Teen,1315,07/01/2022 12:00:00 AM,2023
Northgate,August,2022,Adult,7004,08/01/2022 12:00:00 AM,2023
Northgate,August,2022,AV,2085,08/01/2022 12:00:00 AM,2023
Northgate,August,2022,Juvenile,12618,08/01/2022 12:00:00 AM,2023
Northgate,August,2022,Teen,1276,08/01/2022 12:00:00 AM,2023
Northgate,September,2022,Adult,,09/01/2022 12:00:00 AM,2023
Northgate,September,2022,AV,,09/01/2022 12:00:00 AM,2023
Northgate,September,2022,Juvenile,,09/01/2022 12:00:00 AM,2023
Northgate,September,2022,Teen,,09/01/2022 12:00:00 AM,2023
Northgate,October,2022,Adult,,10/01/2022 12:00:00 AM,2023
Northgate,October,2022,AV,,10/01/2022 12:00:00 AM,2023
Northgate,October,2022,Juvenile,,10/01/2022 12:00:00 AM,2023
Northgate,October,2022,Teen,,10/01/2022 12:00:00 AM,2023
Northgate,November,2022,Adult,,11/01/2022 12:00:00 AM,2023
Northgate,November,2022,AV,,11/01/2022 12:00:00 AM,2023
Northgate,November,2022,Juvenile,,11/01/2022 12:00:00 AM,2023
Northgate,November,2022,Teen,,11/01/2022 12:00:00 AM,2023
Northgate,December,2022,Adult,,12/01/2022 12:00:00 AM,2023
Northgate,December,2022,AV,,12/01/2022 12:00:00 AM,2023
Northgate,December,2022,Juvenile,,12/01/2022 12:00:00 AM,2023
Northgate,December,2022,Teen,,12/01/2022 12:00:00 AM,2023
Northgate,January,2023,Adult,,01/01/2023 12:00:00 AM,2023
Northgate,January,2023,AV,,01/01/2023 12:00:00 AM,2023
Northgate,January,2023,Juvenile,,01/01/2023 12:00:00 AM,2023
Northgate,January,2023,Teen,,01/01/2023 12:00:00 AM,2023
Northgate,February,2023,Adult,,02/01/2023 12:00:00 AM,2023
Northgate,February,2023,AV,,02/01/2023 12:00:00 AM,2023
Northgate,February,2023,Juvenile,,02/01/2023 12:00:00 AM,2023
Northgate,February,2023,Teen,,02/01/2023 12:00:00 AM,2023
Northgate,March,2023,Adult,,03/01/2023 12:00:00 AM,2023
Northgate,March,2023,AV,,03/01/2023 12:00:00 AM,2023
Northgate,March,2023,Juvenile,,03/01/2023 12:00:00 AM,2023
Northgate,March,2023,Teen,,03/01/2023 12:00:00 AM,2023
Northgate,April,2023,Adult,,04/01/2023 12:00:00 AM,2023
Northgate,April,2023,AV,,04/01/2023 12:00:00 AM,2023
Northgate,April,2023,Juvenile,,04/01/2023 12:00:00 AM,2023
Northgate,April,2023,Teen,,04/01/2023 12:00:00 AM,2023
Northgate,May,2023,Adult,,05/01/2023 12:00:00 AM,2023
Northgate,May,2023,AV,,05/01/2023 12:00:00 AM,2023
Northgate,May,2023,Juvenile,,05/01/2023 12:00:00 AM,2023
Northgate,May,2023,Teen,,05/01/2023 12:00:00 AM,2023
Northgate,June,2023,Adult,,06/01/2023 12:00:00 AM,2023
Northgate,June,2023,AV,,06/01/2023 12:00:00 AM,2023
Northgate,June,2023,Juvenile,,06/01/2023 12:00:00 AM,2023
Northgate,June,2023,Teen,,06/01/2023 12:00:00 AM,2023
South Chatt,July,2022,Adult,1204,07/01/2022 12:00:00 AM,2023
South Chatt,July,2022,AV,526,07/01/2022 12:00:00 AM,2023
South Chatt,July,2022,Juvenile,3655,07/01/2022 12:00:00 AM,2023
South Chatt,July,2022,Teen,206,07/01/2022 12:00:00 AM,2023
South Chatt,August,2022,Adult,1333,08/01/2022 12:00:00 AM,2023
South Chatt,August,2022,AV,526,08/01/2022 12:00:00 AM,2023
South Chatt,August,2022,Juvenile,4131,08/01/2022 12:00:00 AM,2023
South Chatt,August,2022,Teen,234,08/01/2022 12:00:00 AM,2023
South Chatt,September,2022,Adult,,09/01/2022 12:00:00 AM,2023
South Chatt,September,2022,AV,,09/01/2022 12:00:00 AM,2023
South Chatt,September,2022,Juvenile,,09/01/2022 12:00:00 AM,2023
South Chatt,September,2022,Teen,,09/01/2022 12:00:00 AM,2023
South Chatt,October,2022,Adult,,10/01/2022 12:00:00 AM,2023
South Chatt,October,2022,AV,,10/01/2022 12:00:00 AM,2023
South Chatt,October,2022,Juvenile,,10/01/2022 12:00:00 AM,2023
South Chatt,October,2022,Teen,,10/01/2022 12:00:00 AM,2023
South Chatt,November,2022,Adult,,11/01/2022 12:00:00 AM,2023
South Chatt,November,2022,AV,,11/01/2022 12:00:00 AM,2023
South Chatt,November,2022,Juvenile,,11/01/2022 12:00:00 AM,2023
South Chatt,November,2022,Teen,,11/01/2022 12:00:00 AM,2023
South Chatt,December,2022,Adult,,12/01/2022 12:00:00 AM,2023
South Chatt,December,2022,AV,,12/01/2022 12:00:00 AM,2023
South Chatt,December,2022,Juvenile,,12/01/2022 12:00:00 AM,2023
South Chatt,December,2022,Teen,,12/01/2022 12:00:00 AM,2023
South Chatt,January,2023,Adult,,01/01/2023 12:00:00 AM,2023
South Chatt,January,2023,AV,,01/01/2023 12:00:00 AM,2023
South Chatt,January,2023,Juvenile,,01/01/2023 12:00:00 AM,2023
South Chatt,January,2023,Teen,,01/01/2023 12:00:00 AM,2023
South Chatt,February,2023,Adult,,02/01/2023 12:00:00 AM,2023
South Chatt,February,2023,AV,,02/01/2023 12:00:00 AM,2023
South Chatt,February,2023,Juvenile,,02/01/2023 12:00:00 AM,2023
South Chatt,February,2023,Teen,,02/01/2023 12:00:00 AM,2023
South Chatt,March,2023,Adult,,03/01/2023 12:00:00 AM,2023
South Chatt,March,2023,AV,,03/01/2023 12:00:00 AM,2023
South Chatt,March,2023,Juvenile,,03/01/2023 12:00:00 AM,2023
South Chatt,March,2023,Teen,,03/01/2023 12:00:00 AM,2023
South Chatt,April,2023,Adult,,04/01/2023 12:00:00 AM,2023
South Chatt,April,2023,AV,,04/01/2023 12:00:00 AM,2023
South Chatt,April,2023,Juvenile,,04/01/2023 12:00:00 AM,2023
South Chatt,April,2023,Teen,,04/01/2023 12:00:00 AM,2023
South Chatt,May,2023,Adult,,05/01/2023 12:00:00 AM,2023
South Chatt,May,2023,AV,,05/01/2023 12:00:00 AM,2023
South Chatt,May,2023,Juvenile,,05/01/2023 12:00:00 AM,2023
South Chatt,May,2023,Teen,,05/01/2023 12:00:00 AM,2023
South Chatt,June,2023,Adult,,06/01/2023 12:00:00 AM,2023
South Chatt,June,2023,AV,,06/01/2023 12:00:00 AM,2023
South Chatt,June,2023,Juvenile,,06/01/2023 12:00:00 AM,2023
South Chatt,June,2023,Teen,,06/01/2023 12:00:00 AM,2023
