id,timestamp,status,type,url,created,latitude,longitude,location,description,address
16573995,1740754063,completed,Traffic Signals,https://vc0.publicstuff.com/api/2.0/request_view?client_id=1000051&request_id=16573995,"Fri 28 Feb 2025, 09:47AM",35.020252699,-85.365809699,POINT (-85.365809699 35.020252699),,"3000 Cummings Hwy, Chattanooga, 37419"
16593758,1741192306,in progress,Tree Fallen/Branch,https://vc0.publicstuff.com/api/2.0/request_view?client_id=1000051&request_id=16593758,"Wed 05 Mar 2025, 11:31AM",35.026112675,-85.37178745,POINT (-85.37178745 35.026112675),Tree branches on the sidewalk close the fence of the private property. Some branches from the tree  went over the fence and are leaning over the caller's yard.,"3343 Centerview Ln, Chattanooga, 37419"
16599768,1741289399,submitted,Traffic Signals,https://vc0.publicstuff.com/api/2.0/request_view?client_id=1000051&request_id=16599768,"Thu 06 Mar 2025, 02:29PM",35.025123375,-85.277191813,POINT (-85.277191813 35.025123375),This morning at 8:00 am I noticed. A street light that wasn't working properly at S Willow St and Main. It took more than five minutes to change there where school busses backed up as well as drivers like myself l do not know why the street light stalled for so long as I returned back around 9:00 am heading from Bailey towards S Willow and Main St the-light still didnt change in its appropriate time. which had cars maneuvering around other vehicles in a dangerous way which could have caused a wreck at the intersection of Main and South Willow. Hope this helps Thank you.,"2099 E Main St, Chattanooga, 37404"
16573534,1740746394,in progress,Traffic Signals,https://vc0.publicstuff.com/api/2.0/request_view?client_id=1000051&request_id=16573534,"Fri 28 Feb 2025, 07:39AM",35.071836,-85.307936,POINT (-85.307936 35.071836),It is a very dangerous intersection. Someone is going to die due to the obstruction caused by construction. The city will get sued. Please do not wait until that happens to do something like on Frazier.,"720-798 Hamilton Ave, Chattanooga, 37405"
16574921,1740763041,completed,Tree Fallen/Branch,https://vc0.publicstuff.com/api/2.0/request_view?client_id=1000051&request_id=16574921,"Fri 28 Feb 2025, 12:17PM",35.037019,-85.309506,POINT (-85.309506 35.037019),"Tree branch, snapped needs to be cut, causing obstruction possible hitting hazard","201-299 W Main St, Chattanooga, 37408"
16578660,1740866666,completed,Traffic Signs,https://vc0.publicstuff.com/api/2.0/request_view?client_id=1000051&request_id=16578660,"Sat 01 Mar 2025, 05:04PM",35.053842898,-85.263901661,POINT (-85.263901661 35.053842898),No Parking sign on Wilcox at side of this address has been knocked over.,"1401 Roanoke Ave, Chattanooga, 37406"
16596826,1741226505,submitted,Traffic Signals,https://vc0.publicstuff.com/api/2.0/request_view?client_id=1000051&request_id=16596826,"Wed 05 Mar 2025, 09:01PM",35.140712704,-85.252084903,POINT (-85.252084903 35.140712704),,"1000 Gadd Rd, Chattanooga, 37343"
16589702,1741121978,completed,Traffic Signals,https://vc0.publicstuff.com/api/2.0/request_view?client_id=1000051&request_id=16589702,"Tue 04 Mar 2025, 03:59PM",35.023985982,-85.245914465,POINT (-85.245914465 35.023985982),"Traffic signal has fallen down at the intersection of Brainerd Rd and Germantown Rd, near Walgreens.","3605 Brainerd Rd, Chattanooga, 37411"
16593276,1741188572,submitted,Traffic Signals,https://vc0.publicstuff.com/api/2.0/request_view?client_id=1000051&request_id=16593276,"Wed 05 Mar 2025, 10:29AM",35.140944966,-85.251635533,POINT (-85.251635533 35.140944966),Caller states the traffic signal at the intersection of Gadd and 153 has cycling issues that are not consistent. He states if you are going Eastbound on Gadd Rd the light will be stuck on red for different amount of cycles. He stated on Friday it stayed red for 6 cycles which is causing backups on Gadd Rd. He stated other times it has been from 2-4 cycles,"1015 Gadd Rd, Chattanooga, 37343"
16589983,1741124223,completed,Tree Fallen/Branch,https://vc0.publicstuff.com/api/2.0/request_view?client_id=1000051&request_id=16589983,"Tue 04 Mar 2025, 04:37PM",35.120382025,-85.21192166,POINT (-85.21192166 35.120382025),,"5307 Fairview Rd, Chattanooga, 37343"
16595524,1741206705,completed,Tree Fallen/Branch,https://vc0.publicstuff.com/api/2.0/request_view?client_id=1000051&request_id=16595524,"Wed 05 Mar 2025, 03:31PM",35.023102956,-85.374304326,POINT (-85.374304326 35.023102956),"Caller reports a tree is hanging over an electric wire and needs to be removed, as it could potentially cause serious injury if not addressed.","52 Hemlock Cir, Chattanooga, 37419"
16581099,1741008931,completed,Traffic Signs,https://vc0.publicstuff.com/api/2.0/request_view?client_id=1000051&request_id=16581099,"Mon 03 Mar 2025, 08:35AM",35.028763265,-85.285029276,POINT (-85.285029276 35.028763265),"INSTALL
NO PARKING TO CORNER
(R-NS-006 12""x18"")
Located 54' from S Highland Park Ave
on Westbound E 14th St

INSTALL
(AT AN ANGLE)
NO PARKING TO CORNER (RIGHT ARROW)
(R-NS-006R 12""x18"")
Located 35' from E 14th St
on Southbound S Highland Park Ave

INSTALL
(AT AN ANGLE ON UTILITY POLE)
NO PARKING TO CORNER (RIGHT ARROW)
(R-NS-006R 12""x18"")
Located at 1500 E 14th St
Eastbound

INSTALL
(ON UTILITY POLE)
NO PARKING TO CORNER
(R-NS-006 12""x18"")
Located at 1489 E 14th St
Eastbound","1500 E 14th St, Chattanooga, 37404"
16588721,1741114234,completed,Traffic Signals,https://vc0.publicstuff.com/api/2.0/request_view?client_id=1000051&request_id=16588721,"Tue 04 Mar 2025, 01:50PM",35.027239488,-85.310604316,POINT (-85.310604316 35.027239488),traffic signal not working near howard high school where market and I24 exit ramp meet,"2400 Market St, Chattanooga, 37408"
16594726,1741200664,completed,Tree Fallen/Branch,https://vc0.publicstuff.com/api/2.0/request_view?client_id=1000051&request_id=16594726,"Wed 05 Mar 2025, 01:51PM",35.116295602,-85.271036376,POINT (-85.271036376 35.116295602),"A tree is across the street, near the intersection of Ashland Ter. It is blocking all lanes of traffic.","3615 Chumley Ln, Chattanooga, 37415"
16597520,1741267258,completed,Traffic Signs,https://vc0.publicstuff.com/api/2.0/request_view?client_id=1000051&request_id=16597520,"Thu 06 Mar 2025, 08:20AM",35.035873621,-85.232924061,POINT (-85.232924061 35.035873621),Sop sign has been knocked down,"3900 Blanchard St, Chattanooga, 37411"
16592407,1741182975,completed,Traffic Signals,https://vc0.publicstuff.com/api/2.0/request_view?client_id=1000051&request_id=16592407,"Wed 05 Mar 2025, 08:56AM",35.14171,-85.24907,POINT (-85.24907 35.14171),Left turn light from Gadd to 153 not working,"1001-1099 Gadd Rd, Chattanooga, 37343"
16597921,1741271991,completed,Tree Fallen/Branch,https://vc0.publicstuff.com/api/2.0/request_view?client_id=1000051&request_id=16597921,"Thu 06 Mar 2025, 09:39AM",35.039689048,-85.358288432,POINT (-85.358288432 35.039689048),531 Brown Ferry Road and Plaza Cir,"531 Browns Ferry Rd, Chattanooga, 37419"
16573797,1740751433,received,Traffic Signs,https://vc0.publicstuff.com/api/2.0/request_view?client_id=1000051&request_id=16573797,"Fri 28 Feb 2025, 09:03AM",35.066319928,-85.314335633,POINT (-85.314335633 35.066319928),"REMOVE 
EXISTING NO PARKING TO CORNER AND U-CHANNEL POST
and
RELOCATE 
NO PARKING TO CORNER
(TO UTILITY POLE)
Located at 521 Cherokee Blvd
NW bound

INSTALL
(ON UTILITY POLE)
NO PARKING CARTA BUS STOP SIGN
(R7-107a 12""x36"")
Located at 446 Cherokee Blvd 
NW bound

INSTALL
(ON UTILITY POLE)
NO PARKING CARTA BUS STOP SIGN
(R7-107a 12""x36"")
Located at 516 Cherokee Blvd 
SE bound","446 Cherokee Blvd, Chattanooga, 37405"
16576856,1740784402,completed,Traffic Signals,https://vc0.publicstuff.com/api/2.0/request_view?client_id=1000051&request_id=16576856,"Fri 28 Feb 2025, 06:13PM",35.14147,-85.24893,POINT (-85.24893 35.14147),Backed up for a quarter mile past Norcross because the signal will not change!!!,"5469-5499 Highway 153, Chattanooga, 37343"
16597736,1741270023,in progress,Traffic Signs,https://vc0.publicstuff.com/api/2.0/request_view?client_id=1000051&request_id=16597736,"Thu 06 Mar 2025, 09:07AM",35.06265,-85.3085295,POINT (-85.3085295 35.06265),,"N Market St & Frazier Ave, Chattanooga, 37405"
16592208,1741180078,completed,Tree Fallen/Branch,https://vc0.publicstuff.com/api/2.0/request_view?client_id=1000051&request_id=16592208,"Wed 05 Mar 2025, 08:07AM",35.110460485,-85.268706347,POINT (-85.268706347 35.110460485),A big tree is down blocking the street and smashed a guardrail.,"3845 Marion Cir, Chattanooga, 37415"
16593365,1741189352,completed,Tree Fallen/Branch,https://vc0.publicstuff.com/api/2.0/request_view?client_id=1000051&request_id=16593365,"Wed 05 Mar 2025, 10:42AM",35.016469269,-85.322951788,POINT (-85.322951788 35.016469269),fallen tree located in the grassy area - also knocked down a sign,"3315 Broad St, Chattanooga, 37408"
16600073,1741291542,in progress,Tree Fallen/Branch,https://vc0.publicstuff.com/api/2.0/request_view?client_id=1000051&request_id=16600073,"Thu 06 Mar 2025, 03:05PM",35.06799941,-85.215083773,POINT (-85.215083773 35.06799941),Lightfoot Mill Rd and Youngtown Rd,"3698 Lightfoot Mill Rd, Chattanooga, 37406"
16588788,1741114797,completed,Traffic Signs,https://vc0.publicstuff.com/api/2.0/request_view?client_id=1000051&request_id=16588788,"Tue 04 Mar 2025, 01:59PM",35.006685273,-85.231571065,POINT (-85.231571065 35.006685273),N Terrace and S Moore Rd. States needing a right turn sign.,"392 S Moore Rd, Chattanooga, 37411"
16592485,1741183938,completed,Tree Fallen/Branch,https://vc0.publicstuff.com/api/2.0/request_view?client_id=1000051&request_id=16592485,"Wed 05 Mar 2025, 09:12AM",35.098807,-85.289675,POINT (-85.289675 35.098807),Fallen large branch blocking roadway,"530-598 Alexander Dr, Chattanooga, 37415"
16599306,1741284870,in progress,Traffic Signs,https://vc0.publicstuff.com/api/2.0/request_view?client_id=1000051&request_id=16599306,"Thu 06 Mar 2025, 01:14PM",35.033569491,-85.23661387,POINT (-85.23661387 35.033569491),Street Name Marker sign has fallen,"700 Belle Vista Ave, Chattanooga, 37411"
16578134,1740850869,in progress,Tree Fallen/Branch,https://vc0.publicstuff.com/api/2.0/request_view?client_id=1000051&request_id=16578134,"Sat 01 Mar 2025, 12:41PM",35.052186614,-85.304571658,POINT (-85.304571658 35.052186614),Northeast corner of intersection in the green space. There has been a fallen tree in this open space near the road for over 4 months. Please remove. Thanks.,"400 Georgia Ave, Chattanooga, 37403"
16595624,1741207756,completed,Traffic Signs,https://vc0.publicstuff.com/api/2.0/request_view?client_id=1000051&request_id=16595624,"Wed 05 Mar 2025, 03:49PM",35.070310071,-85.172619347,POINT (-85.172619347 35.070310071),Citizen wants a no dumping sign put up across the street.,"7608 Noah Reid Rd, Chattanooga, 37416"
16581021,1741007636,completed,Tree Fallen/Branch,https://vc0.publicstuff.com/api/2.0/request_view?client_id=1000051&request_id=16581021,"Mon 03 Mar 2025, 08:13AM",35.061958561,-85.233191485,POINT (-85.233191485 35.061958561),"The is a tree across the street from 2308 Northbrier Lane has fallen and leaning toward the street. 
The tree is located about 4 or 5 feet from the roadway.","2308 Northbrier Ln, Chattanooga, 37406"
16593732,1741192121,completed,Traffic Signals,https://vc0.publicstuff.com/api/2.0/request_view?client_id=1000051&request_id=16593732,"Wed 05 Mar 2025, 11:28AM",35.053513165,-85.307503769,POINT (-85.307503769 35.053513165),"Due to the storm/ high winds yesterday, one of the signals is turned almost the opposite way at the intersection of Walnut Street and 3rd Street. All the bulbs seem to be working on even the turned one, and there's a second redundant signal that is unaffected.","200 E 3rd St, Chattanooga, 37403"
16592472,1741183807,completed,Tree Fallen/Branch,https://vc0.publicstuff.com/api/2.0/request_view?client_id=1000051&request_id=16592472,"Wed 05 Mar 2025, 09:10AM",35.039743387,-85.358102017,POINT (-85.358102017 35.039743387),"Caller reports that a tree is down at Plaza Circle, obstructing visibility for drivers leaving the area. It needs to be removed immediately to prevent serious injury.","532 Browns Ferry Rd, Chattanooga, 37419"
16592521,1741184456,submitted,Traffic Signals,https://vc0.publicstuff.com/api/2.0/request_view?client_id=1000051&request_id=16592521,"Wed 05 Mar 2025, 09:20AM",35.045686854,-85.311569558,POINT (-85.311569558 35.045686854),,"200 W Martin Luther King Blvd, Chattanooga, 37402"
16594348,1741197654,completed,Tree Fallen/Branch,https://vc0.publicstuff.com/api/2.0/request_view?client_id=1000051&request_id=16594348,"Wed 05 Mar 2025, 01:00PM",35.116380646,-85.270884455,POINT (-85.270884455 35.116380646),Tree fallen and it is blocking traffic,"3608 Chumley Ln, Chattanooga, 37415"
16599289,1741284762,in progress,Traffic Signs,https://vc0.publicstuff.com/api/2.0/request_view?client_id=1000051&request_id=16599289,"Thu 06 Mar 2025, 01:12PM",35.061109771,-85.302965126,POINT (-85.302965126 35.061109771),"INSTALL
(AT A SLIGHT ANGLE)
U-CHANNEL POSTS FOR PARKING AUTHORITY (x3)
Located 300', 400' and 555' from Barton Ave
on Westbound Frazier Ave","450 Frazier Ave, Chattanooga, 37405"
16587997,1741108630,submitted,Traffic Signs,https://vc0.publicstuff.com/api/2.0/request_view?client_id=1000051&request_id=16587997,"Tue 04 Mar 2025, 12:17PM",35.033053511,-85.27277035,POINT (-85.27277035 35.033053511),,"510 S Willow St, Chattanooga, 37404"
16588792,1741114822,in progress,Traffic Signals,https://vc0.publicstuff.com/api/2.0/request_view?client_id=1000051&request_id=16588792,"Tue 04 Mar 2025, 02:00PM",35.012709264,-85.212490661,POINT (-85.212490661 35.012709264),"The frame of the traffic light is twisted and blowing the wrong way.
light on the north side (in strip mall with Harbor Freight) of Greenway View Drive","5801 Brainerd Rd, Chattanooga, 37411"
16593837,1741193009,completed,Traffic Signs,https://vc0.publicstuff.com/api/2.0/request_view?client_id=1000051&request_id=16593837,"Wed 05 Mar 2025, 11:43AM",35.168522831,-85.190119447,POINT (-85.190119447 35.168522831),"at the intersection of Farmstead Dr and Little Sorrel, there is a street name marker for Betsy Ln.  This sign is not in the correct location and should be about 3 streets over at intersection 1800 Emmeline Way.  This needs to be corrected.","1500 Little Sorrel Rd, Chattanooga, 37343"
16597624,1741268571,submitted,Traffic Signals,https://vc0.publicstuff.com/api/2.0/request_view?client_id=1000051&request_id=16597624,"Thu 06 Mar 2025, 08:42AM",35.14173,-85.248649,POINT (-85.248649 35.14173),Left turn signal -  is giving option after 3 signal cycles- and then only allows 3 cars through.,"5468-5498 Highway 153, Chattanooga, 37343"
16591247,1741155192,completed,Traffic Signals,https://vc0.publicstuff.com/api/2.0/request_view?client_id=1000051&request_id=16591247,"Wed 05 Mar 2025, 01:13AM",35.084685381,-85.198571179,POINT (-85.198571179 35.084685381),Traffic signals arent working in either direction,"4500 Highway 58, Chattanooga, 37416"
16600414,1741295445,submitted,Traffic Signs,https://vc0.publicstuff.com/api/2.0/request_view?client_id=1000051&request_id=16600414,"Thu 06 Mar 2025, 04:10PM",35.008475376,-85.328354701,POINT (-85.328354701 35.008475376),"I have been involved with litigation involving traffic accents over a period of some decades.  I wish to call a situation to your attention which I believe will ultimately incur liability to The City of Chattanooga.
I live on Lookout Mountain.  It is not unusual to see a bicyclist trudging slowly up Ochs Hwy at about 3 MPH, sometimes at night.  Whilst I salute their athleticism, I question their common sense. 
Briefly, here is the issue.
Ochs Hwy, starting at St Elmo Ave is less than 10 feet wide, each lane.  There is no shoulder for a bike rider.  As you may know, the road twists and winds up the mountain, always one lane up and one lane down.  The road is divided by a double yellow lane marking. 
2 vehicle codes create a condition that can only be resolved by breaking the law.
]
TCA 55-8-117  States that you can never cross a double yellow line.
TCA 55-8-175 States that a driver must give a bike rider at least 3 feet of clearance when passing.
The average vehicle is 6 1/2 feet wide, including mirrors.
Thus only by violating the law can you pass a bike rider.  What in fact occurs is drivers pile up behind a bike rider, and eventually try to speed past, going up hill, over the double line. 
Quite dangerous for all parties involved.
Solution: A sign at the base of the hill, entry so to speak, prohibiting Bikes on Ochs Hwy.","4001 St Elmo Ave, Chattanooga, 37409"
16580994,1741007014,received,Traffic Signs,https://vc0.publicstuff.com/api/2.0/request_view?client_id=1000051&request_id=16580994,"Mon 03 Mar 2025, 08:03AM",35.02991882,-85.288219723,POINT (-85.288219723 35.02991882),"INSTALL
(IN SIDEWALK)
SPEED LIMIT 25
(R2-1 24""x30"")
and
NO PARKING ANYTIME
(R7-1 12""x18"")
Located 80' from from S Holtzclaw Ave
on Westbound E 14th St

INSTALL
(IN SIDEWALK AT AN ANGLE))
NO PARKING ANYTIME (LEFT ARROW)
(R7-1L 12""x18"")
Located 330' from from S Holtzsclaw Ave
on Westbound E 14th St

INSTALL
(ON UTILITY POLE)
NO PARKING ANYTIME
(R7-1 12""x18"")
Located at 1292 E 14th St
Eastbound

INSTALL
(ON UTILITY POLE)
NO PARKING ANYTIME
(R7-1 12""x18"")
Located at 1251 E 14th St
Eastbound","1260 E 14th St, Chattanooga, 37408"
16596012,1741211335,submitted,Traffic Signals,https://vc0.publicstuff.com/api/2.0/request_view?client_id=1000051&request_id=16596012,"Wed 05 Mar 2025, 04:48PM",35.051630947,-85.299266531,POINT (-85.299266531 35.051630947),Ambiguous signaling regarding whether middle lane is a turn lane.  The left two signals work in tandem and go red while the right two signals remain green. This suggests to some people that the middle lane is an optional turn lane. There is no directional arrow on the middle lane to clarify whether it is OK to turn left from it. Most folks use middle lane as a through lane (which is probably best given traffic volume) but some will use it to make left into the far lane on Mabel while those in the left (turn) lane might also be trying to occupy the far lane on Mabel to make a right onto 4th.  I have had 2 near misses turning from the left lane with someone else turning unexpectedly from the middle lane.,"Mabel St, Chattanooga, 37403"
16595002,1741202619,completed,Tree Fallen/Branch,https://vc0.publicstuff.com/api/2.0/request_view?client_id=1000051&request_id=16595002,"Wed 05 Mar 2025, 02:23PM",35.039886066,-85.358170979,POINT (-85.358170979 35.039886066),"A tree has fallen toward the road and it is blocking traffic.
Browns Ferry Road and Plaza Circle","541 Browns Ferry Rd, Chattanooga, 37419"
16577717,1740839223,completed,Traffic Signs,https://vc0.publicstuff.com/api/2.0/request_view?client_id=1000051&request_id=16577717,"Sat 01 Mar 2025, 09:27AM",35.028544688,-85.25716853,POINT (-85.25716853 35.028544688),This is the nearest address. One Way sign at the end of Sherwood as it merges into Rosemont has been run over. See photo for identification.,"94 Sherwood Ave, Chattanooga, 37404"
16593540,1741190683,completed,Traffic Signals,https://vc0.publicstuff.com/api/2.0/request_view?client_id=1000051&request_id=16593540,"Wed 05 Mar 2025, 11:04AM",35.009991906,-85.219405692,POINT (-85.219405692 35.009991906),the traffic light for the turning lane into Eastgate Mall on Brainerd Rd in front of Krispy Kreme is crooked and you cannot see the signal.,"5526 Brainerd Rd, Chattanooga, 37411"
16599485,1741286796,in progress,Traffic Signs,https://vc0.publicstuff.com/api/2.0/request_view?client_id=1000051&request_id=16599485,"Thu 06 Mar 2025, 01:46PM",35.061746829,-85.300723273,POINT (-85.300723273 35.061746829),"INSTALL
(AT 7 FT)
BIKE LANE
(R3-17 30""x24"")
ENDS
(R3-17a 30""x12"")
BICYCLE DESTINATION 
(with UP/LEFT Diagonal Arrow Frazier Ave)
(D1-1b ?""x6"")
Located 50' from Frazier Ave
on SW bound Barton Ave

RELOCATE 
(AT 7FT)
INTERSECTIONS LANE CONTROL
Located 140' from Frazier Ave
on SW bound Barton Ave

RELOCATE 
(AT 7FT)
INTERSECTIONS LANE CONTROL
Located 260' from Frazier Ave
on SW bound Barton Ave","181 Barton Ave, Chattanooga, 37405"
16574204,1740756256,completed,Traffic Signs,https://vc0.publicstuff.com/api/2.0/request_view?client_id=1000051&request_id=16574204,"Fri 28 Feb 2025, 10:24AM",35.062465275,-85.252726906,POINT (-85.252726906 35.062465275),Deaf child,"2201 Davenport St, Chattanooga, 37406"
16592913,1741186327,completed,Tree Fallen/Branch,https://vc0.publicstuff.com/api/2.0/request_view?client_id=1000051&request_id=16592913,"Wed 05 Mar 2025, 09:52AM",35.022850144,-85.37476938,POINT (-85.37476938 35.022850144),Branches in the middle of the street.,"47 Hemlock Cir, Chattanooga, 37419"
16594939,1741202206,received,Traffic Signs,https://vc0.publicstuff.com/api/2.0/request_view?client_id=1000051&request_id=16594939,"Wed 05 Mar 2025, 02:16PM",35.043839175,-85.311934033,POINT (-85.311934033 35.043839175),"REPLACE
(MISSING ON LAMP POLE)
STREET NAME MARKERS
(D3 ?""x10"")
W11th St 100 (x2)
Carter St 1100 (x2)
Located at the intersection of W 11th St
and Northbound Carter St","168 W 11th St, Chattanooga, 37402"
16598262,1741275069,in progress,Tree Fallen/Branch,https://vc0.publicstuff.com/api/2.0/request_view?client_id=1000051&request_id=16598262,"Thu 06 Mar 2025, 10:31AM",35.028627494,-85.309928544,POINT (-85.309928544 35.028627494),tree down blocking sidewalk,"2201-2299 Market St, Chattanooga, 37408"
16588089,1741109477,completed,Traffic Signals,https://vc0.publicstuff.com/api/2.0/request_view?client_id=1000051&request_id=16588089,"Tue 04 Mar 2025, 12:31PM",35.031351984,-85.314605671,POINT (-85.314605671 35.031351984),South bound at 24 over path going toward Broad Street,"2300 Broad St, Chattanooga, 37408"
16595012,1741202674,submitted,Traffic Signs,https://vc0.publicstuff.com/api/2.0/request_view?client_id=1000051&request_id=16595012,"Wed 05 Mar 2025, 02:24PM",35.084789081,-85.063697062,POINT (-85.063697062 35.084789081),Little Debbie Parkway sign hanging by one side over the NB Lee Hwy lanes.,"9051-9199 Lee Hwy, Chattanooga, 37363"
16599572,1741287594,submitted,Traffic Signals,https://vc0.publicstuff.com/api/2.0/request_view?client_id=1000051&request_id=16599572,"Thu 06 Mar 2025, 01:59PM",35.017601246,-85.322350536,POINT (-85.322350536 35.017601246),would like a turn signal add to intersection,"3301 Broad St, Chattanooga, 37408"
16586879,1741098927,completed,Traffic Signs,https://vc0.publicstuff.com/api/2.0/request_view?client_id=1000051&request_id=16586879,"Tue 04 Mar 2025, 09:35AM",35.042045751,-85.280190695,POINT (-85.280190695 35.042045751),The stop sign on East 5th Street going onto holtzclaw Ave has its top screw removed and it's just hanging. Since this is a residential street onto a main road I was a little worrie,"305 N Greenwood Ave, Chattanooga, 37404"
16592449,1741183532,completed,Traffic Signals,https://vc0.publicstuff.com/api/2.0/request_view?client_id=1000051&request_id=16592449,"Wed 05 Mar 2025, 09:05AM",35.046639,-85.3061535,POINT (-85.3061535 35.046639),signal on lindsay at mccallie the traffic signal has been twisted in the wrong direction by the strong winds.,"700 Lindsay St, Chattanooga, 37403"
16579937,1740946484,completed,Tree Problem,https://vc0.publicstuff.com/api/2.0/request_view?client_id=1000051&request_id=16579937,"Sun 02 Mar 2025, 03:14PM",35.038371374,-85.236982875,POINT (-85.236982875 35.038371374),Tree branches have already fallen but 2 trees are leaning on each other. The heavy wind we have they are coming down in my driveway where my cars parked. It is the wooded lot located next to my address. The owner of this lot needs to maintain their property.,"937 Shallowford Rd, Chattanooga, 37411"
16600548,1741296906,submitted,Tree Fallen/Branch,https://vc0.publicstuff.com/api/2.0/request_view?client_id=1000051&request_id=16600548,"Thu 06 Mar 2025, 04:35PM",35.066206867,-85.291412774,POINT (-85.291412774 35.066206867),States the tree is down over the road of the alley and has fallen onto the neighbors house across the street. States the tree is blocking the entrance to the alley where they have to go through to get to their garages.,"808 Barton Ave, Chattanooga, 37405"
16593773,1741192413,completed,Traffic Signals,https://vc0.publicstuff.com/api/2.0/request_view?client_id=1000051&request_id=16593773,"Wed 05 Mar 2025, 11:33AM",35.01569922,-85.234807304,POINT (-85.234807304 35.01569922),"Am not sure if higher vehicles continue to knock the signal around or not, but it seems like it would need some type of way to tighten it to the cable holding it.","Brainerd Rd, Chattanooga, 37411"
16593703,1741191965,submitted,Tree Problem,https://vc0.publicstuff.com/api/2.0/request_view?client_id=1000051&request_id=16593703,"Wed 05 Mar 2025, 11:26AM",35.036438035,-85.31441174,POINT (-85.31441174 35.036438035),One of the trees need to be replaced in front of Southside Social on the sidewalk please?,"1818 Chestnut St, Chattanooga, 37402"
16590478,1741130169,submitted,Traffic Signals,https://vc0.publicstuff.com/api/2.0/request_view?client_id=1000051&request_id=16590478,"Tue 04 Mar 2025, 06:16PM",35.10135,-85.275714,POINT (-85.275714 35.10135),A turn arrow going south bound on hixson pike turning onto Carter Dr. this is a dangerous intersection for cars turning into rivermont elementary that often have children in the cars going to school.,"1000-1010 Carter Dr, Chattanooga, 37415"
16596386,1741216695,in progress,Traffic Signs,https://vc0.publicstuff.com/api/2.0/request_view?client_id=1000051&request_id=16596386,"Wed 05 Mar 2025, 06:18PM",35.083565572,-85.064132338,POINT (-85.064132338 35.083565572),Dangling overhead sign at the intersection of Little Debbie Pkwy and Lee Highway,"5600 Little Debbie Pkwy, Collegedale, 37363"
16589698,1741121936,completed,Traffic Signs,https://vc0.publicstuff.com/api/2.0/request_view?client_id=1000051&request_id=16589698,"Tue 04 Mar 2025, 03:58PM",35.082943169,-85.299967984,POINT (-85.299967984 35.082943169),"the yield sign is missing from the intersection of Arden, White Oak and Oxford streets.","1700 White Oak Rd, Chattanooga, 37415"
16577930,1740844868,submitted,Tree Problem,https://vc0.publicstuff.com/api/2.0/request_view?client_id=1000051&request_id=16577930,"Sat 01 Mar 2025, 11:01AM",35.066648323,-85.296142845,POINT (-85.296142845 35.066648323),Does the forestry group conduct stump removal from the public right of way between the sidewalk and the street? There are two stumps that we would like to have removed. Once removed we would like to plant a tree in one location and then maintain the other location with plants. is there limitation as to which type of trees can be planted in the right of way?,"1204 Normal Ave, Chattanooga, 37405"
16597573,1741267868,submitted,Traffic Signals,https://vc0.publicstuff.com/api/2.0/request_view?client_id=1000051&request_id=16597573,"Thu 06 Mar 2025, 08:31AM",35.047375379,-85.305242014,POINT (-85.305242014 35.047375379),"The traffic light is turned wrong, it facing the wrong direction","419 McCallie Ave, Chattanooga, 37402"
16592935,1741186447,completed,Tree Fallen/Branch,https://vc0.publicstuff.com/api/2.0/request_view?client_id=1000051&request_id=16592935,"Wed 05 Mar 2025, 09:54AM",35.022196216,-85.316178715,POINT (-85.316178715 35.022196216),"the tree is down partially blocking the Alton Park road extension coming into Long St.  Turn on the dead end road beside Ryder truck, the tree is blocking the left lane.   I am at CS&S Filtration at the end of the road -","2901 Long St, Chattanooga, 37410"
16592420,1741183123,completed,Tree Fallen/Branch,https://vc0.publicstuff.com/api/2.0/request_view?client_id=1000051&request_id=16592420,"Wed 05 Mar 2025, 08:58AM",35.022649389,-85.181292475,POINT (-85.181292475 35.022649389),,"1449 Marijon Dr, Chattanooga, 37421"
16595228,1741204237,received,Traffic Signs,https://vc0.publicstuff.com/api/2.0/request_view?client_id=1000051&request_id=16595228,"Wed 05 Mar 2025, 02:50PM",35.029709612,-85.287585225,POINT (-85.287585225 35.029709612),"INSTALL
SPEED LIMIT 25
(R2-1 24""x30"")
and
NO PARKING ANYTIME
(R7-1 12""x18"")
Located 70' from S Holtzclaw Ave
on Eastbound E 14th St

INSTALL
NO PARKING ANYTIME
(R7-1 12""x18"")
Located 230' from S Holtzclaw Ave
on Westbound E 14th St

INSTALL
NO PARKING ANYTIME
(R7-1 12""x18"")
Located 342' from S Holtzclaw Ave
on Westbound E 14th St

INSTALL
(BELOW STOP SIGN)
NO PARKING ANYTIME
(R7-1 12""x18"")
Located at the intersection of S Holtzclaw Ave
and Westbound E 14th St

REMOVE NO PARKING ANYTIME
AND ADUST BIKE ROUTE SIGN TO TOP OF POLE","1306 E 14th St, Chattanooga, 37404"
16588656,1741113724,completed,Traffic Signs,https://vc0.publicstuff.com/api/2.0/request_view?client_id=1000051&request_id=16588656,"Tue 04 Mar 2025, 01:42PM",35.055367043,-85.199692117,POINT (-85.199692117 35.055367043),Stop Sign On Shallowford Road At Jersey Pick Is On The Ground and May Cause An ACCIDENT.,"5901 Shallowford Rd, Chattanooga, 37421"
16574702,1740761150,completed,Tree Fallen/Branch,https://vc0.publicstuff.com/api/2.0/request_view?client_id=1000051&request_id=16574702,"Fri 28 Feb 2025, 11:45AM",35.009392848,-85.152189091,POINT (-85.152189091 35.009392848),Caller states there is a fallen branch  across Mackey Branch in Heritage Park.,"1428 Jenkins Rd, Chattanooga, 37421"
16594839,1741201447,in progress,Traffic Signs,https://vc0.publicstuff.com/api/2.0/request_view?client_id=1000051&request_id=16594839,"Wed 05 Mar 2025, 02:04PM",35.003356522,-85.278094579,POINT (-85.278094579 35.003356522),Street sign is down at the corner of 13th Ave and E 32nd street,"3000 E 32nd St, Chattanooga, 37407"
16582670,1741021210,completed,Tree Problem,https://vc0.publicstuff.com/api/2.0/request_view?client_id=1000051&request_id=16582670,"Mon 03 Mar 2025, 12:00PM",34.999932008,-85.329403779,POINT (-85.329403779 34.999932008),"Hi there, I'm the owner of 4521 Saint Elmo Avenue.  I was told that a neighbor filed a letter years ago in respect to my trees, stating they were dead and mismanaged.  He was upset because a limb fell on his car after a large storm.  My trees are taken care of by arborists but I would like to know what the contents of this letter is as they were asking about it when doing maintenance.  Can you send me a copy of the letter?  

Thanks, 

Beck","4521 St Elmo Ave, Chattanooga, 37409"
16599741,1741289201,submitted,Traffic Signs,https://vc0.publicstuff.com/api/2.0/request_view?client_id=1000051&request_id=16599741,"Thu 06 Mar 2025, 02:26PM",35.102558302,-85.330978998,POINT (-85.330978998 35.102558302),The sign was taken down to do some repairs on the road or the railroad at the corner of Suck Creek Rd. and signal Mountain Boulevard. The people in Suck Creek community would like to have this sign replaced. We dont know who took it down or why they took it down were assuming the workers took it down. Please let me know what you can do about getting this replaced or put back in place. thank you very much,"930 Signal Mountain Rd, Chattanooga, 37405"
16597964,1741272391,submitted,Traffic Signals,https://vc0.publicstuff.com/api/2.0/request_view?client_id=1000051&request_id=16597964,"Thu 06 Mar 2025, 09:46AM",35.082268,-85.296903,POINT (-85.296903 35.082268),Nobody stops for pedestrians. I have been ignored even as I attempt to move forward into the crosswalk. This intersection needs more than just signage. This crosswalk is used a hundred times a day at least. Everyone living in the apartment complex and the neighborhood uses it.,"790-798 Old Dallas Rd, Chattanooga, 37405"
