id,timestamp,status,type,url,created,latitude,longitude,location,description,address
16510760,1739282575,completed,Traffic Signals,https://vc0.publicstuff.com/api/2.0/request_view?client_id=1000051&request_id=16510760,"Tue 11 Feb 2025, 09:02AM",35.043124957,-85.165275961,POINT (-85.165275961 35.043124957),,"Lee Hwy, Chattanooga, 37421"
16510327,1739273677,completed,Traffic Signals,https://vc0.publicstuff.com/api/2.0/request_view?client_id=1000051&request_id=16510327,"Tue 11 Feb 2025, 06:34AM",35.017262,-85.176712,POINT (-85.176712 35.017262),Light handling exit from freeway on though it hasnt been triggered by someone leaving freeway.,"2-8 Exit 3A Off Ramp NB, Chattanooga, 37421"
16511814,1739295085,completed,Traffic Signals,https://vc0.publicstuff.com/api/2.0/request_view?client_id=1000051&request_id=16511814,"Tue 11 Feb 2025, 12:31PM",35.062960212,-85.137544734,POINT (-85.137544734 35.062960212),Old cleveland side is only letting one car go at the time,"3009 Silverdale Rd, Chattanooga, 37421"
16513369,1739311051,completed,Tree Fallen/Branch,https://vc0.publicstuff.com/api/2.0/request_view?client_id=1000051&request_id=16513369,"Tue 11 Feb 2025, 04:57PM",35.073611737,-85.313469655,POINT (-85.313469655 35.073611737),Tree blocking Highridge Dr unable to get home @ 892 Highridge Dr.,"892 High Ridge Dr, Chattanooga, 37405"
16529670,1739796735,received,Traffic Signs,https://vc0.publicstuff.com/api/2.0/request_view?client_id=1000051&request_id=16529670,"Mon 17 Feb 2025, 07:52AM",35.080710215,-85.203945939,POINT (-85.203945939 35.080710215),"REINSTALL
(MISSING)
STOP
(R1-1 30""x30"")
Located 18' from Willard Dr
on SW bound Wilksview Dr

STRAIGHTEN STREET NAME MARKER POST","4200 Wilkesview Dr, Chattanooga, 37416"
16520451,1739476664,completed,Tree Fallen/Branch,https://vc0.publicstuff.com/api/2.0/request_view?client_id=1000051&request_id=16520451,"Thu 13 Feb 2025, 02:57PM",35.136907374,-85.209810432,POINT (-85.209810432 35.136907374),on city right of way,"5330 Cassandra Smith Rd, Chattanooga, 37343"
16527027,1739712218,completed,Tree Problem,https://vc0.publicstuff.com/api/2.0/request_view?client_id=1000051&request_id=16527027,"Sun 16 Feb 2025, 08:23AM",35.11999,-85.266669,POINT (-85.266669 35.11999),,"912 Brynwood Dr, Chattanooga, 37415"
16520713,1739479749,completed,Traffic Signals,https://vc0.publicstuff.com/api/2.0/request_view?client_id=1000051&request_id=16520713,"Thu 13 Feb 2025, 03:49PM",35.033693433,-85.301514895,POINT (-85.301514895 35.033693433),The pedestrian crosswalk signal beeps continuously day and night. It goes across E Main St to Velo Coffee Roasters.,"1511 Adams St, Chattanooga, 37408"
16531846,1739821398,in progress,Traffic Signals,https://vc0.publicstuff.com/api/2.0/request_view?client_id=1000051&request_id=16531846,"Mon 17 Feb 2025, 02:43PM",35.104275,-85.2735645,POINT (-85.2735645 35.104275),I live off of Lupton Drive on the same side as Lupton Drive Baptist Church and the light is not changing to turn left onto Hixson Pike. It's not changing at all.,"Lupton Dr & Hixson Pike, Chattanooga, 37415"
16515253,1739378137,completed,Tree Fallen/Branch,https://vc0.publicstuff.com/api/2.0/request_view?client_id=1000051&request_id=16515253,"Wed 12 Feb 2025, 11:35AM",35.04625266,-85.319060025,POINT (-85.319060025 35.04625266),Tree branch is located near the Gateway Towers.,"1100 Gateway Ave, Chattanooga, 37402"
16518343,1739453876,completed,Tree Fallen/Branch,https://vc0.publicstuff.com/api/2.0/request_view?client_id=1000051&request_id=16518343,"Thu 13 Feb 2025, 08:37AM",35.03768039,-85.182247843,POINT (-85.182247843 35.03768039),States a tree has fallen across the street and blocked a school bus's travel. States the bus had to find another route. States the tree is on the Wiberforce St side.,"6402 Atlanta Ave, Chattanooga, 37421"
16530033,1739802525,in progress,Traffic Signs,https://vc0.publicstuff.com/api/2.0/request_view?client_id=1000051&request_id=16530033,"Mon 17 Feb 2025, 09:28AM",35.094512,-85.276919,POINT (-85.276919 35.094512),Stop sign broken at base and on the ground,"1260-1298 Enclave Rd, Chattanooga, 37415"
16521910,1739502456,completed,Traffic Signals,https://vc0.publicstuff.com/api/2.0/request_view?client_id=1000051&request_id=16521910,"Thu 13 Feb 2025, 10:07PM",35.047696,-85.290478,POINT (-85.290478 35.047696),,"1000 E 3rd St, Chattanooga, 37403"
16510330,1739273901,completed,Traffic Signals,https://vc0.publicstuff.com/api/2.0/request_view?client_id=1000051&request_id=16510330,"Tue 11 Feb 2025, 06:38AM",35.017693,-85.168606,POINT (-85.168606 35.017693),East Brainerd Road often gets red light though no cars on Bunker Hill,"7200-7298 E Brainerd Rd, Chattanooga, 37421"
16511946,1739296653,received,Traffic Signs,https://vc0.publicstuff.com/api/2.0/request_view?client_id=1000051&request_id=16511946,"Tue 11 Feb 2025, 12:57PM",35.026754,-85.282166582,POINT (-85.282166582 35.026754),"REPLACE
STREET NAME MARKERS
(D3 ?""x10"")
Lynnbrook Ave 1500 (x2)
E Main St 1800 (x2)

REPLACE
STREET NAME MARKERS
(D3 ?""x10"")
S Hickory St 1400 (x2)
E Main St 1700 (x2)","1750 E Main St, Chattanooga, 37404"
16521900,1739502027,in progress,Traffic Signs,https://vc0.publicstuff.com/api/2.0/request_view?client_id=1000051&request_id=16521900,"Thu 13 Feb 2025, 10:00PM",35.031492,-85.308831,POINT (-85.308831 35.031492),,"Market St & W 20th St, Chattanooga, 37408"
16527063,1739712322,completed,Tree Fallen/Branch,https://vc0.publicstuff.com/api/2.0/request_view?client_id=1000051&request_id=16527063,"Sun 16 Feb 2025, 08:25AM",35.042879,-85.228804,POINT (-85.228804 35.042879),Across the street. We tried to move but it too heavy,"1512 Dalewood Dr, Chattanooga, 37411"
16518624,1739457495,submitted,Traffic Signals,https://vc0.publicstuff.com/api/2.0/request_view?client_id=1000051&request_id=16518624,"Thu 13 Feb 2025, 09:38AM",35.108442452,-85.144866989,POINT (-85.144866989 35.108442452),"Traffic signal at the intersection of St Hwy 58 & Ferdinand Piech Wy & Clark Rd. When traveling east on Clark Rd, the traffic signal for the lane that shares the roles of being the thru travel lane and the left turn lane only presents the drives with a ""green"" light and not a ""protected green arrow"". In watching the programing of this light, this is a ""protected turn"". The confusion thus is created by drivers only seeing a ""green light"" and assuming oncoming traffic from Ferdinand Piech Wy have the right-of-way, when in reality they have a ""red light"".","5607 Highway 58, Chattanooga, 37341"
16522707,1739545964,completed,Tree Fallen/Branch,https://vc0.publicstuff.com/api/2.0/request_view?client_id=1000051&request_id=16522707,"Fri 14 Feb 2025, 10:12AM",35.106206422,-85.344752611,POINT (-85.344752611 35.106206422),Tree across road on city end of Balmoral Dr just past Space House on Signal.- via text,"1026 Balmoral Dr, Chattanooga, 37377"
16512950,1739306354,submitted,Traffic Signals,https://vc0.publicstuff.com/api/2.0/request_view?client_id=1000051&request_id=16512950,"Tue 11 Feb 2025, 03:39PM",35.101413188,-85.275703355,POINT (-85.275703355 35.101413188),"Need a turn signal at the light, they need a turn signal , turning left on Carter Dr from Hixson Pike","3300 Hixson Pike, Chattanooga, 37415"
16515218,1739377810,completed,Tree Fallen/Branch,https://vc0.publicstuff.com/api/2.0/request_view?client_id=1000051&request_id=16515218,"Wed 12 Feb 2025, 11:30AM",35.034773216,-85.239562452,POINT (-85.239562452 35.034773216),Caller states there is a branch hanging down in the road as you are going down the hill just past Belle Vista Ave,"800 Gillespie Rd, Chattanooga, 37411"
16529238,1739756100,completed,Tree Fallen/Branch,https://vc0.publicstuff.com/api/2.0/request_view?client_id=1000051&request_id=16529238,"Sun 16 Feb 2025, 08:35PM",35.123127526,-85.26063256,POINT (-85.26063256 35.123127526),tree down blocking cul-de-sac,"1301-1315 Milky Way, Chattanooga, 37343"
16510333,1739274107,completed,Traffic Signals,https://vc0.publicstuff.com/api/2.0/request_view?client_id=1000051&request_id=16510333,"Tue 11 Feb 2025, 06:41AM",35.012516,-85.158566,POINT (-85.158566 35.012516),East Brainerd Road gets red light though no traffic on Stratman triggering it.,"7600-7648 E Brainerd Rd, Chattanooga, 37421"
16522421,1739542239,received,Traffic Signs,https://vc0.publicstuff.com/api/2.0/request_view?client_id=1000051&request_id=16522421,"Fri 14 Feb 2025, 09:10AM",35.005555915,-85.219115712,POINT (-85.219115712 35.005555915),"INSTALL
(AT 8 FEET)
ADVANCED INTERSECTION LANE CONTROL (3 LANE)
(LEFT ONLY/ STRAIGHT ONLY/ RIGHT ONLY)
(R3-8b 48""x30"")
Located 255' from Miller Dr
on Northbound Spring Creek Rd

RELOCATE/MOVE
EXISTING RIGHT LANE MUST TURN RIGHT
Located 179' from Miller Dr 
on Northbound Spring Creek Rd","600 Spring Creek Rd, Chattanooga, 37411"
16523606,1739556986,received,Traffic Signs,https://vc0.publicstuff.com/api/2.0/request_view?client_id=1000051&request_id=16523606,"Fri 14 Feb 2025, 01:16PM",35.058809969,-85.32656964,POINT (-85.32656964 35.058809969),"INSTALL
TRUCKS
(M4-4 24""x12"") 
(YELLOW BACKGROUND with BLACK LETTERS)
NO RIGHT TURN
(R3-1R 24""x24"")
Located 194' from Riverside Dr
on NE bound Manufacturers Rd
(ADD ORANGE FLAGS ONCE INSTALL IS COMPLETE)

INSTALL
TRUCKS
(M4-4 24""x12"") 
(YELLOW BACKGROUND with BLACK LETTERS)
NO LEFT TURN
(R3-1L 24""x24"")
Located 29' from Riverside Dr
on Northbound Manufacturers Rd

INSTALL
TRUCKS
(M4-4 24""x12"") 
(YELLOW BACKGROUND with BLACK LETTERS)
NO LEFT TURN
(R3-1L 24""x24"")
Located 120' from Riverside Ave
NE bound
(ADD ORANGE FLAGS ONCE INSTALL IS COMPLETE)

INSTALL
TRUCKS
(M4-4 24""x12"") 
(YELLOW BACKGROUND with BLACK LETTERS)
NO LEFT TURN
(R3-1L 24""x24"")
Located 120' from Riverside Ave
NE bound
(ADD ORANGE FLAGS ONCE INSTALL IS COMPLETE)","900 Manufacturers Rd, Chattanooga, 37405"
16529760,1739798661,completed,Traffic Signals,https://vc0.publicstuff.com/api/2.0/request_view?client_id=1000051&request_id=16529760,"Mon 17 Feb 2025, 08:24AM",35.014379,-85.325307,POINT (-85.325307 35.014379),,"3536-3554 Broad St, Chattanooga, 37409"
16516312,1739390259,completed,Tree Fallen/Branch,https://vc0.publicstuff.com/api/2.0/request_view?client_id=1000051&request_id=16516312,"Wed 12 Feb 2025, 02:57PM",35.077182526,-85.198835759,POINT (-85.198835759 35.077182526),Large tree branch has fallen onto the road right in front of 4206 Bellview Ave on the speed bump.,"4206 Bellview Ave, Chattanooga, 37416"
16519728,1739469266,completed,Tree Fallen/Branch,https://vc0.publicstuff.com/api/2.0/request_view?client_id=1000051&request_id=16519728,"Thu 13 Feb 2025, 12:54PM",35.109314336,-85.269219974,POINT (-85.269219974 35.109314336),Tree down blocking the whole road near this address. Caller also states it has smashed the guardrail. He is call CPD also.,"1011 Marion Cir, Chattanooga, 37415"
16529715,1739797874,in progress,Traffic Signs,https://vc0.publicstuff.com/api/2.0/request_view?client_id=1000051&request_id=16529715,"Mon 17 Feb 2025, 08:11AM",35.062376838,-85.176667781,POINT (-85.176667781 35.062376838),"INSTALL
(ABOVE OBJECT MARKER)
WEIGHT LIMIT
(BOX TRUCK SYMBOL) 40T
(3 AXLE TRUCK SYMBOL) 40T
(R12-1 24""x30"")
Located at 7401 Noah Reid Rd
Soutbound","7400 Noah Reid Rd, Chattanooga, 37421"
16521894,1739501704,completed,Traffic Signs,https://vc0.publicstuff.com/api/2.0/request_view?client_id=1000051&request_id=16521894,"Thu 13 Feb 2025, 09:55PM",35.008145,-85.326302,POINT (-85.326302 35.008145),Stop sign coming out of Food city at 40th St. is bent over at the base.,"1101-1199 W 40th St, Chattanooga, 37409"
16515185,1739377418,completed,Traffic Signals,https://vc0.publicstuff.com/api/2.0/request_view?client_id=1000051&request_id=16515185,"Wed 12 Feb 2025, 11:23AM",35.026263,-85.299381,POINT (-85.299381 35.026263),The light when you're on 23rd going across Central Ave.,"Rossville Blvd & Central Ave, Chattanooga, 37408"
16531227,1739814704,in progress,Traffic Signs,https://vc0.publicstuff.com/api/2.0/request_view?client_id=1000051&request_id=16531227,"Mon 17 Feb 2025, 12:51PM",35.035580559,-85.235495792,POINT (-85.235495792 35.035580559),,"802 Aubrey Ave, Chattanooga, 37411"
16511996,1739297210,submitted,Traffic Signals,https://vc0.publicstuff.com/api/2.0/request_view?client_id=1000051&request_id=16511996,"Tue 11 Feb 2025, 01:06PM",35.017863266,-85.279646269,POINT (-85.279646269 35.017863266),The lights at 4th Street exit are out of sync. Traffic backed up onto the bridge - the person behind me almost hit me and several others almost collided. This is a safety issue especially on a wet day. This happens daily. You should be able to see the data and make changes to avoid future accidents. Everyone is lucky to have avoided a massive accident thus far.,"2300 4th Ave, Chattanooga, 37404"
16528155,1739725956,completed,Tree Fallen/Branch,https://vc0.publicstuff.com/api/2.0/request_view?client_id=1000051&request_id=16528155,"Sun 16 Feb 2025, 12:12PM",35.075772,-85.306143,POINT (-85.306143 35.075772),,"1000 Meroney St, Chattanooga, 37405"
16523876,1739559987,completed,Traffic Signs,https://vc0.publicstuff.com/api/2.0/request_view?client_id=1000051&request_id=16523876,"Fri 14 Feb 2025, 02:06PM",35.107437531,-85.326142639,POINT (-85.326142639 35.107437531),Citizens are Requesting Repairs of the Round About Markers and Street markers at the W Road Round At Mountain Creek Rd. Street Marker is on The ground As well.,"3500 W Rd, Chattanooga, 37405"
16531102,1739813417,completed,Traffic Signals,https://vc0.publicstuff.com/api/2.0/request_view?client_id=1000051&request_id=16531102,"Mon 17 Feb 2025, 12:30PM",35.03853442,-85.15621716,POINT (-85.15621716 35.03853442),The traffic light here is blinking for all directions of travel.,"2204 Hamilton Place Blvd, Chattanooga, 37421"
16516920,1739398335,completed,Tree Fallen/Branch,https://vc0.publicstuff.com/api/2.0/request_view?client_id=1000051&request_id=16516920,"Wed 12 Feb 2025, 05:12PM",35.038048477,-85.183257323,POINT (-85.183257323 35.038048477),undefined,"6316 Atlanta Ave, Chattanooga, 37421"
16531306,1739815400,completed,Traffic Signs,https://vc0.publicstuff.com/api/2.0/request_view?client_id=1000051&request_id=16531306,"Mon 17 Feb 2025, 01:03PM",35.062557019,-85.312878188,POINT (-85.312878188 35.062557019),"A stop sign has been struck by a vehicle at ~200 Manufacturer's Rd. It is currently laying in the grass median that has the Renaissance Park sign. We would reinstall, but unsure of the correct orientation.","200 Manufacturers Rd, Chattanooga, 37405"
16516043,1739387600,completed,Traffic Signals,https://vc0.publicstuff.com/api/2.0/request_view?client_id=1000051&request_id=16516043,"Wed 12 Feb 2025, 02:13PM",35.045690704,-85.310534484,POINT (-85.310534484 35.045690704),"100 W. MLK Blvd. (9th Street Intersection and Broad Street) GREEN Traffic Light (Middle) Burned Out as facing W. MLK Blvd., w/ Read House on left opposite side and EPB Building on right side at traffic light","100 W Martin Luther King Blvd, Chattanooga, 37402"
16522389,1739541678,completed,Snow and Ice Removal,https://vc0.publicstuff.com/api/2.0/request_view?client_id=1000051&request_id=16522389,"Fri 14 Feb 2025, 09:01AM",35.058809969,-85.32656964,POINT (-85.32656964 35.058809969),"From the sharp curve Manufactures / riverside Ave  to Pineville Rd Is very icy, also continuing on Pineville rd to Signal Mtn Rd has bad icy areas. Cars and Semi trucks sliding. Called in by Shelly from Moccasin Bend, Call her if directions needed423-488-2780","900 Manufacturers Rd, Chattanooga, 37405"
16514449,1739366721,completed,Tree Fallen/Branch,https://vc0.publicstuff.com/api/2.0/request_view?client_id=1000051&request_id=16514449,"Wed 12 Feb 2025, 08:25AM",35.00154,-85.275639,POINT (-85.275639 35.00154),Its inside the fence next to the community building.,"3130-3298 E 32nd St, Chattanooga, 37407"
16529716,1739797888,in progress,Traffic Signs,https://vc0.publicstuff.com/api/2.0/request_view?client_id=1000051&request_id=16529716,"Mon 17 Feb 2025, 08:11AM",35.063201169,-85.310477056,POINT (-85.310477056 35.063201169),Stop sign knocked over at Renaissance Park exit,"2-314 Manufacturers Rd, Chattanooga, 37405"
16528386,1739731600,submitted,Tree Fallen/Branch,https://vc0.publicstuff.com/api/2.0/request_view?client_id=1000051&request_id=16528386,"Sun 16 Feb 2025, 01:46PM",35.051467,-85.268677,POINT (-85.268677 35.051467),Tree fell into my fence and into the back yard. Damaging the fence.,"1117 Sheridan Ave, Chattanooga, 37406"
16520919,1739481582,in progress,Traffic Signs,https://vc0.publicstuff.com/api/2.0/request_view?client_id=1000051&request_id=16520919,"Thu 13 Feb 2025, 04:19PM",35.032082073,-85.173836266,POINT (-85.173836266 35.032082073),"There was a traffic accident at the corner of 6800 Chiswick Drive and Hickory Valley Road last year.  The auto took down a concrete power pole, the stop sign and a dead-end street sign. When the replacement pole was installed nothing else was done.  We need a replacement stop sign, dead-end street sign, along with the old street poles that were hit removed along with the concrete from the broken pole.  There is a red conduit needing re-attached to the new pole.","6800 Chiswick Dr, Chattanooga, 37421"
16520121,1739473289,completed,Tree Fallen/Branch,https://vc0.publicstuff.com/api/2.0/request_view?client_id=1000051&request_id=16520121,"Thu 13 Feb 2025, 02:01PM",35.054182751,-85.264744482,POINT (-85.264744482 35.054182751),"Branches hanging over the street and powerlines
Next door of residence","1406 N Orchard Knob Ave, Chattanooga, 37406"
16512594,1739302801,received,Traffic Signs,https://vc0.publicstuff.com/api/2.0/request_view?client_id=1000051&request_id=16512594,"Tue 11 Feb 2025, 02:40PM",35.030363781,-85.289435979,POINT (-85.289435979 35.030363781),"INSTALL
NO PARKING ANYTIME
(R7-1 12""x18"")
Located 30' from Gulf St
on SE bound E 14th St

INSTALL
NO PARKING TO CORNER
(R-NS-006 12""x18"")
Located 35' from Gulf St
on SE bound E 14th St

REPLACE
STREET NAME MARKERS
(D3 ?""x8"")
Gulf St 1400 (x2)
E 14th St 1100 (x2)","1150 E 14th St, Chattanooga, 37408"
16526990,1739709995,completed,Tree Fallen/Branch,https://vc0.publicstuff.com/api/2.0/request_view?client_id=1000051&request_id=16526990,"Sun 16 Feb 2025, 07:46AM",35.150638,-85.276755,POINT (-85.276755 35.150638),Overnight winds knocked down tree and is laying across road. Danger level high as its at a bend in the road.,"2-298 Lynnolen Ln, Chattanooga, 37415"
16522328,1739540519,completed,Snow and Ice Removal,https://vc0.publicstuff.com/api/2.0/request_view?client_id=1000051&request_id=16522328,"Fri 14 Feb 2025, 08:41AM",35.027378852,-85.234705065,POINT (-85.234705065 35.027378852),"Intersection of Talley Rd. and Rogers Rd. 
At the intersection of Talley Rd. and Rogers Rd., a caller reports a thick patch of ice that needs to be removed.","500 Talley Rd, Chattanooga, 37411"
16531730,1739820017,submitted,Traffic Signs,https://vc0.publicstuff.com/api/2.0/request_view?client_id=1000051&request_id=16531730,"Mon 17 Feb 2025, 02:20PM",35.017933405,-85.323634918,POINT (-85.323634918 35.017933405),,"3289 St Elmo Ave, Chattanooga, 37408"
16518341,1739453796,completed,Traffic Signs,https://vc0.publicstuff.com/api/2.0/request_view?client_id=1000051&request_id=16518341,"Thu 13 Feb 2025, 08:36AM",35.026902,-85.363794,POINT (-85.363794 35.026902),Yield sign for traffic turning right from Browns Ferry Road onto I-24 East on-ramp has been knocked down.,"220 Browns Ferry Rd, Chattanooga, 37419"
16511119,1739287254,completed,Traffic Signs,https://vc0.publicstuff.com/api/2.0/request_view?client_id=1000051&request_id=16511119,"Tue 11 Feb 2025, 10:20AM",35.035402621,-85.305216953,POINT (-85.305216953 35.035402621),"INSTALL
(AT AN ANGLE ON UTILITY POLE)
NO PARKING ANYTIME (LEFT ARROW)
(R7-1L 12""x18"")
Located at 211 E Main St
Westbound

INSTALL
(AT AN ANGLE ON LAMP POLE)
NO PARKING ANYTIME (RIGHT ARROW)
(R7-1R 12""x18"")
Located at 203 E Main St
Westbound","203 E Main St, Chattanooga, 37408"
16530115,1739803440,received,Traffic Signs,https://vc0.publicstuff.com/api/2.0/request_view?client_id=1000051&request_id=16530115,"Mon 17 Feb 2025, 09:44AM",35.031575534,-85.263915224,POINT (-85.263915224 35.031575534),"INSTALL
(IN SIDEWALK)
NO LEFT TURN
(R3-2 24""x24"")
Located 78' from McCallie Ave
on Southbound Dodds Ave

RELOCATE AND REPLACE
(BAND TO WOODEN UTILITY POLE with U-CHANNEL AT 8 FT)
TO
McCallie Ave Tunnel
and
Brainerd Rd
UP/RIGHT ARROW
(D1-1 48""x36"")
Located at 301 Dodds Ave
Southbound

REPLACE and RELOCATE
(TO LOCATION WHERE EXISTING U-CHANNEL POST IS)
HWY 11 and HWY 64 SIGNS
(M1-4)
RIGHT ARROWS (x2)
(M6-1R 21""x15"")
NORTH AND EAST SIGNS 
(M3-1 and M3-2 (24""x12"")
(SEE IMAGE)
Located at 298 Dodds Ave
Northbound","300 Dodds Ave, Chattanooga, 37404"
16515916,1739386319,submitted,Tree Problem,https://vc0.publicstuff.com/api/2.0/request_view?client_id=1000051&request_id=16515916,"Wed 12 Feb 2025, 01:51PM",35.06506396,-85.289159785,POINT (-85.289159785 35.06506396),"Citizen states there is a tree in the alley way behind his property that has been painted with a green dot. His neighbor wants the tree taken down, but Mr Vaughn does not. He states there is nothing wrong with the tree other than a dead limb. He wants to know if someone from City Forestry marked the tree and what the green dot means. He states the tree is between his property and the neighbors property. The alley is off of Dugdale St.","901 Sterling Ave, Chattanooga, 37405"
