id,timestamp,status,type,url,created,latitude,longitude,location,description,address
16533469,1739857114,completed,Traffic Signals,https://vc0.publicstuff.com/api/2.0/request_view?client_id=1000051&request_id=16533469,"Tue 18 Feb 2025, 12:38AM",35.044271257,-85.150030594,POINT (-85.150030594 35.044271257),,"7326 McCutcheon Rd, Chattanooga, 37421"
16535456,1739900544,completed,Traffic Signals,https://vc0.publicstuff.com/api/2.0/request_view?client_id=1000051&request_id=16535456,"Tue 18 Feb 2025, 12:42PM",35.102728527,-85.274426189,POINT (-85.274426189 35.102728527),,"3400 Hixson Pike, Chattanooga, 37415"
16538240,1739938523,submitted,Traffic Signals,https://vc0.publicstuff.com/api/2.0/request_view?client_id=1000051&request_id=16538240,"Tue 18 Feb 2025, 11:15PM",35.083992,-85.062034,POINT (-85.062034 35.083992),"There is a very dangerous intersection here in the Ooltewah area, where there is a traffic signal on Lee Hwy for Relocation Way (on the north side) and a Marathon gas station (on the south side). On the south side of Lee Hwy is Reagan Ln, which is an outlet onto Lee Hwy for all traffic coming from Walmart, Taco Bell, etc. However, Reagan Ln comes in just short of the intersection, causing a huge back up of traffic. It is also an unsafe right-turn onto Lee Hwy from Reagan Ln as the signaled intersection comes immediately after making the right turn. It does not make sense to have Relocation Way and the gas station to have their own traffic signal, while Reagan Ln could use the signal to provide safe turns onto Lee Hwy. These intersections should be redesigned soon as this is a terrible design for handling traffic in the growing Ooltewah-Collegedale area.","9206-9212 Lee Hwy, Collegedale, 37363"
16553969,1740406272,submitted,Traffic Signs,https://vc0.publicstuff.com/api/2.0/request_view?client_id=1000051&request_id=16553969,"Mon 24 Feb 2025, 09:11AM",35.031682,-85.302721,POINT (-85.302721 35.031682),People are still parking in the new No parking anytime designations on the entire side street of Adams Street. Even down to the corner at Main Street.,"1701-1749 Adams St, Chattanooga, 37408"
16554028,1740406859,in progress,Traffic Signals,https://vc0.publicstuff.com/api/2.0/request_view?client_id=1000051&request_id=16554028,"Mon 24 Feb 2025, 09:20AM",35.042775,-85.156866,POINT (-85.156866 35.042775),Left turn signals for I-75 S bound not triggering on Shallowford Rd.,"7150-7198 Shallowford Rd, Chattanooga, 37421"
16542288,1740014362,submitted,Traffic Signals,https://vc0.publicstuff.com/api/2.0/request_view?client_id=1000051&request_id=16542288,"Wed 19 Feb 2025, 08:19PM",35.082663,-85.058415,POINT (-85.058415 35.082663),Crosswalk beacons needed at crosswalk on Lee Hwy at intersection with Main Street and Ooltewah Georgetown Road. There are currently push buttons the activate the green light (for car traffic) but looks unsafe since this is a wide road crossing.,"9300-9318 Lee Hwy, Collegedale, 37363"
16548530,1740162772,completed,Traffic Signals,https://vc0.publicstuff.com/api/2.0/request_view?client_id=1000051&request_id=16548530,"Fri 21 Feb 2025, 01:32PM",35.08423312,-85.326610086,POINT (-85.326610086 35.08423312),Traffic light @ Signal Mtn. Rd. & Pineville Rd. the caller said the timing os off bad.,"1200 Pineville Rd, Chattanooga, 37405"
16556350,1740425314,submitted,Traffic Signals,https://vc0.publicstuff.com/api/2.0/request_view?client_id=1000051&request_id=16556350,"Mon 24 Feb 2025, 02:28PM",35.101413188,-85.275703355,POINT (-85.275703355 35.101413188),Carter Dr & Hixson Pike,"3300 Hixson Pike, Chattanooga, 37415"
16534350,1739891011,completed,Traffic Signs,https://vc0.publicstuff.com/api/2.0/request_view?client_id=1000051&request_id=16534350,"Tue 18 Feb 2025, 10:03AM",35.063361,-85.242402,POINT (-85.242402 35.063361),Stop sign is down. On the corner of Greenwood and N. Crest Rd,"627 N Crest Rd, Chattanooga, 37404"
16535866,1739904179,received,Traffic Signs,https://vc0.publicstuff.com/api/2.0/request_view?client_id=1000051&request_id=16535866,"Tue 18 Feb 2025, 01:42PM",35.031416051,-85.292281517,POINT (-85.292281517 35.031416051),"INSTALL
NO PARKING TO CORNER
(R-NS-006 12""x18"")
Located 35' from Top St
on Westbound E 14th St

INSTALL
(AT AN ANGLE)
NO PARKING ANYTIME (DOUBLE ARROW)
(R7-1 L&R 12""x18"")
Located 40' from Top St
on Westbound E 14th St

INSTALL
NO PARKING TO CORNER
(R-NS-006 12""x18"")
Located 40' from Top St
on Eastbound E 14th St

INSTALL
(ON UTILITY POLE AT AN ANGLE)
NO PARKING ANYTIME (DOUBLE ARROW)
(R7-1 L&R 12""x18"")
Located at 1020 E 14th St
Westbound

REPLACE 
NO PARKING TO CORNER
with
NO PARKING TO CORNER (RIGHT ARROW)
Located at 1103 E 14th St
Eastbound","1100 E 14th St, Chattanooga, 37408"
16556292,1740424973,in progress,Traffic Signs,https://vc0.publicstuff.com/api/2.0/request_view?client_id=1000051&request_id=16556292,"Mon 24 Feb 2025, 02:22PM",35.081064,-85.299408,POINT (-85.299408 35.081064),,"Old Dallas Rd & Notting Hl, Chattanooga, 37405"
16550068,1740184866,in progress,Traffic Signs,https://vc0.publicstuff.com/api/2.0/request_view?client_id=1000051&request_id=16550068,"Fri 21 Feb 2025, 07:41PM",35.031355892,-85.304097966,POINT (-85.304097966 35.031355892),,"Washington St, Chattanooga, 37408"
16536559,1739909882,completed,Traffic Signs,https://vc0.publicstuff.com/api/2.0/request_view?client_id=1000051&request_id=16536559,"Tue 18 Feb 2025, 03:18PM",35.130910794,-85.223539561,POINT (-85.223539561 35.130910794),The street marker sign on the corner of Bryant Rd and Hamill Rd has been hit and is leaning and Caller also states the fire hydrant beside of it must have gotten hit too because it is leaning but not leaking,"2700 Bryant Rd, Chattanooga, 37343"
16541604,1740002971,submitted,Traffic Signs,https://vc0.publicstuff.com/api/2.0/request_view?client_id=1000051&request_id=16541604,"Wed 19 Feb 2025, 05:09PM",35.07051719,-85.3065045,POINT (-85.3065045 35.07051719),This area is where the neighborhood children play and becomes more congested each day with all the new houses being built. People speed through here as a cross street to Dallas road.  A three way stop here will defiantly prevent many future wrecks and a possible tragedy in the future.,"Franklin St, Chattanooga, 37405"
16534639,1739893644,completed,Tree Fallen/Branch,https://vc0.publicstuff.com/api/2.0/request_view?client_id=1000051&request_id=16534639,"Tue 18 Feb 2025, 10:47AM",35.132648,-85.194293,POINT (-85.194293 35.132648),Tree stump uprooted into ditch blocking water flow. Please remove (and clear all leaves if possible,"6510 Big Ridge Rd, Chattanooga, 37343"
16547248,1740147126,completed,Traffic Signs,https://vc0.publicstuff.com/api/2.0/request_view?client_id=1000051&request_id=16547248,"Fri 21 Feb 2025, 09:12AM",35.089012546,-85.219815075,POINT (-85.219815075 35.089012546),,"4199 S Access Rd, Chattanooga, 37406"
16552987,1740351712,completed,Traffic Signals,https://vc0.publicstuff.com/api/2.0/request_view?client_id=1000051&request_id=16552987,"Sun 23 Feb 2025, 06:01PM",35.008489,-85.153131,POINT (-85.153131 35.008489),,"1400-1498 Jenkins Rd, Chattanooga, 37421"
16554649,1740412092,submitted,Traffic Signs,https://vc0.publicstuff.com/api/2.0/request_view?client_id=1000051&request_id=16554649,"Mon 24 Feb 2025, 10:48AM",35.015434575,-85.201920054,POINT (-85.201920054 35.015434575),The sign is supposed to face Anderson for traffic approaching Bass Road to stop.  The sign was made taller which makes it more difficult to notice and is not facing traffic that would be approaching Bass Road from Anderson.,"213 Bass Rd, Chattanooga, 37421"
16540662,1739993910,completed,Tree Fallen/Branch,https://vc0.publicstuff.com/api/2.0/request_view?client_id=1000051&request_id=16540662,"Wed 19 Feb 2025, 02:38PM",35.042879,-85.228804,POINT (-85.228804 35.042879),The storm blew the tree down. 311 app said it was complete but it is has not been removed,"1512 Dalewood Dr, Chattanooga, 37411"
16535889,1739904333,submitted,Traffic Signals,https://vc0.publicstuff.com/api/2.0/request_view?client_id=1000051&request_id=16535889,"Tue 18 Feb 2025, 01:45PM",35.006047,-85.215991,POINT (-85.215991 35.006047),"Old traffic signals near Eastgate Mall should be removed, as this is now a stop sign. This intersection is confusing with these old traffic signals, making drivers like me wonder if theres a problem here.","100-698 Eastgate Loop, Chattanooga, 37411"
16534703,1739894273,submitted,Traffic Signs,https://vc0.publicstuff.com/api/2.0/request_view?client_id=1000051&request_id=16534703,"Tue 18 Feb 2025, 10:57AM",35.121521922,-85.276775961,POINT (-85.276775961 35.121521922),Need a speed sign up coming over the hill,"625 Ely Rd, Chattanooga, 37343"
16547400,1740149059,completed,Traffic Signs,https://vc0.publicstuff.com/api/2.0/request_view?client_id=1000051&request_id=16547400,"Fri 21 Feb 2025, 09:44AM",35.006396267,-85.280920277,POINT (-85.280920277 35.006396267),,"3100 8th Ave, Chattanooga, 37407"
16545253,1740082754,completed,Traffic Signs,https://vc0.publicstuff.com/api/2.0/request_view?client_id=1000051&request_id=16545253,"Thu 20 Feb 2025, 03:19PM",34.990269,-85.276382,POINT (-85.276382 34.990269),Large truck made the turn from east crest to Peachtree and knocked down the sign that read: East Crest Rd/Dead End,"654-698 E Crest Rd, Chattanooga, 37404"
16557680,1740436248,submitted,Tree Fallen/Branch,https://vc0.publicstuff.com/api/2.0/request_view?client_id=1000051&request_id=16557680,"Mon 24 Feb 2025, 05:30PM",35.064026841,-85.300917417,POINT (-85.300917417 35.064026841),"tree fallen, resting on power line","326 Thompson St, Chattanooga, 37405"
16538361,1739966039,completed,Snow and Ice Removal,https://vc0.publicstuff.com/api/2.0/request_view?client_id=1000051&request_id=16538361,"Wed 19 Feb 2025, 06:53AM",35.069025,-85.321138,POINT (-85.321138 35.069025),Treat the road way with salt or brine.,"400-598 Whitehall Rd, Chattanooga, 37405"
16554259,1740408914,in progress,Traffic Signals,https://vc0.publicstuff.com/api/2.0/request_view?client_id=1000051&request_id=16554259,"Mon 24 Feb 2025, 09:55AM",35.031014886,-85.155037789,POINT (-85.155037789 35.031014886),"on gunbarrel in front of walmart, left turn signal is not coming on when light changes.","2020 Gunbarrel Rd, Chattanooga, 37421"
16553612,1740400045,submitted,Traffic Signs,https://vc0.publicstuff.com/api/2.0/request_view?client_id=1000051&request_id=16553612,"Mon 24 Feb 2025, 07:27AM",35.055351,-85.200165,POINT (-85.200165 35.055351),STOP sign down. This was called in by Police Services,"Shallowford Rd & Jersey Pike, Chattanooga, 37421"
16536018,1739905514,received,Traffic Signs,https://vc0.publicstuff.com/api/2.0/request_view?client_id=1000051&request_id=16536018,"Tue 18 Feb 2025, 02:05PM",35.028763265,-85.285029276,POINT (-85.285029276 35.028763265),"INSTALL
STREET NAME MARKERS
(D3 ?""x8"")
E 14th St 1400 (x2)
S Highland Park Ave 1300 (x2)
Located 9' from S Highland Park Ave
on Westbound E 14th St

REPLACE
STREET NAME MARKERS
(D3 ?""x8"")
E 14th St 1500 (x2)
S Highland Park Ave 1400 (x2)

REPLACE
STREET NAME MARKERS
(D3 ?""x8"")
Top St 1400 (x2)
E 14th St 1000 (x2)

REPLACE
STREET NAME MARKERS
(D3 ?""x8"")
Top St 1300 (x2)
E 14th St 1100 (x2)","1500 E 14th St, Chattanooga, 37404"
16556624,1740427651,submitted,Traffic Signs,https://vc0.publicstuff.com/api/2.0/request_view?client_id=1000051&request_id=16556624,"Mon 24 Feb 2025, 03:07PM",35.048353471,-85.306746476,POINT (-85.306746476 35.048353471),"REPLACE AND RELOCATE
 6 FT TO THE LEFT 
(ON SPAN WIRE)
OVERHEAD STREET NAME MARKERS (DOUBLE SIDED WITH ARROWS)
(D3-1a ?""x18"")
McCallie Ave 300 (RIGHT ARROW)
(LEFT ARROW)  McCallie Ave 300
Located at the intersection of McCallie Ave
and Northbound Georgia Ave

REPLACE
(ON SPAN WIRE)
OVERHEAD STREET NAME MARKERS (DOUBLE SIDED WITH ARROWS)
(D3-1a ?""x18"")
E 7th St 200 (RIGHT ARROW)
(LEFT ARROW)  E 7th St 200
Located at the intersection of E 7th St
and Southbound Georgia Ave

REPLACE
(ON SPAN WIRE)
OVERHEAD STREET NAME MARKERS (DOUBLE SIDED)
(D3-1a ?""x18"")
Georgia Ave 600 (Double Sided)

REPLACE
(ON SPAN WIRE)
OVERHEAD STREET NAME MARKERS (DOUBLE SIDED)
(D3-1a ?""x18"")
Georgia Ave 700 (Double Sided)","700 Georgia Ave, Chattanooga, 37402"
16547719,1740152932,submitted,Traffic Signs,https://vc0.publicstuff.com/api/2.0/request_view?client_id=1000051&request_id=16547719,"Fri 21 Feb 2025, 10:48AM",35.050447387,-85.242771541,POINT (-85.242771541 35.050447387),"Citizen states there is a blind hill between the 1300 and 1400 block of Greenwood Rd. She wants a blind drive way sign installed because they cannot see when leaving their drive way, pulling out onto the rd. She states a sign like that was put on the other end of the street, near the tunnel.","1420 Greenwood Rd, Chattanooga, 37411"
16535129,1739897758,completed,Tree Problem,https://vc0.publicstuff.com/api/2.0/request_view?client_id=1000051&request_id=16535129,"Tue 18 Feb 2025, 11:55AM",35.062557019,-85.312878188,POINT (-85.312878188 35.062557019),"2 trees need replacing in the Renaissance Park parking lot that abuts the 1 North Shore condominiums.
This lot is adjacent to the Renaissance pavilion that includes the bathrooms. One spot is in the SE corner of the lot and the other is in front of the Yummy Thai restaurant on the NW side of the lot.","200 Manufacturers Rd, Chattanooga, 37405"
16544339,1740072022,submitted,Tree Fallen/Branch,https://vc0.publicstuff.com/api/2.0/request_view?client_id=1000051&request_id=16544339,"Thu 20 Feb 2025, 12:20PM",35.046199623,-85.319088665,POINT (-85.319088665 35.046199623),Tree branch over sidewalk,"1106 Gateway Ave, Chattanooga, 37402"
