id,timestamp,status,type,url,created,latitude,longitude,location,description,address
16428632,1737380667,completed,Traffic Signs,https://vc0.publicstuff.com/api/2.0/request_view?client_id=1000051&request_id=16428632,"Mon 20 Jan 2025, 08:44AM",35.078675618,-85.287643647,POINT (-85.287643647 35.078675618),,"1406 Shady Cir, Chattanooga, 37405"
16430387,1737465720,submitted,Traffic Signals,https://vc0.publicstuff.com/api/2.0/request_view?client_id=1000051&request_id=16430387,"Tue 21 Jan 2025, 08:22AM",35.063355111,-85.140490415,POINT (-85.140490415 35.063355111),So much time and gas is wasted waiting on this unnecessary signal. Please if there is a way to change this it would keep the traffic flowing much better. Also traffic wouldn't back up so that dozens of cars are getting on the interstate at the same time after waiting for it to turn green. This seems like more of a safety hazard then just letting cars turn left on yellow when they get to the light which would result in a more staggered entrance to the highway.,"7304 Bonny Oaks Dr, Chattanooga, 37421"
16431052,1737472607,received,Traffic Signs,https://vc0.publicstuff.com/api/2.0/request_view?client_id=1000051&request_id=16431052,"Tue 21 Jan 2025, 10:16AM",35.007558492,-85.293315861,POINT (-85.293315861 35.007558492),"REMOVE EXISTING STREET NAME MARKER 
FOR E 32nd St

INSTALL
(ON SPAN WIRE)
OVERHEAD STREET NAME MARKER
(D3-1a ?""x18"") (DOUBLE SIDED)
E 32nd St 1500
Located at the intersection of E 32nd St
and Northbound Rossville Blvd

INSTALL
(ON SPAN WIRE)
OVERHEAD STREET NAME MARKER
(D3-1a ?""x18"") (DOUBLE SIDED)
E 32nd St 1400
Located at the intersection of E 32nd St
and Southbound Rossville Blvd

REPLACE
(ON SPAN WIRE)
OVERHEAD STREET NAME MARKER
(D3-1a ?""x18"") (DOUBLE SIDED)
Rossville Blvd 3100
Located at the intersection of Rossville Blvd 
and Westbound E 32nd St","3200 Rossville Blvd, Chattanooga, 37407"
16450409,1737740144,completed,Snow and Ice Removal,https://vc0.publicstuff.com/api/2.0/request_view?client_id=1000051&request_id=16450409,"Fri 24 Jan 2025, 12:35PM",35.076895983,-85.298267507,POINT (-85.298267507 35.076895983),"Caller inq about SR submitted w/ Patricia he stated.  He did not provide an SR#, I did not find prev SR in the system.  Caller stated that there is still ice leveled where he parks and needs to be removed/cleared; there is also water infront of the house.  Stated he requested to let ""Mickey""  from the road Dept know and ask him to contact him, he is familiar w/this problem from the past. 
 Stated that he took pictures.","705 Clarendon St, Chattanooga, 37405"
16436466,1737517049,completed,Traffic Signals,https://vc0.publicstuff.com/api/2.0/request_view?client_id=1000051&request_id=16436466,"Tue 21 Jan 2025, 10:37PM",35.069713,-85.100563,POINT (-85.100563 35.069713),Apison Pike stays green 12 seconds.  Old Lee Hwy stays green 30 seconds.  Apison Pike direction only allow 4-5 cars through.  Sat 5-6 cycles while on Apison Pike.,"8200-8212 Apison Pike, Chattanooga, 37363"
16446002,1737651718,submitted,Traffic Signs,https://vc0.publicstuff.com/api/2.0/request_view?client_id=1000051&request_id=16446002,"Thu 23 Jan 2025, 12:01PM",35.129140513,-85.212565513,POINT (-85.212565513 35.129140513),"There is a sign there, that suppose to let you know how long the train is going to be there before you cross the tracks, but it is not working","3100 Hamill Rd, Chattanooga, 37343"
16439204,1737556802,completed,Traffic Signs,https://vc0.publicstuff.com/api/2.0/request_view?client_id=1000051&request_id=16439204,"Wed 22 Jan 2025, 09:40AM",35.032267208,-85.296979104,POINT (-85.296979104 35.032267208),remove do not enter sign on main Street entrance to parking lot. replace with enter sign or leave with no sign.,"821 E Main St, Chattanooga, 37408"
16431886,1737478847,completed,Traffic Signals,https://vc0.publicstuff.com/api/2.0/request_view?client_id=1000051&request_id=16431886,"Tue 21 Jan 2025, 12:00PM",35.043804,-85.2799005,POINT (-85.2799005 35.043804),West bound right turn green arrow out,"N Holtzclaw Ave & E 3rd St, Chattanooga, 37404"
16432613,1737485211,completed,Snow and Ice Removal,https://vc0.publicstuff.com/api/2.0/request_view?client_id=1000051&request_id=16432613,"Tue 21 Jan 2025, 01:46PM",35.030764708,-85.234492965,POINT (-85.234492965 35.030764708),There is a patch of ice is at the entrance to the street.,"4101 Gayle Dr, Chattanooga, 37411"
16451415,1737750699,submitted,Traffic Signals,https://vc0.publicstuff.com/api/2.0/request_view?client_id=1000051&request_id=16451415,"Fri 24 Jan 2025, 03:31PM",35.065488296,-85.309130501,POINT (-85.309130501 35.065488296),around 5 PM cars driving eastbound on W manning wait 10 minutes to get though the red light.  I believe that the sun is shining directly into the camera.  can this be addressed?,"401 N Market St, Chattanooga, 37405"
16439959,1737562484,completed,Traffic Signals,https://vc0.publicstuff.com/api/2.0/request_view?client_id=1000051&request_id=16439959,"Wed 22 Jan 2025, 11:14AM",35.069733,-85.100616,POINT (-85.100616 35.069733),,"Apison Pike & Old Lee Hwy, Chattanooga, 37363"
16428760,1737386322,submitted,Traffic Signs,https://vc0.publicstuff.com/api/2.0/request_view?client_id=1000051&request_id=16428760,"Mon 20 Jan 2025, 10:18AM",35.07660556,-85.337637489,POINT (-85.337637489 35.07660556),,"624 Terminal Rd, Chattanooga, 37405"
16430396,1737465811,completed,Traffic Signs,https://vc0.publicstuff.com/api/2.0/request_view?client_id=1000051&request_id=16430396,"Tue 21 Jan 2025, 08:23AM",35.058809969,-85.32656964,POINT (-85.32656964 35.058809969),"trucks keep getting stuck in the sharp turn at manufactures and riverside ave.  the trucks have damaged the guardrail multiple times.  This has probably cost tens of thousands of dollars in damage.  Can larger signs or flashing beacons be added to the existing signs?  on the W road, they have signs on both sides of the street.  Can signs be added to both side of manufactures rd?","900 Manufacturers Rd, Chattanooga, 37405"
16439513,1737559071,completed,Traffic Signals,https://vc0.publicstuff.com/api/2.0/request_view?client_id=1000051&request_id=16439513,"Wed 22 Jan 2025, 10:17AM",35.109009,-85.243295,POINT (-85.243295 35.109009),,"4500-4598 N Access Rd, Chattanooga, 37415"
16449271,1737726690,completed,Snow and Ice Removal,https://vc0.publicstuff.com/api/2.0/request_view?client_id=1000051&request_id=16449271,"Fri 24 Jan 2025, 08:51AM",35.032438595,-85.23438974,POINT (-85.23438974 35.032438595),Very steep hill has black ice,"729 Belle Vista Ave, Chattanooga, 37411"
16433004,1737488323,submitted,Tree Problem,https://vc0.publicstuff.com/api/2.0/request_view?client_id=1000051&request_id=16433004,"Tue 21 Jan 2025, 02:38PM",35.067402769,-85.294988261,POINT (-85.294988261 35.067402769),"There is a tree on the property line and the neighbors do not want it remove, but they feel like the tree is going to fall on they property, they need to know if the tree is in good shape.  She would like to speak with them when they come out.","1110 Mississippi Ave, Chattanooga, 37405"
16441755,1737576241,submitted,Traffic Signs,https://vc0.publicstuff.com/api/2.0/request_view?client_id=1000051&request_id=16441755,"Wed 22 Jan 2025, 03:04PM",35.059064237,-85.3246836,POINT (-85.3246836 35.059064237),"I am the EHS Manager at Astec Industries (Roadtec), located at 800 Manufacturers Rd. I would like to discuss the possibility of having the areas along the front of our building (city roadway) designated as no-parking, or red zones due to the narrow aspects of the road, the nature of the traffic and the fire hydrant located in front of the building.

 

I would also like to discuss the possibility of the city installing a Public Road Ends sign or similar where the city roadway ends and Chattanooga Bakery Private road begins. We are attempting to control parking and traffic in the area, and we would like any support we can get.","800 Manufacturers Rd, Chattanooga, 37405"
16430794,1737470343,in progress,Traffic Signs,https://vc0.publicstuff.com/api/2.0/request_view?client_id=1000051&request_id=16430794,"Tue 21 Jan 2025, 09:39AM",35.001357824,-85.292089001,POINT (-85.292089001 35.001357824),"REPLACE
(ON SPAN WIRE)
OVERHEAD STREET NAME MARKER
(D3-1a ?""x18"")
Rossville Blvd 3600 (DOUBLE SIDED)
Located at the intersection of Rossville Blvd
and Westbound E 37th St

INSTALL
(IN NEW LOCATION ON SPAN WIRE)
OVERHEAD STREET NAME MARKER
(D3-1a ?""x18"")
E 37th St 1600 (DOUBLE SIDED)
Located at the intersection of E 37th St
and Southbound Rossville Blvd

INSTALL
(IN NEW LOCATION ON SPAN WIRE)
OVERHEAD STREET NAME MARKER
(D3-1a ?""x18"")
E 37th St 1700 (DOUBLE SIDED)
Located at the intersection of E 37th St
and Northbound Rossville Blvd

INSTALL
(ON SPAN WIRE)
OVERHEAD STREET NAME MARKER
(D3-1a ?""x18"")
Rossville Blvd 3700 (DOUBLE SIDED)
Located at the intersection of Rossville Blvd
and Eastbound E 37th St","3700 Rossville Blvd, Chattanooga, 37407"
16431878,1737478792,completed,Snow and Ice Removal,https://vc0.publicstuff.com/api/2.0/request_view?client_id=1000051&request_id=16431878,"Tue 21 Jan 2025, 11:59AM",35.027325,-85.234779,POINT (-85.234779 35.027325),Sheet of ice on Talley Rd near Rogers Rd.  Caller asking that salt be put down.,"Talley Rd & Rogers Rd, Chattanooga, 37411"
16450077,1737736390,submitted,Tree Fallen/Branch,https://vc0.publicstuff.com/api/2.0/request_view?client_id=1000051&request_id=16450077,"Fri 24 Jan 2025, 11:33AM",35.07041291,-85.241980962,POINT (-85.241980962 35.07041291),"The tree is dangerously resting on a tree on the other side of the road. Once it falls, it will completely block the road and likely take out a powerline","Moon St, Chattanooga, 37406"
16429395,1737404330,completed,Traffic Signs,https://vc0.publicstuff.com/api/2.0/request_view?client_id=1000051&request_id=16429395,"Mon 20 Jan 2025, 03:18PM",35.101864202,-85.290052003,POINT (-85.290052003 35.101864202),We need this sign removed from our yard,"3122 Ozark Cir, Chattanooga, 37415"
16441722,1737575838,submitted,Tree Fallen/Branch,https://vc0.publicstuff.com/api/2.0/request_view?client_id=1000051&request_id=16441722,"Wed 22 Jan 2025, 02:57PM",35.041185684,-85.148699777,POINT (-85.148699777 35.041185684),"Tree is falling down, hazardous, possibly on City property. It is leaning against other trees, its is close to the roadside","7405 Preston Cir, Chattanooga, 37421"
16442413,1737582555,completed,Snow and Ice Removal,https://vc0.publicstuff.com/api/2.0/request_view?client_id=1000051&request_id=16442413,"Wed 22 Jan 2025, 04:49PM",35.02628114,-85.252184543,POINT (-85.252184543 35.02628114),The caller reported an ice patch outside of Brainerd Rd. Caller reports that she slide at this location needs to be removed to prevent a serious injury near Bailey Ave.,"3400 Brainerd Rd, Chattanooga, 37411"
16451094,1737747165,submitted,Tree Problem,https://vc0.publicstuff.com/api/2.0/request_view?client_id=1000051&request_id=16451094,"Fri 24 Jan 2025, 02:32PM",35.025483412,-85.254455453,POINT (-85.254455453 35.025483412),"Citizen called parks about a rotting tree that is leaning towards his property (it is an empty lot, but they're about to start framing the house, and the tree is set to fall directly into the frame). It needs to be removed, but is too large for Parks to remove. It was already marked with green, but he is adding a red X to help for quick identification","3308 Provence St, Chattanooga, 37411"
16432082,1737480582,other,Traffic Signals,https://vc0.publicstuff.com/api/2.0/request_view?client_id=1000051&request_id=16432082,"Tue 21 Jan 2025, 12:29PM",35.059419,-85.1312025,POINT (-85.1312025 35.059419),Part of incident #16430387,"Bonny Oaks Dr & Interstate 75 SB, Chattanooga, 37421"
16433657,1737494986,completed,Snow and Ice Removal,https://vc0.publicstuff.com/api/2.0/request_view?client_id=1000051&request_id=16433657,"Tue 21 Jan 2025, 04:29PM",35.008324,-85.271818,POINT (-85.271818 35.008324),Road is a solid sheet of ice with whole lane blocked. Extremely dangerous!!,"2900-2906 Westside Dr, Chattanooga, 37404"
16450831,1737744673,submitted,Traffic Signs,https://vc0.publicstuff.com/api/2.0/request_view?client_id=1000051&request_id=16450831,"Fri 24 Jan 2025, 01:51PM",35.005975135,-85.219176009,POINT (-85.219176009 35.005975135),"INSTALL
(IN EXISTING POST LOCATION)
NARROW KEEP RIGHT
(R4-7c 18""x30"")
Located at 403 Spring Creek Rd
Southbound

INSTALL
(IN EXISTING POST LOCATION)
NARROW KEEP RIGHT
(R4-7c 18""x30"")
Located at 498 Spring Creek Rd
Norhbound

INSTALL
(IN EXISTING POST LOCATION IN ISLAND)
Double Arrow
(W12-1 30""x30"")
Located at the intersection of Miller Dr
and Northbound Spring Creek Rd

INSTALL
(IN EXISTING POST LOCATION IN ISLAND)
Double Arrow
(W12-1 30""x30"")
Located at the intersection of N Terrace
and Southbound Spring Creek Rd","490 Spring Creek Rd, Chattanooga, 37411"
16439442,1737558670,completed,Traffic Signals,https://vc0.publicstuff.com/api/2.0/request_view?client_id=1000051&request_id=16439442,"Wed 22 Jan 2025, 10:11AM",35.096801206,-85.327744467,POINT (-85.327744467 35.096801206),"Can the traffic light  on Signal Mountain Boulevard at Komatsu and Take 5 Oil be fixed.

It turns red about every 3-5 minutes with no cross traffic.  This is a traffic slow down early in the morning.","617 Signal Mountain Rd, Chattanooga, 37405"
16431640,1737477169,submitted,Traffic Signs,https://vc0.publicstuff.com/api/2.0/request_view?client_id=1000051&request_id=16431640,"Tue 21 Jan 2025, 11:32AM",35.059064237,-85.3246836,POINT (-85.3246836 35.059064237),I am the Plant Manager here at the Roadtec facility at 800 Manufacturer's Road. I would like to talk to someone about making the street between us and the Chattanooga Bakery a no parking area. As of now I have no way to police the situation as it is not marked and it is a public street. It causes a safety issue and basically turns the street into a one-way street. Please either call me back at 423-260-3230 or send me an email as to when we could discuss,"800 Manufacturers Rd, Chattanooga, 37405"
16454584,1737911338,submitted,Tree Problem,https://vc0.publicstuff.com/api/2.0/request_view?client_id=1000051&request_id=16454584,"Sun 26 Jan 2025, 12:08PM",35.01208637,-85.326280265,POINT (-85.326280265 35.01208637),"The trees and brush on city property are extending onto our building at 3742 Tennessee Ave. The woods on the address listed and 3720 Tennessee Ave, up to the train tracks have a homeless camp, who have been setting fires that have gotten out of control. We have had to call the Fire Dept multiple times this past month to come extinguish these fires. We own Naughty Cat Cafe which houses 40 cats and are afraid these fires will get out of control and potentially pose a risk to our building and the live animals. We have reached out to Raquetta Dotley as well as the Fire Chief without a response or course of action. We would like the tree line and brush to be removed and pushed further back from our building to decrease the risk of these fires spreading.","3732 Tennessee Ave, Chattanooga, 37409"
16430505,1737467124,completed,Snow and Ice Removal,https://vc0.publicstuff.com/api/2.0/request_view?client_id=1000051&request_id=16430505,"Tue 21 Jan 2025, 08:45AM",35.022123506,-85.167543149,POINT (-85.167543149 35.022123506),"Citizen states there is a water leak at the street and TAW is sending someone in a day or two, but she states there are elderly people who live in this area and there is ice on the street due to the water leak. She wants it to be treated.","7112 Saratoga Ln, Chattanooga, 37421"
16449369,1737727882,in progress,Traffic Signs,https://vc0.publicstuff.com/api/2.0/request_view?client_id=1000051&request_id=16449369,"Fri 24 Jan 2025, 09:11AM",35.052564523,-85.260782517,POINT (-85.260782517 35.052564523),Traffic Accident Has Taken Down The Stop Sign at Arlington Ave At Wilcox Blvd.   Reported by The 911 Center and Officer on Scene.,"2300 Wilcox Blvd, Chattanooga, 37406"
16430288,1737463509,received,Traffic Signs,https://vc0.publicstuff.com/api/2.0/request_view?client_id=1000051&request_id=16430288,"Tue 21 Jan 2025, 07:45AM",34.995121474,-85.29086252,POINT (-85.29086252 34.995121474),"INSTALL
(ON SPAN WIRE)
OVERHEAD STREET NAME MARKERS
(D3 ?""x18"")
Rossville Blvd 4200 (DOUBLE SIDED)
Located at the intersection of Rossville Blvd
and Eastbound E 42nd St

INSTALL
(ON SPAN WIRE)
OVERHEAD STREET NAME MARKER
(D3-1a ?""x18"")
E 42nd St 1700 (DOUBLE SIDED)
Located at the intersection of E 42nd St
and Northbound Rossville Blvd

INSTALL
(ON SPAN WIRE)
OVERHEAD STREET NAME MARKERS
(D3 ?""x18"")
Rossville Blvd 4100 (DOUBLE SIDED)
Located at the intersection of Rossville Blvd
and Westbound E 42nd St

INSTALL
(ON SPAN WIRE)
OVERHEAD STREET NAME MARKER
(D3-1a ?""x18"")
E 42nd St 1600 (DOUBLE SIDED)
Located at the intersection of E 42nd St
and Southbound Rossville Blvd","4200 Rossville Blvd, Chattanooga, 37407"
16444363,1737642060,completed,Snow and Ice Removal,https://vc0.publicstuff.com/api/2.0/request_view?client_id=1000051&request_id=16444363,"Thu 23 Jan 2025, 09:21AM",35.060199116,-85.127369527,POINT (-85.127369527 35.060199116),Rail Road Underpass bridge on Old Lee Highway.  Motorist reports a very large ice cycle that could impale a vehicle. It needs to be knocked down.,"Old Lee Hwy, Chattanooga, 37421"
16452823,1737808042,submitted,Traffic Signs,https://vc0.publicstuff.com/api/2.0/request_view?client_id=1000051&request_id=16452823,"Sat 25 Jan 2025, 07:27AM",35.0519,-85.299044,POINT (-85.299044 35.0519),A vehicle must have struck the steel pool and Dead End sign and post pushing it over and across the sidewalk on the northwest corner of Mable St and Battery Pl.,"730-798 Battery Pl, Chattanooga, 37403"
16432497,1737484251,completed,Traffic Signs,https://vc0.publicstuff.com/api/2.0/request_view?client_id=1000051&request_id=16432497,"Tue 21 Jan 2025, 01:30PM",35.026027,-85.251493,POINT (-85.251493 35.026027),,"3300-3398 Rosemont Dr, Chattanooga, 37411"
16432073,1737480495,completed,Traffic Signals,https://vc0.publicstuff.com/api/2.0/request_view?client_id=1000051&request_id=16432073,"Tue 21 Jan 2025, 12:28PM",35.018353711,-85.173775984,POINT (-85.173775984 35.018353711),Need turn signals. Can't take a left off Phil's Dr or left off North Concord Rd onto East Brainerd. People either going straight or taking rights. Lots of traffic and can't exit in time.,"1421 N Concord Rd, Chattanooga, 37421"
16441589,1737574408,completed,Traffic Signals,https://vc0.publicstuff.com/api/2.0/request_view?client_id=1000051&request_id=16441589,"Wed 22 Jan 2025, 02:33PM",35.07395286,-85.252457176,POINT (-85.252457176 35.07395286),,"2000 Wilder St, Chattanooga, 37406"
16431555,1737476525,completed,Snow and Ice Removal,https://vc0.publicstuff.com/api/2.0/request_view?client_id=1000051&request_id=16431555,"Tue 21 Jan 2025, 11:22AM",35.035534284,-85.241865726,POINT (-85.241865726 35.035534284),Alot of ice in roadway,"505 Tunnel Blvd, Chattanooga, 37411"
16450696,1737742958,received,Traffic Signs,https://vc0.publicstuff.com/api/2.0/request_view?client_id=1000051&request_id=16450696,"Fri 24 Jan 2025, 01:22PM",35.005929313,-85.219162263,POINT (-85.219162263 35.005929313),"INSTALL
(MISSING)
YIELD
(R1-2 36""x36"")
Located 22' from North Terrace
on SW bound Spring Creek Rd

MOVE AND REPLACE
INTERSTATE SIGNAGE TO UTILITY POLE
(REMOVE OR CUT DOWN SQUARE POST)
AND 
INSTALL
(ON WOOD UTLITY POLE)
YIELD
(R1-2 36""x36"")
Located at the intersection of Miller Dr 
and NE bound Spring Creek Rd

REPLACE AND INSTALL
(ON UTILITY POLE)
TO
(M4-5)
I 24
(M1-1)
ADVANCED TURN LEFT ARROW
(M5-1L)
SEE IMAGE FOR LOCATION","498 Spring Creek Rd, Chattanooga, 37411"
16449545,1737730401,completed,Traffic Signals,https://vc0.publicstuff.com/api/2.0/request_view?client_id=1000051&request_id=16449545,"Fri 24 Jan 2025, 09:53AM",35.035063,-85.152817,POINT (-85.152817 35.035063),There is no stop sign posted at this intersection in either direction,"2126 Gunbarrel Rd, Chattanooga, 37421"
16439303,1737557779,completed,Snow and Ice Removal,https://vc0.publicstuff.com/api/2.0/request_view?client_id=1000051&request_id=16439303,"Wed 22 Jan 2025, 09:56AM",35.014142445,-85.237419369,POINT (-85.237419369 35.014142445),"Citizen states there is an out of order fire hydrant across the street. She states it has been out of order for months, but there is water all over the street near it, that is now ice. TAW has been contacted but she wants the street treated for the ice.","109 Tuxedo Cir, Chattanooga, 37411"
16433904,1737498238,completed,Snow and Ice Removal,https://vc0.publicstuff.com/api/2.0/request_view?client_id=1000051&request_id=16433904,"Tue 21 Jan 2025, 05:23PM",35.027912,-85.255443,POINT (-85.255443 35.027912),"Theres ice on the surface of the road in the tunnels. Going away from downtown direction, in the left lane is the worst but theres some going both directions.","3100-3198 Brainerd Rd, Chattanooga, 37411"
16430768,1737470131,completed,Traffic Signals,https://vc0.publicstuff.com/api/2.0/request_view?client_id=1000051&request_id=16430768,"Tue 21 Jan 2025, 09:35AM",35.043682953,-85.295755833,POINT (-85.295755833 35.043682953),Yellow light out. East on McCallie at Magnolia,"800 McCallie Ave, Chattanooga, 37403"
16444393,1737642381,completed,Snow and Ice Removal,https://vc0.publicstuff.com/api/2.0/request_view?client_id=1000051&request_id=16444393,"Thu 23 Jan 2025, 09:26AM",35.054176678,-85.270451788,POINT (-85.270451788 35.054176678),The storm drains on Hendricks are clogged & Sr has been put in for that but due to the water not being able to drain there is ice all in the road & cars are sliding,"1299 Hendricks St, Chattanooga, 37406"
16441454,1737573269,completed,Snow and Ice Removal,https://vc0.publicstuff.com/api/2.0/request_view?client_id=1000051&request_id=16441454,"Wed 22 Jan 2025, 02:14PM",35.012753365,-85.271963723,POINT (-85.271963723 35.012753365),"Hi! I'm not sure if anyone is aware but there is ice in the Bachman Tubes that needs to be salted, please. Especially on the side going into East Ridge.
Thank you","2475 15th Ave, Chattanooga, 37404"
16432577,1737484834,submitted,Tree Fallen/Branch,https://vc0.publicstuff.com/api/2.0/request_view?client_id=1000051&request_id=16432577,"Tue 21 Jan 2025, 01:40PM",35.027583255,-85.222951989,POINT (-85.222951989 35.027583255),"Citizen states that tree fell, damaging her fence.","721 Caruthers Rd, Chattanooga, 37411"
16430360,1737465379,completed,Traffic Signals,https://vc0.publicstuff.com/api/2.0/request_view?client_id=1000051&request_id=16430360,"Tue 21 Jan 2025, 08:16AM",35.065488296,-85.309130501,POINT (-85.309130501 35.065488296),cars on manning have to wait more than 15 minutes for a green light.  this has happened many times in the past few weeks.,"401 N Market St, Chattanooga, 37405"
16452565,1737772394,submitted,Tree Problem,https://vc0.publicstuff.com/api/2.0/request_view?client_id=1000051&request_id=16452565,"Fri 24 Jan 2025, 09:33PM",35.064128,-85.253514,POINT (-85.253514 35.064128),"Young tree was struck by car, bent over at 45. Needs staking back up.","2301-2303 Glass St, Chattanooga, 37406"
16431995,1737479782,completed,Traffic Signals,https://vc0.publicstuff.com/api/2.0/request_view?client_id=1000051&request_id=16431995,"Tue 21 Jan 2025, 12:16PM",35.11164405,-85.2500703,POINT (-85.2500703 35.11164405),Please check the traffic light on North Access Rd. This is the light to enter the Korda plant. The light continues to cycle to red and activate the Left turn arrow even when there is no waiting traffic.   From Text,"4501 N Access Rd, Chattanooga, 37415"
