id,timestamp,status,type,url,created,latitude,longitude,location,description,address
16544339,1740072022,completed,Tree Fallen/Branch,https://vc0.publicstuff.com/api/2.0/request_view?client_id=1000051&request_id=16544339,"Thu 20 Feb 2025, 12:20PM",35.046199623,-85.319088665,POINT (-85.319088665 35.046199623),Tree branch over sidewalk,"1106 Gateway Ave, Chattanooga, 37402"
16538240,1739938523,submitted,Traffic Signals,https://vc0.publicstuff.com/api/2.0/request_view?client_id=1000051&request_id=16538240,"Tue 18 Feb 2025, 11:15PM",35.083992,-85.062034,POINT (-85.062034 35.083992),"There is a very dangerous intersection here in the Ooltewah area, where there is a traffic signal on Lee Hwy for Relocation Way (on the north side) and a Marathon gas station (on the south side). On the south side of Lee Hwy is Reagan Ln, which is an outlet onto Lee Hwy for all traffic coming from Walmart, Taco Bell, etc. However, Reagan Ln comes in just short of the intersection, causing a huge back up of traffic. It is also an unsafe right-turn onto Lee Hwy from Reagan Ln as the signaled intersection comes immediately after making the right turn. It does not make sense to have Relocation Way and the gas station to have their own traffic signal, while Reagan Ln could use the signal to provide safe turns onto Lee Hwy. These intersections should be redesigned soon as this is a terrible design for handling traffic in the growing Ooltewah-Collegedale area.","9206-9212 Lee Hwy, Collegedale, 37363"
16548530,1740162772,completed,Traffic Signals,https://vc0.publicstuff.com/api/2.0/request_view?client_id=1000051&request_id=16548530,"Fri 21 Feb 2025, 01:32PM",35.08423312,-85.326610086,POINT (-85.326610086 35.08423312),Traffic light @ Signal Mtn. Rd. & Pineville Rd. the caller said the timing os off bad.,"1200 Pineville Rd, Chattanooga, 37405"
16560553,1740502619,submitted,Traffic Signals,https://vc0.publicstuff.com/api/2.0/request_view?client_id=1000051&request_id=16560553,"Tue 25 Feb 2025, 11:56AM",35.040308182,-85.270559583,POINT (-85.270559583 35.040308182),Left-only turn signals need to be removed from red light on East 3rd Street at North Orchard Knob (address is 2000 East 3rd Street),"2000 E 3rd St, Chattanooga, 37404"
16553969,1740406272,submitted,Traffic Signs,https://vc0.publicstuff.com/api/2.0/request_view?client_id=1000051&request_id=16553969,"Mon 24 Feb 2025, 09:11AM",35.031682,-85.302721,POINT (-85.302721 35.031682),People are still parking in the new No parking anytime designations on the entire side street of Adams Street. Even down to the corner at Main Street.,"1701-1749 Adams St, Chattanooga, 37408"
16556624,1740427651,received,Traffic Signs,https://vc0.publicstuff.com/api/2.0/request_view?client_id=1000051&request_id=16556624,"Mon 24 Feb 2025, 03:07PM",35.048353471,-85.306746476,POINT (-85.306746476 35.048353471),"REPLACE AND RELOCATE
 6 FT TO THE LEFT 
(ON SPAN WIRE)
OVERHEAD STREET NAME MARKERS (DOUBLE SIDED WITH ARROWS)
(D3-1a ?""x18"")
McCallie Ave 300 (RIGHT ARROW)
(LEFT ARROW)  McCallie Ave 300
Located at the intersection of McCallie Ave
and Northbound Georgia Ave

REPLACE
(ON SPAN WIRE)
OVERHEAD STREET NAME MARKERS (DOUBLE SIDED WITH ARROWS)
(D3-1a ?""x18"")
E 7th St 200 (RIGHT ARROW)
(LEFT ARROW)  E 7th St 200
Located at the intersection of E 7th St
and Southbound Georgia Ave

REPLACE
(ON SPAN WIRE)
OVERHEAD STREET NAME MARKERS (DOUBLE SIDED)
(D3-1a ?""x18"")
Georgia Ave 600 (Double Sided)

REPLACE
(ON SPAN WIRE)
OVERHEAD STREET NAME MARKERS (DOUBLE SIDED)
(D3-1a ?""x18"")
Georgia Ave 700 (Double Sided)","700 Georgia Ave, Chattanooga, 37402"
16538361,1739966039,completed,Snow and Ice Removal,https://vc0.publicstuff.com/api/2.0/request_view?client_id=1000051&request_id=16538361,"Wed 19 Feb 2025, 06:53AM",35.069025,-85.321138,POINT (-85.321138 35.069025),Treat the road way with salt or brine.,"400-598 Whitehall Rd, Chattanooga, 37405"
16545253,1740082754,completed,Traffic Signs,https://vc0.publicstuff.com/api/2.0/request_view?client_id=1000051&request_id=16545253,"Thu 20 Feb 2025, 03:19PM",34.990269,-85.276382,POINT (-85.276382 34.990269),Large truck made the turn from east crest to Peachtree and knocked down the sign that read: East Crest Rd/Dead End,"654-698 E Crest Rd, Chattanooga, 37404"
16557680,1740436248,submitted,Tree Fallen/Branch,https://vc0.publicstuff.com/api/2.0/request_view?client_id=1000051&request_id=16557680,"Mon 24 Feb 2025, 05:30PM",35.064026841,-85.300917417,POINT (-85.300917417 35.064026841),"tree fallen, resting on power line","326 Thompson St, Chattanooga, 37405"
16547719,1740152932,submitted,Traffic Signs,https://vc0.publicstuff.com/api/2.0/request_view?client_id=1000051&request_id=16547719,"Fri 21 Feb 2025, 10:48AM",35.050447387,-85.242771541,POINT (-85.242771541 35.050447387),"Citizen states there is a blind hill between the 1300 and 1400 block of Greenwood Rd. She wants a blind drive way sign installed because they cannot see when leaving their drive way, pulling out onto the rd. She states a sign like that was put on the other end of the street, near the tunnel.","1420 Greenwood Rd, Chattanooga, 37411"
16553612,1740400045,completed,Traffic Signs,https://vc0.publicstuff.com/api/2.0/request_view?client_id=1000051&request_id=16553612,"Mon 24 Feb 2025, 07:27AM",35.055351,-85.200165,POINT (-85.200165 35.055351),STOP sign down. This was called in by Police Services,"Shallowford Rd & Jersey Pike, Chattanooga, 37421"
16540662,1739993910,completed,Tree Fallen/Branch,https://vc0.publicstuff.com/api/2.0/request_view?client_id=1000051&request_id=16540662,"Wed 19 Feb 2025, 02:38PM",35.042879,-85.228804,POINT (-85.228804 35.042879),The storm blew the tree down. 311 app said it was complete but it is has not been removed,"1512 Dalewood Dr, Chattanooga, 37411"
16554649,1740412092,submitted,Traffic Signs,https://vc0.publicstuff.com/api/2.0/request_view?client_id=1000051&request_id=16554649,"Mon 24 Feb 2025, 10:48AM",35.015434575,-85.201920054,POINT (-85.201920054 35.015434575),The sign is supposed to face Anderson for traffic approaching Bass Road to stop.  The sign was made taller which makes it more difficult to notice and is not facing traffic that would be approaching Bass Road from Anderson.,"213 Bass Rd, Chattanooga, 37421"
16559294,1740490610,in progress,Traffic Signs,https://vc0.publicstuff.com/api/2.0/request_view?client_id=1000051&request_id=16559294,"Tue 25 Feb 2025, 08:36AM",35.023298561,-85.272605887,POINT (-85.272605887 35.023298561),"INSTALL
(MISSING)
STREET NAME MARKERS
(D3 ?""x10"")
S Watkins St 1500 (x2)
E Main St 2300 (x2)
Located 14' from E Main St
on Southbound S Watkins St

INSTALL
(AT AN AN ANGLE)
NO PARKING TO CORNER (RIGHT ARROW)
R-NS-006R 12""x18"")
Located 35' from E Main St
on Southbound S Watkins St","1500 S Watkins St, Chattanooga, 37404"
16552987,1740351712,completed,Traffic Signals,https://vc0.publicstuff.com/api/2.0/request_view?client_id=1000051&request_id=16552987,"Sun 23 Feb 2025, 06:01PM",35.008489,-85.153131,POINT (-85.153131 35.008489),,"1400-1498 Jenkins Rd, Chattanooga, 37421"
16547248,1740147126,completed,Traffic Signs,https://vc0.publicstuff.com/api/2.0/request_view?client_id=1000051&request_id=16547248,"Fri 21 Feb 2025, 09:12AM",35.089012546,-85.219815075,POINT (-85.219815075 35.089012546),,"4199 S Access Rd, Chattanooga, 37406"
16541604,1740002971,completed,Traffic Signs,https://vc0.publicstuff.com/api/2.0/request_view?client_id=1000051&request_id=16541604,"Wed 19 Feb 2025, 05:09PM",35.07051719,-85.3065045,POINT (-85.3065045 35.07051719),This area is where the neighborhood children play and becomes more congested each day with all the new houses being built. People speed through here as a cross street to Dallas road.  A three way stop here will defiantly prevent many future wrecks and a possible tragedy in the future.,"Franklin St, Chattanooga, 37405"
16556292,1740424973,in progress,Traffic Signs,https://vc0.publicstuff.com/api/2.0/request_view?client_id=1000051&request_id=16556292,"Mon 24 Feb 2025, 02:22PM",35.081064,-85.299408,POINT (-85.299408 35.081064),,"Old Dallas Rd & Notting Hl, Chattanooga, 37405"
16554259,1740408914,completed,Traffic Signals,https://vc0.publicstuff.com/api/2.0/request_view?client_id=1000051&request_id=16554259,"Mon 24 Feb 2025, 09:55AM",35.031014886,-85.155037789,POINT (-85.155037789 35.031014886),"on gunbarrel in front of walmart, left turn signal is not coming on when light changes.","2020 Gunbarrel Rd, Chattanooga, 37421"
16550068,1740184866,in progress,Traffic Signs,https://vc0.publicstuff.com/api/2.0/request_view?client_id=1000051&request_id=16550068,"Fri 21 Feb 2025, 07:41PM",35.031355892,-85.304097966,POINT (-85.304097966 35.031355892),,"Washington St, Chattanooga, 37408"
16559684,1740495078,completed,Traffic Signals,https://vc0.publicstuff.com/api/2.0/request_view?client_id=1000051&request_id=16559684,"Tue 25 Feb 2025, 09:51AM",35.016362708,-85.288645994,POINT (-85.288645994 35.016362708),,"E 26th St, Chattanooga, 37407"
16547400,1740149059,completed,Traffic Signs,https://vc0.publicstuff.com/api/2.0/request_view?client_id=1000051&request_id=16547400,"Fri 21 Feb 2025, 09:44AM",35.006396267,-85.280920277,POINT (-85.280920277 35.006396267),,"3100 8th Ave, Chattanooga, 37407"
16556350,1740425314,submitted,Traffic Signals,https://vc0.publicstuff.com/api/2.0/request_view?client_id=1000051&request_id=16556350,"Mon 24 Feb 2025, 02:28PM",35.101413188,-85.275703355,POINT (-85.275703355 35.101413188),Carter Dr & Hixson Pike,"3300 Hixson Pike, Chattanooga, 37415"
16542288,1740014362,submitted,Traffic Signals,https://vc0.publicstuff.com/api/2.0/request_view?client_id=1000051&request_id=16542288,"Wed 19 Feb 2025, 08:19PM",35.082663,-85.058415,POINT (-85.058415 35.082663),Crosswalk beacons needed at crosswalk on Lee Hwy at intersection with Main Street and Ooltewah Georgetown Road. There are currently push buttons the activate the green light (for car traffic) but looks unsafe since this is a wide road crossing.,"9300-9318 Lee Hwy, Collegedale, 37363"
16554028,1740406859,completed,Traffic Signals,https://vc0.publicstuff.com/api/2.0/request_view?client_id=1000051&request_id=16554028,"Mon 24 Feb 2025, 09:20AM",35.042775,-85.156866,POINT (-85.156866 35.042775),Left turn signals for I-75 S bound not triggering on Shallowford Rd.,"7150-7198 Shallowford Rd, Chattanooga, 37421"
