id,timestamp,status,type,url,created,latitude,longitude,location,description,address
16408992,1736861392,completed,Traffic Signs,https://vc0.publicstuff.com/api/2.0/request_view?client_id=1000051&request_id=16408992,"Tue 14 Jan 2025, 08:29AM",35.05310745,-85.333151284,POINT (-85.333151284 35.05310745),,"455 Moccasin Bend Rd, Chattanooga, 37405"
16408880,1736858925,received,Traffic Signs,https://vc0.publicstuff.com/api/2.0/request_view?client_id=1000051&request_id=16408880,"Tue 14 Jan 2025, 07:48AM",34.987644651,-85.288482973,POINT (-85.288482973 34.987644651),"REMOVE EXISTING STREET NAME MARKERS AND POST
and
INSTALL
(ON SIGNAL POLE AT SLIGHT ANGLE AND AT 8 FT)
STREET NAME MARKERS
(D3 ?""x12"")
Dodds Ave 4700 (RIGHT ARROW) 
(LEFT ARROW) Dodds Ave 4700
SEE IMAGES","4798 Dodds Ave, Chattanooga, 37407"
16409122,1736863617,submitted,Snow and Ice Removal,https://vc0.publicstuff.com/api/2.0/request_view?client_id=1000051&request_id=16409122,"Tue 14 Jan 2025, 09:06AM",35.086424796,-85.16778793,POINT (-85.16778793 35.086424796),"Need salt put out on her street, cannot get out of her driveway.","4900 Basswood Dr, Chattanooga, 37416"
16411142,1736882695,completed,Traffic Signs,https://vc0.publicstuff.com/api/2.0/request_view?client_id=1000051&request_id=16411142,"Tue 14 Jan 2025, 02:24PM",35.046755575,-85.235039459,POINT (-85.235039459 35.046755575),Stop sign at the corner of Lillian Ln and Wilcox knocked over.,"1542 Lillian Ln, Chattanooga, 37411"
16418697,1737041237,completed,Traffic Signals,https://vc0.publicstuff.com/api/2.0/request_view?client_id=1000051&request_id=16418697,"Thu 16 Jan 2025, 10:27AM",35.043682953,-85.295755833,POINT (-85.295755833 35.043682953),Citizen states there needs to be a left turn signal at McCallie Ave and Palmetto Street turning northbound onto Palmetto.,"800 McCallie Ave, Chattanooga, 37403"
16426950,1737244424,submitted,Traffic Signs,https://vc0.publicstuff.com/api/2.0/request_view?client_id=1000051&request_id=16426950,"Sat 18 Jan 2025, 06:53PM",35.034795,-85.177986,POINT (-85.177986 35.034795),,"6500-6598 Lee Hwy, Chattanooga, 37421"
16418767,1737041843,submitted,Tree Fallen/Branch,https://vc0.publicstuff.com/api/2.0/request_view?client_id=1000051&request_id=16418767,"Thu 16 Jan 2025, 10:37AM",35.000782062,-85.315947895,POINT (-85.315947895 35.000782062),Tree has failed blocking the sidewalk residents are going out in the roadway,"4501 Kirkland Ave, Chattanooga, 37410"
16414800,1736959911,completed,Traffic Signals,https://vc0.publicstuff.com/api/2.0/request_view?client_id=1000051&request_id=16414800,"Wed 15 Jan 2025, 11:51AM",35.062312234,-85.306505206,POINT (-85.306505206 35.062312234),"westbound traffic on frazier ave. needs more time on the green light.  please adjust the timing.  all 3 intersections may need to be adjusted.   They are Frazier intersections of Tremont, Forest and Market St.","224 Frazier Ave, Chattanooga, 37405"
16418223,1737035434,completed,Traffic Signals,https://vc0.publicstuff.com/api/2.0/request_view?client_id=1000051&request_id=16418223,"Thu 16 Jan 2025, 08:50AM",35.010684,-85.2440625,POINT (-85.2440625 35.010684),"Citizen called in, concerned about the Red light timing. It seems that because its too long, people are going through the red light.","Belvoir Ave & S Terrace, Chattanooga, 37412"
16420933,1737063017,completed,Traffic Signals,https://vc0.publicstuff.com/api/2.0/request_view?client_id=1000051&request_id=16420933,"Thu 16 Jan 2025, 04:30PM",35.051256722,-85.193767736,POINT (-85.193767736 35.051256722),,"2200 Polymer Dr, Chattanooga, 37421"
16408926,1736860162,completed,Tree Fallen/Branch,https://vc0.publicstuff.com/api/2.0/request_view?client_id=1000051&request_id=16408926,"Tue 14 Jan 2025, 08:09AM",35.15080415,-85.279093611,POINT (-85.279093611 35.15080415),A tree has fallen across the road and it is blocking traffic.,"309 Knoll Creek Cir, Chattanooga, 37415"
16409162,1736864212,received,Traffic Signs,https://vc0.publicstuff.com/api/2.0/request_view?client_id=1000051&request_id=16409162,"Tue 14 Jan 2025, 09:16AM",35.061894049,-85.30482728,POINT (-85.30482728 35.061894049),"INSTALL
(OVERHEAD ON MAST ARM)
NO TURN ON RED (WITH SYMBOL)
(R10-11 24""x30"")
Located at the intersection of Frazier Ave
and Northbound Tremont St

INSTALL
(OVERHEAD ON MAST ARM)
NO TURN ON RED (WITH SYMBOL)
(R10-11 24""x30"")
Located at the intersection of Frazier Ave
and Southbound Tremont St","109 Tremont St, Chattanooga, 37405"
16420551,1737059396,completed,Traffic Signals,https://vc0.publicstuff.com/api/2.0/request_view?client_id=1000051&request_id=16420551,"Thu 16 Jan 2025, 03:29PM",35.116210004,-85.263059238,POINT (-85.263059238 35.116210004),"The left turn green arrow signal doesn't hold very long.
Close to the Super Suds Car Wash","1000 Ashland Ter, Chattanooga, 37415"
16428632,1737380667,submitted,Traffic Signs,https://vc0.publicstuff.com/api/2.0/request_view?client_id=1000051&request_id=16428632,"Mon 20 Jan 2025, 08:44AM",35.078675618,-85.287643647,POINT (-85.287643647 35.078675618),,"1406 Shady Cir, Chattanooga, 37405"
16418227,1737035479,in progress,Traffic Signs,https://vc0.publicstuff.com/api/2.0/request_view?client_id=1000051&request_id=16418227,"Thu 16 Jan 2025, 08:51AM",34.996372892,-85.291109662,POINT (-85.291109662 34.996372892),"REPLACE
STREET NAME MARKERS
(D3 ?""x10"")
E 43rd St 2300 (x2)
Rossville Blvd 4300 (x2)

REPLACE
STREET NAME MARKERS
(D3 ?""x10"")
E 40th St 1600 (x2)
Rossville Blvd 3900 (x2)
Located at the intersection of E 40th St
and Southbound Rossville Blvd

REPLACE
(MISSING SIGNS AND POST)
(IN EXISTING POST HOLE)
STREET NAME MARKERS
(D3 ?""x8"")
E 40th St 1600 (x2)
Calhoun Ave 4000 (x2)
Located at the intersection of E 40th St
and Northbound Calhoun Ave

REPLACE
(MISSING SIGNS AND POST)
(NEXT TO EXISTING POST)
STREET NAME MARKERS
(D3 ?""x8"")
E 40th St 1500 (x2)
Calhoun Ave 3900 (x2)
Located at the intersection of E 40th St
and Southbound Calhoun Ave","4100 Rossville Blvd, Chattanooga, 37407"
16423631,1737135625,submitted,Tree Fallen/Branch,https://vc0.publicstuff.com/api/2.0/request_view?client_id=1000051&request_id=16423631,"Fri 17 Jan 2025, 12:40PM",35.120153615,-85.31430656,POINT (-85.31430656 35.120153615),Citizen states a tree limb fell near this address and is blocking one lane of traffic. This is a residential area.,"3507 Valley Trl, Chattanooga, 37415"
16410985,1736881564,completed,Traffic Signs,https://vc0.publicstuff.com/api/2.0/request_view?client_id=1000051&request_id=16410985,"Tue 14 Jan 2025, 02:06PM",35.126383225,-85.300785148,POINT (-85.300785148 35.126383225),"Citizen is asking for No Parking signs installed on Pink Heather Trail.
 It is a culdesac off West View Rd. We are looking at the entrance (both sides of the street) and around our mailbox kiosk.","4500 Pink Heather Trl, Chattanooga, 37415"
16414169,1736954151,submitted,Snow and Ice Removal,https://vc0.publicstuff.com/api/2.0/request_view?client_id=1000051&request_id=16414169,"Wed 15 Jan 2025, 10:15AM",35.072340943,-85.241301079,POINT (-85.241301079 35.072340943),"Previous SR: 16405619 / Shows as Completed

Citizen called back in, stating that bottom of a steep hill still has Snow and Ice, and is causing the Mailman, Garbage truck, and multiple vehicles to slip when they get to the bottom.","2706 Grove St, Chattanooga, 37406"
16408969,1736860775,completed,Traffic Signs,https://vc0.publicstuff.com/api/2.0/request_view?client_id=1000051&request_id=16408969,"Tue 14 Jan 2025, 08:19AM",34.987647005,-85.288482034,POINT (-85.288482034 34.987647005),"INSTALL
(ON SPAN WIRE)
OVERHEAD STREET NAME MARKER
(D3-1a ?""x18"") (DOUBLE SIDED)
E 48th St 2800
Located at the intersection of E 48th St

REPLACE
(ON SPAN WIRE)
OVERHEAD STREET NAME MARKER
(D3-1a ?""x18"") (DOUBLE SIDED)
E 48th St 1700

REPLACE
(ON SPAN WIRE)
OVERHEAD STREET NAME MARKER
(D3-1a ?""x18"") (DOUBLE SIDED)
Rossville Blvd 4800","4800 Rossville Blvd, Chattanooga, 37407"
16422601,1737124023,submitted,Traffic Signs,https://vc0.publicstuff.com/api/2.0/request_view?client_id=1000051&request_id=16422601,"Fri 17 Jan 2025, 09:27AM",35.003851525,-85.292587778,POINT (-85.292587778 35.003851525),"REPLACE 
STREET NAME MARKERS
(D3 ?""x10"")
E 35th St 1600 (x2)
Rossville Blvd 3400 (x2)
Located at the intersection of E 35th St
and Southbound Rossville Blvd","3500 Rossville Blvd, Chattanooga, 37407"
16424420,1737145348,submitted,Traffic Signs,https://vc0.publicstuff.com/api/2.0/request_view?client_id=1000051&request_id=16424420,"Fri 17 Jan 2025, 03:22PM",35.050241,-85.311703,POINT (-85.311703 35.050241),Re-install the traffic sign - I have it the DCA office,"500-598 Chestnut St, Chattanooga, 37402"
16415126,1736963455,completed,Traffic Signs,https://vc0.publicstuff.com/api/2.0/request_view?client_id=1000051&request_id=16415126,"Wed 15 Jan 2025, 12:50PM",35.004898463,-85.309268882,POINT (-85.309268882 35.004898463),Stop sign down,"3800 Dorris St, Chattanooga, 37410"
16418309,1737036525,submitted,Tree Fallen/Branch,https://vc0.publicstuff.com/api/2.0/request_view?client_id=1000051&request_id=16418309,"Thu 16 Jan 2025, 09:08AM",35.069364,-85.2344055,POINT (-85.2344055 35.069364),Damaged stop sign,"New York Ave & New Jersey Ave, Chattanooga, 37406"
16420433,1737058296,submitted,Tree Problem,https://vc0.publicstuff.com/api/2.0/request_view?client_id=1000051&request_id=16420433,"Thu 16 Jan 2025, 03:11PM",35.02865407,-85.281724792,POINT (-85.281724792 35.02865407),Would it be possible for you to plant trees on E. 13th Street between the sidewalk and street?  We'd be glad to help organize neighbors to help.  Thank you for your time and please do not hesitate to contact me with questions.,"1713 E 13th St, Chattanooga, 37404"
16422462,1737122379,in progress,Traffic Signs,https://vc0.publicstuff.com/api/2.0/request_view?client_id=1000051&request_id=16422462,"Fri 17 Jan 2025, 08:59AM",35.054886296,-85.308590008,POINT (-85.308590008 35.054886296),The Flexpost on the crosswalk across Walnut Street on the south end of the intersection of Walnut Street and Aquarium Way is missing and needs to be replaced/reattached.,"100 E Aquarium Way, Chattanooga, 37403"
16413731,1736948881,received,Traffic Signs,https://vc0.publicstuff.com/api/2.0/request_view?client_id=1000051&request_id=16413731,"Wed 15 Jan 2025, 08:48AM",35.062101726,-85.299997511,POINT (-85.299997511 35.062101726),"REMOVE
NEW TRAFFIC PATTERN AHEAD SIGN
and
REPLACE WITH
BIKE LANE
(R3-17 30""x24"")
Located on pole 12 Veterans Bridge
Northbound

REMOVE 
NEW TRAFFIC PATTERN AHEAD SIGN
and
REPLACE WITH
BIKE LANE
(R3-17 30""x24"")
Located at 299 Barton Ave 
SW bound

INSTALL
(ON UTILITY POLE)
(TRIM VEGETATION IF NECCESSARY)
END SCHOOL ZONE
(S5-2 24""x30"")
and
SPEED LIMIT 35
(R2-1 24""x30"")
Located at 249 Barton Ave
SW bound","200 Barton Ave, Chattanooga, 37405"
16409526,1736868383,received,Traffic Signs,https://vc0.publicstuff.com/api/2.0/request_view?client_id=1000051&request_id=16409526,"Tue 14 Jan 2025, 10:26AM",34.989679174,-85.289756196,POINT (-85.289756196 34.989679174),"REMOVE EXISTING ROSSVILLE BLVD STREET NAME MARKER (See Image)

INSTALL
(ON SPAN WIRE)
OVERHEAD STREET NAME MARKER (DOUBLE SIDED)
(D3-1a ?""x18"")
Rossville Blvd 4700
Located at the intersection of Rossville Blvd
and Westbound E 47th St

INSTALL
(ON SPAN WIRE)
OVERHEAD STREET NAME MARKER (DOUBLE SIDED)
(D3-1a ?""x18"")
Rossville Blvd 4600
Located at the intersection of Rossville Blvd
and Eastbound Workman Rd

REPLACE
(ON SPAN WIRE)
OVERHEAD STREET NAME MARKER (WITH ARROWS)
(D3-1a ?""x18"") (DOUBLE SIDED)
E 47th St 2600 (Right Arrow)
(Left Arrow) E 47th St 2600
Located at the intersection of E 47th St
and Northbound Rossville Blvd

REPLACE
(ON SPAN WIRE)
OVERHEAD STREET NAME MARKER (WITH ARROWS)
(D3-1a ?""x18"") (DOUBLE SIDED)
Workman Rd 1600 (Right Arrow)
(Left Arrow) Workman Rd 1600
Located at the intersection of Workman Rd
and Southbound Rossville Blvd","4700 Rossville Blvd, Chattanooga, 37407"
16428760,1737386322,submitted,Traffic Signs,https://vc0.publicstuff.com/api/2.0/request_view?client_id=1000051&request_id=16428760,"Mon 20 Jan 2025, 10:18AM",35.07660556,-85.337637489,POINT (-85.337637489 35.07660556),,"624 Terminal Rd, Chattanooga, 37405"
16424814,1737148641,submitted,Traffic Signs,https://vc0.publicstuff.com/api/2.0/request_view?client_id=1000051&request_id=16424814,"Fri 17 Jan 2025, 04:17PM",35.083745611,-85.220090887,POINT (-85.220090887 35.083745611),"Stop sign is on the grass, Benton and Randolp Intersection.","3100 Harrison Pike, Chattanooga, 37406"
16415629,1736968773,submitted,Snow and Ice Removal,https://vc0.publicstuff.com/api/2.0/request_view?client_id=1000051&request_id=16415629,"Wed 15 Jan 2025, 02:19PM",35.04636,-85.3079625,POINT (-85.3079625 35.04636),Located on Sidewalk and Parking spaces,"Patten Pkwy & Georgia Ave, Chattanooga, 37402"
16415070,1736962960,submitted,Snow and Ice Removal,https://vc0.publicstuff.com/api/2.0/request_view?client_id=1000051&request_id=16415070,"Wed 15 Jan 2025, 12:42PM",35.138968,-85.195383,POINT (-85.195383 35.138968),The mail carrier refuses to deliver mail because of ice on the hill,"6601-6621 Declaration Dr, Chattanooga, 37343"
16422605,1737124036,submitted,Snow and Ice Removal,https://vc0.publicstuff.com/api/2.0/request_view?client_id=1000051&request_id=16422605,"Fri 17 Jan 2025, 09:27AM",35.13876479,-85.254333399,POINT (-85.254333399 35.13876479),Caller states there is still a large patch of ice directly in front of her house and her neighbor's house next door (going up the hill) and she thinks that's why the garbage truck didn't pick up (there is a ticket in for Missed garbage as well). She would like to see if something about the ice. It is under a large pine tree where it's very shaded so it's not melting,"1315 Highcrest Dr, Chattanooga, 37343"
16411951,1736889543,submitted,Snow and Ice Removal,https://vc0.publicstuff.com/api/2.0/request_view?client_id=1000051&request_id=16411951,"Tue 14 Jan 2025, 04:19PM",34.98813894,-85.15719864,POINT (-85.15719864 34.98813894),"Elderly customer inq about this roads, it needs attention.","505 Julian Rd, Chattanooga, 37421"
16429395,1737404330,submitted,Traffic Signs,https://vc0.publicstuff.com/api/2.0/request_view?client_id=1000051&request_id=16429395,"Mon 20 Jan 2025, 03:18PM",35.101864202,-85.290052003,POINT (-85.290052003 35.101864202),We need this sign removed from our yard,"3122 Ozark Cir, Chattanooga, 37415"
16419910,1737053429,received,Traffic Signs,https://vc0.publicstuff.com/api/2.0/request_view?client_id=1000051&request_id=16419910,"Thu 16 Jan 2025, 01:50PM",34.999996328,-85.29196545,POINT (-85.29196545 34.999996328),"REPLACE 
STREET NAME MARKERS
(D3 ?""x10"")
E 39th St 1700 (x2)
Rossville Blvd 3900 (x2)
Located at the intersection of E 39th St
and Northbound Rossville Blvd

REPLACE 
STREET NAME MARKERS
(D3 ?""x10"")
E 38th St 1700 (x2)
Rossville Blvd 3800 (x2)
Located at the intersection of E 38th St
and Northbound Rossville Blvd

REPLACE 
STREET NAME MARKERS
(D3 ?""x10"")
E 38th St 1600 (x2)
Rossville Blvd 3700 (x2)
Located at the intersection of E 38th St
and Southbound Rossville Blvd","3809 Rossville Blvd, Chattanooga, 37407"
16418630,1737040551,completed,Traffic Signals,https://vc0.publicstuff.com/api/2.0/request_view?client_id=1000051&request_id=16418630,"Thu 16 Jan 2025, 10:15AM",35.102961025,-85.274429406,POINT (-85.274429406 35.102961025),"I am reaching out about the light at Lupton Drive and Hixson Pike.  For the past 2 mornings, I have sat through 3+ cycles of this light turning green for those heading east (into Lupton City) but staying red for those heading west (toward Red Bank).  The people facing west are stuck at the red light for several minutes while the light cycles through several greens for those heading east.  This has been around 8am each morning.  Is there a sensor that needs to be crossed at this light to have it turn green for those heading east or another solution to ease the frustration here?","3413 Hixson Pike, Chattanooga, 37415"
16410216,1736875046,submitted,Snow and Ice Removal,https://vc0.publicstuff.com/api/2.0/request_view?client_id=1000051&request_id=16410216,"Tue 14 Jan 2025, 12:17PM",35.102637,-85.056183,POINT (-85.056183 35.102637),,"8816 Production Ln, Chattanooga, 37363"
16424997,1737150695,submitted,Traffic Signals,https://vc0.publicstuff.com/api/2.0/request_view?client_id=1000051&request_id=16424997,"Fri 17 Jan 2025, 04:51PM",35.11164405,-85.2500703,POINT (-85.2500703 35.11164405),"The new red light on Access Road at the intersection of the new KORDSA plant entrance is cycling versus only stopping traffic when someone is trying to turn left into the plant or get out of the plant.  Twice now I have been through there and with no one near the plant entrance, the light cycles and stops all lanes of traffic in both directions on Access Road.  This is frustrating, wasting everyone's time, and is not environmentally responsible.","4501 N Access Rd, Chattanooga, 37415"
16416039,1736972160,submitted,Snow and Ice Removal,https://vc0.publicstuff.com/api/2.0/request_view?client_id=1000051&request_id=16416039,"Wed 15 Jan 2025, 03:16PM",35.107522,-85.268928,POINT (-85.268928 35.107522),"Ice covered, car just lost control on hill, it could use some salt/brine. Upper part of valerian between east and west Abercrombie","3701-3799 W Abercrombie Cir, Chattanooga, 37415"
16409052,1736862404,completed,Tree Fallen/Branch,https://vc0.publicstuff.com/api/2.0/request_view?client_id=1000051&request_id=16409052,"Tue 14 Jan 2025, 08:46AM",35.026067436,-85.23080787,POINT (-85.23080787 35.026067436),snow was heavy on branch,"506 Shawnee Trl, Chattanooga, 37411"
16414950,1736961591,completed,Traffic Signs,https://vc0.publicstuff.com/api/2.0/request_view?client_id=1000051&request_id=16414950,"Wed 15 Jan 2025, 12:19PM",35.004517977,-85.307369716,POINT (-85.307369716 35.004517977),The Seminary St/W 38th Street name sign and high school sign fallen down,"3746-3798 Seminary St, Chattanooga, 37410"
