id,timestamp,status,type,url,created,latitude,longitude,location,description,address
16460458,1738067655,completed,Traffic Signals,https://vc0.publicstuff.com/api/2.0/request_view?client_id=1000051&request_id=16460458,"Tue 28 Jan 2025, 07:34AM",35.06966,-85.100581,POINT (-85.100581 35.06966),The light needs to stay green longer for apison pike than Lee highway.,"8200-8212 Apison Pike, Chattanooga, 37363"
16461337,1738079488,completed,Traffic Signs,https://vc0.publicstuff.com/api/2.0/request_view?client_id=1000051&request_id=16461337,"Tue 28 Jan 2025, 10:51AM",35.0828838,-85.290311526,POINT (-85.290311526 35.0828838),"FIX AND RAISE POST
INSTALL
(ABOVE END SCHOOL ZONE SIGN)
CURVE RIGHT
(W1-2R 30""x30"")
and
ADVISORY SPEED 30
(W13-1 18""x18"")
REPLACE
END SCHOOL ZONE
(S5-2 24""x30"")
Located at 1911 Hixson Pk
NW bound

INSTALL
(BELOW SPEED LIMIT 35)
END SCHOOL ZONE
(S5-2 24""x30"")
Located near the intersection of E Dallas Rd
and Southbound Hixson Pk","1911 Hixson Pike, Chattanooga, 37405"
16465572,1738164412,completed,Tree Fallen/Branch,https://vc0.publicstuff.com/api/2.0/request_view?client_id=1000051&request_id=16465572,"Wed 29 Jan 2025, 10:26AM",35.158701,-85.286907,POINT (-85.286907 35.158701),Theres a tree that has fallen on the side of the roadway that is protruding into the road. We need to cut back before contractors start paving in upcoming week.,"5407 Brown Chapel Ln, Chattanooga, 37415"
16472159,1738273920,completed,Traffic Signals,https://vc0.publicstuff.com/api/2.0/request_view?client_id=1000051&request_id=16472159,"Thu 30 Jan 2025, 04:52PM",35.076557262,-85.127306392,POINT (-85.127306392 35.076557262),,"6800 Ferdinand Piech Way, Chattanooga, 37416"
16484618,1738619660,submitted,Traffic Signs,https://vc0.publicstuff.com/api/2.0/request_view?client_id=1000051&request_id=16484618,"Mon 03 Feb 2025, 04:54PM",35.069486704,-85.289230995,POINT (-85.289230995 35.069486704),"There is a utility work ahead sign that was left on Falmouth Rd near Lexington St a couple of weeks ago, not sure if its yours","1300 Falmouth Rd, Chattanooga, 37405"
16473606,1738333292,completed,Traffic Signals,https://vc0.publicstuff.com/api/2.0/request_view?client_id=1000051&request_id=16473606,"Fri 31 Jan 2025, 09:21AM",35.032254784,-85.296948044,POINT (-85.296948044 35.032254784),red light at the intersection of E Main St and Central Ave the left turn signal timing is off and doesn't last more than a sec or two.,"825 E Main St, Chattanooga, 37408"
16469320,1738242501,completed,Traffic Signals,https://vc0.publicstuff.com/api/2.0/request_view?client_id=1000051&request_id=16469320,"Thu 30 Jan 2025, 08:08AM",35.014379,-85.325307,POINT (-85.325307 35.014379),,"3536-3554 Broad St, Chattanooga, 37409"
16471170,1738263603,completed,Traffic Signals,https://vc0.publicstuff.com/api/2.0/request_view?client_id=1000051&request_id=16471170,"Thu 30 Jan 2025, 02:00PM",35.017753816,-85.168768915,POINT (-85.168768915 35.017753816),"The Traffic Light at East Brainerd Rd. and Panorama is out of sync and on a long cycle. This causes an unnecessary delay for the
East Brainerd Rd. traffic.
Also, there are similar issues with East Brainerd Rd. at Concorde, and,
East Brainerd Rd, at Stratman.","1309 Panorama Dr, Chattanooga, 37421"
16478873,1738503239,completed,Traffic Signals,https://vc0.publicstuff.com/api/2.0/request_view?client_id=1000051&request_id=16478873,"Sun 02 Feb 2025, 08:33AM",35.123830369,-85.239506476,POINT (-85.239506476 35.123830369),Traffic light malfunction. The light is not giving a left turn signal or green light going across 153 on Hamill towards Mapco. It is only giving a right turn signal.,"5150-5298 Highway 153, Chattanooga, 37343"
16460566,1738070683,completed,Traffic Signals,https://vc0.publicstuff.com/api/2.0/request_view?client_id=1000051&request_id=16460566,"Tue 28 Jan 2025, 08:24AM",35.065670182,-85.292980443,POINT (-85.292980443 35.065670182),"It is a presidential crossing light is not working , located also on Mississippi Ave","700 Barton Ave, Chattanooga, 37405"
16462660,1738091982,completed,Traffic Signs,https://vc0.publicstuff.com/api/2.0/request_view?client_id=1000051&request_id=16462660,"Tue 28 Jan 2025, 02:19PM",35.048570289,-85.145463735,POINT (-85.145463735 35.048570289),"INSTALL
STREET NAME MARKERS
(D3 ?""x10"")
Pinewood Dr 7400 (x2)
Gunbarrel Rd 2500 (x2)
Located 15' from Gunbarrel Rd
on SE bound Pinewood Dr

RELOCATE AND ENLARGE
STOP
(R1-1 36""x36"")
Located 36' from Gunbarrel Rd
on NW bound Pinewood Dr

REMOVE YIELD AHEAD
AND REPLACE WITH
ROUNDABOUT AND ADVISORY SPEED 15 SIGNS
(REMOVE EXISTING POST FOR ROUNDABOUT SIGNS)
Located at 2527 Gunbarrel Rd
Northbound
(SEE IMAGE)","7400 Pinewood Dr, Chattanooga, 37421"
16476349,1738365759,in progress,Traffic Signs,https://vc0.publicstuff.com/api/2.0/request_view?client_id=1000051&request_id=16476349,"Fri 31 Jan 2025, 06:22PM",35.108795379,-85.277290758,POINT (-85.277290758 35.108795379),,"Intermont Rd, Chattanooga, 37415"
16471540,1738267306,completed,Traffic Signals,https://vc0.publicstuff.com/api/2.0/request_view?client_id=1000051&request_id=16471540,"Thu 30 Jan 2025, 03:01PM",35.049483012,-85.257667185,POINT (-85.257667185 35.049483012),1300 N Chamberlain Ave/2600 Wilcox Blvd traffic signal stuck on red and traffic backed-up.,"1300 N Chamberlain Ave, Chattanooga, 37406"
16480669,1738554009,submitted,Tree Fallen/Branch,https://vc0.publicstuff.com/api/2.0/request_view?client_id=1000051&request_id=16480669,"Sun 02 Feb 2025, 10:40PM",35.010027,-85.297776,POINT (-85.297776 35.010027),The fallen branch knocked down the street light as well.,"2801-2849 Clifton Ter, Chattanooga, 37407"
16465103,1738159270,completed,Traffic Signals,https://vc0.publicstuff.com/api/2.0/request_view?client_id=1000051&request_id=16465103,"Wed 29 Jan 2025, 09:01AM",35.120159023,-85.236950443,POINT (-85.236950443 35.120159023),,"5100 Highway 153, Chattanooga, 37343"
16469003,1738210723,completed,Traffic Signs,https://vc0.publicstuff.com/api/2.0/request_view?client_id=1000051&request_id=16469003,"Wed 29 Jan 2025, 11:18PM",35.077457418,-85.287468932,POINT (-85.287468932 35.077457418),Stop sign down,"Shady Cir, Chattanooga, 37405"
16460596,1738071080,submitted,Traffic Signs,https://vc0.publicstuff.com/api/2.0/request_view?client_id=1000051&request_id=16460596,"Tue 28 Jan 2025, 08:31AM",35.175668427,-85.25193679,POINT (-85.25193679 35.175668427),,"6255 Dayton Blvd, Chattanooga, 37343"
16480094,1738533011,submitted,Tree Fallen/Branch,https://vc0.publicstuff.com/api/2.0/request_view?client_id=1000051&request_id=16480094,"Sun 02 Feb 2025, 04:50PM",35.104726079,-85.275419462,POINT (-85.275419462 35.104726079),a tree fell from what I believe is public land and destroyed my fence. the tree is between two properties,"854 Lupton Dr, Chattanooga, 37415"
16481005,1738588486,submitted,Tree Problem,https://vc0.publicstuff.com/api/2.0/request_view?client_id=1000051&request_id=16481005,"Mon 03 Feb 2025, 08:14AM",35.036581746,-85.30742199,POINT (-85.30742199 35.036581746),"Large piece of debris in a tree in front of address. Was sent to code enforcement but will need to go to city wide services so they can use a bucket truck/ladders to remove. 
Original complaint:
""There is a large piece of debris in a tree. I have reported it once before and it said the issue was resolved but it was not.""","1467 Market St, Chattanooga, 37402"
16469397,1738243678,submitted,Tree Problem,https://vc0.publicstuff.com/api/2.0/request_view?client_id=1000051&request_id=16469397,"Thu 30 Jan 2025, 08:27AM",35.022649708,-85.264733286,POINT (-85.264733286 35.022649708),"I would like to report some trees that may be a problem in the future if not cut down.  We have about seven or so trees that are leaning over in the 1300 block of Kyle St, east side of the street.  The nearest home is 1304 Kyle St., and this is going up Kyle St. toward E. 14th street.  I believe they are on the city right of way and three or four of the trees are dead. They could fall at any time and vehicles could be at risk of being hit.  Please see that public works or whatever dept that takes care of this type of issue will be notified.","1304 Kyle St, Chattanooga, 37404"
16471588,1738267709,completed,Traffic Signals,https://vc0.publicstuff.com/api/2.0/request_view?client_id=1000051&request_id=16471588,"Thu 30 Jan 2025, 03:08PM",35.050808303,-85.257087666,POINT (-85.257087666 35.050808303),,"1413 N Chamberlain Ave, Chattanooga, 37406"
16476040,1738360480,submitted,Tree Problem,https://vc0.publicstuff.com/api/2.0/request_view?client_id=1000051&request_id=16476040,"Fri 31 Jan 2025, 04:54PM",35.051949632,-85.298984655,POINT (-85.298984655 35.051949632),"There are Bradford pear trees at the entrance to the parking garages at 733 & 737 Battery Place that need removed.
The roots have caused the concrete to buckle and cause a trip hazard at the entrance. This area is also designated as city property.

At the least, the trees need trimmed back out of the lines.","733 Battery Pl, Chattanooga, 37403"
16467435,1738181587,completed,Traffic Signs,https://vc0.publicstuff.com/api/2.0/request_view?client_id=1000051&request_id=16467435,"Wed 29 Jan 2025, 03:13PM",35.077457418,-85.287468932,POINT (-85.287468932 35.077457418),,"Shady Cir, Chattanooga, 37405"
16463151,1738096859,completed,Traffic Signals,https://vc0.publicstuff.com/api/2.0/request_view?client_id=1000051&request_id=16463151,"Tue 28 Jan 2025, 03:40PM",35.060697,-85.1342445,POINT (-85.1342445 35.060697),"Lee Hwy turning left light onto Bonny Oaks towards Ooltewah, the left turning light is not working","Lee Hwy & Bonny Oaks Dr, Chattanooga, 37421"
16461035,1738076756,completed,Snow and Ice Removal,https://vc0.publicstuff.com/api/2.0/request_view?client_id=1000051&request_id=16461035,"Tue 28 Jan 2025, 10:05AM",35.047940495,-85.300456583,POINT (-85.300456583 35.047940495),this rec'd by text,"600 Douglas St, Chattanooga, 37403"
16482473,1738601683,completed,Traffic Signals,https://vc0.publicstuff.com/api/2.0/request_view?client_id=1000051&request_id=16482473,"Mon 03 Feb 2025, 11:54AM",35.095893394,-85.328162527,POINT (-85.328162527 35.095893394),"I tried to send this through the website, however, it would not let me submit it.  There is a traffic light malfunction at the intersection of Pineville Road and Signal Mountain Road.  

It appears there is a malfunction with the sensor in the road for westbound traffic turning left from Signal Mountain Road onto Pineville Road.  Most of the time there is no vehicle waiting, but the signal stops all eastbound traffic to allow this vehicle a green arrow to turn left onto Pineville Road.  The eastbound traffic can back up quite heavily with the high volume of vehicles trying to get on the 27S onramp.  Late at night, traffic can be stopped for a long time with no one turning.  It has been this way for several months.","Signal Mountain Rd, Chattanooga, 37405"
16469872,1738250310,submitted,Traffic Signs,https://vc0.publicstuff.com/api/2.0/request_view?client_id=1000051&request_id=16469872,"Thu 30 Jan 2025, 10:18AM",35.061826466,-85.304989616,POINT (-85.304989616 35.061826466),"The new pedestrian crosswalks on Frazier that are not located at intersections with traffic lights are not easily seen by drivers when traffic is heavy and cars or buses block view. I live on Forest and drive on Frazier daily.  The problem is that pedestrians walk out into heavy traffic in my driving lane without warning if my view is blocked - my lane starts moving and from behind a big truck- a family walks out that i have not seen or expected. This has happened twice! We need a flashing light located in the middle to indicate that people are crossing so that cars know to stay put even if you cant see the people yet. This area gets very heavy with people and large trucks and buses etc. My car is small and low and i cant see around the big trucks when traffic is heavy and the people are crossing. I would hate for another pedestrian to be hit down there without my bringing it to someones attention. Thank you, Tam Salter","Frazier Ave, Chattanooga, 37405"
16469344,1738242921,completed,Traffic Signs,https://vc0.publicstuff.com/api/2.0/request_view?client_id=1000051&request_id=16469344,"Thu 30 Jan 2025, 08:15AM",35.024000366,-85.16785573,POINT (-85.16785573 35.024000366),"Caller wants to stay anonymous. He states traffic goes way to fast here. He says speed humps would not be welcomed in this neighborhood, but he states at least a sign needs to be installed that says pedestrians or children at play.","1712 Estrellita Cir, Chattanooga, 37421"
16479176,1738516043,submitted,Tree Problem,https://vc0.publicstuff.com/api/2.0/request_view?client_id=1000051&request_id=16479176,"Sun 02 Feb 2025, 12:07PM",35.015394129,-85.326366797,POINT (-85.326366797 35.015394129),This tree is leaning into Greenway and poses a hazard to runners and cyclists. In the winter the branches are hardly visible until you're right on top of it.,"3501-3699 St Elmo Ave, Chattanooga, 37409"
16467079,1738178467,received,Traffic Signs,https://vc0.publicstuff.com/api/2.0/request_view?client_id=1000051&request_id=16467079,"Wed 29 Jan 2025, 02:21PM",35.051949632,-85.298984655,POINT (-85.298984655 35.051949632),"INSTALL
(ON TWO SQUARE POSTS FOR STABILITY)
DESTINATION WITH (DIAGONAL ARROW RIGHT)
(D1-1 48""x48"") ?
3 RD STREET
ERLANGER HOSP.
UTC
Located 108' from Douglas St
on Westbound Battery Pl

INSTALL
(NPAT)
SPEED LIMIT 25
(R2-1 24""x30"")
Located at 733 Battery Pl
Westbound

CHANGE SPEED LIMIT 30
TO
SPEED LIMIT 25
(R2-1 24""x30"")
Located at 740 Battery Pl
Westbound","733 Battery Pl, Chattanooga, 37403"
16473823,1738336038,in progress,Tree Fallen/Branch,https://vc0.publicstuff.com/api/2.0/request_view?client_id=1000051&request_id=16473823,"Fri 31 Jan 2025, 10:07AM",35.092606,-85.290819,POINT (-85.290819 35.092606),Fallen tree suspended over roadway,"2600-2898 Crestwood Ave, Chattanooga, 37415"
16471888,1738271020,submitted,Traffic Signs,https://vc0.publicstuff.com/api/2.0/request_view?client_id=1000051&request_id=16471888,"Thu 30 Jan 2025, 04:03PM",35.035659115,-85.235597682,POINT (-85.235597682 35.035659115),,"803 Aubrey Ave, Chattanooga, 37411"
16464612,1738123620,completed,Traffic Signs,https://vc0.publicstuff.com/api/2.0/request_view?client_id=1000051&request_id=16464612,"Tue 28 Jan 2025, 11:07PM",35.001191776,-85.152846677,POINT (-85.152846677 35.001191776),Stop sign down,"Dudley Rd, Chattanooga, 37421"
16483668,1738612092,submitted,Traffic Signals,https://vc0.publicstuff.com/api/2.0/request_view?client_id=1000051&request_id=16483668,"Mon 03 Feb 2025, 02:48PM",35.032672543,-85.263274079,POINT (-85.263274079 35.032672543),,"2600 Oak St, Chattanooga, 37404"
16479005,1738509709,submitted,Traffic Signals,https://vc0.publicstuff.com/api/2.0/request_view?client_id=1000051&request_id=16479005,"Sun 02 Feb 2025, 10:21AM",35.040308182,-85.270559583,POINT (-85.270559583 35.040308182),Left-only turn signals on East 3rd Street at North orchard knob wasting thousands of people's time,"2000 E 3rd St, Chattanooga, 37404"
16470336,1738254628,submitted,Traffic Signs,https://vc0.publicstuff.com/api/2.0/request_view?client_id=1000051&request_id=16470336,"Thu 30 Jan 2025, 11:30AM",35.026758626,-85.271262385,POINT (-85.271262385 35.026758626),,"S Watkins St, Chattanooga, 37404"
16461108,1738077450,completed,Traffic Signals,https://vc0.publicstuff.com/api/2.0/request_view?client_id=1000051&request_id=16461108,"Tue 28 Jan 2025, 10:17AM",35.068509,-85.289418,POINT (-85.289418 35.068509),Hixson Pike narrows from two lanes to one heading South at Hanover.,"Hanover St & Hixson Pike, Chattanooga, 37405"
16469337,1738242778,submitted,Tree Problem,https://vc0.publicstuff.com/api/2.0/request_view?client_id=1000051&request_id=16469337,"Thu 30 Jan 2025, 08:12AM",35.024000366,-85.16785573,POINT (-85.16785573 35.024000366),Caller wants to stay anonymous. He states there is a large tree/bush planted behind the entrance at this address and it is a hazard to drivers and pedestrians because it greatly blocks visibility of oncoming traffic. Caller states he has either been hit or nearly hit by vehicles when walking his dog because of this.,"1712 Estrellita Cir, Chattanooga, 37421"
