id,timestamp,status,type,url,created,latitude,longitude,location,description,address
16515185,1739377418,completed,Traffic Signals,https://vc0.publicstuff.com/api/2.0/request_view?client_id=1000051&request_id=16515185,"Wed 12 Feb 2025, 11:23AM",35.026263,-85.299381,POINT (-85.299381 35.026263),The light when you're on 23rd going across Central Ave.,"Rossville Blvd & Central Ave, Chattanooga, 37408"
16504989,1739139360,submitted,Tree Fallen/Branch,https://vc0.publicstuff.com/api/2.0/request_view?client_id=1000051&request_id=16504989,"Sun 09 Feb 2025, 05:16PM",35.114243,-85.256588,POINT (-85.256588 35.114243),A car took out the middle crape myrtle in this island.,"4101-4199 N Access Rd, Chattanooga, 37415"
16506891,1739205151,completed,Traffic Signs,https://vc0.publicstuff.com/api/2.0/request_view?client_id=1000051&request_id=16506891,"Mon 10 Feb 2025, 11:32AM",35.034782123,-85.271819779,POINT (-85.271819779 35.034782123),"a street sign marker pole repaired that is down on the NW corner of Willow St. (300) and Duncan Ave. (2000). The pole is bent over at the base, but the markers are intact","300 S Willow St, Chattanooga, 37404"
16510333,1739274107,completed,Traffic Signals,https://vc0.publicstuff.com/api/2.0/request_view?client_id=1000051&request_id=16510333,"Tue 11 Feb 2025, 06:41AM",35.012516,-85.158566,POINT (-85.158566 35.012516),East Brainerd Road gets red light though no traffic on Stratman triggering it.,"7600-7648 E Brainerd Rd, Chattanooga, 37421"
16523606,1739556986,in progress,Traffic Signs,https://vc0.publicstuff.com/api/2.0/request_view?client_id=1000051&request_id=16523606,"Fri 14 Feb 2025, 01:16PM",35.058809969,-85.32656964,POINT (-85.32656964 35.058809969),"INSTALL
TRUCKS
(M4-4 24""x12"") 
(YELLOW BACKGROUND with BLACK LETTERS)
NO RIGHT TURN
(R3-1R 24""x24"")
Located 194' from Riverside Dr
on NE bound Manufacturers Rd
(ADD ORANGE FLAGS ONCE INSTALL IS COMPLETE)

INSTALL
TRUCKS
(M4-4 24""x12"") 
(YELLOW BACKGROUND with BLACK LETTERS)
NO LEFT TURN
(R3-1L 24""x24"")
Located 29' from Riverside Dr
on Northbound Manufacturers Rd

INSTALL
TRUCKS
(M4-4 24""x12"") 
(YELLOW BACKGROUND with BLACK LETTERS)
NO LEFT TURN
(R3-1L 24""x24"")
Located 120' from Riverside Ave
NE bound
(ADD ORANGE FLAGS ONCE INSTALL IS COMPLETE)

INSTALL
TRUCKS
(M4-4 24""x12"") 
(YELLOW BACKGROUND with BLACK LETTERS)
NO LEFT TURN
(R3-1L 24""x24"")
Located 120' from Riverside Ave
NE bound
(ADD ORANGE FLAGS ONCE INSTALL IS COMPLETE)","900 Manufacturers Rd, Chattanooga, 37405"
16516043,1739387600,completed,Traffic Signals,https://vc0.publicstuff.com/api/2.0/request_view?client_id=1000051&request_id=16516043,"Wed 12 Feb 2025, 02:13PM",35.045690704,-85.310534484,POINT (-85.310534484 35.045690704),"100 W. MLK Blvd. (9th Street Intersection and Broad Street) GREEN Traffic Light (Middle) Burned Out as facing W. MLK Blvd., w/ Read House on left opposite side and EPB Building on right side at traffic light","100 W Martin Luther King Blvd, Chattanooga, 37402"
16521910,1739502456,completed,Traffic Signals,https://vc0.publicstuff.com/api/2.0/request_view?client_id=1000051&request_id=16521910,"Thu 13 Feb 2025, 10:07PM",35.047696,-85.290478,POINT (-85.290478 35.047696),,"1000 E 3rd St, Chattanooga, 37403"
16516312,1739390259,completed,Tree Fallen/Branch,https://vc0.publicstuff.com/api/2.0/request_view?client_id=1000051&request_id=16516312,"Wed 12 Feb 2025, 02:57PM",35.077182526,-85.198835759,POINT (-85.198835759 35.077182526),Large tree branch has fallen onto the road right in front of 4206 Bellview Ave on the speed bump.,"4206 Bellview Ave, Chattanooga, 37416"
16511946,1739296653,received,Traffic Signs,https://vc0.publicstuff.com/api/2.0/request_view?client_id=1000051&request_id=16511946,"Tue 11 Feb 2025, 12:57PM",35.026754,-85.282166582,POINT (-85.282166582 35.026754),"REPLACE
STREET NAME MARKERS
(D3 ?""x10"")
Lynnbrook Ave 1500 (x2)
E Main St 1800 (x2)

REPLACE
STREET NAME MARKERS
(D3 ?""x10"")
S Hickory St 1400 (x2)
E Main St 1700 (x2)","1750 E Main St, Chattanooga, 37404"
16518624,1739457495,submitted,Traffic Signals,https://vc0.publicstuff.com/api/2.0/request_view?client_id=1000051&request_id=16518624,"Thu 13 Feb 2025, 09:38AM",35.108442452,-85.144866989,POINT (-85.144866989 35.108442452),"Traffic signal at the intersection of St Hwy 58 & Ferdinand Piech Wy & Clark Rd. When traveling east on Clark Rd, the traffic signal for the lane that shares the roles of being the thru travel lane and the left turn lane only presents the drives with a ""green"" light and not a ""protected green arrow"". In watching the programing of this light, this is a ""protected turn"". The confusion thus is created by drivers only seeing a ""green light"" and assuming oncoming traffic from Ferdinand Piech Wy have the right-of-way, when in reality they have a ""red light"".","5607 Highway 58, Chattanooga, 37341"
16505858,1739195155,completed,Traffic Signs,https://vc0.publicstuff.com/api/2.0/request_view?client_id=1000051&request_id=16505858,"Mon 10 Feb 2025, 08:45AM",35.007506158,-85.219563928,POINT (-85.219563928 35.007506158),"REPLACE
STREET NAME MARKERS
(D3 ?""x10"")
Honeysuckle Dr 5500 (x2)
Spring Creek Rd 400 (x2)

REPLACE
STREET NAME MARKERS
(D3 ?""x10"")
Rosemont Dr 5500 (x2)
Spring Creek Rd 300 (x2)

REPLACE
STREET NAME MARKERS
(D3 ?""x10"")
Woodlawn Dr 5500 (x2)
Spring Creek Rd 200 (x2)","300 Spring Creek Rd, Chattanooga, 37411"
16507182,1739207570,completed,Tree Problem,https://vc0.publicstuff.com/api/2.0/request_view?client_id=1000051&request_id=16507182,"Mon 10 Feb 2025, 12:12PM",35.100609109,-85.287148031,POINT (-85.287148031 35.100609109),there is a tree on the side of residence and is leaning and needs trimming. Caller says the tree is on the city's r.o.w along side on address.,"2975 Haywood Ave, Chattanooga, 37415"
16518343,1739453876,completed,Tree Fallen/Branch,https://vc0.publicstuff.com/api/2.0/request_view?client_id=1000051&request_id=16518343,"Thu 13 Feb 2025, 08:37AM",35.03768039,-85.182247843,POINT (-85.182247843 35.03768039),States a tree has fallen across the street and blocked a school bus's travel. States the bus had to find another route. States the tree is on the Wiberforce St side.,"6402 Atlanta Ave, Chattanooga, 37421"
16522328,1739540519,submitted,Snow and Ice Removal,https://vc0.publicstuff.com/api/2.0/request_view?client_id=1000051&request_id=16522328,"Fri 14 Feb 2025, 08:41AM",35.027378852,-85.234705065,POINT (-85.234705065 35.027378852),"Intersection of Talley Rd. and Rogers Rd. 
At the intersection of Talley Rd. and Rogers Rd., a caller reports a thick patch of ice that needs to be removed.","500 Talley Rd, Chattanooga, 37411"
16515218,1739377810,completed,Tree Fallen/Branch,https://vc0.publicstuff.com/api/2.0/request_view?client_id=1000051&request_id=16515218,"Wed 12 Feb 2025, 11:30AM",35.034773216,-85.239562452,POINT (-85.239562452 35.034773216),Caller states there is a branch hanging down in the road as you are going down the hill just past Belle Vista Ave,"800 Gillespie Rd, Chattanooga, 37411"
16520713,1739479749,completed,Traffic Signals,https://vc0.publicstuff.com/api/2.0/request_view?client_id=1000051&request_id=16520713,"Thu 13 Feb 2025, 03:49PM",35.033693433,-85.301514895,POINT (-85.301514895 35.033693433),The pedestrian crosswalk signal beeps continuously day and night. It goes across E Main St to Velo Coffee Roasters.,"1511 Adams St, Chattanooga, 37408"
16510330,1739273901,completed,Traffic Signals,https://vc0.publicstuff.com/api/2.0/request_view?client_id=1000051&request_id=16510330,"Tue 11 Feb 2025, 06:38AM",35.017693,-85.168606,POINT (-85.168606 35.017693),East Brainerd Road often gets red light though no cars on Bunker Hill,"7200-7298 E Brainerd Rd, Chattanooga, 37421"
16511814,1739295085,completed,Traffic Signals,https://vc0.publicstuff.com/api/2.0/request_view?client_id=1000051&request_id=16511814,"Tue 11 Feb 2025, 12:31PM",35.062960212,-85.137544734,POINT (-85.137544734 35.062960212),Old cleveland side is only letting one car go at the time,"3009 Silverdale Rd, Chattanooga, 37421"
16522707,1739545964,completed,Tree Fallen/Branch,https://vc0.publicstuff.com/api/2.0/request_view?client_id=1000051&request_id=16522707,"Fri 14 Feb 2025, 10:12AM",35.106206422,-85.344752611,POINT (-85.344752611 35.106206422),Tree across road on city end of Balmoral Dr just past Space House on Signal.- via text,"1026 Balmoral Dr, Chattanooga, 37377"
16505968,1739196456,submitted,Traffic Signals,https://vc0.publicstuff.com/api/2.0/request_view?client_id=1000051&request_id=16505968,"Mon 10 Feb 2025, 09:07AM",35.11560304,-85.127799531,POINT (-85.127799531 35.11560304),,"6000 Highway 58, Chattanooga, 37341"
16520451,1739476664,submitted,Tree Fallen/Branch,https://vc0.publicstuff.com/api/2.0/request_view?client_id=1000051&request_id=16520451,"Thu 13 Feb 2025, 02:57PM",35.136907374,-85.209810432,POINT (-85.209810432 35.136907374),on city right of way,"5330 Cassandra Smith Rd, Chattanooga, 37343"
16520919,1739481582,submitted,Traffic Signs,https://vc0.publicstuff.com/api/2.0/request_view?client_id=1000051&request_id=16520919,"Thu 13 Feb 2025, 04:19PM",35.032082073,-85.173836266,POINT (-85.173836266 35.032082073),"There was a traffic accident at the corner of 6800 Chiswick Drive and Hickory Valley Road last year.  The auto took down a concrete power pole, the stop sign and a dead-end street sign. When the replacement pole was installed nothing else was done.  We need a replacement stop sign, dead-end street sign, along with the old street poles that were hit removed along with the concrete from the broken pole.  There is a red conduit needing re-attached to the new pole.","6800 Chiswick Dr, Chattanooga, 37421"
16512950,1739306354,submitted,Traffic Signals,https://vc0.publicstuff.com/api/2.0/request_view?client_id=1000051&request_id=16512950,"Tue 11 Feb 2025, 03:39PM",35.101413188,-85.275703355,POINT (-85.275703355 35.101413188),"Need a turn signal at the light, they need a turn signal , turning left on Carter Dr from Hixson Pike","3300 Hixson Pike, Chattanooga, 37415"
16515253,1739378137,submitted,Tree Fallen/Branch,https://vc0.publicstuff.com/api/2.0/request_view?client_id=1000051&request_id=16515253,"Wed 12 Feb 2025, 11:35AM",35.04625266,-85.319060025,POINT (-85.319060025 35.04625266),Tree branch is located near the Gateway Towers.,"1100 Gateway Ave, Chattanooga, 37402"
16518341,1739453796,completed,Traffic Signs,https://vc0.publicstuff.com/api/2.0/request_view?client_id=1000051&request_id=16518341,"Thu 13 Feb 2025, 08:36AM",35.026902,-85.363794,POINT (-85.363794 35.026902),Yield sign for traffic turning right from Browns Ferry Road onto I-24 East on-ramp has been knocked down.,"220 Browns Ferry Rd, Chattanooga, 37419"
16511119,1739287254,completed,Traffic Signs,https://vc0.publicstuff.com/api/2.0/request_view?client_id=1000051&request_id=16511119,"Tue 11 Feb 2025, 10:20AM",35.035402621,-85.305216953,POINT (-85.305216953 35.035402621),"INSTALL
(AT AN ANGLE ON UTILITY POLE)
NO PARKING ANYTIME (LEFT ARROW)
(R7-1L 12""x18"")
Located at 211 E Main St
Westbound

INSTALL
(AT AN ANGLE ON LAMP POLE)
NO PARKING ANYTIME (RIGHT ARROW)
(R7-1R 12""x18"")
Located at 203 E Main St
Westbound","203 E Main St, Chattanooga, 37408"
16507219,1739207887,completed,Tree Problem,https://vc0.publicstuff.com/api/2.0/request_view?client_id=1000051&request_id=16507219,"Mon 10 Feb 2025, 12:18PM",35.157420697,-85.238727972,POINT (-85.238727972 35.157420697),"Citizen states there is a dead tree that has been partially cut by a contract crew of the city. It is now leaning close to the roadway. It is on a wooded lot near the address in the SR but is easily seen. It is a huge danger, especially for big trucks and oncoming traffic has to swerve to miss the trucks and could run out of the road. Citizen states these contract tree crews do not do a good job. They just rush to get done. He states it is tax payers who are paying for these services.","909 Lower Mill Rd, Chattanooga, 37343"
16522389,1739541678,submitted,Snow and Ice Removal,https://vc0.publicstuff.com/api/2.0/request_view?client_id=1000051&request_id=16522389,"Fri 14 Feb 2025, 09:01AM",35.058809969,-85.32656964,POINT (-85.32656964 35.058809969),"From the sharp curve Manufactures / riverside Ave  to Pineville Rd Is very icy, also continuing on Pineville rd to Signal Mtn Rd has bad icy areas. Cars and Semi trucks sliding. Called in by Shelly from Moccasin Bend, Call her if directions needed423-488-2780","900 Manufacturers Rd, Chattanooga, 37405"
16506304,1739200127,completed,Traffic Signs,https://vc0.publicstuff.com/api/2.0/request_view?client_id=1000051&request_id=16506304,"Mon 10 Feb 2025, 10:08AM",35.046031857,-85.366280079,POINT (-85.366280079 35.046031857),Street sign knocked over by semi tractor trailer last night,"621-629 Pan Gap Rd, Chattanooga, 37419"
16521894,1739501704,in progress,Traffic Signs,https://vc0.publicstuff.com/api/2.0/request_view?client_id=1000051&request_id=16521894,"Thu 13 Feb 2025, 09:55PM",35.008145,-85.326302,POINT (-85.326302 35.008145),Stop sign coming out of Food city at 40th St. is bent over at the base.,"1101-1199 W 40th St, Chattanooga, 37409"
16513369,1739311051,completed,Tree Fallen/Branch,https://vc0.publicstuff.com/api/2.0/request_view?client_id=1000051&request_id=16513369,"Tue 11 Feb 2025, 04:57PM",35.073611737,-85.313469655,POINT (-85.313469655 35.073611737),Tree blocking Highridge Dr unable to get home @ 892 Highridge Dr.,"892 High Ridge Dr, Chattanooga, 37405"
16512594,1739302801,received,Traffic Signs,https://vc0.publicstuff.com/api/2.0/request_view?client_id=1000051&request_id=16512594,"Tue 11 Feb 2025, 02:40PM",35.030363781,-85.289435979,POINT (-85.289435979 35.030363781),"INSTALL
NO PARKING ANYTIME
(R7-1 12""x18"")
Located 30' from Gulf St
on SE bound E 14th St

INSTALL
NO PARKING TO CORNER
(R-NS-006 12""x18"")
Located 35' from Gulf St
on SE bound E 14th St

REPLACE
STREET NAME MARKERS
(D3 ?""x8"")
Gulf St 1400 (x2)
E 14th St 1100 (x2)","1150 E 14th St, Chattanooga, 37408"
16520121,1739473289,completed,Tree Fallen/Branch,https://vc0.publicstuff.com/api/2.0/request_view?client_id=1000051&request_id=16520121,"Thu 13 Feb 2025, 02:01PM",35.054182751,-85.264744482,POINT (-85.264744482 35.054182751),"Branches hanging over the street and powerlines
Next door of residence","1406 N Orchard Knob Ave, Chattanooga, 37406"
16510760,1739282575,completed,Traffic Signals,https://vc0.publicstuff.com/api/2.0/request_view?client_id=1000051&request_id=16510760,"Tue 11 Feb 2025, 09:02AM",35.043124957,-85.165275961,POINT (-85.165275961 35.043124957),,"Lee Hwy, Chattanooga, 37421"
16523876,1739559987,in progress,Traffic Signs,https://vc0.publicstuff.com/api/2.0/request_view?client_id=1000051&request_id=16523876,"Fri 14 Feb 2025, 02:06PM",35.107437531,-85.326142639,POINT (-85.326142639 35.107437531),Citizens are Requesting Repairs of the Round About Markers and Street markers at the W Road Round At Mountain Creek Rd. Street Marker is on The ground As well.,"3500 W Rd, Chattanooga, 37405"
16522421,1739542239,received,Traffic Signs,https://vc0.publicstuff.com/api/2.0/request_view?client_id=1000051&request_id=16522421,"Fri 14 Feb 2025, 09:10AM",35.005555915,-85.219115712,POINT (-85.219115712 35.005555915),"INSTALL
(AT 8 FEET)
ADVANCED INTERSECTION LANE CONTROL (3 LANE)
(LEFT ONLY/ STRAIGHT ONLY/ RIGHT ONLY)
(R3-8b 48""x30"")
Located 255' from Miller Dr
on Northbound Spring Creek Rd

RELOCATE/MOVE
EXISTING RIGHT LANE MUST TURN RIGHT
Located 179' from Miller Dr 
on Northbound Spring Creek Rd","600 Spring Creek Rd, Chattanooga, 37411"
16516920,1739398335,completed,Tree Fallen/Branch,https://vc0.publicstuff.com/api/2.0/request_view?client_id=1000051&request_id=16516920,"Wed 12 Feb 2025, 05:12PM",35.038048477,-85.183257323,POINT (-85.183257323 35.038048477),undefined,"6316 Atlanta Ave, Chattanooga, 37421"
16515916,1739386319,submitted,Tree Problem,https://vc0.publicstuff.com/api/2.0/request_view?client_id=1000051&request_id=16515916,"Wed 12 Feb 2025, 01:51PM",35.06506396,-85.289159785,POINT (-85.289159785 35.06506396),"Citizen states there is a tree in the alley way behind his property that has been painted with a green dot. His neighbor wants the tree taken down, but Mr Vaughn does not. He states there is nothing wrong with the tree other than a dead limb. He wants to know if someone from City Forestry marked the tree and what the green dot means. He states the tree is between his property and the neighbors property. The alley is off of Dugdale St.","901 Sterling Ave, Chattanooga, 37405"
16510327,1739273677,completed,Traffic Signals,https://vc0.publicstuff.com/api/2.0/request_view?client_id=1000051&request_id=16510327,"Tue 11 Feb 2025, 06:34AM",35.017262,-85.176712,POINT (-85.176712 35.017262),Light handling exit from freeway on though it hasnt been triggered by someone leaving freeway.,"2-8 Exit 3A Off Ramp NB, Chattanooga, 37421"
16521900,1739502027,in progress,Traffic Signs,https://vc0.publicstuff.com/api/2.0/request_view?client_id=1000051&request_id=16521900,"Thu 13 Feb 2025, 10:00PM",35.031492,-85.308831,POINT (-85.308831 35.031492),,"Market St & W 20th St, Chattanooga, 37408"
16519728,1739469266,completed,Tree Fallen/Branch,https://vc0.publicstuff.com/api/2.0/request_view?client_id=1000051&request_id=16519728,"Thu 13 Feb 2025, 12:54PM",35.109314336,-85.269219974,POINT (-85.269219974 35.109314336),Tree down blocking the whole road near this address. Caller also states it has smashed the guardrail. He is call CPD also.,"1011 Marion Cir, Chattanooga, 37415"
16514449,1739366721,completed,Tree Fallen/Branch,https://vc0.publicstuff.com/api/2.0/request_view?client_id=1000051&request_id=16514449,"Wed 12 Feb 2025, 08:25AM",35.00154,-85.275639,POINT (-85.275639 35.00154),Its inside the fence next to the community building.,"3130-3298 E 32nd St, Chattanooga, 37407"
16506800,1739204443,submitted,Traffic Signals,https://vc0.publicstuff.com/api/2.0/request_view?client_id=1000051&request_id=16506800,"Mon 10 Feb 2025, 11:20AM",35.040308182,-85.270559583,POINT (-85.270559583 35.040308182),"Please remove the left only turn signals on East 3rd Street, no one needs them and they waste thousands of people's time every week.","2000 E 3rd St, Chattanooga, 37404"
16511996,1739297210,submitted,Traffic Signals,https://vc0.publicstuff.com/api/2.0/request_view?client_id=1000051&request_id=16511996,"Tue 11 Feb 2025, 01:06PM",35.017863266,-85.279646269,POINT (-85.279646269 35.017863266),The lights at 4th Street exit are out of sync. Traffic backed up onto the bridge - the person behind me almost hit me and several others almost collided. This is a safety issue especially on a wet day. This happens daily. You should be able to see the data and make changes to avoid future accidents. Everyone is lucky to have avoided a massive accident thus far.,"2300 4th Ave, Chattanooga, 37404"
