id,timestamp,status,type,url,created,latitude,longitude,location,description,address
16404074,1736771219,completed,Snow and Ice Removal,https://vc0.publicstuff.com/api/2.0/request_view?client_id=1000051&request_id=16404074,"Mon 13 Jan 2025, 07:26AM",35.064444,-85.246579,POINT (-85.246579 35.064444),The entire circle still covered in ice and snow and refreezing every night. And under the train bridge is real bad. Making it hard to get to work. Please salt the circle. Thanks,"2620 Stephens St, Chattanooga, 37406"
16404935,1736782920,submitted,Tree Problem,https://vc0.publicstuff.com/api/2.0/request_view?client_id=1000051&request_id=16404935,"Mon 13 Jan 2025, 10:42AM",35.010290485,-85.175952491,POINT (-85.175952491 35.010290485),"This is for Majestic Hills subdivision. Citizen states some Leland Cypress were planted along the rd, near the entrance to the subdivision. He states one already fell onto his property, and more could fall. He states more were planted on the other side of the rd and are causing problems also. He wants to know who's responsible for the trees.","1228 N Concord Rd, Chattanooga, 37421"
16418697,1737041237,completed,Traffic Signals,https://vc0.publicstuff.com/api/2.0/request_view?client_id=1000051&request_id=16418697,"Thu 16 Jan 2025, 10:27AM",35.043682953,-85.295755833,POINT (-85.295755833 35.043682953),Citizen states there needs to be a left turn signal at McCallie Ave and Palmetto Street turning northbound onto Palmetto.,"800 McCallie Ave, Chattanooga, 37403"
16396860,1736472479,completed,Snow and Ice Removal,https://vc0.publicstuff.com/api/2.0/request_view?client_id=1000051&request_id=16396860,"Thu 09 Jan 2025, 08:27PM",35.007203,-85.271483,POINT (-85.271483 35.007203),Westside drive has not been brined. Its a main road between downtown and Rossville/East Ridge and the only way to avoid the Bachman tunnel. There is already ice along the sides!,"2908-3198 Westside Dr, Chattanooga, 37404"
16411951,1736889543,submitted,Snow and Ice Removal,https://vc0.publicstuff.com/api/2.0/request_view?client_id=1000051&request_id=16411951,"Tue 14 Jan 2025, 04:19PM",34.98813894,-85.15719864,POINT (-85.15719864 34.98813894),"Elderly customer inq about this roads, it needs attention.","505 Julian Rd, Chattanooga, 37421"
16397672,1736520797,completed,Snow and Ice Removal,https://vc0.publicstuff.com/api/2.0/request_view?client_id=1000051&request_id=16397672,"Fri 10 Jan 2025, 09:53AM",35.03707166,-85.261084359,POINT (-85.261084359 35.03707166),Citizen saw a car slide on the street. They were not in an accident and was able to correct and keep going. He would just like the street to be maintained.,"403 Glenwood Dr, Chattanooga, 37404"
16398079,1736525829,completed,Snow and Ice Removal,https://vc0.publicstuff.com/api/2.0/request_view?client_id=1000051&request_id=16398079,"Fri 10 Jan 2025, 11:17AM",35.029693337,-85.239039963,POINT (-85.239039963 35.029693337),citizen informed a lot of elderly people on the street and they have nurses coming back and forth and need the road clear in case of medical assistance needed,"509 Biltmore Dr, Chattanooga, 37411"
16402137,1736637849,completed,Snow and Ice Removal,https://vc0.publicstuff.com/api/2.0/request_view?client_id=1000051&request_id=16402137,"Sat 11 Jan 2025, 06:24PM",35.029403,-85.198735,POINT (-85.198735 35.029403),Street has not been treated nor has it been plowed. Theres 3 houses on this street.,"100-148 Cedar Ln, Chattanooga, 37421"
16400659,1736610300,completed,Snow and Ice Removal,https://vc0.publicstuff.com/api/2.0/request_view?client_id=1000051&request_id=16400659,"Sat 11 Jan 2025, 10:45AM",35.006066,-85.419901,POINT (-85.419901 35.006066),River Gorge Drive hasnt been cleared or treated and were stuck on top of Aetna Mountain,"3070-3258 Galena Cir, Chattanooga, 37419"
16399614,1736545170,completed,Snow and Ice Removal,https://vc0.publicstuff.com/api/2.0/request_view?client_id=1000051&request_id=16399614,"Fri 10 Jan 2025, 04:39PM",35.116837858,-85.280724317,POINT (-85.280724317 35.116837858),roads are impassible,"3761-3899 Thrushwood Dr, Chattanooga, 37415"
16400565,1736605543,completed,Snow and Ice Removal,https://vc0.publicstuff.com/api/2.0/request_view?client_id=1000051&request_id=16400565,"Sat 11 Jan 2025, 09:25AM",35.092001,-85.200034,POINT (-85.200034 35.092001),"We like to have snow removed and roads salted people can get on main highway if needed and also for emergency vehicles if they have to respond. Some people along this road has medical issues. From strechi dr, Melinda dr, to 4608 tarpon trail.","4608 Tarpon Trl, Chattanooga, 37416"
16399642,1736545603,completed,Snow and Ice Removal,https://vc0.publicstuff.com/api/2.0/request_view?client_id=1000051&request_id=16399642,"Fri 10 Jan 2025, 04:46PM",35.118506,-85.274999,POINT (-85.274999 35.118506),,"501-599 Oak Tree Dr, Chattanooga, 37415"
16401828,1736625907,completed,Snow and Ice Removal,https://vc0.publicstuff.com/api/2.0/request_view?client_id=1000051&request_id=16401828,"Sat 11 Jan 2025, 03:05PM",35.172708877,-85.248754151,POINT (-85.248754151 35.172708877),Need hill and road salted or cleared we cannot get off the hill and we have a lot of elderly and disabled people that live up here,"6823 Ivanwood Dr, Chattanooga, 37343"
16398286,1736528365,completed,Snow and Ice Removal,https://vc0.publicstuff.com/api/2.0/request_view?client_id=1000051&request_id=16398286,"Fri 10 Jan 2025, 11:59AM",35.172708877,-85.248754151,POINT (-85.248754151 35.172708877),Need hill salted,"6823 Ivanwood Dr, Chattanooga, 37343"
16399035,1736537642,completed,Snow and Ice Removal,https://vc0.publicstuff.com/api/2.0/request_view?client_id=1000051&request_id=16399035,"Fri 10 Jan 2025, 02:34PM",35.020473665,-85.246206959,POINT (-85.246206959 35.020473665),It needs to be sanded between Oriole and Hilltop because of the hill and the curves.  It doesn't melt with the sun due to the trees.,"3703 Monte Vista Dr, Chattanooga, 37411"
16400722,1736612112,completed,Snow and Ice Removal,https://vc0.publicstuff.com/api/2.0/request_view?client_id=1000051&request_id=16400722,"Sat 11 Jan 2025, 11:15AM",35.158547051,-85.279316255,POINT (-85.279316255 35.158547051),Cant get off the hill,"620 Bivins Rd, Chattanooga, 37415"
16415070,1736962960,submitted,Snow and Ice Removal,https://vc0.publicstuff.com/api/2.0/request_view?client_id=1000051&request_id=16415070,"Wed 15 Jan 2025, 12:42PM",35.138968,-85.195383,POINT (-85.195383 35.138968),The mail carrier refuses to deliver mail because of ice on the hill,"6601-6621 Declaration Dr, Chattanooga, 37343"
16402147,1736638119,completed,Snow and Ice Removal,https://vc0.publicstuff.com/api/2.0/request_view?client_id=1000051&request_id=16402147,"Sat 11 Jan 2025, 06:28PM",35.005497426,-85.418780261,POINT (-85.418780261 35.005497426),The salt truck missed our street today.  It came through the neighborhood but didnt go down Dempsey Way.,"4709 Dempsey Way, Chattanooga, 37419"
16408926,1736860162,completed,Tree Fallen/Branch,https://vc0.publicstuff.com/api/2.0/request_view?client_id=1000051&request_id=16408926,"Tue 14 Jan 2025, 08:09AM",35.15080415,-85.279093611,POINT (-85.279093611 35.15080415),A tree has fallen across the road and it is blocking traffic.,"309 Knoll Creek Cir, Chattanooga, 37415"
16399944,1736550858,completed,Snow and Ice Removal,https://vc0.publicstuff.com/api/2.0/request_view?client_id=1000051&request_id=16399944,"Fri 10 Jan 2025, 06:14PM",35.041783229,-85.246895961,POINT (-85.246895961 35.041783229),,"3201-3299 Bon Air Cir, Chattanooga, 37404"
16420933,1737063017,completed,Traffic Signals,https://vc0.publicstuff.com/api/2.0/request_view?client_id=1000051&request_id=16420933,"Thu 16 Jan 2025, 04:30PM",35.051256722,-85.193767736,POINT (-85.193767736 35.051256722),,"2200 Polymer Dr, Chattanooga, 37421"
16409526,1736868383,received,Traffic Signs,https://vc0.publicstuff.com/api/2.0/request_view?client_id=1000051&request_id=16409526,"Tue 14 Jan 2025, 10:26AM",34.989679174,-85.289756196,POINT (-85.289756196 34.989679174),"REMOVE EXISTING ROSSVILLE BLVD STREET NAME MARKER (See Image)

INSTALL
(ON SPAN WIRE)
OVERHEAD STREET NAME MARKER (DOUBLE SIDED)
(D3-1a ?""x18"")
Rossville Blvd 4700
Located at the intersection of Rossville Blvd
and Westbound E 47th St

INSTALL
(ON SPAN WIRE)
OVERHEAD STREET NAME MARKER (DOUBLE SIDED)
(D3-1a ?""x18"")
Rossville Blvd 4600
Located at the intersection of Rossville Blvd
and Eastbound Workman Rd

REPLACE
(ON SPAN WIRE)
OVERHEAD STREET NAME MARKER (WITH ARROWS)
(D3-1a ?""x18"") (DOUBLE SIDED)
E 47th St 2600 (Right Arrow)
(Left Arrow) E 47th St 2600
Located at the intersection of E 47th St
and Northbound Rossville Blvd

REPLACE
(ON SPAN WIRE)
OVERHEAD STREET NAME MARKER (WITH ARROWS)
(D3-1a ?""x18"") (DOUBLE SIDED)
Workman Rd 1600 (Right Arrow)
(Left Arrow) Workman Rd 1600
Located at the intersection of Workman Rd
and Southbound Rossville Blvd","4700 Rossville Blvd, Chattanooga, 37407"
16413731,1736948881,submitted,Traffic Signs,https://vc0.publicstuff.com/api/2.0/request_view?client_id=1000051&request_id=16413731,"Wed 15 Jan 2025, 08:48AM",35.062101726,-85.299997511,POINT (-85.299997511 35.062101726),"REMOVE
NEW TRAFFIC PATTERN AHEAD SIGN
and
REPLACE WITH
BIKE LANE
(R3-17 30""x24"")
Located on pole 12 Veterans Bridge
Northbound

REMOVE 
NEW TRAFFIC PATTERN AHEAD SIGN
and
REPLACE WITH
BIKE LANE
(R3-17 30""x24"")
Located at 299 Barton Ave 
SW bound

INSTALL
(ON UTILITY POLE)
(TRIM VEGETATION IF NECCESSARY)
END SCHOOL ZONE
(S5-2 24""x30"")
and
SPEED LIMIT 35
(R2-1 24""x30"")
Located at 249 Barton Ave
SW bound","200 Barton Ave, Chattanooga, 37405"
16397454,1736516699,completed,Snow and Ice Removal,https://vc0.publicstuff.com/api/2.0/request_view?client_id=1000051&request_id=16397454,"Fri 10 Jan 2025, 08:44AM",35.112533,-85.212724,POINT (-85.212724 35.112533),Lake resort drive and lake resort terrace are solid ice right now. 3 apartment complexes are connected to these roads. Wife is a RN @ Erlanger and wont be able to get to work by Saturday morning.,"5926-5948 Lake Resort Ter, Chattanooga, 37415"
16406294,1736794595,completed,Snow and Ice Removal,https://vc0.publicstuff.com/api/2.0/request_view?client_id=1000051&request_id=16406294,"Mon 13 Jan 2025, 01:56PM",35.080319201,-85.182960122,POINT (-85.182960122 35.080319201),"Citizen states this is near the intersection of Jersey Pike. States there is ice and if vehicles try to stop here, they will slide.","4525 Hancock Rd, Chattanooga, 37416"
16397692,1736521070,completed,Snow and Ice Removal,https://vc0.publicstuff.com/api/2.0/request_view?client_id=1000051&request_id=16397692,"Fri 10 Jan 2025, 09:57AM",35.131025,-85.258873,POINT (-85.258873 35.131025),Cars parked in others yards bc they have got stuck. People on this road are out at work and cant get home. Die to employers demanding them come to work. We want family to be able to get home. Hixson Ave have narrow roads with steep hill. Cloverdale is bad too but this road is going to be tough to maneuver.  Elderly people who have needed ambulance services frequently in recent months.,"1301-1317 Hixson Ave, Chattanooga, 37343"
16404052,1736769824,completed,Traffic Signals,https://vc0.publicstuff.com/api/2.0/request_view?client_id=1000051&request_id=16404052,"Mon 13 Jan 2025, 07:03AM",35.0529,-85.180186,POINT (-85.180186 35.0529),Eastbound Shallowford Rd overhead right signal YELLOW lamp is not illuminating,"6200 Shallowford Rd, Chattanooga, 37421"
16410216,1736875046,submitted,Snow and Ice Removal,https://vc0.publicstuff.com/api/2.0/request_view?client_id=1000051&request_id=16410216,"Tue 14 Jan 2025, 12:17PM",35.102637,-85.056183,POINT (-85.056183 35.102637),,"8816 Production Ln, Chattanooga, 37363"
16418767,1737041843,submitted,Tree Fallen/Branch,https://vc0.publicstuff.com/api/2.0/request_view?client_id=1000051&request_id=16418767,"Thu 16 Jan 2025, 10:37AM",35.000782062,-85.315947895,POINT (-85.315947895 35.000782062),Tree has failed blocking the sidewalk residents are going out in the roadway,"4501 Kirkland Ave, Chattanooga, 37410"
16399909,1736550063,completed,Snow and Ice Removal,https://vc0.publicstuff.com/api/2.0/request_view?client_id=1000051&request_id=16399909,"Fri 10 Jan 2025, 06:01PM",35.154705,-85.258906,POINT (-85.258906 35.154705),,"536 Ethyeylin Ln, Chattanooga, 37343"
16400572,1736605757,completed,Snow and Ice Removal,https://vc0.publicstuff.com/api/2.0/request_view?client_id=1000051&request_id=16400572,"Sat 11 Jan 2025, 09:29AM",35.116232,-85.211915,POINT (-85.211915 35.116232),,"N Park Rd, Chattanooga, 37343"
16405444,1736786706,completed,Traffic Signs,https://vc0.publicstuff.com/api/2.0/request_view?client_id=1000051&request_id=16405444,"Mon 13 Jan 2025, 11:45AM",35.046040265,-85.235415028,POINT (-85.235415028 35.046040265),Stop Sign,"1500 Lillian Ln, Chattanooga, 37411"
16399317,1736541450,completed,Snow and Ice Removal,https://vc0.publicstuff.com/api/2.0/request_view?client_id=1000051&request_id=16399317,"Fri 10 Jan 2025, 03:37PM",35.044275895,-85.128328078,POINT (-85.128328078 35.044275895),,"2598 Jenkins Rd, Chattanooga, 37421"
16400459,1736586054,completed,Snow and Ice Removal,https://vc0.publicstuff.com/api/2.0/request_view?client_id=1000051&request_id=16400459,"Sat 11 Jan 2025, 04:00AM",35.099293607,-85.192971826,POINT (-85.192971826 35.099293607),,"4905-4915 Bal Harbor Dr, Chattanooga, 37416"
16414950,1736961591,completed,Traffic Signs,https://vc0.publicstuff.com/api/2.0/request_view?client_id=1000051&request_id=16414950,"Wed 15 Jan 2025, 12:19PM",35.004517977,-85.307369716,POINT (-85.307369716 35.004517977),The Seminary St/W 38th Street name sign and high school sign fallen down,"3746-3798 Seminary St, Chattanooga, 37410"
16404414,1736777826,received,Traffic Signs,https://vc0.publicstuff.com/api/2.0/request_view?client_id=1000051&request_id=16404414,"Mon 13 Jan 2025, 09:17AM",34.991670296,-85.290167062,POINT (-85.290167062 34.991670296),"INSTALL
STREET NAME MARKERS
(D3 ?""x10"")
E 45th St 2500 (x2)
Rossville Blvd 4500 (x2)
Located 11' from Rossville Blvd 
on Eastbound E 45th St

REPLACE
STREET NAME MARKERS
(D3 ?""x8"")
7th Ave 4400 (x2)
E 45th St 2600 (x2)","2500 E 45th St, Chattanooga, 37407"
16418223,1737035434,completed,Traffic Signals,https://vc0.publicstuff.com/api/2.0/request_view?client_id=1000051&request_id=16418223,"Thu 16 Jan 2025, 08:50AM",35.010684,-85.2440625,POINT (-85.2440625 35.010684),"Citizen called in, concerned about the Red light timing. It seems that because its too long, people are going through the red light.","Belvoir Ave & S Terrace, Chattanooga, 37412"
16397916,1736523903,completed,Snow and Ice Removal,https://vc0.publicstuff.com/api/2.0/request_view?client_id=1000051&request_id=16397916,"Fri 10 Jan 2025, 10:45AM",35.075257571,-85.320997638,POINT (-85.320997638 35.075257571),"Stringers Ridge road is what need the cleaning the most off Dayton Blvd., on the Chattanooga side. States they have to get in and out of the building, and the road is on a hill.","900 Whitehall Rd, Chattanooga, 37405"
16401842,1736626395,completed,Snow and Ice Removal,https://vc0.publicstuff.com/api/2.0/request_view?client_id=1000051&request_id=16401842,"Sat 11 Jan 2025, 03:13PM",35.078306646,-85.235624708,POINT (-85.235624708 35.078306646),"Understanding that city has a large number of neighborhoods needing snow removal. My request is in regards to needing to report to the fire station in the morning and I understanding that we will experience a deep freeze tonight. Some roads in the neighborhood are melting away as the temp rises, but some areas of Parkway, Mountain View and the back side of Ridgecrest that intersects Taylor St is still saturated with slush due to the roadway being shaded by trees. I understand that other neighborhoods may have priority. And your consideration to my request is much appreciated. My request is out of safety in getting from out of the neighborhood to a main thoroughfare so I can get to Fire Station 4 at 6:15am tomorrow morning.","2807 Ridgecrest Dr, Chattanooga, 37406"
16408880,1736858925,received,Traffic Signs,https://vc0.publicstuff.com/api/2.0/request_view?client_id=1000051&request_id=16408880,"Tue 14 Jan 2025, 07:48AM",34.987644651,-85.288482973,POINT (-85.288482973 34.987644651),"REMOVE EXISTING STREET NAME MARKERS AND POST
and
INSTALL
(ON SIGNAL POLE AT SLIGHT ANGLE AND AT 8 FT)
STREET NAME MARKERS
(D3 ?""x12"")
Dodds Ave 4700 (RIGHT ARROW) 
(LEFT ARROW) Dodds Ave 4700
SEE IMAGES","4798 Dodds Ave, Chattanooga, 37407"
16416039,1736972160,submitted,Snow and Ice Removal,https://vc0.publicstuff.com/api/2.0/request_view?client_id=1000051&request_id=16416039,"Wed 15 Jan 2025, 03:16PM",35.107522,-85.268928,POINT (-85.268928 35.107522),"Ice covered, car just lost control on hill, it could use some salt/brine. Upper part of valerian between east and west Abercrombie","3701-3799 W Abercrombie Cir, Chattanooga, 37415"
16398246,1736527907,completed,Snow and Ice Removal,https://vc0.publicstuff.com/api/2.0/request_view?client_id=1000051&request_id=16398246,"Fri 10 Jan 2025, 11:51AM",35.089825641,-85.283539298,POINT (-85.283539298 35.089825641),please brime hill. can't get up it.,"1051 River Hills Cir, Chattanooga, 37415"
16400635,1736608882,completed,Snow and Ice Removal,https://vc0.publicstuff.com/api/2.0/request_view?client_id=1000051&request_id=16400635,"Sat 11 Jan 2025, 10:21AM",35.024658733,-85.243993142,POINT (-85.243993142 35.024658733),Its a nursing home on this hill along with single parents with children who need to go to the stire,"3700 Cherryton Dr, Chattanooga, 37411"
16405734,1736789570,completed,Snow and Ice Removal,https://vc0.publicstuff.com/api/2.0/request_view?client_id=1000051&request_id=16405734,"Mon 13 Jan 2025, 12:32PM",35.000532625,-85.17850376,POINT (-85.17850376 35.000532625),,"1000 Woodfinch Trl, Chattanooga, 37421"
16420551,1737059396,completed,Traffic Signals,https://vc0.publicstuff.com/api/2.0/request_view?client_id=1000051&request_id=16420551,"Thu 16 Jan 2025, 03:29PM",35.116210004,-85.263059238,POINT (-85.263059238 35.116210004),"The left turn green arrow signal doesn't hold very long.
Close to the Super Suds Car Wash","1000 Ashland Ter, Chattanooga, 37415"
16397489,1736517506,completed,Snow and Ice Removal,https://vc0.publicstuff.com/api/2.0/request_view?client_id=1000051&request_id=16397489,"Fri 10 Jan 2025, 08:58AM",35.113289,-85.213343,POINT (-85.213343 35.113289),,"5950-5998 Lake Resort Ter, Chattanooga, 37415"
16400365,1736572274,completed,Snow and Ice Removal,https://vc0.publicstuff.com/api/2.0/request_view?client_id=1000051&request_id=16400365,"Sat 11 Jan 2025, 12:11AM",35.03957227,-85.238524265,POINT (-85.238524265 35.03957227),Area from Hoyt street up the hill to Gillespie Rd neighborhood,"1004 Gillespie Rd, Chattanooga, 37411"
16400499,1736600283,completed,Snow and Ice Removal,https://vc0.publicstuff.com/api/2.0/request_view?client_id=1000051&request_id=16400499,"Sat 11 Jan 2025, 07:58AM",35.039089381,-85.354956041,POINT (-85.354956041 35.039089381),Some residents are unable to get out due the road not being plowed.,"3170 Plaza Cir, Chattanooga, 37419"
16400674,1736610757,completed,Snow and Ice Removal,https://vc0.publicstuff.com/api/2.0/request_view?client_id=1000051&request_id=16400674,"Sat 11 Jan 2025, 10:52AM",35.097108649,-85.173342164,POINT (-85.173342164 35.097108649),We have ice and snow on hill that needs salted or removed.,"5112 Highway 58, Chattanooga, 37416"
16404404,1736777766,completed,Snow and Ice Removal,https://vc0.publicstuff.com/api/2.0/request_view?client_id=1000051&request_id=16404404,"Mon 13 Jan 2025, 09:16AM",35.013594641,-85.340115343,POINT (-85.340115343 35.013594641),Citizen spoke to a streets crew yesterday who told her they will be coming to treat this road today. I told her I will go ahead and put in this SR.,"1506 Caroline St, Chattanooga, 37409"
16398670,1736532996,completed,Snow and Ice Removal,https://vc0.publicstuff.com/api/2.0/request_view?client_id=1000051&request_id=16398670,"Fri 10 Jan 2025, 01:16PM",35.05215949,-85.147200494,POINT (-85.147200494 35.05215949),Caller requests salt be placed on streets in the surrounding area of primary routes near his home.,"7314 Courage Way, Chattanooga, 37421"
16399537,1736544264,completed,Snow and Ice Removal,https://vc0.publicstuff.com/api/2.0/request_view?client_id=1000051&request_id=16399537,"Fri 10 Jan 2025, 04:24PM",35.072036599,-85.310762177,POINT (-85.310762177 35.072036599),,"805 Snow St, Chattanooga, 37405"
16400671,1736610598,completed,Snow and Ice Removal,https://vc0.publicstuff.com/api/2.0/request_view?client_id=1000051&request_id=16400671,"Sat 11 Jan 2025, 10:49AM",35.066527824,-85.170750513,POINT (-85.170750513 35.066527824),,"7511 Bonnie Dr, Chattanooga, 37416"
16403742,1736735656,completed,Snow and Ice Removal,https://vc0.publicstuff.com/api/2.0/request_view?client_id=1000051&request_id=16403742,"Sun 12 Jan 2025, 09:34PM",35.005497426,-85.418780261,POINT (-85.418780261 35.005497426),The salt trucks have yet to drive down Dempsey way. Please please send someone.  Theres 7 of us living in the townhouses on this street.,"4709 Dempsey Way, Chattanooga, 37419"
16399868,1736549307,completed,Snow and Ice Removal,https://vc0.publicstuff.com/api/2.0/request_view?client_id=1000051&request_id=16399868,"Fri 10 Jan 2025, 05:48PM",35.02959,-85.238747,POINT (-85.238747 35.02959),,"606 Mooremont Ter, Chattanooga, 37411"
16405558,1736787695,completed,Snow and Ice Removal,https://vc0.publicstuff.com/api/2.0/request_view?client_id=1000051&request_id=16405558,"Mon 13 Jan 2025, 12:01PM",35.035015785,-85.257366506,POINT (-85.257366506 35.035015785),,"309 Obey St, Chattanooga, 37404"
16398163,1736526788,completed,Snow and Ice Removal,https://vc0.publicstuff.com/api/2.0/request_view?client_id=1000051&request_id=16398163,"Fri 10 Jan 2025, 11:33AM",35.075471184,-85.226853927,POINT (-85.226853927 35.075471184),entrance to gaylan heights mainly off bonny oaks,"3847 Wauchula St, Chattanooga, 37406"
16401907,1736628779,completed,Snow and Ice Removal,https://vc0.publicstuff.com/api/2.0/request_view?client_id=1000051&request_id=16401907,"Sat 11 Jan 2025, 03:52PM",35.159817,-85.26032,POINT (-85.26032 35.159817),"Need salt sand for Brandywine Ln,","6010-6098 Brandywine Ln, Chattanooga, 37415"
16400868,1736616839,completed,Snow and Ice Removal,https://vc0.publicstuff.com/api/2.0/request_view?client_id=1000051&request_id=16400868,"Sat 11 Jan 2025, 12:33PM",35.064621888,-85.20481406,POINT (-85.20481406 35.064621888),,"Cromwell Rd, Chattanooga, 37421"
16410985,1736881564,completed,Traffic Signs,https://vc0.publicstuff.com/api/2.0/request_view?client_id=1000051&request_id=16410985,"Tue 14 Jan 2025, 02:06PM",35.126383225,-85.300785148,POINT (-85.300785148 35.126383225),"Citizen is asking for No Parking signs installed on Pink Heather Trail.
 It is a culdesac off West View Rd. We are looking at the entrance (both sides of the street) and around our mailbox kiosk.","4500 Pink Heather Trl, Chattanooga, 37415"
16409052,1736862404,completed,Tree Fallen/Branch,https://vc0.publicstuff.com/api/2.0/request_view?client_id=1000051&request_id=16409052,"Tue 14 Jan 2025, 08:46AM",35.026067436,-85.23080787,POINT (-85.23080787 35.026067436),snow was heavy on branch,"506 Shawnee Trl, Chattanooga, 37411"
16407286,1736802735,completed,Traffic Signs,https://vc0.publicstuff.com/api/2.0/request_view?client_id=1000051&request_id=16407286,"Mon 13 Jan 2025, 04:12PM",35.116207,-85.28052,POINT (-85.28052 35.116207),Stop sign is down at the corner of Mauldeth and Thrushwood.,"409 Mauldeth Rd, Chattanooga, 37415"
16397836,1736523099,completed,Snow and Ice Removal,https://vc0.publicstuff.com/api/2.0/request_view?client_id=1000051&request_id=16397836,"Fri 10 Jan 2025, 10:31AM",35.042806276,-85.177288575,POINT (-85.177288575 35.042806276),Please salt 6500 -6700 Ballard Dr.  Especially within the 6500 block which is uphill starting at the 6600 block of Ballard,"6509 Ballard Dr, Chattanooga, 37421"
16400588,1736606245,completed,Snow and Ice Removal,https://vc0.publicstuff.com/api/2.0/request_view?client_id=1000051&request_id=16400588,"Sat 11 Jan 2025, 09:37AM",35.155939575,-85.265774251,POINT (-85.265774251 35.155939575),Resident with cardiac condition. Requesting ice removal from hill and street.,"5753 N Morgan Ln, Chattanooga, 37415"
16418227,1737035479,in progress,Traffic Signs,https://vc0.publicstuff.com/api/2.0/request_view?client_id=1000051&request_id=16418227,"Thu 16 Jan 2025, 08:51AM",34.996372892,-85.291109662,POINT (-85.291109662 34.996372892),"REPLACE
STREET NAME MARKERS
(D3 ?""x10"")
E 43rd St 2300 (x2)
Rossville Blvd 4300 (x2)

REPLACE
STREET NAME MARKERS
(D3 ?""x10"")
E 40th St 1600 (x2)
Rossville Blvd 3900 (x2)
Located at the intersection of E 40th St
and Southbound Rossville Blvd

REPLACE
(MISSING SIGNS AND POST)
(IN EXISTING POST HOLE)
STREET NAME MARKERS
(D3 ?""x8"")
E 40th St 1600 (x2)
Calhoun Ave 4000 (x2)
Located at the intersection of E 40th St
and Northbound Calhoun Ave

REPLACE
(MISSING SIGNS AND POST)
(NEXT TO EXISTING POST)
STREET NAME MARKERS
(D3 ?""x8"")
E 40th St 1500 (x2)
Calhoun Ave 3900 (x2)
Located at the intersection of E 40th St
and Southbound Calhoun Ave","4100 Rossville Blvd, Chattanooga, 37407"
16419910,1737053429,received,Traffic Signs,https://vc0.publicstuff.com/api/2.0/request_view?client_id=1000051&request_id=16419910,"Thu 16 Jan 2025, 01:50PM",34.999996328,-85.29196545,POINT (-85.29196545 34.999996328),"REPLACE 
STREET NAME MARKERS
(D3 ?""x10"")
E 39th St 1700 (x2)
Rossville Blvd 3900 (x2)
Located at the intersection of E 39th St
and Northbound Rossville Blvd

REPLACE 
STREET NAME MARKERS
(D3 ?""x10"")
E 38th St 1700 (x2)
Rossville Blvd 3800 (x2)
Located at the intersection of E 38th St
and Northbound Rossville Blvd

REPLACE 
STREET NAME MARKERS
(D3 ?""x10"")
E 38th St 1600 (x2)
Rossville Blvd 3700 (x2)
Located at the intersection of E 38th St
and Southbound Rossville Blvd","3809 Rossville Blvd, Chattanooga, 37407"
16414800,1736959911,completed,Traffic Signals,https://vc0.publicstuff.com/api/2.0/request_view?client_id=1000051&request_id=16414800,"Wed 15 Jan 2025, 11:51AM",35.062312234,-85.306505206,POINT (-85.306505206 35.062312234),"westbound traffic on frazier ave. needs more time on the green light.  please adjust the timing.  all 3 intersections may need to be adjusted.   They are Frazier intersections of Tremont, Forest and Market St.","224 Frazier Ave, Chattanooga, 37405"
16420433,1737058296,submitted,Tree Problem,https://vc0.publicstuff.com/api/2.0/request_view?client_id=1000051&request_id=16420433,"Thu 16 Jan 2025, 03:11PM",35.02865407,-85.281724792,POINT (-85.281724792 35.02865407),Would it be possible for you to plant trees on E. 13th Street between the sidewalk and street?  We'd be glad to help organize neighbors to help.  Thank you for your time and please do not hesitate to contact me with questions.,"1713 E 13th St, Chattanooga, 37404"
16404536,1736779103,in progress,Traffic Signs,https://vc0.publicstuff.com/api/2.0/request_view?client_id=1000051&request_id=16404536,"Mon 13 Jan 2025, 09:38AM",35.047920709,-85.242981395,POINT (-85.242981395 35.047920709),"INSTALL
(DOUBLE SIDED ON SPAN WIRE)
OVERHEAD STREET NAME MARKER
(D3-1a ?""x18"") (Double Sided)
Greenwood Rd 1300
Located at the intersection of Greenwood Rd
and Eastbound Wilcox Blvd

REPLACE
(DOUBLE SIDED ON SPAN WIRE)
OVERHEAD STREET NAME MARKER
(D3-1a ?""x18"") (Double Sided)
Greenwood Rd 1400
Located at the intersection of Greenwood Rd
and Westbound Wilcox Blvd

REPLACE
(DOUBLE SIDED ON SPAN WIRE)
OVERHEAD STREET NAME MARKER
(D3-1a ?""x18"") (Double Sided)
Wilcox Blvd 3200
Located at the intersection of Wilcox Blvd
and Northbound Greenwood Rd","3200 Wilcox Blvd, Chattanooga, 37411"
16397571,1736519036,completed,Snow and Ice Removal,https://vc0.publicstuff.com/api/2.0/request_view?client_id=1000051&request_id=16397571,"Fri 10 Jan 2025, 09:23AM",35.154917247,-85.258718649,POINT (-85.258718649 35.154917247),,"533 Ethyeylin Ln, Chattanooga, 37343"
16408992,1736861392,completed,Traffic Signs,https://vc0.publicstuff.com/api/2.0/request_view?client_id=1000051&request_id=16408992,"Tue 14 Jan 2025, 08:29AM",35.05310745,-85.333151284,POINT (-85.333151284 35.05310745),,"455 Moccasin Bend Rd, Chattanooga, 37405"
16400531,1736602642,completed,Snow and Ice Removal,https://vc0.publicstuff.com/api/2.0/request_view?client_id=1000051&request_id=16400531,"Sat 11 Jan 2025, 08:37AM",34.998632,-85.143432,POINT (-85.143432 34.998632),The whole street needs to be some snow and ice removal.. it is the Main Street leading to E Brainerd. It is narrow street with some drop off ditches on the sides at some points along the street.,"1028-1050 Givens Rd, Chattanooga, 37421"
16400826,1736615595,completed,Snow and Ice Removal,https://vc0.publicstuff.com/api/2.0/request_view?client_id=1000051&request_id=16400826,"Sat 11 Jan 2025, 12:13PM",35.08174,-85.170876,POINT (-85.170876 35.08174),,"7841-7899 Opal Dr, Chattanooga, 37416"
16404261,1736775736,completed,Snow and Ice Removal,https://vc0.publicstuff.com/api/2.0/request_view?client_id=1000051&request_id=16404261,"Mon 13 Jan 2025, 08:42AM",34.989511833,-85.320647911,POINT (-85.320647911 34.989511833),requesting salt put down on street,"109 Halsey St, Chattanooga, 37410"
16398753,1736534244,completed,Snow and Ice Removal,https://vc0.publicstuff.com/api/2.0/request_view?client_id=1000051&request_id=16398753,"Fri 10 Jan 2025, 01:37PM",35.042002034,-85.24252025,POINT (-85.24252025 35.042002034),Citizen states she works for a 24 hour facility and needs to go to work.,"1006 Rockway Dr, Chattanooga, 37411"
16415629,1736968773,submitted,Snow and Ice Removal,https://vc0.publicstuff.com/api/2.0/request_view?client_id=1000051&request_id=16415629,"Wed 15 Jan 2025, 02:19PM",35.04636,-85.3079625,POINT (-85.3079625 35.04636),Located on Sidewalk and Parking spaces,"Patten Pkwy & Georgia Ave, Chattanooga, 37402"
16401011,1736620467,completed,Snow and Ice Removal,https://vc0.publicstuff.com/api/2.0/request_view?client_id=1000051&request_id=16401011,"Sat 11 Jan 2025, 01:34PM",35.075497552,-85.301299786,POINT (-85.301299786 35.075497552),There is no way to leave our neighborhood 1169 Fairmount ave 37405,"1169 Fairmount Ave, Chattanooga, 37405"
16404561,1736779494,completed,Snow and Ice Removal,https://vc0.publicstuff.com/api/2.0/request_view?client_id=1000051&request_id=16404561,"Mon 13 Jan 2025, 09:44AM",35.108219912,-85.284848999,POINT (-85.284848999 35.108219912),Caller requests that sand and salt be spread on Lockwood Circle and other nearby streets to help with the removal of black ice.,"3407 Lockwood Cir, Chattanooga, 37415"
16398480,1736530718,completed,Snow and Ice Removal,https://vc0.publicstuff.com/api/2.0/request_view?client_id=1000051&request_id=16398480,"Fri 10 Jan 2025, 12:38PM",35.126786329,-85.270027011,POINT (-85.270027011 35.126786329),"My boyfriend is getting the l discharged from the hospital tonight after a week long stay for chemotherapy treatment. I think we can get from memorial hospital downtown to Ely or Gadd but I'm concerned about Ely, Delaschmitt, and my street Sherry Lane. I live at the top of the hill on Sherry Lane at 4534. I drive an AWD Subaru so I'm confident we can get close, but not all the way home. Thought I'd give this a try. Thanks!","4534 Sherry Ln, Chattanooga, 37343"
16400068,1736554785,completed,Snow and Ice Removal,https://vc0.publicstuff.com/api/2.0/request_view?client_id=1000051&request_id=16400068,"Fri 10 Jan 2025, 07:19PM",35.169716537,-85.250710733,POINT (-85.250710733 35.169716537),steep hill with an assisted living facility at top of the hill. medical professionals need to get in and out throughout the day,"6207-6215 Pine Marr Dr, Chattanooga, 37343"
16398128,1736526380,completed,Snow and Ice Removal,https://vc0.publicstuff.com/api/2.0/request_view?client_id=1000051&request_id=16398128,"Fri 10 Jan 2025, 11:26AM",35.075471184,-85.226853927,POINT (-85.226853927 35.075471184),"Caller asks for sand to be spread for snow removal in the area, mentioning that the road conditions are terrible.","3847 Wauchula St, Chattanooga, 37406"
16405619,1736788362,completed,Snow and Ice Removal,https://vc0.publicstuff.com/api/2.0/request_view?client_id=1000051&request_id=16405619,"Mon 13 Jan 2025, 12:12PM",35.072340943,-85.241301079,POINT (-85.241301079 35.072340943),steep hill,"2706 Grove St, Chattanooga, 37406"
16400666,1736610422,completed,Snow and Ice Removal,https://vc0.publicstuff.com/api/2.0/request_view?client_id=1000051&request_id=16400666,"Sat 11 Jan 2025, 10:47AM",35.003644933,-85.416048802,POINT (-85.416048802 35.003644933),River Gorge up Aetna mountain needs attention,"4000-4078 Amethyst Rd, Chattanooga, 37419"
16418309,1737036525,submitted,Tree Fallen/Branch,https://vc0.publicstuff.com/api/2.0/request_view?client_id=1000051&request_id=16418309,"Thu 16 Jan 2025, 09:08AM",35.069364,-85.2344055,POINT (-85.2344055 35.069364),Damaged stop sign,"New York Ave & New Jersey Ave, Chattanooga, 37406"
16411142,1736882695,completed,Traffic Signs,https://vc0.publicstuff.com/api/2.0/request_view?client_id=1000051&request_id=16411142,"Tue 14 Jan 2025, 02:24PM",35.046755575,-85.235039459,POINT (-85.235039459 35.046755575),Stop sign at the corner of Lillian Ln and Wilcox knocked over.,"1542 Lillian Ln, Chattanooga, 37411"
16400600,1736607087,completed,Snow and Ice Removal,https://vc0.publicstuff.com/api/2.0/request_view?client_id=1000051&request_id=16400600,"Sat 11 Jan 2025, 09:51AM",35.107665,-85.267067,POINT (-85.267067 35.107665),,"3702-3746 Valerian Dr, Chattanooga, 37415"
16399829,1736548477,completed,Snow and Ice Removal,https://vc0.publicstuff.com/api/2.0/request_view?client_id=1000051&request_id=16399829,"Fri 10 Jan 2025, 05:34PM",35.154661,-85.258776,POINT (-85.258776 35.154661),The hills in our cul-de-sac neighborhood are impassable.,"537 Ethyeylin Ln, Chattanooga, 37343"
16401918,1736629072,completed,Snow and Ice Removal,https://vc0.publicstuff.com/api/2.0/request_view?client_id=1000051&request_id=16401918,"Sat 11 Jan 2025, 03:57PM",35.15698514,-85.277662161,POINT (-85.277662161 35.15698514),Cross Creek Dr is covered still and no fire trucks or ambulances can make the hill without chains. Also Lynnolen Ln. There are only 2 ways in this neighborhood and both hills that are covered with snow and ice and barely passable by 4 wheel drive barely. There are 70 houses in this neighborhood.,"326 Cross Creek Dr, Chattanooga, 37415"
16399572,1736544703,completed,Tree Fallen/Branch,https://vc0.publicstuff.com/api/2.0/request_view?client_id=1000051&request_id=16399572,"Fri 10 Jan 2025, 04:31PM",35.059039761,-85.175667524,POINT (-85.175667524 35.059039761),Caller states a tree has fallen across the road in front of this location,"2354 Marco Cir, Chattanooga, 37421"
16397865,1736523395,completed,Snow and Ice Removal,https://vc0.publicstuff.com/api/2.0/request_view?client_id=1000051&request_id=16397865,"Fri 10 Jan 2025, 10:36AM",35.05045,-85.259521,POINT (-85.259521 35.05045),Its frozen in front of my house and Id just like it to be salted if at all possible.,"1318 Arlington Ave, Chattanooga, 37406"
16406680,1736797847,completed,Traffic Signs,https://vc0.publicstuff.com/api/2.0/request_view?client_id=1000051&request_id=16406680,"Mon 13 Jan 2025, 02:50PM",34.985572058,-85.287170613,POINT (-85.287170613 34.985572058),"CHANGE U-CHANNEL TO SQUARE POST
and
INSTALL
(ABOVE STOP)
STREET NAME MARKERS
(D3 ?""x10"")
E 50th St 2700 (x2)
Rossville Blvd 5000 (x2)

CHANGE U-CHANNEL TO SQUARE POST
and
INSTALL
(ABOVE STOP)
STREET NAME MARKERS
(D3 ?""x10"")
E 50th St 2800 (x2)
Rossville Blvd 4900 (x2)

CHANGE U-CHANNEL TO SQUARE POST
and
INSTALL
(ABOVE STOP)
STREET NAME MARKERS
(D3 ?""x10"")
E 49th St 2800 (x2)
Rossville Blvd 4800 (x2)","5000 Rossville Blvd, Chattanooga, 37407"
16402695,1736698302,completed,Snow and Ice Removal,https://vc0.publicstuff.com/api/2.0/request_view?client_id=1000051&request_id=16402695,"Sun 12 Jan 2025, 11:11AM",35.013516733,-85.339218602,POINT (-85.339218602 35.013516733),"Military Road from Scenic Hwy to Shingle Road needs salt to melt the ice, please.","2815-2827 Military Rd, Chattanooga, 37409"
16409122,1736863617,submitted,Snow and Ice Removal,https://vc0.publicstuff.com/api/2.0/request_view?client_id=1000051&request_id=16409122,"Tue 14 Jan 2025, 09:06AM",35.086424796,-85.16778793,POINT (-85.16778793 35.086424796),"Need salt put out on her street, cannot get out of her driveway.","4900 Basswood Dr, Chattanooga, 37416"
16400532,1736602704,completed,Snow and Ice Removal,https://vc0.publicstuff.com/api/2.0/request_view?client_id=1000051&request_id=16400532,"Sat 11 Jan 2025, 08:38AM",35.170000315,-85.250817229,POINT (-85.250817229 35.170000315),Their a special needs facility at the top of our hill. Last year all residents in the neighborhood were unable to leave their homes due to ice on the streets. Plowing and salting the roads would greatly help.,"6206 Pine Marr Dr, Chattanooga, 37343"
16399946,1736550992,completed,Snow and Ice Removal,https://vc0.publicstuff.com/api/2.0/request_view?client_id=1000051&request_id=16399946,"Fri 10 Jan 2025, 06:16PM",35.132738704,-85.189870898,POINT (-85.189870898 35.132738704),need to get to work,"2018 Clematis Dr, Chattanooga, 37343"
16401799,1736624903,completed,Snow and Ice Removal,https://vc0.publicstuff.com/api/2.0/request_view?client_id=1000051&request_id=16401799,"Sat 11 Jan 2025, 02:48PM",35.155835,-85.259082,POINT (-85.259082 35.155835),If we are able to get sand or salt that would be great.,"501-549 Ethyeylin Ln, Chattanooga, 37343"
16398839,1736535359,completed,Snow and Ice Removal,https://vc0.publicstuff.com/api/2.0/request_view?client_id=1000051&request_id=16398839,"Fri 10 Jan 2025, 01:55PM",35.042697286,-85.363005052,POINT (-85.363005052 35.042697286),"I usually stays clear but todfay cars are already gaving issues going up the hill, in the last 20 mins.","3409 Elder Mountain Rd, Chattanooga, 37419"
16397656,1736520623,completed,Snow and Ice Removal,https://vc0.publicstuff.com/api/2.0/request_view?client_id=1000051&request_id=16397656,"Fri 10 Jan 2025, 09:50AM",35.149628123,-85.27644441,POINT (-85.27644441 35.149628123),Our hill doesn't appear to be brined and it gets treacherous with any ice. We have several elderly households as well as a person with a severe medical condition.,"Lynnolen Ln, Chattanooga, 37415"
16408969,1736860775,in progress,Traffic Signs,https://vc0.publicstuff.com/api/2.0/request_view?client_id=1000051&request_id=16408969,"Tue 14 Jan 2025, 08:19AM",34.987647005,-85.288482034,POINT (-85.288482034 34.987647005),"INSTALL
(ON SPAN WIRE)
OVERHEAD STREET NAME MARKER
(D3-1a ?""x18"") (DOUBLE SIDED)
E 48th St 2800
Located at the intersection of E 48th St

REPLACE
(ON SPAN WIRE)
OVERHEAD STREET NAME MARKER
(D3-1a ?""x18"") (DOUBLE SIDED)
E 48th St 1700

REPLACE
(ON SPAN WIRE)
OVERHEAD STREET NAME MARKER
(D3-1a ?""x18"") (DOUBLE SIDED)
Rossville Blvd 4800","4800 Rossville Blvd, Chattanooga, 37407"
16415126,1736963455,completed,Traffic Signs,https://vc0.publicstuff.com/api/2.0/request_view?client_id=1000051&request_id=16415126,"Wed 15 Jan 2025, 12:50PM",35.004898463,-85.309268882,POINT (-85.309268882 35.004898463),Stop sign down,"3800 Dorris St, Chattanooga, 37410"
16400731,1736612401,completed,Snow and Ice Removal,https://vc0.publicstuff.com/api/2.0/request_view?client_id=1000051&request_id=16400731,"Sat 11 Jan 2025, 11:20AM",35.070125,-85.211061,POINT (-85.211061 35.070125),,"3801-3815 Cherwood Ln, Chattanooga, 37406"
16398462,1736530577,completed,Snow and Ice Removal,https://vc0.publicstuff.com/api/2.0/request_view?client_id=1000051&request_id=16398462,"Fri 10 Jan 2025, 12:36PM",35.053172075,-85.241335083,POINT (-85.241335083 35.053172075),Going,"1610 Greenwood Rd, Chattanooga, 37406"
16404842,1736782142,submitted,Traffic Signs,https://vc0.publicstuff.com/api/2.0/request_view?client_id=1000051&request_id=16404842,"Mon 13 Jan 2025, 10:29AM",35.014610735,-85.173756729,POINT (-85.173756729 35.014610735),Requesting a sign; Do No Block Intersection. States at the intersection of E Brainerd Rd and N Concord Rd.,"1331 N Concord Rd, Chattanooga, 37421"
16404172,1736774347,completed,Snow and Ice Removal,https://vc0.publicstuff.com/api/2.0/request_view?client_id=1000051&request_id=16404172,"Mon 13 Jan 2025, 08:19AM",35.07923047,-85.240047028,POINT (-85.240047028 35.07923047),has a dr's appt and street has snow on it.,"2500 Ridgecrest Dr, Chattanooga, 37406"
16414169,1736954151,submitted,Snow and Ice Removal,https://vc0.publicstuff.com/api/2.0/request_view?client_id=1000051&request_id=16414169,"Wed 15 Jan 2025, 10:15AM",35.072340943,-85.241301079,POINT (-85.241301079 35.072340943),"Previous SR: 16405619 / Shows as Completed

Citizen called back in, stating that bottom of a steep hill still has Snow and Ice, and is causing the Mailman, Garbage truck, and multiple vehicles to slip when they get to the bottom.","2706 Grove St, Chattanooga, 37406"
16409162,1736864212,received,Traffic Signs,https://vc0.publicstuff.com/api/2.0/request_view?client_id=1000051&request_id=16409162,"Tue 14 Jan 2025, 09:16AM",35.061894049,-85.30482728,POINT (-85.30482728 35.061894049),"INSTALL
(OVERHEAD ON MAST ARM)
NO TURN ON RED (WITH SYMBOL)
(R10-11 24""x30"")
Located at the intersection of Frazier Ave
and Northbound Tremont St

INSTALL
(OVERHEAD ON MAST ARM)
NO TURN ON RED (WITH SYMBOL)
(R10-11 24""x30"")
Located at the intersection of Frazier Ave
and Southbound Tremont St","109 Tremont St, Chattanooga, 37405"
16418630,1737040551,completed,Traffic Signals,https://vc0.publicstuff.com/api/2.0/request_view?client_id=1000051&request_id=16418630,"Thu 16 Jan 2025, 10:15AM",35.102961025,-85.274429406,POINT (-85.274429406 35.102961025),"I am reaching out about the light at Lupton Drive and Hixson Pike.  For the past 2 mornings, I have sat through 3+ cycles of this light turning green for those heading east (into Lupton City) but staying red for those heading west (toward Red Bank).  The people facing west are stuck at the red light for several minutes while the light cycles through several greens for those heading east.  This has been around 8am each morning.  Is there a sensor that needs to be crossed at this light to have it turn green for those heading east or another solution to ease the frustration here?","3413 Hixson Pike, Chattanooga, 37415"
