id,timestamp,status,type,url,created,latitude,longitude,location,description,address
16449271,1737726690,completed,Snow and Ice Removal,https://vc0.publicstuff.com/api/2.0/request_view?client_id=1000051&request_id=16449271,"Fri 24 Jan 2025, 08:51AM",35.032438595,-85.23438974,POINT (-85.23438974 35.032438595),Very steep hill has black ice,"729 Belle Vista Ave, Chattanooga, 37411"
16450696,1737742958,received,Traffic Signs,https://vc0.publicstuff.com/api/2.0/request_view?client_id=1000051&request_id=16450696,"Fri 24 Jan 2025, 01:22PM",35.005929313,-85.219162263,POINT (-85.219162263 35.005929313),"INSTALL
(MISSING)
YIELD
(R1-2 36""x36"")
Located 22' from North Terrace
on SW bound Spring Creek Rd

MOVE AND REPLACE
INTERSTATE SIGNAGE TO UTILITY POLE
(REMOVE OR CUT DOWN SQUARE POST)
AND 
INSTALL
(ON WOOD UTLITY POLE)
YIELD
(R1-2 36""x36"")
Located at the intersection of Miller Dr 
and NE bound Spring Creek Rd

REPLACE AND INSTALL
(ON UTILITY POLE)
TO
(M4-5)
I 24
(M1-1)
ADVANCED TURN LEFT ARROW
(M5-1L)
SEE IMAGE FOR LOCATION","498 Spring Creek Rd, Chattanooga, 37411"
16452823,1737808042,in progress,Traffic Signs,https://vc0.publicstuff.com/api/2.0/request_view?client_id=1000051&request_id=16452823,"Sat 25 Jan 2025, 07:27AM",35.0519,-85.299044,POINT (-85.299044 35.0519),A vehicle must have struck the steel pool and Dead End sign and post pushing it over and across the sidewalk on the northwest corner of Mable St and Battery Pl.,"730-798 Battery Pl, Chattanooga, 37403"
16469872,1738250310,submitted,Traffic Signs,https://vc0.publicstuff.com/api/2.0/request_view?client_id=1000051&request_id=16469872,"Thu 30 Jan 2025, 10:18AM",35.061826466,-85.304989616,POINT (-85.304989616 35.061826466),"The new pedestrian crosswalks on Frazier that are not located at intersections with traffic lights are not easily seen by drivers when traffic is heavy and cars or buses block view. I live on Forest and drive on Frazier daily.  The problem is that pedestrians walk out into heavy traffic in my driving lane without warning if my view is blocked - my lane starts moving and from behind a big truck- a family walks out that i have not seen or expected. This has happened twice! We need a flashing light located in the middle to indicate that people are crossing so that cars know to stay put even if you cant see the people yet. This area gets very heavy with people and large trucks and buses etc. My car is small and low and i cant see around the big trucks when traffic is heavy and the people are crossing. I would hate for another pedestrian to be hit down there without my bringing it to someones attention. Thank you, Tam Salter","Frazier Ave, Chattanooga, 37405"
16460458,1738067655,in progress,Traffic Signals,https://vc0.publicstuff.com/api/2.0/request_view?client_id=1000051&request_id=16460458,"Tue 28 Jan 2025, 07:34AM",35.06966,-85.100581,POINT (-85.100581 35.06966),The light needs to stay green longer for apison pike than Lee highway.,"8200-8212 Apison Pike, Chattanooga, 37363"
16469003,1738210723,completed,Traffic Signs,https://vc0.publicstuff.com/api/2.0/request_view?client_id=1000051&request_id=16469003,"Wed 29 Jan 2025, 11:18PM",35.077457418,-85.287468932,POINT (-85.287468932 35.077457418),Stop sign down,"Shady Cir, Chattanooga, 37405"
16460566,1738070683,completed,Traffic Signals,https://vc0.publicstuff.com/api/2.0/request_view?client_id=1000051&request_id=16460566,"Tue 28 Jan 2025, 08:24AM",35.065670182,-85.292980443,POINT (-85.292980443 35.065670182),"It is a presidential crossing light is not working , located also on Mississippi Ave","700 Barton Ave, Chattanooga, 37405"
16456529,1737990891,completed,Traffic Signals,https://vc0.publicstuff.com/api/2.0/request_view?client_id=1000051&request_id=16456529,"Mon 27 Jan 2025, 10:14AM",35.043106098,-85.264741396,POINT (-85.264741396 35.043106098),Please have a yellow traffic signal relit that is out on Dodson Ave. NB at Citico Ave,"734 Dodson Ave, Chattanooga, 37404"
16459632,1738019161,completed,Traffic Signs,https://vc0.publicstuff.com/api/2.0/request_view?client_id=1000051&request_id=16459632,"Mon 27 Jan 2025, 06:06PM",35.003640296,-85.416425173,POINT (-85.416425173 35.003640296),,"2920 River Gorge Dr, Chattanooga, 37419"
16471588,1738267709,submitted,Traffic Signals,https://vc0.publicstuff.com/api/2.0/request_view?client_id=1000051&request_id=16471588,"Thu 30 Jan 2025, 03:08PM",35.050808303,-85.257087666,POINT (-85.257087666 35.050808303),,"1413 N Chamberlain Ave, Chattanooga, 37406"
16461337,1738079488,received,Traffic Signs,https://vc0.publicstuff.com/api/2.0/request_view?client_id=1000051&request_id=16461337,"Tue 28 Jan 2025, 10:51AM",35.0828838,-85.290311526,POINT (-85.290311526 35.0828838),"FIX AND RAISE POST
INSTALL
(ABOVE END SCHOOL ZONE SIGN)
CURVE RIGHT
(W1-2R 30""x30"")
and
ADVISORY SPEED 30
(W13-1 18""x18"")
REPLACE
END SCHOOL ZONE
(S5-2 24""x30"")
Located at 1911 Hixson Pk
NW bound

INSTALL
(BELOW SPEED LIMIT 35)
END SCHOOL ZONE
(S5-2 24""x30"")
Located near the intersection of E Dallas Rd
and Southbound Hixson Pk","1911 Hixson Pike, Chattanooga, 37405"
16449369,1737727882,in progress,Traffic Signs,https://vc0.publicstuff.com/api/2.0/request_view?client_id=1000051&request_id=16449369,"Fri 24 Jan 2025, 09:11AM",35.052564523,-85.260782517,POINT (-85.260782517 35.052564523),Traffic Accident Has Taken Down The Stop Sign at Arlington Ave At Wilcox Blvd.   Reported by The 911 Center and Officer on Scene.,"2300 Wilcox Blvd, Chattanooga, 37406"
16471540,1738267306,submitted,Traffic Signals,https://vc0.publicstuff.com/api/2.0/request_view?client_id=1000051&request_id=16471540,"Thu 30 Jan 2025, 03:01PM",35.049483012,-85.257667185,POINT (-85.257667185 35.049483012),1300 N Chamberlain Ave/2600 Wilcox Blvd traffic signal stuck on red and traffic backed-up.,"1300 N Chamberlain Ave, Chattanooga, 37406"
16472159,1738273920,submitted,Traffic Signals,https://vc0.publicstuff.com/api/2.0/request_view?client_id=1000051&request_id=16472159,"Thu 30 Jan 2025, 04:52PM",35.076557262,-85.127306392,POINT (-85.127306392 35.076557262),,"6800 Ferdinand Piech Way, Chattanooga, 37416"
16450831,1737744673,completed,Traffic Signs,https://vc0.publicstuff.com/api/2.0/request_view?client_id=1000051&request_id=16450831,"Fri 24 Jan 2025, 01:51PM",35.005975135,-85.219176009,POINT (-85.219176009 35.005975135),"INSTALL
(IN EXISTING POST LOCATION)
NARROW KEEP RIGHT
(R4-7c 18""x30"")
Located at 403 Spring Creek Rd
Southbound

INSTALL
(IN EXISTING POST LOCATION)
NARROW KEEP RIGHT
(R4-7c 18""x30"")
Located at 498 Spring Creek Rd
Norhbound

INSTALL
(IN EXISTING POST LOCATION IN ISLAND)
Double Arrow
(W12-1 30""x30"")
Located at the intersection of Miller Dr
and Northbound Spring Creek Rd

INSTALL
(IN EXISTING POST LOCATION IN ISLAND)
Double Arrow
(W12-1 30""x30"")
Located at the intersection of N Terrace
and Southbound Spring Creek Rd","490 Spring Creek Rd, Chattanooga, 37411"
16461108,1738077450,completed,Traffic Signals,https://vc0.publicstuff.com/api/2.0/request_view?client_id=1000051&request_id=16461108,"Tue 28 Jan 2025, 10:17AM",35.068509,-85.289418,POINT (-85.289418 35.068509),Hixson Pike narrows from two lanes to one heading South at Hanover.,"Hanover St & Hixson Pike, Chattanooga, 37405"
16469320,1738242501,completed,Traffic Signals,https://vc0.publicstuff.com/api/2.0/request_view?client_id=1000051&request_id=16469320,"Thu 30 Jan 2025, 08:08AM",35.014379,-85.325307,POINT (-85.325307 35.014379),,"3536-3554 Broad St, Chattanooga, 37409"
16459641,1738019323,completed,Traffic Signs,https://vc0.publicstuff.com/api/2.0/request_view?client_id=1000051&request_id=16459641,"Mon 27 Jan 2025, 06:08PM",35.003640296,-85.416425173,POINT (-85.416425173 35.003640296),,"2920 River Gorge Dr, Chattanooga, 37419"
16465103,1738159270,completed,Traffic Signals,https://vc0.publicstuff.com/api/2.0/request_view?client_id=1000051&request_id=16465103,"Wed 29 Jan 2025, 09:01AM",35.120159023,-85.236950443,POINT (-85.236950443 35.120159023),,"5100 Highway 153, Chattanooga, 37343"
16452565,1737772394,submitted,Tree Problem,https://vc0.publicstuff.com/api/2.0/request_view?client_id=1000051&request_id=16452565,"Fri 24 Jan 2025, 09:33PM",35.064128,-85.253514,POINT (-85.253514 35.064128),"Young tree was struck by car, bent over at 45. Needs staking back up.","2301-2303 Glass St, Chattanooga, 37406"
16456037,1737985438,submitted,Tree Problem,https://vc0.publicstuff.com/api/2.0/request_view?client_id=1000051&request_id=16456037,"Mon 27 Jan 2025, 08:43AM",35.094792476,-85.173833443,POINT (-85.173833443 35.094792476),"Citizen is building a house at 5003 Oop Rd, which he states is directly behind the address on the SR. He states there are a couple of trees that something is wrong with them, and if a storm comes they could fall and would damage his new house/property. He wants someone from Forestry to come look.","5020 Swan Rd, Chattanooga, 37416"
16469397,1738243678,submitted,Tree Problem,https://vc0.publicstuff.com/api/2.0/request_view?client_id=1000051&request_id=16469397,"Thu 30 Jan 2025, 08:27AM",35.022649708,-85.264733286,POINT (-85.264733286 35.022649708),"I would like to report some trees that may be a problem in the future if not cut down.  We have about seven or so trees that are leaning over in the 1300 block of Kyle St, east side of the street.  The nearest home is 1304 Kyle St., and this is going up Kyle St. toward E. 14th street.  I believe they are on the city right of way and three or four of the trees are dead. They could fall at any time and vehicles could be at risk of being hit.  Please see that public works or whatever dept that takes care of this type of issue will be notified.","1304 Kyle St, Chattanooga, 37404"
16449545,1737730401,completed,Traffic Signals,https://vc0.publicstuff.com/api/2.0/request_view?client_id=1000051&request_id=16449545,"Fri 24 Jan 2025, 09:53AM",35.035063,-85.152817,POINT (-85.152817 35.035063),There is no stop sign posted at this intersection in either direction,"2126 Gunbarrel Rd, Chattanooga, 37421"
16464612,1738123620,completed,Traffic Signs,https://vc0.publicstuff.com/api/2.0/request_view?client_id=1000051&request_id=16464612,"Tue 28 Jan 2025, 11:07PM",35.001191776,-85.152846677,POINT (-85.152846677 35.001191776),Stop sign down,"Dudley Rd, Chattanooga, 37421"
16465572,1738164412,submitted,Tree Fallen/Branch,https://vc0.publicstuff.com/api/2.0/request_view?client_id=1000051&request_id=16465572,"Wed 29 Jan 2025, 10:26AM",35.158701,-85.286907,POINT (-85.286907 35.158701),Theres a tree that has fallen on the side of the roadway that is protruding into the road. We need to cut back before contractors start paving in upcoming week.,"5407 Brown Chapel Ln, Chattanooga, 37415"
16458382,1738006850,in progress,Traffic Signs,https://vc0.publicstuff.com/api/2.0/request_view?client_id=1000051&request_id=16458382,"Mon 27 Jan 2025, 02:40PM",35.039974001,-85.310655687,POINT (-85.310655687 35.039974001),"INSTALL
(ON LAMP POLE AS HIGH AS POSSIBLE)
PEDESTRIAN TRAFFIC
(W11-2 30""x30"")
and
AHEAD (Plaque)
(W16-9P 24""x12"")
Located at the intersection of Broad St
and Westbound W 13th St

INSTALL
(ON LAMP POLE AS HIGH AS POSSIBLE)
PEDESTRIAN TRAFFIC
(W11-2 30""x30"")
and
AHEAD (Plaque)
(W16-9P 24""x12"")
Located at the intersection of Fort St
and Eastbound W 13th St

INSTALL
(ON LAMP POLE AS HIGH AS POSSIBLE)
PEDESTRIAN TRAFFIC
(W11-2 30""x30"")
and
DOWNWARD DIAGONAL ARROW (LEFT)
(W16-7pL 24""x12"")
Located at 150 W 13th St
Westbound

INSTALL
(ON LAMP POLE AS HIGH AS POSSIBLE)
PEDESTRIAN TRAFFIC
(W11-2 30""x30"")
and
DOWNWARD DIAGONAL ARROW (LEFT)
(W16-7pL 24""x12"")
Located at 150 W 13th St
Eastbound","140 W 13th St, Chattanooga, 37402"
16459651,1738019482,submitted,Traffic Signs,https://vc0.publicstuff.com/api/2.0/request_view?client_id=1000051&request_id=16459651,"Mon 27 Jan 2025, 06:11PM",35.001573878,-85.42092775,POINT (-85.42092775 35.001573878),,"5065 Amethyst Rd, Chattanooga, 37419"
16471170,1738263603,submitted,Traffic Signals,https://vc0.publicstuff.com/api/2.0/request_view?client_id=1000051&request_id=16471170,"Thu 30 Jan 2025, 02:00PM",35.017753816,-85.168768915,POINT (-85.168768915 35.017753816),"The Traffic Light at East Brainerd Rd. and Panorama is out of sync and on a long cycle. This causes an unnecessary delay for the
East Brainerd Rd. traffic.
Also, there are similar issues with East Brainerd Rd. at Concorde, and,
East Brainerd Rd, at Stratman.","1309 Panorama Dr, Chattanooga, 37421"
16461035,1738076756,completed,Snow and Ice Removal,https://vc0.publicstuff.com/api/2.0/request_view?client_id=1000051&request_id=16461035,"Tue 28 Jan 2025, 10:05AM",35.047940495,-85.300456583,POINT (-85.300456583 35.047940495),this rec'd by text,"600 Douglas St, Chattanooga, 37403"
16467435,1738181587,in progress,Traffic Signs,https://vc0.publicstuff.com/api/2.0/request_view?client_id=1000051&request_id=16467435,"Wed 29 Jan 2025, 03:13PM",35.077457418,-85.287468932,POINT (-85.287468932 35.077457418),,"Shady Cir, Chattanooga, 37405"
16455872,1737982505,submitted,Traffic Signs,https://vc0.publicstuff.com/api/2.0/request_view?client_id=1000051&request_id=16455872,"Mon 27 Jan 2025, 07:55AM",35.005083041,-85.145397831,POINT (-85.145397831 35.005083041),"INSTALL
DEAD END
(W14-1 30""x30"")
Located 35' from E Brainerd Rd
on Northbound Kinsey Dr

REMOVE EXISTING STREET NAME MARKERS
AND POST

INSTALL
STREET NAME MARKERS
(D3 ?""x12"")
Kinsey Dr 1100 (x2)
E Brainerd Rd 8100 (x2)
Located 18' from E Brainerd Rd
on Northbound Kinsey Dr","1100 Kinsey Dr, Chattanooga, 37421"
16451094,1737747165,submitted,Tree Problem,https://vc0.publicstuff.com/api/2.0/request_view?client_id=1000051&request_id=16451094,"Fri 24 Jan 2025, 02:32PM",35.025483412,-85.254455453,POINT (-85.254455453 35.025483412),"Citizen called parks about a rotting tree that is leaning towards his property (it is an empty lot, but they're about to start framing the house, and the tree is set to fall directly into the frame). It needs to be removed, but is too large for Parks to remove. It was already marked with green, but he is adding a red X to help for quick identification","3308 Provence St, Chattanooga, 37411"
16469337,1738242778,submitted,Tree Problem,https://vc0.publicstuff.com/api/2.0/request_view?client_id=1000051&request_id=16469337,"Thu 30 Jan 2025, 08:12AM",35.024000366,-85.16785573,POINT (-85.16785573 35.024000366),Caller wants to stay anonymous. He states there is a large tree/bush planted behind the entrance at this address and it is a hazard to drivers and pedestrians because it greatly blocks visibility of oncoming traffic. Caller states he has either been hit or nearly hit by vehicles when walking his dog because of this.,"1712 Estrellita Cir, Chattanooga, 37421"
16450077,1737736390,received,Tree Fallen/Branch,https://vc0.publicstuff.com/api/2.0/request_view?client_id=1000051&request_id=16450077,"Fri 24 Jan 2025, 11:33AM",35.07041291,-85.241980962,POINT (-85.241980962 35.07041291),"The tree is dangerously resting on a tree on the other side of the road. Once it falls, it will completely block the road and likely take out a powerline","Moon St, Chattanooga, 37406"
16467079,1738178467,received,Traffic Signs,https://vc0.publicstuff.com/api/2.0/request_view?client_id=1000051&request_id=16467079,"Wed 29 Jan 2025, 02:21PM",35.051949632,-85.298984655,POINT (-85.298984655 35.051949632),"INSTALL
(ON TWO SQUARE POSTS FOR STABILITY)
DESTINATION WITH (DIAGONAL ARROW RIGHT)
(D1-1 48""x48"") ?
3 RD STREET
ERLANGER HOSP.
UTC
Located 108' from Douglas St
on Westbound Battery Pl

INSTALL
(NPAT)
SPEED LIMIT 25
(R2-1 24""x30"")
Located at 733 Battery Pl
Westbound

CHANGE SPEED LIMIT 30
TO
SPEED LIMIT 25
(R2-1 24""x30"")
Located at 740 Battery Pl
Westbound","733 Battery Pl, Chattanooga, 37403"
16459015,1738012108,completed,Traffic Signs,https://vc0.publicstuff.com/api/2.0/request_view?client_id=1000051&request_id=16459015,"Mon 27 Jan 2025, 04:08PM",35.052025941,-85.299184428,POINT (-85.299184428 35.052025941),,"727 Battery Pl, Chattanooga, 37403"
16457850,1738002359,completed,Traffic Signs,https://vc0.publicstuff.com/api/2.0/request_view?client_id=1000051&request_id=16457850,"Mon 27 Jan 2025, 01:25PM",35.048570289,-85.145463735,POINT (-85.145463735 35.048570289),"Citizen states there is a construction sight near the intersection of Pinewood Dr and Gunbarrel Rd. She states there's a big pile of dirt blocking visibility, and the construction company took down the street name sign. She is requesting a new one with bold letters to be installed like the one that was put up on Min Tom Rd. She states elderly people drive in this area and there has almost been traffic accidents because there's no street name sign and because of that big pile of dirt at this intersection.","7400 Pinewood Dr, Chattanooga, 37421"
16463151,1738096859,in progress,Traffic Signals,https://vc0.publicstuff.com/api/2.0/request_view?client_id=1000051&request_id=16463151,"Tue 28 Jan 2025, 03:40PM",35.060697,-85.1342445,POINT (-85.1342445 35.060697),"Lee Hwy turning left light onto Bonny Oaks towards Ooltewah, the left turning light is not working","Lee Hwy & Bonny Oaks Dr, Chattanooga, 37421"
16454584,1737911338,submitted,Tree Problem,https://vc0.publicstuff.com/api/2.0/request_view?client_id=1000051&request_id=16454584,"Sun 26 Jan 2025, 12:08PM",35.01208637,-85.326280265,POINT (-85.326280265 35.01208637),"The trees and brush on city property are extending onto our building at 3742 Tennessee Ave. The woods on the address listed and 3720 Tennessee Ave, up to the train tracks have a homeless camp, who have been setting fires that have gotten out of control. We have had to call the Fire Dept multiple times this past month to come extinguish these fires. We own Naughty Cat Cafe which houses 40 cats and are afraid these fires will get out of control and potentially pose a risk to our building and the live animals. We have reached out to Raquetta Dotley as well as the Fire Chief without a response or course of action. We would like the tree line and brush to be removed and pushed further back from our building to decrease the risk of these fires spreading.","3732 Tennessee Ave, Chattanooga, 37409"
16470336,1738254628,submitted,Traffic Signs,https://vc0.publicstuff.com/api/2.0/request_view?client_id=1000051&request_id=16470336,"Thu 30 Jan 2025, 11:30AM",35.026758626,-85.271262385,POINT (-85.271262385 35.026758626),,"S Watkins St, Chattanooga, 37404"
16469344,1738242921,completed,Traffic Signs,https://vc0.publicstuff.com/api/2.0/request_view?client_id=1000051&request_id=16469344,"Thu 30 Jan 2025, 08:15AM",35.024000366,-85.16785573,POINT (-85.16785573 35.024000366),"Caller wants to stay anonymous. He states traffic goes way to fast here. He says speed humps would not be welcomed in this neighborhood, but he states at least a sign needs to be installed that says pedestrians or children at play.","1712 Estrellita Cir, Chattanooga, 37421"
16460596,1738071080,submitted,Traffic Signs,https://vc0.publicstuff.com/api/2.0/request_view?client_id=1000051&request_id=16460596,"Tue 28 Jan 2025, 08:31AM",35.175668427,-85.25193679,POINT (-85.25193679 35.175668427),,"6255 Dayton Blvd, Chattanooga, 37343"
16459658,1738019650,completed,Traffic Signs,https://vc0.publicstuff.com/api/2.0/request_view?client_id=1000051&request_id=16459658,"Mon 27 Jan 2025, 06:14PM",35.001937613,-85.419489584,POINT (-85.419489584 35.001937613),,"3146 River Gorge Dr, Chattanooga, 37419"
16451415,1737750699,completed,Traffic Signals,https://vc0.publicstuff.com/api/2.0/request_view?client_id=1000051&request_id=16451415,"Fri 24 Jan 2025, 03:31PM",35.065488296,-85.309130501,POINT (-85.309130501 35.065488296),around 5 PM cars driving eastbound on W manning wait 10 minutes to get though the red light.  I believe that the sun is shining directly into the camera.  can this be addressed?,"401 N Market St, Chattanooga, 37405"
16462660,1738091982,in progress,Traffic Signs,https://vc0.publicstuff.com/api/2.0/request_view?client_id=1000051&request_id=16462660,"Tue 28 Jan 2025, 02:19PM",35.048570289,-85.145463735,POINT (-85.145463735 35.048570289),"INSTALL
STREET NAME MARKERS
(D3 ?""x10"")
Pinewood Dr 7400 (x2)
Gunbarrel Rd 2500 (x2)
Located 15' from Gunbarrel Rd
on SE bound Pinewood Dr

RELOCATE AND ENLARGE
STOP
(R1-1 36""x36"")
Located 36' from Gunbarrel Rd
on NW bound Pinewood Dr

REMOVE YIELD AHEAD
AND REPLACE WITH
ROUNDABOUT AND ADVISORY SPEED 15 SIGNS
(REMOVE EXISTING POST FOR ROUNDABOUT SIGNS)
Located at 2527 Gunbarrel Rd
Northbound
(SEE IMAGE)","7400 Pinewood Dr, Chattanooga, 37421"
16459557,1738018282,completed,Traffic Signs,https://vc0.publicstuff.com/api/2.0/request_view?client_id=1000051&request_id=16459557,"Mon 27 Jan 2025, 05:51PM",35.014587,-85.324858,POINT (-85.324858 35.014587),,"3530 Broad St, Chattanooga, 37409"
16450409,1737740144,completed,Snow and Ice Removal,https://vc0.publicstuff.com/api/2.0/request_view?client_id=1000051&request_id=16450409,"Fri 24 Jan 2025, 12:35PM",35.076895983,-85.298267507,POINT (-85.298267507 35.076895983),"Caller inq about SR submitted w/ Patricia he stated.  He did not provide an SR#, I did not find prev SR in the system.  Caller stated that there is still ice leveled where he parks and needs to be removed/cleared; there is also water infront of the house.  Stated he requested to let ""Mickey""  from the road Dept know and ask him to contact him, he is familiar w/this problem from the past. 
 Stated that he took pictures.","705 Clarendon St, Chattanooga, 37405"
16471888,1738271020,submitted,Traffic Signs,https://vc0.publicstuff.com/api/2.0/request_view?client_id=1000051&request_id=16471888,"Thu 30 Jan 2025, 04:03PM",35.035659115,-85.235597682,POINT (-85.235597682 35.035659115),,"803 Aubrey Ave, Chattanooga, 37411"
16456577,1737991342,completed,Snow and Ice Removal,https://vc0.publicstuff.com/api/2.0/request_view?client_id=1000051&request_id=16456577,"Mon 27 Jan 2025, 10:22AM",35.076895983,-85.298267507,POINT (-85.298267507 35.076895983),"Caller has stated that the ice has not melted since yesterday,he needs someone to come and take a look the way water is flowing on the other side of the street; it is easy to see now that the water is frozen. this issue is dangerous to him, when he parks he will be slipping on ice. Caller is trying to  solve the problem, so it will not happen again; stated it is not difficult to solve it.  He has requested to please let him know when someone is coming, he wants to be there, to explain exactly where it is.  Stated that ""Mickey""  from road dept. is aware of this problem, is City property.","705 Clarendon St, Chattanooga, 37405"
