id,timestamp,status,type,url,created,latitude,longitude,location,description,address
16649062,1742408768,completed,Tree Fallen/Branch,https://vc0.publicstuff.com/api/2.0/request_view?client_id=1000051&request_id=16649062,"Wed 19 Mar 2025, 02:26PM",35.055459439,-85.262846864,POINT (-85.262846864 35.055459439),The top of tree has fallen and landed on Roanoke Avenue.,"1600 Roanoke Ave, Chattanooga, 37406"
16635175,1742128424,completed,Traffic Signals,https://vc0.publicstuff.com/api/2.0/request_view?client_id=1000051&request_id=16635175,"Sun 16 Mar 2025, 08:33AM",35.075693,-85.149617,POINT (-85.149617 35.075693),Railroad crossing is blocking road with no train coming,"6989 Discovery Dr, Chattanooga, 37416"
16653947,1742498736,completed,Traffic Signals,https://vc0.publicstuff.com/api/2.0/request_view?client_id=1000051&request_id=16653947,"Thu 20 Mar 2025, 03:25PM",35.140712704,-85.252084903,POINT (-85.252084903 35.140712704),,"1000 Gadd Rd, Chattanooga, 37343"
16636555,1742173799,completed,Tree Fallen/Branch,https://vc0.publicstuff.com/api/2.0/request_view?client_id=1000051&request_id=16636555,"Sun 16 Mar 2025, 09:09PM",35.032835141,-85.3863909,POINT (-85.3863909 35.032835141),"Two trees have fallen and are completely blocking the road. This is a dead end road, we can't get off the mountain any other way","4589 Raccoon Mountain Rd, Chattanooga, 37419"
16637371,1742218396,in progress,Traffic Signs,https://vc0.publicstuff.com/api/2.0/request_view?client_id=1000051&request_id=16637371,"Mon 17 Mar 2025, 09:33AM",35.033884471,-85.295266922,POINT (-85.295266922 35.033884471),"INSTALL
(ABOVE NO PARKING ANYTIME)
NEW TRAFFIC PATTERN AHEAD
(W23-2 30""x30"")
Located at 1261 Central Ave
Southbound

INSTALL
(ON LAMP POLE AS HIGH AS POSSIBLE)
NEW TAFFIC PATTERN AHEAD
(W23-2 30""x30"")
Located at the intersection of E Main St
and Northbound Central Ave","1300 Central Ave, Chattanooga, 37408"
16656373,1742567618,submitted,Traffic Signals,https://vc0.publicstuff.com/api/2.0/request_view?client_id=1000051&request_id=16656373,"Fri 21 Mar 2025, 10:33AM",35.017893,-85.173786,POINT (-85.173786 35.017893),"Left Turn from Phylis Dr to E Brainerd Rd is currently YIELD, which is causing accidents as people are making right turn from opposite coming from N Concord Rd to E Brainerd RD.  If it is a LEFT Turn signal first and then becomes Yiled, it would reduce accidents.","Phils Dr & E Brainerd Rd, Chattanooga, 37421"
16641290,1742254931,completed,Traffic Signs,https://vc0.publicstuff.com/api/2.0/request_view?client_id=1000051&request_id=16641290,"Mon 17 Mar 2025, 07:42PM",35.04603,-85.312538,POINT (-85.312538 35.04603),The Keep Right sign in the median of MLK at Pine has been knocked over.,"202-298 W Martin Luther King Blvd, Chattanooga, 37402"
16648238,1742400769,completed,Traffic Signs,https://vc0.publicstuff.com/api/2.0/request_view?client_id=1000051&request_id=16648238,"Wed 19 Mar 2025, 12:12PM",35.023024844,-85.296693556,POINT (-85.296693556 35.023024844),The Sign Shop Had Repaired the Earlier Request At 2347 Rossville Blvd. at Cannon Ave and i just received another call from our Pipe Crew Supervisor that a a transfer truck has knocked it down once again. Could we bother you for another repair please. THANK YOU AND YOUR CREW FOR HELPING US OUT TODAY WE RELLY APPRECIATE YOUR TIME AND PATIENCE.,"2347 Rossville Blvd, Chattanooga, 37408"
16641993,1742299967,completed,Traffic Signals,https://vc0.publicstuff.com/api/2.0/request_view?client_id=1000051&request_id=16641993,"Tue 18 Mar 2025, 08:12AM",35.010802786,-85.21709336,POINT (-85.21709336 35.010802786),Caller states the traffic signal located in front of the Krispy Kreme is swinging loosely and is turned. She states she was in the turning lane to turn into Eastgate and the turn signal was turned too far,"5609 Brainerd Rd, Chattanooga, 37411"
16637487,1742219708,completed,Traffic Signs,https://vc0.publicstuff.com/api/2.0/request_view?client_id=1000051&request_id=16637487,"Mon 17 Mar 2025, 09:55AM",35.009007306,-85.274591781,POINT (-85.274591781 35.009007306),Citizen says people are parking in the alley and blocking access for residents who use to alley to get to their garages from the alley.  She is asking that a No Parking in Alley be installed.,"2717 13th Ave, Chattanooga, 37407"
16639242,1742234097,submitted,Tree Fallen/Branch,https://vc0.publicstuff.com/api/2.0/request_view?client_id=1000051&request_id=16639242,"Mon 17 Mar 2025, 01:54PM",35.089840306,-85.285089987,POINT (-85.285089987 35.089840306),The storm caused a tree to fall the city came and partly removed it. Can someone come back to remove the remaining tree off the road?,"1018 River Hills Cir, Chattanooga, 37415"
16651659,1742475707,in progress,Tree Fallen/Branch,https://vc0.publicstuff.com/api/2.0/request_view?client_id=1000051&request_id=16651659,"Thu 20 Mar 2025, 09:01AM",35.056446628,-85.249135038,POINT (-85.249135038 35.056446628),This will be a hazard when it breaks loose and falls on the road.,"Marshall St, Chattanooga, 37404"
16657906,1742583919,submitted,Traffic Signals,https://vc0.publicstuff.com/api/2.0/request_view?client_id=1000051&request_id=16657906,"Fri 21 Mar 2025, 03:05PM",35.062707296,-85.308459501,POINT (-85.308459501 35.062707296),on market at cherokee (turning left) - green light is holding way too long around 10:00 - 11:00am. There should be a designated left turn lane and signal.,"100 N Market St, Chattanooga, 37405"
16642767,1742309128,in progress,Traffic Signs,https://vc0.publicstuff.com/api/2.0/request_view?client_id=1000051&request_id=16642767,"Tue 18 Mar 2025, 10:45AM",35.068523,-85.252318,POINT (-85.252318 35.068523),Missing signage,"2151-2199 Fairleigh St, Chattanooga, 37406"
16635204,1742130236,completed,Tree Fallen/Branch,https://vc0.publicstuff.com/api/2.0/request_view?client_id=1000051&request_id=16635204,"Sun 16 Mar 2025, 09:03AM",35.0766,-85.240311,POINT (-85.240311 35.0766),,"3501-3529 E Crest Dr, Chattanooga, 37406"
16637048,1742213802,completed,Tree Fallen/Branch,https://vc0.publicstuff.com/api/2.0/request_view?client_id=1000051&request_id=16637048,"Mon 17 Mar 2025, 08:16AM",35.062997225,-85.244059931,POINT (-85.244059931 35.062997225),Tree's down & a landslide blocking one side of the road.,"606 N Crest Rd, Chattanooga, 37404"
16642614,1742307743,completed,Traffic Signals,https://vc0.publicstuff.com/api/2.0/request_view?client_id=1000051&request_id=16642614,"Tue 18 Mar 2025, 10:22AM",35.067713805,-85.313263083,POINT (-85.313263083 35.067713805),Driver said he has been sitting at this light for 10 minutes.,"413 Spring St, Chattanooga, 37405"
16648491,1742403362,completed,Traffic Signs,https://vc0.publicstuff.com/api/2.0/request_view?client_id=1000051&request_id=16648491,"Wed 19 Mar 2025, 12:56PM",35.03027761,-85.221876809,POINT (-85.221876809 35.03027761),Stop sign has been knocked down at the intersection of Anita Dr. N. Moore Rd,"1120 Anita Dr, Chattanooga, 37411"
16639851,1742238981,completed,Tree Fallen/Branch,https://vc0.publicstuff.com/api/2.0/request_view?client_id=1000051&request_id=16639851,"Mon 17 Mar 2025, 03:16PM",35.034178,-85.279725,POINT (-85.279725 35.034178),A large limb from a Bradford Pear tree came down at Tatum Park. Its blocking part of the park sidewalk.,"1601-1699 Union Ave, Chattanooga, 37404"
16645206,1742330992,completed,Traffic Signs,https://vc0.publicstuff.com/api/2.0/request_view?client_id=1000051&request_id=16645206,"Tue 18 Mar 2025, 04:49PM",35.0094465,-85.27166325,POINT (-85.27166325 35.0094465),2 yield signs are down around the roundabout one exiting the bachman  tunnel and one heading towards e 29th st,"E 29th St, Chattanooga, 37404"
16637317,1742217827,completed,Tree Fallen/Branch,https://vc0.publicstuff.com/api/2.0/request_view?client_id=1000051&request_id=16637317,"Mon 17 Mar 2025, 09:23AM",35.056069335,-85.248414009,POINT (-85.248414009 35.056069335),"Trees that the electric power board have cut down from the storm that need to be cleaned up, it is the 500 and 600 block of N Crest Rd.  It blocking the sidewalk","500 N Crest Rd, Chattanooga, 37404"
16655859,1742559918,completed,Traffic Signals,https://vc0.publicstuff.com/api/2.0/request_view?client_id=1000051&request_id=16655859,"Fri 21 Mar 2025, 08:25AM",35.017824625,-85.173833379,POINT (-85.173833379 35.017824625),citizen advised travelling from Phils Dr onto E Brainerd Rd the light will not change and people are travelling thru the parking lots to go around,"6998 E Brainerd Rd, Chattanooga, 37421"
16637466,1742219528,submitted,Traffic Signs,https://vc0.publicstuff.com/api/2.0/request_view?client_id=1000051&request_id=16637466,"Mon 17 Mar 2025, 09:52AM",35.126251197,-85.251105339,POINT (-85.251105339 35.126251197),"Just wondering if the city provides ""Hidden Driveway"" signs to increase safety for driveways.","1505 Williams Rd, Chattanooga, 37343"
16649056,1742408726,in progress,Traffic Signs,https://vc0.publicstuff.com/api/2.0/request_view?client_id=1000051&request_id=16649056,"Wed 19 Mar 2025, 02:25PM",35.027779595,-85.282384401,POINT (-85.282384401 35.027779595),"INSTALL
NO PARKING TO CORNER
(R-NS-006 12""x18"")
Located 45' from S Holly St
on Westbound E 14th St

INSTALL
(AT AN ANGLE)
NO PARKING TO CORNER (RIGHT ARROW)
(R-NS-006R 12""x18"")
Located 37' from S Holly St
on Westbound E 14th St

INSTALL
NO PARKING TO CORNER
(R-NS-006 12""x18"")
Located 45' from S Holly St
on Eastbound E 14th St

INSTALL
(AT AN ANGLE)
NO PARKING TO CORNER (RIGHT ARROW)
(R-NS-006R 12""x18"")
Located 37' from S Holly St
on Eastbound E 14th St

INSTALL
NO PARKING TO CORNER
(R-NS-006 12""x18"")
Located 45' from S Hickory St
on Westbound E 14th St

INSTALL
(AT AN ANGLE)
NO PARKING TO CORNER (RIGHT ARROW)
(R-NS-006R 12""x18"")
Located 40' from S Hickory St
on Westbound E 14th St

INSTALL
(AT AN ANGLE)
NO PARKING TO CORNER (RIGHT ARROW)
(R-NS-006R 12""x18"")
Located 40' from S Hawthorne St
on Westbound E 14th St

INSTALL
NO PARKING TO CORNER
(R-NS-006 12""x18"")
Located 50' from S Hawthorne St
on Eastbound E 14th St","1700 E 14th St, Chattanooga, 37404"
16635287,1742134682,completed,Tree Fallen/Branch,https://vc0.publicstuff.com/api/2.0/request_view?client_id=1000051&request_id=16635287,"Sun 16 Mar 2025, 10:18AM",35.032688,-85.386772,POINT (-85.386772 35.032688),,"4501-4599 Raccoon Mountain Rd, Chattanooga, 37419"
16644736,1742326559,completed,Tree Fallen/Branch,https://vc0.publicstuff.com/api/2.0/request_view?client_id=1000051&request_id=16644736,"Tue 18 Mar 2025, 03:35PM",35.053708,-85.305672,POINT (-85.305672 35.053708),Downed branch blocking sidewalk. E 3rd between Lookout & High Streets.,"301-399 E 3rd St, Chattanooga, 37403"
16647097,1742388605,submitted,Traffic Signals,https://vc0.publicstuff.com/api/2.0/request_view?client_id=1000051&request_id=16647097,"Wed 19 Mar 2025, 08:50AM",35.052689,-85.302718,POINT (-85.302718 35.052689),"Two intersections should be timed more appropriately, rush our traffic backs up into Nichola. Makes driving down Lindsay Street impossible because perpendicular traffic is blocking flow of traffic.","301-311 Lindsay St, Chattanooga, 37403"
16651580,1742474640,submitted,Tree Fallen/Branch,https://vc0.publicstuff.com/api/2.0/request_view?client_id=1000051&request_id=16651580,"Thu 20 Mar 2025, 08:44AM",35.031194125,-85.255049723,POINT (-85.255049723 35.031194125),"There is a tree down by Donna Lane that has broken the road away. Dangerous to drive by
tree fell away from the road but the roots were under the road and pulled up the edge of the asphalt, so there is a giant chunk of road missing on the left side and it's not super visible. The road is already narrow, I'm just concerned someone will drive into it or the road will break away even more. It's created a drop off and a hole","2872 Donna Ln, Chattanooga, 37404"
16638928,1742231520,completed,Traffic Signs,https://vc0.publicstuff.com/api/2.0/request_view?client_id=1000051&request_id=16638928,"Mon 17 Mar 2025, 01:12PM",35.006766264,-85.278332278,POINT (-85.278332278 35.006766264),"REINSTALL
(MISSING)
STREET NAME MARKERS
(D3 ?""x10"")
E 30th St 2700 (x2)
Dodds Ave 2900 (x2)
Located 10' from Dodds Ave
on Westbound E 30th St","3000 Dodds Ave, Chattanooga, 37407"
16640748,1742247397,submitted,Traffic Signals,https://vc0.publicstuff.com/api/2.0/request_view?client_id=1000051&request_id=16640748,"Mon 17 Mar 2025, 05:36PM",35.026851,-85.245001,POINT (-85.245001 35.026851),"This light needs a timing study. At rush-hour specifically it backs up all the way to MontView in front of signal centers, sometimes even further.","201-299 N Germantown Rd, Chattanooga, 37411"
16651312,1742467063,in progress,Traffic Signs,https://vc0.publicstuff.com/api/2.0/request_view?client_id=1000051&request_id=16651312,"Thu 20 Mar 2025, 06:37AM",35.019579091,-85.24903827,POINT (-85.24903827 35.019579091),STOP down at W Germantown Rd,"203 S Germantown Rd, Chattanooga, 37411"
16642385,1742305206,completed,Traffic Signals,https://vc0.publicstuff.com/api/2.0/request_view?client_id=1000051&request_id=16642385,"Tue 18 Mar 2025, 09:40AM",35.052241043,-85.3107349,POINT (-85.3107349 35.052241043),"The red light signal is staying on red a long time.  Red light timing is malfunctioning  
Going West
Intersection 100 W 4th Street and 300 Chestnut Street","100 W 4th St, Chattanooga, 37402"
16637449,1742219330,completed,Tree Problem,https://vc0.publicstuff.com/api/2.0/request_view?client_id=1000051&request_id=16637449,"Mon 17 Mar 2025, 09:48AM",35.143161492,-85.187205541,POINT (-85.187205541 35.143161492),"Citizen states that when she was driving through Big Ridge Rd. when the storms started a few days ago, a tree was within a few  feet of falling on her vehicle. This could've been fatal. She would like for the forestry department to come out and remove any trees that can potentially fall with a strong wind. Adv. her I will submit a request to see if anything can be done.","Big Ridge Rd, Chattanooga, 37343"
16656142,1742564536,in progress,Traffic Signals,https://vc0.publicstuff.com/api/2.0/request_view?client_id=1000051&request_id=16656142,"Fri 21 Mar 2025, 09:42AM",35.047773,-85.2905115,POINT (-85.2905115 35.047773),Install Blade controller on 3rd and Wiehl,"E 3rd St & Wiehl St, Chattanooga, 37403"
16652468,1742484683,in progress,Tree Problem,https://vc0.publicstuff.com/api/2.0/request_view?client_id=1000051&request_id=16652468,"Thu 20 Mar 2025, 11:31AM",35.062716,-85.312658,POINT (-85.312658 35.062716),Large branch has broken off and is hanging over roadway. Worried it is going to fall and hurt someone!,"1-315 Manufacturers Rd, Chattanooga, 37405"
16637054,1742213882,completed,Traffic Signs,https://vc0.publicstuff.com/api/2.0/request_view?client_id=1000051&request_id=16637054,"Mon 17 Mar 2025, 08:18AM",35.08967265,-85.168279925,POINT (-85.168279925 35.08967265),Caller states the street marker sign is down again. States someone came out and was supposed to be fixed but the wind blew it down. States it needs a better base,"5612 Delaine Ln, Chattanooga, 37416"
16648569,1742404172,received,Traffic Signs,https://vc0.publicstuff.com/api/2.0/request_view?client_id=1000051&request_id=16648569,"Wed 19 Mar 2025, 01:09PM",35.010956308,-85.373163155,POINT (-85.373163155 35.010956308),"REINSTALL
(MISSING)
RAILROAD GRADE CROSSING WARNING
(W10-1 30"")
Located 1,100' from Cummings Rd
on SW bound Wauhatchie Pike

REINSTALL
(MISSING)
RAILROAD GRADE CROSSING WARNING
(W10-1 30"")
Located 1,005' from Cummings Rd
on SW bound Wauhatchie Pike","300 Wauhatchie Pike, Chattanooga, 37419"
16635771,1742149277,in progress,Tree Fallen/Branch,https://vc0.publicstuff.com/api/2.0/request_view?client_id=1000051&request_id=16635771,"Sun 16 Mar 2025, 02:21PM",35.082354,-85.288552,POINT (-85.288552 35.082354),Tree has fallen across Minnekahda Place. It has not hit the ground yet as it is leaning on a tree on the other side of the road. The street is passable but it could fall anytime,"7 Minnekahda Pl, Chattanooga, 37405"
16647417,1742392490,completed,Traffic Signs,https://vc0.publicstuff.com/api/2.0/request_view?client_id=1000051&request_id=16647417,"Wed 19 Mar 2025, 09:54AM",35.024720052,-85.298077134,POINT (-85.298077134 35.024720052),Stop Sign Down On The Corner Of Rossville Blvd. At Cannon Ave.,"2300 Rossville Blvd, Chattanooga, 37408"
16652275,1742482779,submitted,Tree Problem,https://vc0.publicstuff.com/api/2.0/request_view?client_id=1000051&request_id=16652275,"Thu 20 Mar 2025, 10:59AM",35.067402769,-85.294988261,POINT (-85.294988261 35.067402769),"The city came out and looked at my tree that is on the property line. I got an email that said that your neighbor and you must agree. We do agree and Im wondering if the city will take down the tree. If they need me to meet them over there to show them which tree. Its the one on the left of the property near the powerlines

Caller states she was told it is on City property by the person who came out","1110 Mississippi Ave, Chattanooga, 37405"
16639190,1742233725,completed,Traffic Signs,https://vc0.publicstuff.com/api/2.0/request_view?client_id=1000051&request_id=16639190,"Mon 17 Mar 2025, 01:48PM",35.044631025,-85.308814984,POINT (-85.308814984 35.044631025),"INSTALL
(ABOVE NO PARKING RIGHT ARROW)
PEDESTRIAN TRAFFIC
(W11-2 30""x30"")
Located at 149 E 10th St
Westbound

RAISE STOP SIGN 2 FT
(Use Quick Crete for stability)
and
INSTALL 
(ON OTHER SIDE OF STOP)
DO NOT ENTER
(R5-1 30""x30"")
Located at the intersection of E 10th St 
and Northbound Georgia Ave

INSTALL
(ON LIGHT POLE)
(RAISE HEIGHT OF ONE WAY AND DO NOT ENTER 2 FT)
STOP
(R1-1 30""x30"")
Located at the intersection of E 10th St
and Northbound Georgia Ave","100 E 10th St, Chattanooga, 37402"
16653662,1742496003,submitted,Traffic Signs,https://vc0.publicstuff.com/api/2.0/request_view?client_id=1000051&request_id=16653662,"Thu 20 Mar 2025, 02:40PM",35.040581383,-85.312272041,POINT (-85.312272041 35.040581383),"I live near the intersection of 13th Street and Chestnut Street on the Southside and am both a vehicle driver and walker/runner in this area. Chestnut St currently has stop signs while 13th street does not, in a Through traffic does not stop style intersection. I would like to request that this intersection be made into a 4-way stop if this is not already something under consideration. I have several reasons for this request as listed below. 
1. Drivers often do not expect this condition as many other intersections in the area are 4-way stops. I drive this area every day and very often I see drivers mistakenly stop on 13th thinking there is a stop sign, which causes confusion and frustration to drivers going in both directions and has nearly caused accidents. 
2. City parking along 13th obstructs the view of drivers on Chestnut who are trying to cross 13th, especially when there is an event at the Convention Center or Chattanoogan. It is incredibly difficult to see when parking is full on 13th without nosing into potentially oncoming traffic. You often have to inch out way too far to be able to see, or you hit the gas and hope nobody is coming from the area you cant see
3. Pedestrians. As a pedestrian, you also face the issue of not being able to see when parking is full on 13th. Pedestrians may also not realize that through traffic doesnt stop on 13th, putting them at risk if drivers arent paying attention and arent expecting to have to stop. This has become even more important as the Southside has gotten more foot traffic and when there are events at the Convention Center. As a runner, this is an intersection I always have to be overly cautious of. 
In lieu of making this a 4-way stop, I could encourage you to consider removing the first 1-2 parking spots along 13th leading up to the intersection and making this a very clear no parking zone to increase visibility. However, I know firsthand that many many MANY people illegally park downtown, and I expect that this would not solve the issue as effectively. 
All in all, I strongly recommend making 13th and Chestnut a 4-way stop for the safety of drivers and pedestrians in the area. 
Thank you for your consideration! I am happy to provide more information on my experience as a resident of the area. I look forward to your resolution of this issue.","1301 Chestnut St, Chattanooga, 37402"
16638381,1742227148,in progress,Traffic Signs,https://vc0.publicstuff.com/api/2.0/request_view?client_id=1000051&request_id=16638381,"Mon 17 Mar 2025, 11:59AM",35.00781391,-85.328614426,POINT (-85.328614426 35.00781391),Caller states the No Parking sign is down at St Elmo Ave and W 42st Street,"4019 St Elmo Ave, Chattanooga, 37409"
16644578,1742324953,completed,Traffic Signals,https://vc0.publicstuff.com/api/2.0/request_view?client_id=1000051&request_id=16644578,"Tue 18 Mar 2025, 03:09PM",35.155291634,-85.248654235,POINT (-85.248654235 35.155291634),,"5748 Highway 153, Chattanooga, 37343"
16637414,1742218924,in progress,Tree Problem,https://vc0.publicstuff.com/api/2.0/request_view?client_id=1000051&request_id=16637414,"Mon 17 Mar 2025, 09:42AM",35.080759767,-85.301701476,POINT (-85.301701476 35.080759767),The city's arborist has visited a couple of times in the last couple of decades to inspect a very tall pine tree on near my driveway.  It is now dead. I understand it is within the city's right-of-way. I'm hoping you're able to remove the tree and the threat it imposes.,"1622 Arden Ave, Chattanooga, 37405"
16649702,1742414916,completed,Traffic Signs,https://vc0.publicstuff.com/api/2.0/request_view?client_id=1000051&request_id=16649702,"Wed 19 Mar 2025, 04:08PM",35.03369459,-85.368929141,POINT (-85.368929141 35.03369459),"The sign has fell over onto my fence, a couple months ago the city stood it back up but after the storm it is falling over again","343 Warren Dr, Chattanooga, 37419"
16648772,1742406272,in progress,Traffic Signs,https://vc0.publicstuff.com/api/2.0/request_view?client_id=1000051&request_id=16648772,"Wed 19 Mar 2025, 01:44PM",35.043872704,-85.309418483,POINT (-85.309418483 35.043872704),"Today I noticed that the no parking/bus sign was no longer present. I reviewed TVA camera footage and On Monday, March 10, 2025, at approximately 0941hours, I observed two men remove the no parking/bus sign from near the TVA property (Missionary Ridge Building). I am inquiring if this area is still an active CARTA bus stop. If not, I would like to replace the missing sign with a TVA loading/unloading zone just like the other signage in this area.

I am not sure if the two men were City of Chattanooga employees. They were driving a white van with no City of Chattanooga decals or uniforms.","1101 Market St, Chattanooga, 37402"
16642030,1742300613,completed,Traffic Signs,https://vc0.publicstuff.com/api/2.0/request_view?client_id=1000051&request_id=16642030,"Tue 18 Mar 2025, 08:23AM",35.031877591,-85.165989887,POINT (-85.165989887 35.031877591),"One of the 4 way stop sign has been hit7000 block Franks road,  at North Concord37421","Franks Rd, Chattanooga, 37421"
16656164,1742564865,submitted,Traffic Signals,https://vc0.publicstuff.com/api/2.0/request_view?client_id=1000051&request_id=16656164,"Fri 21 Mar 2025, 09:47AM",35.017899766,-85.173334326,POINT (-85.173334326 35.017899766),Since the new gas station has been built there is additional traffic on both sides on East Brainerd road to turn. A dedicated turn light would aid in reducing an accident and help with traffic flow to keep the Radmoor Neighborhood home owners from being trapped in their driveway's due to the line of traffic in the morning waiting to go at the light. This has been a growing concern over the last 13 years and has been ignored. There is too much traffic in this area to not have a dedicated turn signal coming off of Phil's drive to turn left/west onto E. Brainerd Road.,"7020 E Brainerd Rd, Chattanooga, 37421"
16641124,1742252342,completed,Traffic Signs,https://vc0.publicstuff.com/api/2.0/request_view?client_id=1000051&request_id=16641124,"Mon 17 Mar 2025, 06:59PM",35.050949707,-85.307425526,POINT (-85.307425526 35.050949707),There are two signs that are tilting. Both signs need to be straightened. The attached photo shows both signs.,"500 Walnut St, Chattanooga, 37402"
16637205,1742216438,completed,Tree Fallen/Branch,https://vc0.publicstuff.com/api/2.0/request_view?client_id=1000051&request_id=16637205,"Mon 17 Mar 2025, 09:00AM",35.014447844,-85.358636866,POINT (-85.358636866 35.014447844),"A tree has fallen across Garden Road in Lookout Valley.  We have cut up enough to make a one lane pass through, but the debris is on the side of the road and more of the tree needs to be cut and removed.","250 Garden Rd, Chattanooga, 37419"
16658417,1742589467,submitted,Tree Problem,https://vc0.publicstuff.com/api/2.0/request_view?client_id=1000051&request_id=16658417,"Fri 21 Mar 2025, 04:37PM",35.148142333,-85.273736851,POINT (-85.273736851 35.148142333),"Hello, the undeveloped lot next to me has a couple of trees that look like they are going to come down at any time. They are hanging over my house and if they fall they will destroy my home. 

I have the owner's name of record, but he owns nine properties around the area and I have no means to contact him. Am I able to have the city reach out to him about the pending danger? The owner of parcel ID 099F A 018 is listed as Matthew Mucciolo.","18 Lynnolen Ln, Chattanooga, 37415"
16647906,1742397720,in progress,Traffic Signs,https://vc0.publicstuff.com/api/2.0/request_view?client_id=1000051&request_id=16647906,"Wed 19 Mar 2025, 11:22AM",35.030516397,-85.28724914,POINT (-85.28724914 35.030516397),"INSTALL
(NEXT TO UTLITY POLE AT 7 FT)
NEW TRAFFIC PATTERN AHEAD
(W23-2 30""x30"")
Located 22' from E 13th St
on Southbound S Holtzclaw Ave

REMOVE SPEED LIMIT 35 
BUT KEEP POST INSTALLED

RELOCATE 
SPEED LIMIT 35
(TO UTILITY POLE)
AND
INSTALL
(BELOW SPEED LIMIT 35)
NEW TRAFFIC PATTERN AHEAD
(W23-2 30""x30"")
Located at the intersection of E Main St
and Northbound S Holtzclaw Ave","1298 S Holtzclaw Ave, Chattanooga, 37404"
16642839,1742309700,completed,Traffic Signals,https://vc0.publicstuff.com/api/2.0/request_view?client_id=1000051&request_id=16642839,"Tue 18 Mar 2025, 10:55AM",35.010802786,-85.21709336,POINT (-85.21709336 35.010802786),Citizen states that traffic light is hanging by a wire. Could fall off and damage a vehicle.,"5609 Brainerd Rd, Chattanooga, 37411"
16653766,1742497018,submitted,Traffic Signals,https://vc0.publicstuff.com/api/2.0/request_view?client_id=1000051&request_id=16653766,"Thu 20 Mar 2025, 02:56PM",35.158099,-85.24843,POINT (-85.24843 35.158099),"Im requesting that turn arrows be placed on the traffic signals exiting Grubb Road onto 153, especially from Grubb Rd to 153 going North toward 27. Cars turning left from Grubb onto 153 have to pull out into the road to see over the hill before turning left onto 153. This is very dangerous at an increasingly busy intersection.","5901-6199 Grubb Rd, Chattanooga, 37343"
16639226,1742233962,completed,Traffic Signs,https://vc0.publicstuff.com/api/2.0/request_view?client_id=1000051&request_id=16639226,"Mon 17 Mar 2025, 01:52PM",34.987635,-85.282382,POINT (-85.282382 34.987635),Stop sign seems to have been hit and knocked out of the ground.  Its laying in the grass coming down 16th Ave to General Thomas Blvd.,"4801 16th Ave, Chattanooga, 37407"
16636205,1742162280,completed,Tree Fallen/Branch,https://vc0.publicstuff.com/api/2.0/request_view?client_id=1000051&request_id=16636205,"Sun 16 Mar 2025, 05:58PM",35.132126376,-85.308330618,POINT (-85.308330618 35.132126376),"There are a couple of small trees that were blown down during the recent storms. They are laying across the grassy area next to the road were local residents like to walk. There are no sidewalks in this area, so people walk the grassy area next to the road daily. The trees force you to have to walk around them and into the street.","4000-4198 Mountain Creek Rd, Chattanooga, 37415"
16652202,1742482136,submitted,Traffic Signs,https://vc0.publicstuff.com/api/2.0/request_view?client_id=1000051&request_id=16652202,"Thu 20 Mar 2025, 10:48AM",35.13669459,-85.202215748,POINT (-85.202215748 35.13669459),"For 2512 and  Underveloped lots, getting ready","Fairview Rd, Chattanooga, 37343"
16638109,1742225149,completed,Traffic Signals,https://vc0.publicstuff.com/api/2.0/request_view?client_id=1000051&request_id=16638109,"Mon 17 Mar 2025, 11:25AM",35.136906925,-85.237287176,POINT (-85.237287176 35.136906925),,"5150 Hixson Pike, Chattanooga, 37343"
