id,timestamp,status,type,url,created,latitude,longitude,location,description,address
16526990,1739709995,completed,Tree Fallen/Branch,https://vc0.publicstuff.com/api/2.0/request_view?client_id=1000051&request_id=16526990,"Sun 16 Feb 2025, 07:46AM",35.150638,-85.276755,POINT (-85.276755 35.150638),Overnight winds knocked down tree and is laying across road. Danger level high as its at a bend in the road.,"2-298 Lynnolen Ln, Chattanooga, 37415"
16529238,1739756100,completed,Tree Fallen/Branch,https://vc0.publicstuff.com/api/2.0/request_view?client_id=1000051&request_id=16529238,"Sun 16 Feb 2025, 08:35PM",35.123127526,-85.26063256,POINT (-85.26063256 35.123127526),tree down blocking cul-de-sac,"1301-1315 Milky Way, Chattanooga, 37343"
16530033,1739802525,completed,Traffic Signs,https://vc0.publicstuff.com/api/2.0/request_view?client_id=1000051&request_id=16530033,"Mon 17 Feb 2025, 09:28AM",35.094512,-85.276919,POINT (-85.276919 35.094512),Stop sign broken at base and on the ground,"1260-1298 Enclave Rd, Chattanooga, 37415"
16535889,1739904333,submitted,Traffic Signals,https://vc0.publicstuff.com/api/2.0/request_view?client_id=1000051&request_id=16535889,"Tue 18 Feb 2025, 01:45PM",35.006047,-85.215991,POINT (-85.215991 35.006047),"Old traffic signals near Eastgate Mall should be removed, as this is now a stop sign. This intersection is confusing with these old traffic signals, making drivers like me wonder if theres a problem here.","100-698 Eastgate Loop, Chattanooga, 37411"
16548530,1740162772,completed,Traffic Signals,https://vc0.publicstuff.com/api/2.0/request_view?client_id=1000051&request_id=16548530,"Fri 21 Feb 2025, 01:32PM",35.08423312,-85.326610086,POINT (-85.326610086 35.08423312),Traffic light @ Signal Mtn. Rd. & Pineville Rd. the caller said the timing os off bad.,"1200 Pineville Rd, Chattanooga, 37405"
16536018,1739905514,received,Traffic Signs,https://vc0.publicstuff.com/api/2.0/request_view?client_id=1000051&request_id=16536018,"Tue 18 Feb 2025, 02:05PM",35.028763265,-85.285029276,POINT (-85.285029276 35.028763265),"INSTALL
STREET NAME MARKERS
(D3 ?""x8"")
E 14th St 1400 (x2)
S Highland Park Ave 1300 (x2)
Located 9' from S Highland Park Ave
on Westbound E 14th St

REPLACE
STREET NAME MARKERS
(D3 ?""x8"")
E 14th St 1500 (x2)
S Highland Park Ave 1400 (x2)

REPLACE
STREET NAME MARKERS
(D3 ?""x8"")
Top St 1400 (x2)
E 14th St 1000 (x2)

REPLACE
STREET NAME MARKERS
(D3 ?""x8"")
Top St 1300 (x2)
E 14th St 1100 (x2)","1500 E 14th St, Chattanooga, 37404"
16531306,1739815400,completed,Traffic Signs,https://vc0.publicstuff.com/api/2.0/request_view?client_id=1000051&request_id=16531306,"Mon 17 Feb 2025, 01:03PM",35.062557019,-85.312878188,POINT (-85.312878188 35.062557019),"A stop sign has been struck by a vehicle at ~200 Manufacturer's Rd. It is currently laying in the grass median that has the Renaissance Park sign. We would reinstall, but unsure of the correct orientation.","200 Manufacturers Rd, Chattanooga, 37405"
16534703,1739894273,submitted,Traffic Signs,https://vc0.publicstuff.com/api/2.0/request_view?client_id=1000051&request_id=16534703,"Tue 18 Feb 2025, 10:57AM",35.121521922,-85.276775961,POINT (-85.276775961 35.121521922),Need a speed sign up coming over the hill,"625 Ely Rd, Chattanooga, 37343"
16540662,1739993910,in progress,Tree Fallen/Branch,https://vc0.publicstuff.com/api/2.0/request_view?client_id=1000051&request_id=16540662,"Wed 19 Feb 2025, 02:38PM",35.042879,-85.228804,POINT (-85.228804 35.042879),The storm blew the tree down. 311 app said it was complete but it is has not been removed,"1512 Dalewood Dr, Chattanooga, 37411"
16527027,1739712218,completed,Tree Problem,https://vc0.publicstuff.com/api/2.0/request_view?client_id=1000051&request_id=16527027,"Sun 16 Feb 2025, 08:23AM",35.11999,-85.266669,POINT (-85.266669 35.11999),,"912 Brynwood Dr, Chattanooga, 37415"
16529670,1739796735,received,Traffic Signs,https://vc0.publicstuff.com/api/2.0/request_view?client_id=1000051&request_id=16529670,"Mon 17 Feb 2025, 07:52AM",35.080710215,-85.203945939,POINT (-85.203945939 35.080710215),"REINSTALL
(MISSING)
STOP
(R1-1 30""x30"")
Located 18' from Willard Dr
on SW bound Wilksview Dr

STRAIGHTEN STREET NAME MARKER POST","4200 Wilkesview Dr, Chattanooga, 37416"
16538361,1739966039,completed,Snow and Ice Removal,https://vc0.publicstuff.com/api/2.0/request_view?client_id=1000051&request_id=16538361,"Wed 19 Feb 2025, 06:53AM",35.069025,-85.321138,POINT (-85.321138 35.069025),Treat the road way with salt or brine.,"400-598 Whitehall Rd, Chattanooga, 37405"
16550068,1740184866,submitted,Traffic Signs,https://vc0.publicstuff.com/api/2.0/request_view?client_id=1000051&request_id=16550068,"Fri 21 Feb 2025, 07:41PM",35.031355892,-85.304097966,POINT (-85.304097966 35.031355892),,"Washington St, Chattanooga, 37408"
16535129,1739897758,completed,Tree Problem,https://vc0.publicstuff.com/api/2.0/request_view?client_id=1000051&request_id=16535129,"Tue 18 Feb 2025, 11:55AM",35.062557019,-85.312878188,POINT (-85.312878188 35.062557019),"2 trees need replacing in the Renaissance Park parking lot that abuts the 1 North Shore condominiums.
This lot is adjacent to the Renaissance pavilion that includes the bathrooms. One spot is in the SE corner of the lot and the other is in front of the Yummy Thai restaurant on the NW side of the lot.","200 Manufacturers Rd, Chattanooga, 37405"
16545253,1740082754,in progress,Traffic Signs,https://vc0.publicstuff.com/api/2.0/request_view?client_id=1000051&request_id=16545253,"Thu 20 Feb 2025, 03:19PM",34.990269,-85.276382,POINT (-85.276382 34.990269),Large truck made the turn from east crest to Peachtree and knocked down the sign that read: East Crest Rd/Dead End,"654-698 E Crest Rd, Chattanooga, 37404"
16529760,1739798661,completed,Traffic Signals,https://vc0.publicstuff.com/api/2.0/request_view?client_id=1000051&request_id=16529760,"Mon 17 Feb 2025, 08:24AM",35.014379,-85.325307,POINT (-85.325307 35.014379),,"3536-3554 Broad St, Chattanooga, 37409"
16531227,1739814704,completed,Traffic Signs,https://vc0.publicstuff.com/api/2.0/request_view?client_id=1000051&request_id=16531227,"Mon 17 Feb 2025, 12:51PM",35.035580559,-85.235495792,POINT (-85.235495792 35.035580559),,"802 Aubrey Ave, Chattanooga, 37411"
16527063,1739712322,completed,Tree Fallen/Branch,https://vc0.publicstuff.com/api/2.0/request_view?client_id=1000051&request_id=16527063,"Sun 16 Feb 2025, 08:25AM",35.042879,-85.228804,POINT (-85.228804 35.042879),Across the street. We tried to move but it too heavy,"1512 Dalewood Dr, Chattanooga, 37411"
16544339,1740072022,submitted,Tree Fallen/Branch,https://vc0.publicstuff.com/api/2.0/request_view?client_id=1000051&request_id=16544339,"Thu 20 Feb 2025, 12:20PM",35.046199623,-85.319088665,POINT (-85.319088665 35.046199623),Tree branch over sidewalk,"1106 Gateway Ave, Chattanooga, 37402"
16547248,1740147126,in progress,Traffic Signs,https://vc0.publicstuff.com/api/2.0/request_view?client_id=1000051&request_id=16547248,"Fri 21 Feb 2025, 09:12AM",35.089012546,-85.219815075,POINT (-85.219815075 35.089012546),,"4199 S Access Rd, Chattanooga, 37406"
16533469,1739857114,completed,Traffic Signals,https://vc0.publicstuff.com/api/2.0/request_view?client_id=1000051&request_id=16533469,"Tue 18 Feb 2025, 12:38AM",35.044271257,-85.150030594,POINT (-85.150030594 35.044271257),,"7326 McCutcheon Rd, Chattanooga, 37421"
16535456,1739900544,completed,Traffic Signals,https://vc0.publicstuff.com/api/2.0/request_view?client_id=1000051&request_id=16535456,"Tue 18 Feb 2025, 12:42PM",35.102728527,-85.274426189,POINT (-85.274426189 35.102728527),,"3400 Hixson Pike, Chattanooga, 37415"
16538240,1739938523,submitted,Traffic Signals,https://vc0.publicstuff.com/api/2.0/request_view?client_id=1000051&request_id=16538240,"Tue 18 Feb 2025, 11:15PM",35.083992,-85.062034,POINT (-85.062034 35.083992),"There is a very dangerous intersection here in the Ooltewah area, where there is a traffic signal on Lee Hwy for Relocation Way (on the north side) and a Marathon gas station (on the south side). On the south side of Lee Hwy is Reagan Ln, which is an outlet onto Lee Hwy for all traffic coming from Walmart, Taco Bell, etc. However, Reagan Ln comes in just short of the intersection, causing a huge back up of traffic. It is also an unsafe right-turn onto Lee Hwy from Reagan Ln as the signaled intersection comes immediately after making the right turn. It does not make sense to have Relocation Way and the gas station to have their own traffic signal, while Reagan Ln could use the signal to provide safe turns onto Lee Hwy. These intersections should be redesigned soon as this is a terrible design for handling traffic in the growing Ooltewah-Collegedale area.","9206-9212 Lee Hwy, Collegedale, 37363"
16531102,1739813417,completed,Traffic Signals,https://vc0.publicstuff.com/api/2.0/request_view?client_id=1000051&request_id=16531102,"Mon 17 Feb 2025, 12:30PM",35.03853442,-85.15621716,POINT (-85.15621716 35.03853442),The traffic light here is blinking for all directions of travel.,"2204 Hamilton Place Blvd, Chattanooga, 37421"
16529716,1739797888,completed,Traffic Signs,https://vc0.publicstuff.com/api/2.0/request_view?client_id=1000051&request_id=16529716,"Mon 17 Feb 2025, 08:11AM",35.063201169,-85.310477056,POINT (-85.310477056 35.063201169),Stop sign knocked over at Renaissance Park exit,"2-314 Manufacturers Rd, Chattanooga, 37405"
16528155,1739725956,completed,Tree Fallen/Branch,https://vc0.publicstuff.com/api/2.0/request_view?client_id=1000051&request_id=16528155,"Sun 16 Feb 2025, 12:12PM",35.075772,-85.306143,POINT (-85.306143 35.075772),,"1000 Meroney St, Chattanooga, 37405"
16547400,1740149059,in progress,Traffic Signs,https://vc0.publicstuff.com/api/2.0/request_view?client_id=1000051&request_id=16547400,"Fri 21 Feb 2025, 09:44AM",35.006396267,-85.280920277,POINT (-85.280920277 35.006396267),,"3100 8th Ave, Chattanooga, 37407"
16534350,1739891011,completed,Traffic Signs,https://vc0.publicstuff.com/api/2.0/request_view?client_id=1000051&request_id=16534350,"Tue 18 Feb 2025, 10:03AM",35.063361,-85.242402,POINT (-85.242402 35.063361),Stop sign is down. On the corner of Greenwood and N. Crest Rd,"627 N Crest Rd, Chattanooga, 37404"
16531846,1739821398,completed,Traffic Signals,https://vc0.publicstuff.com/api/2.0/request_view?client_id=1000051&request_id=16531846,"Mon 17 Feb 2025, 02:43PM",35.104275,-85.2735645,POINT (-85.2735645 35.104275),I live off of Lupton Drive on the same side as Lupton Drive Baptist Church and the light is not changing to turn left onto Hixson Pike. It's not changing at all.,"Lupton Dr & Hixson Pike, Chattanooga, 37415"
16542288,1740014362,submitted,Traffic Signals,https://vc0.publicstuff.com/api/2.0/request_view?client_id=1000051&request_id=16542288,"Wed 19 Feb 2025, 08:19PM",35.082663,-85.058415,POINT (-85.058415 35.082663),Crosswalk beacons needed at crosswalk on Lee Hwy at intersection with Main Street and Ooltewah Georgetown Road. There are currently push buttons the activate the green light (for car traffic) but looks unsafe since this is a wide road crossing.,"9300-9318 Lee Hwy, Collegedale, 37363"
16530115,1739803440,received,Traffic Signs,https://vc0.publicstuff.com/api/2.0/request_view?client_id=1000051&request_id=16530115,"Mon 17 Feb 2025, 09:44AM",35.031575534,-85.263915224,POINT (-85.263915224 35.031575534),"INSTALL
(IN SIDEWALK)
NO LEFT TURN
(R3-2 24""x24"")
Located 78' from McCallie Ave
on Southbound Dodds Ave

RELOCATE AND REPLACE
(BAND TO WOODEN UTILITY POLE with U-CHANNEL AT 8 FT)
TO
McCallie Ave Tunnel
and
Brainerd Rd
UP/RIGHT ARROW
(D1-1 48""x36"")
Located at 301 Dodds Ave
Southbound

REPLACE and RELOCATE
(TO LOCATION WHERE EXISTING U-CHANNEL POST IS)
HWY 11 and HWY 64 SIGNS
(M1-4)
RIGHT ARROWS (x2)
(M6-1R 21""x15"")
NORTH AND EAST SIGNS 
(M3-1 and M3-2 (24""x12"")
(SEE IMAGE)
Located at 298 Dodds Ave
Northbound","300 Dodds Ave, Chattanooga, 37404"
16536559,1739909882,completed,Traffic Signs,https://vc0.publicstuff.com/api/2.0/request_view?client_id=1000051&request_id=16536559,"Tue 18 Feb 2025, 03:18PM",35.130910794,-85.223539561,POINT (-85.223539561 35.130910794),The street marker sign on the corner of Bryant Rd and Hamill Rd has been hit and is leaning and Caller also states the fire hydrant beside of it must have gotten hit too because it is leaning but not leaking,"2700 Bryant Rd, Chattanooga, 37343"
16535866,1739904179,received,Traffic Signs,https://vc0.publicstuff.com/api/2.0/request_view?client_id=1000051&request_id=16535866,"Tue 18 Feb 2025, 01:42PM",35.031416051,-85.292281517,POINT (-85.292281517 35.031416051),"INSTALL
NO PARKING TO CORNER
(R-NS-006 12""x18"")
Located 35' from Top St
on Westbound E 14th St

INSTALL
(AT AN ANGLE)
NO PARKING ANYTIME (DOUBLE ARROW)
(R7-1 L&R 12""x18"")
Located 40' from Top St
on Westbound E 14th St

INSTALL
NO PARKING TO CORNER
(R-NS-006 12""x18"")
Located 40' from Top St
on Eastbound E 14th St

INSTALL
(ON UTILITY POLE AT AN ANGLE)
NO PARKING ANYTIME (DOUBLE ARROW)
(R7-1 L&R 12""x18"")
Located at 1020 E 14th St
Westbound

REPLACE 
NO PARKING TO CORNER
with
NO PARKING TO CORNER (RIGHT ARROW)
Located at 1103 E 14th St
Eastbound","1100 E 14th St, Chattanooga, 37408"
16529715,1739797874,in progress,Traffic Signs,https://vc0.publicstuff.com/api/2.0/request_view?client_id=1000051&request_id=16529715,"Mon 17 Feb 2025, 08:11AM",35.062376838,-85.176667781,POINT (-85.176667781 35.062376838),"INSTALL
(ABOVE OBJECT MARKER)
WEIGHT LIMIT
(BOX TRUCK SYMBOL) 40T
(3 AXLE TRUCK SYMBOL) 40T
(R12-1 24""x30"")
Located at 7401 Noah Reid Rd
Soutbound","7400 Noah Reid Rd, Chattanooga, 37421"
16547719,1740152932,submitted,Traffic Signs,https://vc0.publicstuff.com/api/2.0/request_view?client_id=1000051&request_id=16547719,"Fri 21 Feb 2025, 10:48AM",35.050447387,-85.242771541,POINT (-85.242771541 35.050447387),"Citizen states there is a blind hill between the 1300 and 1400 block of Greenwood Rd. She wants a blind drive way sign installed because they cannot see when leaving their drive way, pulling out onto the rd. She states a sign like that was put on the other end of the street, near the tunnel.","1420 Greenwood Rd, Chattanooga, 37411"
16541604,1740002971,submitted,Traffic Signs,https://vc0.publicstuff.com/api/2.0/request_view?client_id=1000051&request_id=16541604,"Wed 19 Feb 2025, 05:09PM",35.07051719,-85.3065045,POINT (-85.3065045 35.07051719),This area is where the neighborhood children play and becomes more congested each day with all the new houses being built. People speed through here as a cross street to Dallas road.  A three way stop here will defiantly prevent many future wrecks and a possible tragedy in the future.,"Franklin St, Chattanooga, 37405"
16534639,1739893644,in progress,Tree Fallen/Branch,https://vc0.publicstuff.com/api/2.0/request_view?client_id=1000051&request_id=16534639,"Tue 18 Feb 2025, 10:47AM",35.132648,-85.194293,POINT (-85.194293 35.132648),Tree stump uprooted into ditch blocking water flow. Please remove (and clear all leaves if possible,"6510 Big Ridge Rd, Chattanooga, 37343"
16528386,1739731600,completed,Tree Fallen/Branch,https://vc0.publicstuff.com/api/2.0/request_view?client_id=1000051&request_id=16528386,"Sun 16 Feb 2025, 01:46PM",35.051467,-85.268677,POINT (-85.268677 35.051467),Tree fell into my fence and into the back yard. Damaging the fence.,"1117 Sheridan Ave, Chattanooga, 37406"
16531730,1739820017,received,Traffic Signs,https://vc0.publicstuff.com/api/2.0/request_view?client_id=1000051&request_id=16531730,"Mon 17 Feb 2025, 02:20PM",35.017933405,-85.323634918,POINT (-85.323634918 35.017933405),,"3289 St Elmo Ave, Chattanooga, 37408"
