id,timestamp,status,type,url,created,latitude,longitude,location,description,address
16473606,1738333292,completed,Traffic Signals,https://vc0.publicstuff.com/api/2.0/request_view?client_id=1000051&request_id=16473606,"Fri 31 Jan 2025, 09:21AM",35.032254784,-85.296948044,POINT (-85.296948044 35.032254784),red light at the intersection of E Main St and Central Ave the left turn signal timing is off and doesn't last more than a sec or two.,"825 E Main St, Chattanooga, 37408"
16478873,1738503239,completed,Traffic Signals,https://vc0.publicstuff.com/api/2.0/request_view?client_id=1000051&request_id=16478873,"Sun 02 Feb 2025, 08:33AM",35.123830369,-85.239506476,POINT (-85.239506476 35.123830369),Traffic light malfunction. The light is not giving a left turn signal or green light going across 153 on Hamill towards Mapco. It is only giving a right turn signal.,"5150-5298 Highway 153, Chattanooga, 37343"
16481005,1738588486,submitted,Tree Fallen/Branch,https://vc0.publicstuff.com/api/2.0/request_view?client_id=1000051&request_id=16481005,"Mon 03 Feb 2025, 08:14AM",35.036581746,-85.30742199,POINT (-85.30742199 35.036581746),"Large piece of debris in a tree in front of address. Was sent to code enforcement but will need to go to city wide services so they can use a bucket truck/ladders to remove. 
Original complaint:
""There is a large piece of debris in a tree. I have reported it once before and it said the issue was resolved but it was not.""","1467 Market St, Chattanooga, 37402"
16495961,1738860147,submitted,Traffic Signs,https://vc0.publicstuff.com/api/2.0/request_view?client_id=1000051&request_id=16495961,"Thu 06 Feb 2025, 11:42AM",35.031575534,-85.263915224,POINT (-85.263915224 35.031575534),"citizen states once you go under the bridge on Dodds Rd coming from from Glenwood Dr cars are turning left to go up the ramp tp get on Mccallie Ave. citizens states cars are not to turn left there and this is going to cause a wreck, he states that some needs to be put up to stop cars be able to turn left there.","300 Dodds Ave, Chattanooga, 37404"
16496419,1738864320,completed,Traffic Signals,https://vc0.publicstuff.com/api/2.0/request_view?client_id=1000051&request_id=16496419,"Thu 06 Feb 2025, 12:52PM",35.060276321,-85.138832218,POINT (-85.138832218 35.060276321),,"2900 Silverdale Rd, Chattanooga, 37421"
16487630,1738691731,in progress,Traffic Signs,https://vc0.publicstuff.com/api/2.0/request_view?client_id=1000051&request_id=16487630,"Tue 04 Feb 2025, 12:55PM",35.015370892,-85.199721469,POINT (-85.199721469 35.015370892),"INSTALL
(KNOCK DOWN)
STOP
(R1-1 30""x30"")
Located 11' from Bass Rd
on Southbound Anderson Dr

REPLACE
STREET NAME MARKERS
(D3 ?""x10"")
Anderson Dr 100 (x2)
E Brainerd Rd 6100 (x2)

REPLACE
STREET NAME MARKERS
(D3 ?""x10"")
Old Birds Mill Rd 100 (x2)
E Brainerd Rd 6000 (x2)","Anderson Dr, Chattanooga, 37421"
16492931,1738784180,received,Traffic Signs,https://vc0.publicstuff.com/api/2.0/request_view?client_id=1000051&request_id=16492931,"Wed 05 Feb 2025, 02:36PM",35.035580559,-85.235495792,POINT (-85.235495792 35.035580559),"REINSTALL
HILL BLOCKS VIEW
(W7-6 30""x30"")
and
ADVISORY SPEED 15
(W13-1 18""x18"")
Located 30' from Cross St
on NE bound Aubrey Ave

INSTALL
STOP
(R1-1 30""x30"")
Located 11' from Cross St
on SW bound Aubrey Ave","802 Aubrey Ave, Chattanooga, 37411"
16473823,1738336038,in progress,Tree Fallen/Branch,https://vc0.publicstuff.com/api/2.0/request_view?client_id=1000051&request_id=16473823,"Fri 31 Jan 2025, 10:07AM",35.092606,-85.290819,POINT (-85.290819 35.092606),Fallen tree suspended over roadway,"2600-2898 Crestwood Ave, Chattanooga, 37415"
16479005,1738509709,submitted,Traffic Signals,https://vc0.publicstuff.com/api/2.0/request_view?client_id=1000051&request_id=16479005,"Sun 02 Feb 2025, 10:21AM",35.040308182,-85.270559583,POINT (-85.270559583 35.040308182),Left-only turn signals on East 3rd Street at North orchard knob wasting thousands of people's time,"2000 E 3rd St, Chattanooga, 37404"
16493860,1738794265,submitted,Traffic Signals,https://vc0.publicstuff.com/api/2.0/request_view?client_id=1000051&request_id=16493860,"Wed 05 Feb 2025, 05:24PM",35.026663,-85.245104,POINT (-85.245104 35.026663),Traffic backs up on Brainerd road all the way to Montview at rush hour 5-5:30 PM. Light timing is so bad only 6-7 cars get through. Im waiting 10 mins at this intersection sometimes.,"199-199 N Germantown Rd, Chattanooga, 37411"
16480669,1738554009,completed,Tree Fallen/Branch,https://vc0.publicstuff.com/api/2.0/request_view?client_id=1000051&request_id=16480669,"Sun 02 Feb 2025, 10:40PM",35.010027,-85.297776,POINT (-85.297776 35.010027),The fallen branch knocked down the street light as well.,"2801-2849 Clifton Ter, Chattanooga, 37407"
16484618,1738619660,completed,Traffic Signs,https://vc0.publicstuff.com/api/2.0/request_view?client_id=1000051&request_id=16484618,"Mon 03 Feb 2025, 04:54PM",35.069486704,-85.289230995,POINT (-85.289230995 35.069486704),"There is a utility work ahead sign that was left on Falmouth Rd near Lexington St a couple of weeks ago, not sure if its yours","1300 Falmouth Rd, Chattanooga, 37405"
16473968,1738337870,submitted,Tree Fallen/Branch,https://vc0.publicstuff.com/api/2.0/request_view?client_id=1000051&request_id=16473968,"Fri 31 Jan 2025, 10:37AM",35.013925462,-85.271408087,POINT (-85.271408087 35.013925462),Trees branches are over the road and the vines continually grow long enough to hit cars. Trees are dead due to ivy.,"15th Ave, Chattanooga, 37404"
16489263,1738705941,completed,Tree Problem,https://vc0.publicstuff.com/api/2.0/request_view?client_id=1000051&request_id=16489263,"Tue 04 Feb 2025, 04:52PM",35.025152704,-85.132311478,POINT (-85.132311478 35.025152704),"Overgrown tree is actually located directly behind our neighbors home, but the tree is leaning against our fence and growing over on our roof.  Insists it is on City Property, i have checked GIS there is no separation of properties  From Text","8027 Hamilton Mill Dr, Chattanooga, 37421"
16494911,1738845919,received,Traffic Signs,https://vc0.publicstuff.com/api/2.0/request_view?client_id=1000051&request_id=16494911,"Thu 06 Feb 2025, 07:45AM",35.026698416,-85.273033685,POINT (-85.273033685 35.026698416),"INSTALL
STOP
(R1-1 30""x30"")
and
NEW PLAQUE
MOVE and REPLACE
(ABOVE STOP SIGN)
STREET NAME MARKERS
(D3 ?""x8"")
E 12th St 2200 (x2)
S Lyerly St 1100 (x2)
Located 14' from E 12th St
on Southbound S Lyerly St

INSTALL
STOP
(R1-1 30""x30"")
and
NEW PLAQUE
INSTALL
(ABOVE STOP SIGN)
STREET NAME MARKERS
(D3 ?""x8"")
E 12th St 2300 (x2)
S Lyerly St 1200 (x2)
Located 14' from E 12th St
on Northbound S Lyerly St

INSTALL
(BELOW ALL STOP SIGNS)
ALLWAY
(R1-3p 24""x9"") (x4)

INSTALL
(ON LAMP POLE)
STOP AHEAD
(W3-1 30""x30"")
and
NEW PLAQUE
Located at 1149 S Lyerly St
Southbound

INSTALL
(ON UTILITY POLE)
STOP AHEAD
(W3-1 20""x30"")
and
NEW PLAQUE
Located at 1218 S Lyerly St
Northbound","1199 S Lyerly St, Chattanooga, 37404"
16483668,1738612092,submitted,Traffic Signals,https://vc0.publicstuff.com/api/2.0/request_view?client_id=1000051&request_id=16483668,"Mon 03 Feb 2025, 02:48PM",35.032672543,-85.263274079,POINT (-85.263274079 35.032672543),,"2600 Oak St, Chattanooga, 37404"
16479176,1738516043,completed,Tree Problem,https://vc0.publicstuff.com/api/2.0/request_view?client_id=1000051&request_id=16479176,"Sun 02 Feb 2025, 12:07PM",35.015394129,-85.326366797,POINT (-85.326366797 35.015394129),This tree is leaning into Greenway and poses a hazard to runners and cyclists. In the winter the branches are hardly visible until you're right on top of it.,"3501-3699 St Elmo Ave, Chattanooga, 37409"
16476040,1738360480,submitted,Tree Problem,https://vc0.publicstuff.com/api/2.0/request_view?client_id=1000051&request_id=16476040,"Fri 31 Jan 2025, 04:54PM",35.051949632,-85.298984655,POINT (-85.298984655 35.051949632),"There are Bradford pear trees at the entrance to the parking garages at 733 & 737 Battery Place that need removed.
The roots have caused the concrete to buckle and cause a trip hazard at the entrance. This area is also designated as city property.

At the least, the trees need trimmed back out of the lines.","733 Battery Pl, Chattanooga, 37403"
16489629,1738710868,submitted,Tree Fallen/Branch,https://vc0.publicstuff.com/api/2.0/request_view?client_id=1000051&request_id=16489629,"Tue 04 Feb 2025, 06:14PM",35.077683468,-85.301062502,POINT (-85.301062502 35.077683468),A tree broke and is being held up by another tree. This is right on the sidewalk across from normal Park upper in a high traffic area. It is located right at utility pole H5 116.,"1208-1298 W Mississippi Ave, Chattanooga, 37405"
16488476,1738698869,completed,Traffic Signs,https://vc0.publicstuff.com/api/2.0/request_view?client_id=1000051&request_id=16488476,"Tue 04 Feb 2025, 02:54PM",35.023740029,-85.168112971,POINT (-85.168112971 35.023740029),,"1703 Estrellita Cir, Chattanooga, 37421"
16482473,1738601683,completed,Traffic Signals,https://vc0.publicstuff.com/api/2.0/request_view?client_id=1000051&request_id=16482473,"Mon 03 Feb 2025, 11:54AM",35.095893394,-85.328162527,POINT (-85.328162527 35.095893394),"I tried to send this through the website, however, it would not let me submit it.  There is a traffic light malfunction at the intersection of Pineville Road and Signal Mountain Road.  

It appears there is a malfunction with the sensor in the road for westbound traffic turning left from Signal Mountain Road onto Pineville Road.  Most of the time there is no vehicle waiting, but the signal stops all eastbound traffic to allow this vehicle a green arrow to turn left onto Pineville Road.  The eastbound traffic can back up quite heavily with the high volume of vehicles trying to get on the 27S onramp.  Late at night, traffic can be stopped for a long time with no one turning.  It has been this way for several months.","Signal Mountain Rd, Chattanooga, 37405"
16495507,1738855140,submitted,Tree Fallen/Branch,https://vc0.publicstuff.com/api/2.0/request_view?client_id=1000051&request_id=16495507,"Thu 06 Feb 2025, 10:19AM",35.026184,-85.252268,POINT (-85.252268 35.026184),Tree has fallen and is leaning on cable or power lines off Rosemont Dr,"3300-3398 Rosemont Dr, Chattanooga, 37411"
16480094,1738533011,submitted,Tree Problem,https://vc0.publicstuff.com/api/2.0/request_view?client_id=1000051&request_id=16480094,"Sun 02 Feb 2025, 04:50PM",35.104726079,-85.275419462,POINT (-85.275419462 35.104726079),a tree fell from what I believe is public land and destroyed my fence. the tree is between two properties,"854 Lupton Dr, Chattanooga, 37415"
16491076,1738765695,received,Traffic Signs,https://vc0.publicstuff.com/api/2.0/request_view?client_id=1000051&request_id=16491076,"Wed 05 Feb 2025, 09:28AM",35.06168095,-85.304808407,POINT (-85.304808407 35.06168095),"INSTALL
(AT 7FT)
PEDESTRIAN TRAFFIC
(W11-2 30""x30"")
and
DOWNWARD DIAGONAL ARROW (LEFT)
(W16-7pL 24""x12"")
Located ?' from Forest Ave
on Eastbound Frazier Ave

INSTALL
(ON UTILITY POLE AT 7 FT)
PEDESTRIAN TRAFFIC
(W11-2 30""x30"")
and
DOWNWARD DIAGONAL ARROW (LEFT)
(W16-7pL 24""x12"")
Located at the intersection of Delmont St
and Westbound Frazier Ave

INSTALL
(ABOVE NO PARKING ANYTIME AT 7 FT)
PEDESTRIAN TRAFFIC
(W11-2 30""x30"")
Located at 417 Frazier Ave
Eastbound

INSTALL
(BELOW STOP SIGN)
2-WAY BICYCLE 
CROSS TRAFFIC
(W16-21p 30""x18"")
(THIS IS A NEW SIGN IN THE MUTCD)
Located at the intersection of Frazier Ave
and Northbound Tampa St","400 Frazier Ave, Chattanooga, 37405"
16476349,1738365759,completed,Traffic Signs,https://vc0.publicstuff.com/api/2.0/request_view?client_id=1000051&request_id=16476349,"Fri 31 Jan 2025, 06:22PM",35.108795379,-85.277290758,POINT (-85.277290758 35.108795379),,"Intermont Rd, Chattanooga, 37415"
16487757,1738693083,received,Traffic Signs,https://vc0.publicstuff.com/api/2.0/request_view?client_id=1000051&request_id=16487757,"Tue 04 Feb 2025, 01:18PM",35.010131919,-85.221138297,POINT (-85.221138297 35.010131919),"REPLACE
STREET NAME MARKERS
(D3 ?""x12"")
Pisgah Ave 000 (x2)
Brainerd Rd 5500 (x2)

REPLACE
STREET NAME MARKERS
(D3 ?""x12"")
Hunt Ave 000 (x2)
Brainerd Rd 5300 (x2)","5400 Brainerd Rd, Chattanooga, 37411"
