id,timestamp,status,type,url,created,latitude,longitude,location,description,address
16609928,1741608096,received,Traffic Signs,https://vc0.publicstuff.com/api/2.0/request_view?client_id=1000051&request_id=16609928,"Mon 10 Mar 2025, 08:01AM",35.033689,-85.308194,POINT (-85.308194 35.033689),,"1701-1799 Underwood St, Chattanooga, 37408"
16615229,1741671126,completed,Tree Problem,https://vc0.publicstuff.com/api/2.0/request_view?client_id=1000051&request_id=16615229,"Tue 11 Mar 2025, 01:32AM",35.043869,-85.297886,POINT (-85.297886 35.043869),"On the stretch of the little greenway path between McCallie Ave and E 8th St, there is the most perfect, circular, tree mound however, there is no tree :( The alarming lack of tree on this mound undoubtedly leaves a void in the hearts of all passersby. Adding a tree to this mound will significantly increase quality of life and happiness for all Chattanooga residents who observe it.","801-899 E 8th St, Chattanooga, 37403"
16617760,1741717272,completed,Traffic Signs,https://vc0.publicstuff.com/api/2.0/request_view?client_id=1000051&request_id=16617760,"Tue 11 Mar 2025, 02:21PM",34.993273679,-85.317181279,POINT (-85.317181279 34.993273679),,"5000 Central Ave, Chattanooga, 37410"
16631329,1741973532,in progress,Traffic Signs,https://vc0.publicstuff.com/api/2.0/request_view?client_id=1000051&request_id=16631329,"Fri 14 Mar 2025, 01:32PM",35.073801175,-85.211335517,POINT (-85.211335517 35.073801175),Butterfly Dr & Arrow Rock Rd,"4300 Butterfly Dr, Chattanooga, 37406"
16621744,1741796063,completed,Traffic Signals,https://vc0.publicstuff.com/api/2.0/request_view?client_id=1000051&request_id=16621744,"Wed 12 Mar 2025, 12:14PM",35.149661702,-85.207344546,POINT (-85.207344546 35.149661702),,"5933 Hixson Pike, Chattanooga, 37343"
16628037,1741896363,submitted,Traffic Signals,https://vc0.publicstuff.com/api/2.0/request_view?client_id=1000051&request_id=16628037,"Thu 13 Mar 2025, 04:06PM",35.141823,-85.248738,POINT (-85.248738 35.141823),"Driving north on 153 turning left unto Gadd Rd, it turns yellow after 2 cars go through (Turning left on Prime Imaging)","Gadd Rd & Highway 153, Chattanooga, 37343"
16622104,1741799503,in progress,Traffic Signs,https://vc0.publicstuff.com/api/2.0/request_view?client_id=1000051&request_id=16622104,"Wed 12 Mar 2025, 01:11PM",35.073108,-85.2092955,POINT (-85.2092955 35.073108),,"Arrowrock Rd & Butterfly Dr, Chattanooga, 37406"
16620231,1741777242,completed,Traffic Signals,https://vc0.publicstuff.com/api/2.0/request_view?client_id=1000051&request_id=16620231,"Wed 12 Mar 2025, 07:00AM",35.055684,-85.3097445,POINT (-85.3097445 35.055684),Turn signal to correct angle,"Market St & E 1st St, Chattanooga, 37402"
16621208,1741790965,completed,Traffic Signs,https://vc0.publicstuff.com/api/2.0/request_view?client_id=1000051&request_id=16621208,"Wed 12 Mar 2025, 10:49AM",35.006491574,-85.219318982,POINT (-85.219318982 35.006491574),"They have ran over a stop sign and the pole is pointed toward traffic, it is lending and it is at the blind spot","400 Spring Creek Rd, Chattanooga, 37411"
16635287,1742134682,submitted,Tree Fallen/Branch,https://vc0.publicstuff.com/api/2.0/request_view?client_id=1000051&request_id=16635287,"Sun 16 Mar 2025, 10:18AM",35.032688,-85.386772,POINT (-85.386772 35.032688),,"4501-4599 Raccoon Mountain Rd, Chattanooga, 37419"
16623981,1741815467,submitted,Traffic Signals,https://vc0.publicstuff.com/api/2.0/request_view?client_id=1000051&request_id=16623981,"Wed 12 Mar 2025, 05:37PM",35.077797697,-85.206802218,POINT (-85.206802218 35.077797697),Caution light at Bonnie Oaks and Light foot Mill Rd to be changed to a red light.,"4400 Bonny Oaks Dr, Chattanooga, 37416"
16610029,1741609601,received,Traffic Signs,https://vc0.publicstuff.com/api/2.0/request_view?client_id=1000051&request_id=16610029,"Mon 10 Mar 2025, 08:26AM",35.060585621,-85.301807296,POINT (-85.301807296 35.060585621),"INSTALL
(OVERHEAD ON SPAN WIRE)
(DOUBLE SIDED)
LEFT TURNING VEHICLES YIELD TO PEDESTRIAN AND BIKES
and
RIGHT TURNING VEHICLES YIELD TO PEDESTRIAN AND BIKES
(R10-15 30""x30"")

INSTALL
(ON SPANWIRE)
OVERHEAD STREET NAME MARKER (ONE SIDED)
(D3-1a ?""x18"")
Georgia Ave 300 (RIGHT ARROW)
Located at the intersection of Barton Ave
and Eastbound Frazier Ave

REPLACE AND ENLARGE
(ON SPAN WIRE)
NO LEFT TURN
(R3-2 30""x30"")

REPLACE/ MOVE
(ON SPAN WIRE)
(ADJUST TO THE LEFT 6 FEET)
OVERHEAD STREET NAME MARKER (DOUBLE SIDED)
(D3 ?""x18"")
Frazier Ave 400 (RIGHT ARROW)
(LEFT ARROW) Frazier Ave 400","500 Frazier Ave, Chattanooga, 37405"
16615369,1741693339,received,Traffic Signs,https://vc0.publicstuff.com/api/2.0/request_view?client_id=1000051&request_id=16615369,"Tue 11 Mar 2025, 07:42AM",35.070388428,-85.310971621,POINT (-85.310971621 35.070388428),"INSTALL
CROSSROAD INTERSECTION
(W2-1 30""x30"")
and
ADVISORY SPEED 15
(W13-1p 18""x18"")
Located 230' from Snow St
on Eastbound Chambliss St","205 Chambliss St, Chattanooga, 37405"
16623700,1741812759,completed,Traffic Signs,https://vc0.publicstuff.com/api/2.0/request_view?client_id=1000051&request_id=16623700,"Wed 12 Mar 2025, 04:52PM",35.085860586,-85.184183807,POINT (-85.184183807 35.085860586),"Caller would like for the dead end street sign on Terra Vista Dr at Jersey Pike to be replaced with a different sign such as, No Through street or No Outlet.","4622 Terra Vista Dr, Chattanooga, 37416"
16630205,1741961852,submitted,Traffic Signs,https://vc0.publicstuff.com/api/2.0/request_view?client_id=1000051&request_id=16630205,"Fri 14 Mar 2025, 10:17AM",35.051369,-85.31083,POINT (-85.31083 35.051369),Is there anyway a No parking in bike lane sign could be put under this pay parking sign? To combat the missing curbs.,"401-499 Broad St, Chattanooga, 37402"
16621220,1741791058,completed,Traffic Signs,https://vc0.publicstuff.com/api/2.0/request_view?client_id=1000051&request_id=16621220,"Wed 12 Mar 2025, 10:50AM",35.023318309,-85.365217747,POINT (-85.365217747 35.023318309),"Angel Shipley via chattanooga.gov 
9:08AM (1 hour ago)
to 311

We live in Lookout Valley.. so to get on free way 24 east bound . There is a yield sign coming like from McDonald's to get on Freeway.  Everyone pretty much runs the yield sign ..
Where if we are coming from QT to get on free way , we have the right to get on with out yielding 24 EAST  without yielding .

There has  been wrecks .there ,  I've almost been hit  even by semi trucks , cars  that don't or won't yield ..    it's just not us , it's a lot of people that almost hit or did get hit because someone did not yield. 

Can they put a stop sign or something up .. coming from the McDonald's side .. because they are not yielding ..
My husband and my 14 year old grandson was almost hit there yesterday because a truck did not yield.  
We need something done about it","150 Browns Ferry Rd, Chattanooga, 37419"
16626258,1741879965,in progress,Traffic Signs,https://vc0.publicstuff.com/api/2.0/request_view?client_id=1000051&request_id=16626258,"Thu 13 Mar 2025, 11:32AM",35.015545803,-85.163603057,POINT (-85.163603057 35.015545803),"1417 Gunbarrel and 7357  E Brainerd Rd
 turning left onto Gunbarrel","1417 Gunbarrel Rd, Chattanooga, 37421"
16617552,1741715249,in progress,Traffic Signs,https://vc0.publicstuff.com/api/2.0/request_view?client_id=1000051&request_id=16617552,"Tue 11 Mar 2025, 01:47PM",35.027956938,-85.284098764,POINT (-85.284098764 35.027956938),"INSTALL
STOP
(R1-1 30""x30"")
and
NEW PLATE
Located 16' from E 14th St
on Southbound S Holly St

INSTALL
STOP
(R1-1 30""x30"")
and
NEW PLATE
Located 16' from E 14th St
on Northbound S Holly St

INSTALL
(BELOW ALL 4 STOP SIGNS)
ALLWAY (x4)
(R1-3 24""x9"")

INSTALL
(ON UTILITY POLE)
STOP AHEAD
(W3-1 30""x30"")
and
NEW PLATE
Located at 1453 S Holly St
Northbound

INSTALL
(ON UTILITY POLE)
STOP AHEAD
(W3-1 30""x30"")
and
NEW PLATE
Located at 1365 S Holly St
Southbound

INSTALL
(ON UTILITY POLE)
NEW TRAFFIC PATTERN AHEAD
(W23-2 30""x30"")
Located at 1508 E 14th St
Eastbound","1453 S Holly St, Chattanooga, 37404"
16620170,1741758427,completed,Traffic Signals,https://vc0.publicstuff.com/api/2.0/request_view?client_id=1000051&request_id=16620170,"Wed 12 Mar 2025, 01:47AM",35.149661702,-85.207344546,POINT (-85.207344546 35.149661702),,"5933 Hixson Pike, Chattanooga, 37343"
16630965,1741970112,received,Traffic Signs,https://vc0.publicstuff.com/api/2.0/request_view?client_id=1000051&request_id=16630965,"Fri 14 Mar 2025, 12:35PM",35.0145,-85.325193,POINT (-85.325193 35.0145),"on TN ave at broad st, there is a hanging traffic sign that says 'No Turn on Red.   The sign is swiveling in the wind and it confusing. Something needs to be done to stabilize the sign so that it doesn't swivel.","Tennessee Ave & Broad St, Chattanooga, 37409"
16611690,1741623536,submitted,Tree Fallen/Branch,https://vc0.publicstuff.com/api/2.0/request_view?client_id=1000051&request_id=16611690,"Mon 10 Mar 2025, 12:18PM",35.042846704,-85.222316018,POINT (-85.222316018 35.042846704),"On the riverwalk trestle near shallowford rd. From Shallowford Road through a neighborhood and enter the newly completed boardwalk. Just before the new area ends, the tree is there.","4000 Shallowford Rd, Chattanooga, 37411"
16626181,1741879360,submitted,Tree Problem,https://vc0.publicstuff.com/api/2.0/request_view?client_id=1000051&request_id=16626181,"Thu 13 Mar 2025, 11:22AM",35.052186784,-85.164459365,POINT (-85.164459365 35.052186784),"back of property ( on Hickory Valley Road ) tree fell during storm and was taken away . Citizen is asking of new tree will be planted - she is concerned with people being able to see in her home, and the noise of traffic . Needs to know the rules - if she can plant if so what type are allowed .","6761 Hickory Brook Rd, Chattanooga, 37421"
16626316,1741880417,submitted,Traffic Signs,https://vc0.publicstuff.com/api/2.0/request_view?client_id=1000051&request_id=16626316,"Thu 13 Mar 2025, 11:40AM",35.089717334,-85.193105822,POINT (-85.193105822 35.089717334),"The caller reports ongoing dumping in this wooded area and requests the installation of a ""No Dumping"" sign to help prevent it.","4600 Murray Lake Ln, Chattanooga, 37416"
16635204,1742130236,submitted,Tree Fallen/Branch,https://vc0.publicstuff.com/api/2.0/request_view?client_id=1000051&request_id=16635204,"Sun 16 Mar 2025, 09:03AM",35.0766,-85.240311,POINT (-85.240311 35.0766),,"3501-3529 E Crest Dr, Chattanooga, 37406"
16620534,1741783336,received,Traffic Signs,https://vc0.publicstuff.com/api/2.0/request_view?client_id=1000051&request_id=16620534,"Wed 12 Mar 2025, 08:42AM",35.061132299,-85.303276893,POINT (-85.303276893 35.061132299),"REMOVE NO PARKING TO CORNER
ANGLE POST 
AND
INSTALL
NO PARKING ANYTIME (RIGHT ARROW)
(R7-1R 12""x18"")
Located at 440 Frazier Ave
Eastbound

REMOVE NO PARKING ANYTIME AND POST
Located at 98 Fehn St
Southbound","440 Frazier Ave, Chattanooga, 37405"
16621638,1741795021,submitted,Traffic Signs,https://vc0.publicstuff.com/api/2.0/request_view?client_id=1000051&request_id=16621638,"Wed 12 Mar 2025, 11:57AM",35.072689556,-85.20649579,POINT (-85.20649579 35.072689556),NO TRUCK SIGN,"3917 Lightfoot Mill Rd, Chattanooga, 37406"
16635175,1742128424,completed,Traffic Signals,https://vc0.publicstuff.com/api/2.0/request_view?client_id=1000051&request_id=16635175,"Sun 16 Mar 2025, 08:33AM",35.075693,-85.149617,POINT (-85.149617 35.075693),Railroad crossing is blocking road with no train coming,"6989 Discovery Dr, Chattanooga, 37416"
16622333,1741801284,submitted,Tree Problem,https://vc0.publicstuff.com/api/2.0/request_view?client_id=1000051&request_id=16622333,"Wed 12 Mar 2025, 01:41PM",35.148391489,-85.196760059,POINT (-85.196760059 35.148391489),Caller states there is a tree leaning over the road near this address and he is afraid it's about to fall.,"6820 Big Ridge Rd, Chattanooga, 37343"
16618379,1741722481,completed,Traffic Signals,https://vc0.publicstuff.com/api/2.0/request_view?client_id=1000051&request_id=16618379,"Tue 11 Mar 2025, 03:48PM",35.11164405,-85.2500703,POINT (-85.2500703 35.11164405),Please check the traffic light on North Access Rd. This is the light to enter the Korda plant. The light continues to cycle to red and activate the Left turn arrow even when there is no waiting traffic.,"4501 N Access Rd, Chattanooga, 37415"
16636205,1742162280,submitted,Tree Fallen/Branch,https://vc0.publicstuff.com/api/2.0/request_view?client_id=1000051&request_id=16636205,"Sun 16 Mar 2025, 05:58PM",35.132126376,-85.308330618,POINT (-85.308330618 35.132126376),"There are a couple of small trees that were blown down during the recent storms. They are laying across the grassy area next to the road were local residents like to walk. There are no sidewalks in this area, so people walk the grassy area next to the road daily. The trees force you to have to walk around them and into the street.","4000-4198 Mountain Creek Rd, Chattanooga, 37415"
16617112,1741711584,completed,Traffic Signs,https://vc0.publicstuff.com/api/2.0/request_view?client_id=1000051&request_id=16617112,"Tue 11 Mar 2025, 12:46PM",35.136688278,-85.264015555,POINT (-85.264015555 35.136688278),"I also noticed a pole with a traffic sign in the ditch close to the intersection of Eldridge Road and Delashmitt..not sure if someone hit it, I just noticed its in the ditch.
As i was driving by the sign in the ditch, it was a big yellow traffic sign. i didn't notice anything red.","5100 Delashmitt Rd, Chattanooga, 37343"
16630599,1741966002,submitted,Traffic Signs,https://vc0.publicstuff.com/api/2.0/request_view?client_id=1000051&request_id=16630599,"Fri 14 Mar 2025, 11:26AM",35.046541231,-85.173324228,POINT (-85.173324228 35.046541231),Asking for a stop sign on Riggins Dr  intersecting Mae Dell Rd,"6601 Riggins Dr, Chattanooga, 37421"
16613003,1741633001,completed,Traffic Signals,https://vc0.publicstuff.com/api/2.0/request_view?client_id=1000051&request_id=16613003,"Mon 10 Mar 2025, 02:56PM",35.092210762,-85.257238702,POINT (-85.257238702 35.092210762),Traffic signal in  front of Police Department on Amnicola Hwy.,"Amnicola Hwy, Chattanooga, 37406"
16626512,1741882423,in progress,Traffic Signs,https://vc0.publicstuff.com/api/2.0/request_view?client_id=1000051&request_id=16626512,"Thu 13 Mar 2025, 12:13PM",35.054083604,-85.188808244,POINT (-85.188808244 35.054083604),"Caller states the stop sign  has been down at the end of Chapman Rd, going onto Shallowford Rd, for quite awhile. He would only give me his first name.","6001 Shallowford Rd, Chattanooga, 37421"
16636166,1742161142,submitted,Tree Fallen/Branch,https://vc0.publicstuff.com/api/2.0/request_view?client_id=1000051&request_id=16636166,"Sun 16 Mar 2025, 05:39PM",35.171494,-85.235928,POINT (-85.235928 35.171494),,"306-338 Branch Dr, Chattanooga, 37343"
16621083,1741789931,completed,Traffic Signs,https://vc0.publicstuff.com/api/2.0/request_view?client_id=1000051&request_id=16621083,"Wed 12 Mar 2025, 10:32AM",35.006296276,-85.225964147,POINT (-85.225964147 35.006296276),"Citizen states there was a road closed ahead sign near this address, but it has been knocked down.","313 McBrien Rd, Chattanooga, 37411"
16636555,1742173799,submitted,Tree Fallen/Branch,https://vc0.publicstuff.com/api/2.0/request_view?client_id=1000051&request_id=16636555,"Sun 16 Mar 2025, 09:09PM",35.032835141,-85.3863909,POINT (-85.3863909 35.032835141),"Two trees have fallen and are completely blocking the road. This is a dead end road, we can't get off the mountain any other way","4589 Raccoon Mountain Rd, Chattanooga, 37419"
16620449,1741782102,completed,Traffic Signs,https://vc0.publicstuff.com/api/2.0/request_view?client_id=1000051&request_id=16620449,"Wed 12 Mar 2025, 08:21AM",35.085743239,-85.183828528,POINT (-85.183828528 35.085743239),At the Lake Hills Neighborhood Association meeting tonight a resident requested the Dead End sign on Terra Vista Drive be replaced with a No Outlet sign.,"4600 Terra Vista Dr, Chattanooga, 37416"
16625273,1741869013,in progress,Traffic Signals,https://vc0.publicstuff.com/api/2.0/request_view?client_id=1000051&request_id=16625273,"Thu 13 Mar 2025, 08:30AM",35.037880771,-85.219553995,POINT (-85.219553995 35.037880771),Theres a Circle K Gas Station at that corner intersection light if turning right onto N. Moore Road towards 1st Cumberland Presbyterian Church apologies for not better directions of perpendicular street as was trying to recall exact street number a/w/a block when on way to a tile store.,"1505 N Moore Rd, Chattanooga, 37411"
16618374,1741722460,submitted,Tree Problem,https://vc0.publicstuff.com/api/2.0/request_view?client_id=1000051&request_id=16618374,"Tue 11 Mar 2025, 03:47PM",35.037001862,-85.227404313,POINT (-85.227404313 35.037001862),Citizen states a pine tree is leaning over the street near the 1100 block of Woodmore Ter.,"1100 Woodmore Ter, Chattanooga, 37411"
16631624,1741976623,in progress,Traffic Signs,https://vc0.publicstuff.com/api/2.0/request_view?client_id=1000051&request_id=16631624,"Fri 14 Mar 2025, 02:23PM",35.000051055,-85.317571514,POINT (-85.317571514 35.000051055),"INSTALL
NO PARKING TO CORNER
(R-NS-006 12""x18"")
Located 30' from W 46th St
on Southbound Highland Ave

INSTALL
(AT AN ANGLE)
NO PARKING TO CORNER (RIGHT ARROW)
(R-NS-006R 12""x18"")
Located 30' from W 46th St
on Southbound Highland Ave

INSTALL
NO PARKING TO CORNER
(R-NS-006 12""x18"")
Located 37' from W 46th St
on Northbound Highland Ave

INSTALL
(AT AN ANGLE)
NO PARKING TO CORNER (RIGHT ARROW)
(R-NS-006R 12""x18"")
Located 37' from W 46th St
on Northbound Highland Ave","4600 Highland Ave, Chattanooga, 37410"
16630677,1741966826,completed,Traffic Signs,https://vc0.publicstuff.com/api/2.0/request_view?client_id=1000051&request_id=16630677,"Fri 14 Mar 2025, 11:40AM",35.045833973,-85.301107436,POINT (-85.301107436 35.045833973),There is a continuing problem with cars not stopping for this pedestrian crossing.,"611 McCallie Ave, Chattanooga, 37403"
16622103,1741799502,in progress,Traffic Signs,https://vc0.publicstuff.com/api/2.0/request_view?client_id=1000051&request_id=16622103,"Wed 12 Mar 2025, 01:11PM",35.072199,-85.2092775,POINT (-85.2092775 35.072199),,"Arrowrock Rd & Thunderbird Dr, Chattanooga, 37406"
16621673,1741795279,completed,Traffic Signs,https://vc0.publicstuff.com/api/2.0/request_view?client_id=1000051&request_id=16621673,"Wed 12 Mar 2025, 12:01PM",35.014036602,-85.230966036,POINT (-85.230966036 35.014036602),Road Crossing sign is turned over,"4700 Brainerd Rd, Chattanooga, 37411"
16617341,1741713556,completed,Traffic Signals,https://vc0.publicstuff.com/api/2.0/request_view?client_id=1000051&request_id=16617341,"Tue 11 Mar 2025, 01:19PM",35.081528,-85.264113,POINT (-85.264113 35.081528),Orange light burned out in far right light,"3403-3499 Amnicola Hwy, Chattanooga, 37406"
16627049,1741887509,completed,Traffic Signs,https://vc0.publicstuff.com/api/2.0/request_view?client_id=1000051&request_id=16627049,"Thu 13 Mar 2025, 01:38PM",35.054067738,-85.188669425,POINT (-85.188669425 35.054067738),"Stop sign is on the ground, but pole is still up at Chapman Rd and Shallowford Rd","6003 Shallowford Rd, Chattanooga, 37421"
16625187,1741867357,in progress,Traffic Signs,https://vc0.publicstuff.com/api/2.0/request_view?client_id=1000051&request_id=16625187,"Thu 13 Mar 2025, 08:02AM",35.027320686,-85.281125763,POINT (-85.281125763 35.027320686),"INSTALL
STOP AHEAD
(W3-1 30""x30"")
and
NEW PLATE
Located 205' from E 14th St
on Northbound S Hawthorne St

INSTALL
STOP
(R1-1 30""x30"")
and
NEW PLATE
Located 16' from E 14th St
on Northbound S Hawthorne St

INSTALL
STOP
(R1-1 30""x30"")
and
NEW PLATE
Located 10' from E 14th St
on Southbound S Hawthorne St

INSTALL
NEW TRAFFIC PATTERN AHEAD
(W23-2 30""x30"")
Located 200' from S Hawthorne St
on Westbound E 14th St

INSTALL
(ON UTILITY POLE)
STOP AHEAD
(W3-1 30""x30"")
and
NEW PLATE
Located at 1301 S Hawthorne St
Southbound

INSTALL
(BELOW ALL 4 STOP SIGNS)
ALLWAY
(R1-3 24""x9"") (x4)","1401 S Hawthorne St, Chattanooga, 37404"
16621098,1741790055,completed,Traffic Signs,https://vc0.publicstuff.com/api/2.0/request_view?client_id=1000051&request_id=16621098,"Wed 12 Mar 2025, 10:34AM",35.006104247,-85.226138469,POINT (-85.226138469 35.006104247),"Citizen states there was a road closed ahead sign here, but it is gone. The post is still standing. She states there has been recent road work in the area.","315 McBrien Rd, Chattanooga, 37411"
16614390,1741647143,completed,Traffic Signals,https://vc0.publicstuff.com/api/2.0/request_view?client_id=1000051&request_id=16614390,"Mon 10 Mar 2025, 06:52PM",35.141889678,-85.300647499,POINT (-85.300647499 35.141889678),No,"Mountain Creek Rd, Chattanooga, 37415"
16635771,1742149277,submitted,Tree Fallen/Branch,https://vc0.publicstuff.com/api/2.0/request_view?client_id=1000051&request_id=16635771,"Sun 16 Mar 2025, 02:21PM",35.082354,-85.288552,POINT (-85.288552 35.082354),Tree has fallen across Minnekahda Place. It has not hit the ground yet as it is leaning on a tree on the other side of the road. The street is passable but it could fall anytime,"7 Minnekahda Pl, Chattanooga, 37405"
16620313,1741780105,completed,Traffic Signals,https://vc0.publicstuff.com/api/2.0/request_view?client_id=1000051&request_id=16620313,"Wed 12 Mar 2025, 07:48AM",35.052582846,-85.308518168,POINT (-85.308518168 35.052582846),,"382 Cherry St, Chattanooga, 37403"
