id,timestamp,status,type,url,created,latitude,longitude,location,description,address
16480669,1738554009,completed,Tree Fallen/Branch,https://vc0.publicstuff.com/api/2.0/request_view?client_id=1000051&request_id=16480669,"Sun 02 Feb 2025, 10:40PM",35.010027,-85.297776,POINT (-85.297776 35.010027),The fallen branch knocked down the street light as well.,"2801-2849 Clifton Ter, Chattanooga, 37407"
16488476,1738698869,completed,Traffic Signs,https://vc0.publicstuff.com/api/2.0/request_view?client_id=1000051&request_id=16488476,"Tue 04 Feb 2025, 02:54PM",35.023740029,-85.168112971,POINT (-85.168112971 35.023740029),,"1703 Estrellita Cir, Chattanooga, 37421"
16487630,1738691731,in progress,Traffic Signs,https://vc0.publicstuff.com/api/2.0/request_view?client_id=1000051&request_id=16487630,"Tue 04 Feb 2025, 12:55PM",35.015370892,-85.199721469,POINT (-85.199721469 35.015370892),"INSTALL
(KNOCK DOWN)
STOP
(R1-1 30""x30"")
Located 11' from Bass Rd
on Southbound Anderson Dr

REPLACE
STREET NAME MARKERS
(D3 ?""x10"")
Anderson Dr 100 (x2)
E Brainerd Rd 6100 (x2)

REPLACE
STREET NAME MARKERS
(D3 ?""x10"")
Old Birds Mill Rd 100 (x2)
E Brainerd Rd 6000 (x2)","Anderson Dr, Chattanooga, 37421"
16491076,1738765695,received,Traffic Signs,https://vc0.publicstuff.com/api/2.0/request_view?client_id=1000051&request_id=16491076,"Wed 05 Feb 2025, 09:28AM",35.06168095,-85.304808407,POINT (-85.304808407 35.06168095),"INSTALL
(AT 7FT)
PEDESTRIAN TRAFFIC
(W11-2 30""x30"")
and
DOWNWARD DIAGONAL ARROW (LEFT)
(W16-7pL 24""x12"")
Located ?' from Forest Ave
on Eastbound Frazier Ave

INSTALL
(ON UTILITY POLE AT 7 FT)
PEDESTRIAN TRAFFIC
(W11-2 30""x30"")
and
DOWNWARD DIAGONAL ARROW (LEFT)
(W16-7pL 24""x12"")
Located at the intersection of Delmont St
and Westbound Frazier Ave

INSTALL
(ABOVE NO PARKING ANYTIME AT 7 FT)
PEDESTRIAN TRAFFIC
(W11-2 30""x30"")
Located at 417 Frazier Ave
Eastbound

INSTALL
(BELOW STOP SIGN)
2-WAY BICYCLE 
CROSS TRAFFIC
(W16-21p 30""x18"")
(THIS IS A NEW SIGN IN THE MUTCD)
Located at the intersection of Frazier Ave
and Northbound Tampa St","400 Frazier Ave, Chattanooga, 37405"
16495507,1738855140,submitted,Tree Fallen/Branch,https://vc0.publicstuff.com/api/2.0/request_view?client_id=1000051&request_id=16495507,"Thu 06 Feb 2025, 10:19AM",35.026184,-85.252268,POINT (-85.252268 35.026184),Tree has fallen and is leaning on cable or power lines off Rosemont Dr,"3300-3398 Rosemont Dr, Chattanooga, 37411"
16504989,1739139360,submitted,Tree Problem,https://vc0.publicstuff.com/api/2.0/request_view?client_id=1000051&request_id=16504989,"Sun 09 Feb 2025, 05:16PM",35.114243,-85.256588,POINT (-85.256588 35.114243),A car took out the middle crape myrtle in this island.,"4101-4199 N Access Rd, Chattanooga, 37415"
16498637,1738896553,completed,Traffic Signs,https://vc0.publicstuff.com/api/2.0/request_view?client_id=1000051&request_id=16498637,"Thu 06 Feb 2025, 09:49PM",35.067811924,-85.318378101,POINT (-85.318378101 35.067811924),"Missing stop sign at end of Houser , intersection with Winchester St. Large cargo container in street immediately following turn with no stop, very dangerous!!","Houser St, Chattanooga, 37405"
16500924,1738955983,in progress,Traffic Signs,https://vc0.publicstuff.com/api/2.0/request_view?client_id=1000051&request_id=16500924,"Fri 07 Feb 2025, 02:19PM",35.080304387,-85.301388954,POINT (-85.301388954 35.080304387),"RELOCTATE
YIELD AHEAD
and
ADD 
(ABOVE YIELD AHEAD)
REFLECTIVE ORANGE FLAGS (x2)
Located 507' from Curve St
on Northbound Dallas Rd

RELOCATE/ REPLACE
and
ADD 
(BELOW YIELD)
TRAFFIC FROM LEFT DOES NOT STOP
(W4-4aLP 25""x12"")
Located 78' from Berkley Cir
on Southbound Auburndale Ave

ADD
(BELOW YIELD)
TRAFFIC FROM RIGHT DOES NOT STOP
(W4-4aRP 24""x12"")
Located at 1320 Dallas Rd
Northbound

INSTALL
(ON UTILITY POLE AT 6FT)
CROSSROAD INTERSECTION
(W2-1 30""x30"")
and
ADVISORY SPEED 15
(W13-1p 18""x18"")
Located at 1611 Auburndale Ave
Southbound

REPLACE 
STREET NAME MARKERS
(D3 ?""x10"")
Berkley Cir 1600 (x2)
Auburndale Ave 1600 (x2)","1611 Auburndale Ave, Chattanooga, 37415"
16481005,1738588486,completed,Tree Fallen/Branch,https://vc0.publicstuff.com/api/2.0/request_view?client_id=1000051&request_id=16481005,"Mon 03 Feb 2025, 08:14AM",35.036581746,-85.30742199,POINT (-85.30742199 35.036581746),"Large piece of debris in a tree in front of address. Was sent to code enforcement but will need to go to city wide services so they can use a bucket truck/ladders to remove. 
Original complaint:
""There is a large piece of debris in a tree. I have reported it once before and it said the issue was resolved but it was not.""","1467 Market St, Chattanooga, 37402"
16487757,1738693083,received,Traffic Signs,https://vc0.publicstuff.com/api/2.0/request_view?client_id=1000051&request_id=16487757,"Tue 04 Feb 2025, 01:18PM",35.010131919,-85.221138297,POINT (-85.221138297 35.010131919),"REPLACE
STREET NAME MARKERS
(D3 ?""x12"")
Pisgah Ave 000 (x2)
Brainerd Rd 5500 (x2)

REPLACE
STREET NAME MARKERS
(D3 ?""x12"")
Hunt Ave 000 (x2)
Brainerd Rd 5300 (x2)","5400 Brainerd Rd, Chattanooga, 37411"
16489629,1738710868,submitted,Tree Fallen/Branch,https://vc0.publicstuff.com/api/2.0/request_view?client_id=1000051&request_id=16489629,"Tue 04 Feb 2025, 06:14PM",35.077683468,-85.301062502,POINT (-85.301062502 35.077683468),A tree broke and is being held up by another tree. This is right on the sidewalk across from normal Park upper in a high traffic area. It is located right at utility pole H5 116.,"1208-1298 W Mississippi Ave, Chattanooga, 37405"
16494911,1738845919,received,Traffic Signs,https://vc0.publicstuff.com/api/2.0/request_view?client_id=1000051&request_id=16494911,"Thu 06 Feb 2025, 07:45AM",35.026698416,-85.273033685,POINT (-85.273033685 35.026698416),"INSTALL
STOP
(R1-1 30""x30"")
and
NEW PLAQUE
MOVE and REPLACE
(ABOVE STOP SIGN)
STREET NAME MARKERS
(D3 ?""x8"")
E 12th St 2200 (x2)
S Lyerly St 1100 (x2)
Located 14' from E 12th St
on Southbound S Lyerly St

INSTALL
STOP
(R1-1 30""x30"")
and
NEW PLAQUE
INSTALL
(ABOVE STOP SIGN)
STREET NAME MARKERS
(D3 ?""x8"")
E 12th St 2300 (x2)
S Lyerly St 1200 (x2)
Located 14' from E 12th St
on Northbound S Lyerly St

INSTALL
(BELOW ALL STOP SIGNS)
ALLWAY
(R1-3p 24""x9"") (x4)

INSTALL
(ON LAMP POLE)
STOP AHEAD
(W3-1 30""x30"")
and
NEW PLAQUE
Located at 1149 S Lyerly St
Southbound

INSTALL
(ON UTILITY POLE)
STOP AHEAD
(W3-1 20""x30"")
and
NEW PLAQUE
Located at 1218 S Lyerly St
Northbound","1199 S Lyerly St, Chattanooga, 37404"
16482473,1738601683,completed,Traffic Signals,https://vc0.publicstuff.com/api/2.0/request_view?client_id=1000051&request_id=16482473,"Mon 03 Feb 2025, 11:54AM",35.095893394,-85.328162527,POINT (-85.328162527 35.095893394),"I tried to send this through the website, however, it would not let me submit it.  There is a traffic light malfunction at the intersection of Pineville Road and Signal Mountain Road.  

It appears there is a malfunction with the sensor in the road for westbound traffic turning left from Signal Mountain Road onto Pineville Road.  Most of the time there is no vehicle waiting, but the signal stops all eastbound traffic to allow this vehicle a green arrow to turn left onto Pineville Road.  The eastbound traffic can back up quite heavily with the high volume of vehicles trying to get on the 27S onramp.  Late at night, traffic can be stopped for a long time with no one turning.  It has been this way for several months.","Signal Mountain Rd, Chattanooga, 37405"
16493860,1738794265,submitted,Traffic Signals,https://vc0.publicstuff.com/api/2.0/request_view?client_id=1000051&request_id=16493860,"Wed 05 Feb 2025, 05:24PM",35.026663,-85.245104,POINT (-85.245104 35.026663),Traffic backs up on Brainerd road all the way to Montview at rush hour 5-5:30 PM. Light timing is so bad only 6-7 cars get through. Im waiting 10 mins at this intersection sometimes.,"199-199 N Germantown Rd, Chattanooga, 37411"
16483668,1738612092,submitted,Traffic Signals,https://vc0.publicstuff.com/api/2.0/request_view?client_id=1000051&request_id=16483668,"Mon 03 Feb 2025, 02:48PM",35.032672543,-85.263274079,POINT (-85.263274079 35.032672543),,"2600 Oak St, Chattanooga, 37404"
16499975,1738945894,submitted,Traffic Signs,https://vc0.publicstuff.com/api/2.0/request_view?client_id=1000051&request_id=16499975,"Fri 07 Feb 2025, 11:31AM",35.062843379,-85.15620047,POINT (-85.15620047 35.062843379),Waiting since 2023 for a  street sign that says OHANA WAY per letter from City of Chattanooga Dept of Public Works and Development Resource Center and the Hamilton County Geospatial Technology Dept,"2820 Ohana Way, Chattanooga, 37421"
16496419,1738864320,completed,Traffic Signals,https://vc0.publicstuff.com/api/2.0/request_view?client_id=1000051&request_id=16496419,"Thu 06 Feb 2025, 12:52PM",35.060276321,-85.138832218,POINT (-85.138832218 35.060276321),,"2900 Silverdale Rd, Chattanooga, 37421"
16492931,1738784180,received,Traffic Signs,https://vc0.publicstuff.com/api/2.0/request_view?client_id=1000051&request_id=16492931,"Wed 05 Feb 2025, 02:36PM",35.035580559,-85.235495792,POINT (-85.235495792 35.035580559),"REINSTALL
HILL BLOCKS VIEW
(W7-6 30""x30"")
and
ADVISORY SPEED 15
(W13-1 18""x18"")
Located 30' from Cross St
on NE bound Aubrey Ave

INSTALL
STOP
(R1-1 30""x30"")
Located 11' from Cross St
on SW bound Aubrey Ave","802 Aubrey Ave, Chattanooga, 37411"
16489263,1738705941,completed,Tree Problem,https://vc0.publicstuff.com/api/2.0/request_view?client_id=1000051&request_id=16489263,"Tue 04 Feb 2025, 04:52PM",35.025152704,-85.132311478,POINT (-85.132311478 35.025152704),"Overgrown tree is actually located directly behind our neighbors home, but the tree is leaning against our fence and growing over on our roof.  Insists it is on City Property, i have checked GIS there is no separation of properties  From Text","8027 Hamilton Mill Dr, Chattanooga, 37421"
16500749,1738954252,submitted,Traffic Signs,https://vc0.publicstuff.com/api/2.0/request_view?client_id=1000051&request_id=16500749,"Fri 07 Feb 2025, 01:50PM",35.028287021,-85.363202291,POINT (-85.363202291 35.028287021),"Citizen states that traffic comes off I24 too fast, not allowing traffic on other side of road to drive out into the street. Citizen is requesting the yield sign to be replaced with a stop sign.","234 Browns Ferry Rd, Chattanooga, 37419"
16484618,1738619660,completed,Traffic Signs,https://vc0.publicstuff.com/api/2.0/request_view?client_id=1000051&request_id=16484618,"Mon 03 Feb 2025, 04:54PM",35.069486704,-85.289230995,POINT (-85.289230995 35.069486704),"There is a utility work ahead sign that was left on Falmouth Rd near Lexington St a couple of weeks ago, not sure if its yours","1300 Falmouth Rd, Chattanooga, 37405"
16495961,1738860147,submitted,Traffic Signs,https://vc0.publicstuff.com/api/2.0/request_view?client_id=1000051&request_id=16495961,"Thu 06 Feb 2025, 11:42AM",35.031575534,-85.263915224,POINT (-85.263915224 35.031575534),"citizen states once you go under the bridge on Dodds Rd coming from from Glenwood Dr cars are turning left to go up the ramp tp get on Mccallie Ave. citizens states cars are not to turn left there and this is going to cause a wreck, he states that some needs to be put up to stop cars be able to turn left there.","300 Dodds Ave, Chattanooga, 37404"
