id,timestamp,status,type,url,created,latitude,longitude,location,description,address
16603637,1741369823,completed,Tree Fallen/Branch,https://vc0.publicstuff.com/api/2.0/request_view?client_id=1000051&request_id=16603637,"Fri 07 Mar 2025, 12:50PM",35.07778009,-85.289879394,POINT (-85.289879394 35.07778009),1264 Duane Rd 37405,"1264 Duane Rd, Chattanooga, 37405"
16617112,1741711584,in progress,Traffic Signs,https://vc0.publicstuff.com/api/2.0/request_view?client_id=1000051&request_id=16617112,"Tue 11 Mar 2025, 12:46PM",35.136688278,-85.264015555,POINT (-85.264015555 35.136688278),"I also noticed a pole with a traffic sign in the ditch close to the intersection of Eldridge Road and Delashmitt..not sure if someone hit it, I just noticed its in the ditch.
As i was driving by the sign in the ditch, it was a big yellow traffic sign. i didn't notice anything red.","5100 Delashmitt Rd, Chattanooga, 37343"
16591247,1741155192,completed,Traffic Signals,https://vc0.publicstuff.com/api/2.0/request_view?client_id=1000051&request_id=16591247,"Wed 05 Mar 2025, 01:13AM",35.084685381,-85.198571179,POINT (-85.198571179 35.084685381),Traffic signals arent working in either direction,"4500 Highway 58, Chattanooga, 37416"
16592472,1741183807,completed,Tree Fallen/Branch,https://vc0.publicstuff.com/api/2.0/request_view?client_id=1000051&request_id=16592472,"Wed 05 Mar 2025, 09:10AM",35.039743387,-85.358102017,POINT (-85.358102017 35.039743387),"Caller reports that a tree is down at Plaza Circle, obstructing visibility for drivers leaving the area. It needs to be removed immediately to prevent serious injury.","532 Browns Ferry Rd, Chattanooga, 37419"
16593276,1741188572,submitted,Traffic Signals,https://vc0.publicstuff.com/api/2.0/request_view?client_id=1000051&request_id=16593276,"Wed 05 Mar 2025, 10:29AM",35.140944966,-85.251635533,POINT (-85.251635533 35.140944966),Caller states the traffic signal at the intersection of Gadd and 153 has cycling issues that are not consistent. He states if you are going Eastbound on Gadd Rd the light will be stuck on red for different amount of cycles. He stated on Friday it stayed red for 6 cycles which is causing backups on Gadd Rd. He stated other times it has been from 2-4 cycles,"1015 Gadd Rd, Chattanooga, 37343"
16604410,1741377818,submitted,Tree Fallen/Branch,https://vc0.publicstuff.com/api/2.0/request_view?client_id=1000051&request_id=16604410,"Fri 07 Mar 2025, 03:03PM",35.073389699,-85.218363324,POINT (-85.218363324 35.073389699),I had a phone call that reported a fallen tree on So Chick Greenway boardwalk approximately 100 yards downstream from the Youngstown parking area.,"3797 Youngstown Rd, Chattanooga, 37406"
16599741,1741289201,completed,Traffic Signs,https://vc0.publicstuff.com/api/2.0/request_view?client_id=1000051&request_id=16599741,"Thu 06 Mar 2025, 02:26PM",35.102558302,-85.330978998,POINT (-85.330978998 35.102558302),The sign was taken down to do some repairs on the road or the railroad at the corner of Suck Creek Rd. and signal Mountain Boulevard. The people in Suck Creek community would like to have this sign replaced. We dont know who took it down or why they took it down were assuming the workers took it down. Please let me know what you can do about getting this replaced or put back in place. thank you very much,"930 Signal Mountain Rd, Chattanooga, 37405"
16617341,1741713556,in progress,Traffic Signals,https://vc0.publicstuff.com/api/2.0/request_view?client_id=1000051&request_id=16617341,"Tue 11 Mar 2025, 01:19PM",35.081528,-85.264113,POINT (-85.264113 35.081528),Orange light burned out in far right light,"3403-3499 Amnicola Hwy, Chattanooga, 37406"
16595228,1741204237,received,Traffic Signs,https://vc0.publicstuff.com/api/2.0/request_view?client_id=1000051&request_id=16595228,"Wed 05 Mar 2025, 02:50PM",35.029709612,-85.287585225,POINT (-85.287585225 35.029709612),"INSTALL
SPEED LIMIT 25
(R2-1 24""x30"")
and
NO PARKING ANYTIME
(R7-1 12""x18"")
Located 70' from S Holtzclaw Ave
on Eastbound E 14th St

INSTALL
NO PARKING ANYTIME
(R7-1 12""x18"")
Located 230' from S Holtzclaw Ave
on Westbound E 14th St

INSTALL
NO PARKING ANYTIME
(R7-1 12""x18"")
Located 342' from S Holtzclaw Ave
on Westbound E 14th St

INSTALL
(BELOW STOP SIGN)
NO PARKING ANYTIME
(R7-1 12""x18"")
Located at the intersection of S Holtzclaw Ave
and Westbound E 14th St

REMOVE NO PARKING ANYTIME
AND ADUST BIKE ROUTE SIGN TO TOP OF POLE","1306 E 14th St, Chattanooga, 37404"
16598262,1741275069,completed,Tree Fallen/Branch,https://vc0.publicstuff.com/api/2.0/request_view?client_id=1000051&request_id=16598262,"Thu 06 Mar 2025, 10:31AM",35.028627494,-85.309928544,POINT (-85.309928544 35.028627494),tree down blocking sidewalk,"2201-2299 Market St, Chattanooga, 37408"
16595524,1741206705,completed,Tree Fallen/Branch,https://vc0.publicstuff.com/api/2.0/request_view?client_id=1000051&request_id=16595524,"Wed 05 Mar 2025, 03:31PM",35.023102956,-85.374304326,POINT (-85.374304326 35.023102956),"Caller reports a tree is hanging over an electric wire and needs to be removed, as it could potentially cause serious injury if not addressed.","52 Hemlock Cir, Chattanooga, 37419"
16603079,1741364054,completed,Tree Fallen/Branch,https://vc0.publicstuff.com/api/2.0/request_view?client_id=1000051&request_id=16603079,"Fri 07 Mar 2025, 11:14AM",35.070249347,-85.316073836,POINT (-85.316073836 35.070249347),"EPB Trouble Shooter responded to a call for a tree on a line at this location. They were able to remove the tree from the lines. Now needing a crew to come out and remove the remaining of the tree from the road. Can we get  a city crew out to this ASAP?

Thanks,","622 Gurley St, Chattanooga, 37405"
16593732,1741192121,completed,Traffic Signals,https://vc0.publicstuff.com/api/2.0/request_view?client_id=1000051&request_id=16593732,"Wed 05 Mar 2025, 11:28AM",35.053513165,-85.307503769,POINT (-85.307503769 35.053513165),"Due to the storm/ high winds yesterday, one of the signals is turned almost the opposite way at the intersection of Walnut Street and 3rd Street. All the bulbs seem to be working on even the turned one, and there's a second redundant signal that is unaffected.","200 E 3rd St, Chattanooga, 37403"
16594839,1741201447,completed,Traffic Signs,https://vc0.publicstuff.com/api/2.0/request_view?client_id=1000051&request_id=16594839,"Wed 05 Mar 2025, 02:04PM",35.003356522,-85.278094579,POINT (-85.278094579 35.003356522),Street sign is down at the corner of 13th Ave and E 32nd street,"3000 E 32nd St, Chattanooga, 37407"
16600548,1741296906,submitted,Tree Fallen/Branch,https://vc0.publicstuff.com/api/2.0/request_view?client_id=1000051&request_id=16600548,"Thu 06 Mar 2025, 04:35PM",35.066206867,-85.291412774,POINT (-85.291412774 35.066206867),States the tree is down over the road of the alley and has fallen onto the neighbors house across the street. States the tree is blocking the entrance to the alley where they have to go through to get to their garages.,"808 Barton Ave, Chattanooga, 37405"
16604556,1741379264,submitted,Traffic Signs,https://vc0.publicstuff.com/api/2.0/request_view?client_id=1000051&request_id=16604556,"Fri 07 Mar 2025, 03:27PM",35.032875149,-85.239676195,POINT (-85.239676195 35.032875149),"Stop sign is down and Street Marker too, at the corner of Gillespie Rd and Shannon Ave.","700 Gillespie Rd, Chattanooga, 37411"
16596680,1741222651,completed,Tree Fallen/Branch,https://vc0.publicstuff.com/api/2.0/request_view?client_id=1000051&request_id=16596680,"Wed 05 Mar 2025, 07:57PM",34.987984,-85.316806,POINT (-85.316806 34.987984),,"412 Halsey St, Chattanooga, 37410"
16608939,1741559385,completed,Traffic Signals,https://vc0.publicstuff.com/api/2.0/request_view?client_id=1000051&request_id=16608939,"Sun 09 Mar 2025, 06:29PM",35.048313,-85.30672,POINT (-85.30672 35.048313),Sensor for the light heading westbound on McCallie needs replaced/repaired. Long wait upwards of 15 minutes for the light to change.,"300-398 McCallie Ave, Chattanooga, 37402"
16592208,1741180078,completed,Tree Fallen/Branch,https://vc0.publicstuff.com/api/2.0/request_view?client_id=1000051&request_id=16592208,"Wed 05 Mar 2025, 08:07AM",35.110460485,-85.268706347,POINT (-85.268706347 35.110460485),A big tree is down blocking the street and smashed a guardrail.,"3845 Marion Cir, Chattanooga, 37415"
16618379,1741722481,submitted,Traffic Signals,https://vc0.publicstuff.com/api/2.0/request_view?client_id=1000051&request_id=16618379,"Tue 11 Mar 2025, 03:48PM",35.11164405,-85.2500703,POINT (-85.2500703 35.11164405),Please check the traffic light on North Access Rd. This is the light to enter the Korda plant. The light continues to cycle to red and activate the Left turn arrow even when there is no waiting traffic.,"4501 N Access Rd, Chattanooga, 37415"
16592485,1741183938,completed,Tree Fallen/Branch,https://vc0.publicstuff.com/api/2.0/request_view?client_id=1000051&request_id=16592485,"Wed 05 Mar 2025, 09:12AM",35.098807,-85.289675,POINT (-85.289675 35.098807),Fallen large branch blocking roadway,"530-598 Alexander Dr, Chattanooga, 37415"
16607918,1741528812,completed,Traffic Signals,https://vc0.publicstuff.com/api/2.0/request_view?client_id=1000051&request_id=16607918,"Sun 09 Mar 2025, 10:00AM",35.017690228,-85.174568999,POINT (-85.174568999 35.017690228),The pedestrian crossing push button says push for green lighthowever when there is no traffic on Phils Dr AND North Concord Rd and the light changes it cycles to a red light in all four directions for the appropriate amount of time for pedestrian crossing.  Even though under these circumstances there is no green light should I cross from Phils Dr to North Concord Rs.  Thanks for your help.,"6900 E Brainerd Rd, Chattanooga, 37421"
16596386,1741216695,completed,Traffic Signs,https://vc0.publicstuff.com/api/2.0/request_view?client_id=1000051&request_id=16596386,"Wed 05 Mar 2025, 06:18PM",35.083565572,-85.064132338,POINT (-85.064132338 35.083565572),Dangling overhead sign at the intersection of Little Debbie Pkwy and Lee Highway,"5600 Little Debbie Pkwy, Collegedale, 37363"
16599289,1741284762,received,Traffic Signs,https://vc0.publicstuff.com/api/2.0/request_view?client_id=1000051&request_id=16599289,"Thu 06 Mar 2025, 01:12PM",35.061109771,-85.302965126,POINT (-85.302965126 35.061109771),"INSTALL
(AT A SLIGHT ANGLE)
U-CHANNEL POSTS FOR PARKING AUTHORITY (x3)
Located 300', 400' and 555' from Barton Ave
on Westbound Frazier Ave","450 Frazier Ave, Chattanooga, 37405"
16594939,1741202206,received,Traffic Signs,https://vc0.publicstuff.com/api/2.0/request_view?client_id=1000051&request_id=16594939,"Wed 05 Mar 2025, 02:16PM",35.043839175,-85.311934033,POINT (-85.311934033 35.043839175),"REPLACE
(MISSING ON LAMP POLE)
STREET NAME MARKERS
(D3 ?""x10"")
W11th St 100 (x2)
Carter St 1100 (x2)
Located at the intersection of W 11th St
and Northbound Carter St","168 W 11th St, Chattanooga, 37402"
16597624,1741268571,completed,Traffic Signals,https://vc0.publicstuff.com/api/2.0/request_view?client_id=1000051&request_id=16597624,"Thu 06 Mar 2025, 08:42AM",35.14173,-85.248649,POINT (-85.248649 35.14173),Left turn signal -  is giving option after 3 signal cycles- and then only allows 3 cars through.,"5468-5498 Highway 153, Chattanooga, 37343"
16613003,1741633001,completed,Traffic Signals,https://vc0.publicstuff.com/api/2.0/request_view?client_id=1000051&request_id=16613003,"Mon 10 Mar 2025, 02:56PM",35.092210762,-85.257238702,POINT (-85.257238702 35.092210762),Traffic signal in  front of Police Department on Amnicola Hwy.,"Amnicola Hwy, Chattanooga, 37406"
16592935,1741186447,completed,Tree Fallen/Branch,https://vc0.publicstuff.com/api/2.0/request_view?client_id=1000051&request_id=16592935,"Wed 05 Mar 2025, 09:54AM",35.022196216,-85.316178715,POINT (-85.316178715 35.022196216),"the tree is down partially blocking the Alton Park road extension coming into Long St.  Turn on the dead end road beside Ryder truck, the tree is blocking the left lane.   I am at CS&S Filtration at the end of the road -","2901 Long St, Chattanooga, 37410"
16603284,1741365997,submitted,Traffic Signs,https://vc0.publicstuff.com/api/2.0/request_view?client_id=1000051&request_id=16603284,"Fri 07 Mar 2025, 11:46AM",35.146996042,-85.259973809,POINT (-85.259973809 35.146996042),"There is a stretch of Timberdale Drive  off of  Oak Crest Lane, but there is NO sign indicating the name of the street. 

When driving up Timberdale Drive, one needs to turn left on Oak Crest Ln and immediately turn right to get to 601 Timberdale Dr. 

Ms Degenford welcomes any questions or clarifications concerning this matter.

Please contact caller","601 Timberdale Dr, Chattanooga, 37343"
16593703,1741191965,completed,Tree Problem,https://vc0.publicstuff.com/api/2.0/request_view?client_id=1000051&request_id=16593703,"Wed 05 Mar 2025, 11:26AM",35.036438035,-85.31441174,POINT (-85.31441174 35.036438035),One of the trees need to be replaced in front of Southside Social on the sidewalk please?,"1818 Chestnut St, Chattanooga, 37402"
16599572,1741287594,completed,Traffic Signals,https://vc0.publicstuff.com/api/2.0/request_view?client_id=1000051&request_id=16599572,"Thu 06 Mar 2025, 01:59PM",35.017601246,-85.322350536,POINT (-85.322350536 35.017601246),would like a turn signal add to intersection,"3301 Broad St, Chattanooga, 37408"
16618374,1741722460,submitted,Tree Problem,https://vc0.publicstuff.com/api/2.0/request_view?client_id=1000051&request_id=16618374,"Tue 11 Mar 2025, 03:47PM",35.037001862,-85.227404313,POINT (-85.227404313 35.037001862),Citizen states a pine tree is leaning over the street near the 1100 block of Woodmore Ter.,"1100 Woodmore Ter, Chattanooga, 37411"
16592407,1741182975,completed,Traffic Signals,https://vc0.publicstuff.com/api/2.0/request_view?client_id=1000051&request_id=16592407,"Wed 05 Mar 2025, 08:56AM",35.14171,-85.24907,POINT (-85.24907 35.14171),Left turn light from Gadd to 153 not working,"1001-1099 Gadd Rd, Chattanooga, 37343"
16597573,1741267868,completed,Traffic Signals,https://vc0.publicstuff.com/api/2.0/request_view?client_id=1000051&request_id=16597573,"Thu 06 Mar 2025, 08:31AM",35.047375379,-85.305242014,POINT (-85.305242014 35.047375379),"The traffic light is turned wrong, it facing the wrong direction","419 McCallie Ave, Chattanooga, 37402"
16597736,1741270023,completed,Traffic Signs,https://vc0.publicstuff.com/api/2.0/request_view?client_id=1000051&request_id=16597736,"Thu 06 Mar 2025, 09:07AM",35.06265,-85.3085295,POINT (-85.3085295 35.06265),,"N Market St & Frazier Ave, Chattanooga, 37405"
16600414,1741295445,completed,Traffic Signs,https://vc0.publicstuff.com/api/2.0/request_view?client_id=1000051&request_id=16600414,"Thu 06 Mar 2025, 04:10PM",35.008475376,-85.328354701,POINT (-85.328354701 35.008475376),"I have been involved with litigation involving traffic accents over a period of some decades.  I wish to call a situation to your attention which I believe will ultimately incur liability to The City of Chattanooga.
I live on Lookout Mountain.  It is not unusual to see a bicyclist trudging slowly up Ochs Hwy at about 3 MPH, sometimes at night.  Whilst I salute their athleticism, I question their common sense. 
Briefly, here is the issue.
Ochs Hwy, starting at St Elmo Ave is less than 10 feet wide, each lane.  There is no shoulder for a bike rider.  As you may know, the road twists and winds up the mountain, always one lane up and one lane down.  The road is divided by a double yellow lane marking. 
2 vehicle codes create a condition that can only be resolved by breaking the law.
]
TCA 55-8-117  States that you can never cross a double yellow line.
TCA 55-8-175 States that a driver must give a bike rider at least 3 feet of clearance when passing.
The average vehicle is 6 1/2 feet wide, including mirrors.
Thus only by violating the law can you pass a bike rider.  What in fact occurs is drivers pile up behind a bike rider, and eventually try to speed past, going up hill, over the double line. 
Quite dangerous for all parties involved.
Solution: A sign at the base of the hill, entry so to speak, prohibiting Bikes on Ochs Hwy.","4001 St Elmo Ave, Chattanooga, 37409"
16611690,1741623536,submitted,Tree Fallen/Branch,https://vc0.publicstuff.com/api/2.0/request_view?client_id=1000051&request_id=16611690,"Mon 10 Mar 2025, 12:18PM",35.042846704,-85.222316018,POINT (-85.222316018 35.042846704),"On the riverwalk trestle near shallowford rd. From Shallowford Road through a neighborhood and enter the newly completed boardwalk. Just before the new area ends, the tree is there.","4000 Shallowford Rd, Chattanooga, 37411"
16593837,1741193009,completed,Traffic Signs,https://vc0.publicstuff.com/api/2.0/request_view?client_id=1000051&request_id=16593837,"Wed 05 Mar 2025, 11:43AM",35.168522831,-85.190119447,POINT (-85.190119447 35.168522831),"at the intersection of Farmstead Dr and Little Sorrel, there is a street name marker for Betsy Ln.  This sign is not in the correct location and should be about 3 streets over at intersection 1800 Emmeline Way.  This needs to be corrected.","1500 Little Sorrel Rd, Chattanooga, 37343"
16595002,1741202619,completed,Tree Fallen/Branch,https://vc0.publicstuff.com/api/2.0/request_view?client_id=1000051&request_id=16595002,"Wed 05 Mar 2025, 02:23PM",35.039886066,-85.358170979,POINT (-85.358170979 35.039886066),"A tree has fallen toward the road and it is blocking traffic.
Browns Ferry Road and Plaza Circle","541 Browns Ferry Rd, Chattanooga, 37419"
16600073,1741291542,completed,Tree Fallen/Branch,https://vc0.publicstuff.com/api/2.0/request_view?client_id=1000051&request_id=16600073,"Thu 06 Mar 2025, 03:05PM",35.06799941,-85.215083773,POINT (-85.215083773 35.06799941),Lightfoot Mill Rd and Youngtown Rd,"3698 Lightfoot Mill Rd, Chattanooga, 37406"
16607502,1741481116,completed,Tree Problem,https://vc0.publicstuff.com/api/2.0/request_view?client_id=1000051&request_id=16607502,"Sat 08 Mar 2025, 07:45PM",35.071504,-85.321597,POINT (-85.321597 35.071504),Tree about to fall and debris around fire hydrant,"721-799 Whitehall Rd, Chattanooga, 37405"
16596012,1741211335,completed,Traffic Signals,https://vc0.publicstuff.com/api/2.0/request_view?client_id=1000051&request_id=16596012,"Wed 05 Mar 2025, 04:48PM",35.051630947,-85.299266531,POINT (-85.299266531 35.051630947),Ambiguous signaling regarding whether middle lane is a turn lane.  The left two signals work in tandem and go red while the right two signals remain green. This suggests to some people that the middle lane is an optional turn lane. There is no directional arrow on the middle lane to clarify whether it is OK to turn left from it. Most folks use middle lane as a through lane (which is probably best given traffic volume) but some will use it to make left into the far lane on Mabel while those in the left (turn) lane might also be trying to occupy the far lane on Mabel to make a right onto 4th.  I have had 2 near misses turning from the left lane with someone else turning unexpectedly from the middle lane.,"Mabel St, Chattanooga, 37403"
16617552,1741715249,in progress,Traffic Signs,https://vc0.publicstuff.com/api/2.0/request_view?client_id=1000051&request_id=16617552,"Tue 11 Mar 2025, 01:47PM",35.027956938,-85.284098764,POINT (-85.284098764 35.027956938),"INSTALL
STOP
(R1-1 30""x30"")
and
NEW PLATE
Located 16' from E 14th St
on Southbound S Holly St

INSTALL
STOP
(R1-1 30""x30"")
and
NEW PLATE
Located 16' from E 14th St
on Northbound S Holly St

INSTALL
(BELOW ALL 4 STOP SIGNS)
ALLWAY (x4)
(R1-3 24""x9"")

INSTALL
(ON UTILITY POLE)
STOP AHEAD
(W3-1 30""x30"")
and
NEW PLATE
Located at 1453 S Holly St
Northbound

INSTALL
(ON UTILITY POLE)
STOP AHEAD
(W3-1 30""x30"")
and
NEW PLATE
Located at 1365 S Holly St
Southbound

INSTALL
(ON UTILITY POLE)
NEW TRAFFIC PATTERN AHEAD
(W23-2 30""x30"")
Located at 1508 E 14th St
Eastbound","1453 S Holly St, Chattanooga, 37404"
16593540,1741190683,completed,Traffic Signals,https://vc0.publicstuff.com/api/2.0/request_view?client_id=1000051&request_id=16593540,"Wed 05 Mar 2025, 11:04AM",35.009991906,-85.219405692,POINT (-85.219405692 35.009991906),the traffic light for the turning lane into Eastgate Mall on Brainerd Rd in front of Krispy Kreme is crooked and you cannot see the signal.,"5526 Brainerd Rd, Chattanooga, 37411"
16602168,1741354579,completed,Tree Fallen/Branch,https://vc0.publicstuff.com/api/2.0/request_view?client_id=1000051&request_id=16602168,"Fri 07 Mar 2025, 08:36AM",35.082191,-85.296805,POINT (-85.296805 35.082191),,"790-798 Old Dallas Rd, Chattanooga, 37405"
16592521,1741184456,submitted,Traffic Signals,https://vc0.publicstuff.com/api/2.0/request_view?client_id=1000051&request_id=16592521,"Wed 05 Mar 2025, 09:20AM",35.045686854,-85.311569558,POINT (-85.311569558 35.045686854),,"200 W Martin Luther King Blvd, Chattanooga, 37402"
16599306,1741284870,in progress,Traffic Signs,https://vc0.publicstuff.com/api/2.0/request_view?client_id=1000051&request_id=16599306,"Thu 06 Mar 2025, 01:14PM",35.033569491,-85.23661387,POINT (-85.23661387 35.033569491),Street Name Marker sign has fallen,"700 Belle Vista Ave, Chattanooga, 37411"
16614390,1741647143,completed,Traffic Signals,https://vc0.publicstuff.com/api/2.0/request_view?client_id=1000051&request_id=16614390,"Mon 10 Mar 2025, 06:52PM",35.141889678,-85.300647499,POINT (-85.300647499 35.141889678),No,"Mountain Creek Rd, Chattanooga, 37415"
16592420,1741183123,completed,Tree Fallen/Branch,https://vc0.publicstuff.com/api/2.0/request_view?client_id=1000051&request_id=16592420,"Wed 05 Mar 2025, 08:58AM",35.022649389,-85.181292475,POINT (-85.181292475 35.022649389),,"1449 Marijon Dr, Chattanooga, 37421"
16597921,1741271991,completed,Tree Fallen/Branch,https://vc0.publicstuff.com/api/2.0/request_view?client_id=1000051&request_id=16597921,"Thu 06 Mar 2025, 09:39AM",35.039689048,-85.358288432,POINT (-85.358288432 35.039689048),531 Brown Ferry Road and Plaza Cir,"531 Browns Ferry Rd, Chattanooga, 37419"
16602045,1741352870,completed,Tree Fallen/Branch,https://vc0.publicstuff.com/api/2.0/request_view?client_id=1000051&request_id=16602045,"Fri 07 Mar 2025, 08:07AM",35.070198281,-85.316014811,POINT (-85.316014811 35.070198281),The tree fell down and is also on the power lines,"600-698 Gurley St, Chattanooga, 37405"
16610029,1741609601,received,Traffic Signs,https://vc0.publicstuff.com/api/2.0/request_view?client_id=1000051&request_id=16610029,"Mon 10 Mar 2025, 08:26AM",35.060585621,-85.301807296,POINT (-85.301807296 35.060585621),"INSTALL
(OVERHEAD ON SPAN WIRE)
(DOUBLE SIDED)
LEFT TURNING VEHICLES YIELD TO PEDESTRIAN AND BIKES
and
RIGHT TURNING VEHICLES YIELD TO PEDESTRIAN AND BIKES
(R10-15 30""x30"")

INSTALL
(ON SPANWIRE)
OVERHEAD STREET NAME MARKER (ONE SIDED)
(D3-1a ?""x18"")
Georgia Ave 300 (RIGHT ARROW)
Located at the intersection of Barton Ave
and Eastbound Frazier Ave

REPLACE AND ENLARGE
(ON SPAN WIRE)
NO LEFT TURN
(R3-2 30""x30"")

REPLACE/ MOVE
(ON SPAN WIRE)
(ADJUST TO THE LEFT 6 FEET)
OVERHEAD STREET NAME MARKER (DOUBLE SIDED)
(D3 ?""x18"")
Frazier Ave 400 (RIGHT ARROW)
(LEFT ARROW) Frazier Ave 400","500 Frazier Ave, Chattanooga, 37405"
16594348,1741197654,completed,Tree Fallen/Branch,https://vc0.publicstuff.com/api/2.0/request_view?client_id=1000051&request_id=16594348,"Wed 05 Mar 2025, 01:00PM",35.116380646,-85.270884455,POINT (-85.270884455 35.116380646),Tree fallen and it is blocking traffic,"3608 Chumley Ln, Chattanooga, 37415"
16602568,1741360047,completed,Tree Fallen/Branch,https://vc0.publicstuff.com/api/2.0/request_view?client_id=1000051&request_id=16602568,"Fri 07 Mar 2025, 10:07AM",35.094058523,-85.292361851,POINT (-85.292361851 35.094058523),Tree Fallen   blocking one lane,"2967 Folts Cir, Chattanooga, 37415"
16615229,1741671126,submitted,Tree Problem,https://vc0.publicstuff.com/api/2.0/request_view?client_id=1000051&request_id=16615229,"Tue 11 Mar 2025, 01:32AM",35.043869,-85.297886,POINT (-85.297886 35.043869),"On the stretch of the little greenway path between McCallie Ave and E 8th St, there is the most perfect, circular, tree mound however, there is no tree :( The alarming lack of tree on this mound undoubtedly leaves a void in the hearts of all passersby. Adding a tree to this mound will significantly increase quality of life and happiness for all Chattanooga residents who observe it.","801-899 E 8th St, Chattanooga, 37403"
16593773,1741192413,completed,Traffic Signals,https://vc0.publicstuff.com/api/2.0/request_view?client_id=1000051&request_id=16593773,"Wed 05 Mar 2025, 11:33AM",35.01569922,-85.234807304,POINT (-85.234807304 35.01569922),"Am not sure if higher vehicles continue to knock the signal around or not, but it seems like it would need some type of way to tighten it to the cable holding it.","Brainerd Rd, Chattanooga, 37411"
16597520,1741267258,completed,Traffic Signs,https://vc0.publicstuff.com/api/2.0/request_view?client_id=1000051&request_id=16597520,"Thu 06 Mar 2025, 08:20AM",35.035873621,-85.232924061,POINT (-85.232924061 35.035873621),Sop sign has been knocked down,"3900 Blanchard St, Chattanooga, 37411"
16593365,1741189352,completed,Tree Fallen/Branch,https://vc0.publicstuff.com/api/2.0/request_view?client_id=1000051&request_id=16593365,"Wed 05 Mar 2025, 10:42AM",35.016469269,-85.322951788,POINT (-85.322951788 35.016469269),fallen tree located in the grassy area - also knocked down a sign,"3315 Broad St, Chattanooga, 37408"
16617760,1741717272,in progress,Traffic Signs,https://vc0.publicstuff.com/api/2.0/request_view?client_id=1000051&request_id=16617760,"Tue 11 Mar 2025, 02:21PM",34.993273679,-85.317181279,POINT (-85.317181279 34.993273679),,"5000 Central Ave, Chattanooga, 37410"
16599768,1741289399,submitted,Traffic Signals,https://vc0.publicstuff.com/api/2.0/request_view?client_id=1000051&request_id=16599768,"Thu 06 Mar 2025, 02:29PM",35.025123375,-85.277191813,POINT (-85.277191813 35.025123375),This morning at 8:00 am I noticed. A street light that wasn't working properly at S Willow St and Main. It took more than five minutes to change there where school busses backed up as well as drivers like myself l do not know why the street light stalled for so long as I returned back around 9:00 am heading from Bailey towards S Willow and Main St the-light still didnt change in its appropriate time. which had cars maneuvering around other vehicles in a dangerous way which could have caused a wreck at the intersection of Main and South Willow. Hope this helps Thank you.,"2099 E Main St, Chattanooga, 37404"
16599485,1741286796,in progress,Traffic Signs,https://vc0.publicstuff.com/api/2.0/request_view?client_id=1000051&request_id=16599485,"Thu 06 Mar 2025, 01:46PM",35.061746829,-85.300723273,POINT (-85.300723273 35.061746829),"INSTALL
(AT 7 FT)
BIKE LANE
(R3-17 30""x24"")
ENDS
(R3-17a 30""x12"")
BICYCLE DESTINATION 
(with UP/LEFT Diagonal Arrow Frazier Ave)
(D1-1b ?""x6"")
Located 50' from Frazier Ave
on SW bound Barton Ave

RELOCATE 
(AT 7FT)
INTERSECTIONS LANE CONTROL
Located 140' from Frazier Ave
on SW bound Barton Ave

RELOCATE 
(AT 7FT)
INTERSECTIONS LANE CONTROL
Located 260' from Frazier Ave
on SW bound Barton Ave","181 Barton Ave, Chattanooga, 37405"
16595624,1741207756,completed,Traffic Signs,https://vc0.publicstuff.com/api/2.0/request_view?client_id=1000051&request_id=16595624,"Wed 05 Mar 2025, 03:49PM",35.070310071,-85.172619347,POINT (-85.172619347 35.070310071),Citizen wants a no dumping sign put up across the street.,"7608 Noah Reid Rd, Chattanooga, 37416"
16603909,1741372724,submitted,Tree Problem,https://vc0.publicstuff.com/api/2.0/request_view?client_id=1000051&request_id=16603909,"Fri 07 Mar 2025, 01:38PM",35.08093074,-85.200137162,POINT (-85.200137162 35.08093074),"2 trees in Lake Hills Park, very tall and leaning toward my house, creating a danger to my property and home.","4306 Innwood Ln, Chattanooga, 37416"
16595012,1741202674,completed,Traffic Signs,https://vc0.publicstuff.com/api/2.0/request_view?client_id=1000051&request_id=16595012,"Wed 05 Mar 2025, 02:24PM",35.084789081,-85.063697062,POINT (-85.063697062 35.084789081),Little Debbie Parkway sign hanging by one side over the NB Lee Hwy lanes.,"9051-9199 Lee Hwy, Chattanooga, 37363"
16592913,1741186327,completed,Tree Fallen/Branch,https://vc0.publicstuff.com/api/2.0/request_view?client_id=1000051&request_id=16592913,"Wed 05 Mar 2025, 09:52AM",35.022850144,-85.37476938,POINT (-85.37476938 35.022850144),Branches in the middle of the street.,"47 Hemlock Cir, Chattanooga, 37419"
16604602,1741379903,in progress,Traffic Signs,https://vc0.publicstuff.com/api/2.0/request_view?client_id=1000051&request_id=16604602,"Fri 07 Mar 2025, 03:38PM",35.146025654,-85.272485577,POINT (-85.272485577 35.146025654),,"5301-5399 Jackson St, Chattanooga, 37415"
16597964,1741272391,submitted,Traffic Signals,https://vc0.publicstuff.com/api/2.0/request_view?client_id=1000051&request_id=16597964,"Thu 06 Mar 2025, 09:46AM",35.082268,-85.296903,POINT (-85.296903 35.082268),Nobody stops for pedestrians. I have been ignored even as I attempt to move forward into the crosswalk. This intersection needs more than just signage. This crosswalk is used a hundred times a day at least. Everyone living in the apartment complex and the neighborhood uses it.,"790-798 Old Dallas Rd, Chattanooga, 37405"
16596826,1741226505,completed,Traffic Signals,https://vc0.publicstuff.com/api/2.0/request_view?client_id=1000051&request_id=16596826,"Wed 05 Mar 2025, 09:01PM",35.140712704,-85.252084903,POINT (-85.252084903 35.140712704),,"1000 Gadd Rd, Chattanooga, 37343"
16602780,1741362442,completed,Traffic Signals,https://vc0.publicstuff.com/api/2.0/request_view?client_id=1000051&request_id=16602780,"Fri 07 Mar 2025, 10:47AM",35.013426717,-85.229190645,POINT (-85.229190645 35.013426717),,"4829 Brainerd Rd, Chattanooga, 37411"
16594726,1741200664,completed,Tree Fallen/Branch,https://vc0.publicstuff.com/api/2.0/request_view?client_id=1000051&request_id=16594726,"Wed 05 Mar 2025, 01:51PM",35.116295602,-85.271036376,POINT (-85.271036376 35.116295602),"A tree is across the street, near the intersection of Ashland Ter. It is blocking all lanes of traffic.","3615 Chumley Ln, Chattanooga, 37415"
16592449,1741183532,completed,Traffic Signals,https://vc0.publicstuff.com/api/2.0/request_view?client_id=1000051&request_id=16592449,"Wed 05 Mar 2025, 09:05AM",35.046639,-85.3061535,POINT (-85.3061535 35.046639),signal on lindsay at mccallie the traffic signal has been twisted in the wrong direction by the strong winds.,"700 Lindsay St, Chattanooga, 37403"
16601986,1741351514,received,Traffic Signs,https://vc0.publicstuff.com/api/2.0/request_view?client_id=1000051&request_id=16601986,"Fri 07 Mar 2025, 07:45AM",35.151218,-85.22286,POINT (-85.22286 35.151218),The Keep Right sign in the center island at the Hixson Middle exit is leaning and about to fall over.,"5651-5699 Old Hixson Pike, Chattanooga, 37343"
16593758,1741192306,completed,Tree Fallen/Branch,https://vc0.publicstuff.com/api/2.0/request_view?client_id=1000051&request_id=16593758,"Wed 05 Mar 2025, 11:31AM",35.026112675,-85.37178745,POINT (-85.37178745 35.026112675),Tree branches on the sidewalk close the fence of the private property. Some branches from the tree  went over the fence and are leaning over the caller's yard.,"3343 Centerview Ln, Chattanooga, 37419"
16615369,1741693339,in progress,Traffic Signs,https://vc0.publicstuff.com/api/2.0/request_view?client_id=1000051&request_id=16615369,"Tue 11 Mar 2025, 07:42AM",35.070388428,-85.310971621,POINT (-85.310971621 35.070388428),"INSTALL
CROSSROAD INTERSECTION
(W2-1 30""x30"")
and
ADVISORY SPEED 15
(W13-1p 18""x18"")
Located 230' from Snow St
on Eastbound Chambliss St","205 Chambliss St, Chattanooga, 37405"
16609928,1741608096,in progress,Traffic Signs,https://vc0.publicstuff.com/api/2.0/request_view?client_id=1000051&request_id=16609928,"Mon 10 Mar 2025, 08:01AM",35.033689,-85.308194,POINT (-85.308194 35.033689),,"1701-1799 Underwood St, Chattanooga, 37408"
