id,timestamp,status,type,url,created,latitude,longitude,location,description,address
16518341,1739453796,completed,Traffic Signs,https://vc0.publicstuff.com/api/2.0/request_view?client_id=1000051&request_id=16518341,"Thu 13 Feb 2025, 08:36AM",35.026902,-85.363794,POINT (-85.363794 35.026902),Yield sign for traffic turning right from Browns Ferry Road onto I-24 East on-ramp has been knocked down.,"220 Browns Ferry Rd, Chattanooga, 37419"
16520451,1739476664,completed,Tree Fallen/Branch,https://vc0.publicstuff.com/api/2.0/request_view?client_id=1000051&request_id=16520451,"Thu 13 Feb 2025, 02:57PM",35.136907374,-85.209810432,POINT (-85.209810432 35.136907374),on city right of way,"5330 Cassandra Smith Rd, Chattanooga, 37343"
16521910,1739502456,completed,Traffic Signals,https://vc0.publicstuff.com/api/2.0/request_view?client_id=1000051&request_id=16521910,"Thu 13 Feb 2025, 10:07PM",35.047696,-85.290478,POINT (-85.290478 35.047696),,"1000 E 3rd St, Chattanooga, 37403"
16536018,1739905514,received,Traffic Signs,https://vc0.publicstuff.com/api/2.0/request_view?client_id=1000051&request_id=16536018,"Tue 18 Feb 2025, 02:05PM",35.028763265,-85.285029276,POINT (-85.285029276 35.028763265),"INSTALL
STREET NAME MARKERS
(D3 ?""x8"")
E 14th St 1400 (x2)
S Highland Park Ave 1300 (x2)
Located 9' from S Highland Park Ave
on Westbound E 14th St

REPLACE
STREET NAME MARKERS
(D3 ?""x8"")
E 14th St 1500 (x2)
S Highland Park Ave 1400 (x2)

REPLACE
STREET NAME MARKERS
(D3 ?""x8"")
Top St 1400 (x2)
E 14th St 1000 (x2)

REPLACE
STREET NAME MARKERS
(D3 ?""x8"")
Top St 1300 (x2)
E 14th St 1100 (x2)","1500 E 14th St, Chattanooga, 37404"
16529716,1739797888,completed,Traffic Signs,https://vc0.publicstuff.com/api/2.0/request_view?client_id=1000051&request_id=16529716,"Mon 17 Feb 2025, 08:11AM",35.063201169,-85.310477056,POINT (-85.310477056 35.063201169),Stop sign knocked over at Renaissance Park exit,"2-314 Manufacturers Rd, Chattanooga, 37405"
16534703,1739894273,submitted,Traffic Signs,https://vc0.publicstuff.com/api/2.0/request_view?client_id=1000051&request_id=16534703,"Tue 18 Feb 2025, 10:57AM",35.121521922,-85.276775961,POINT (-85.276775961 35.121521922),Need a speed sign up coming over the hill,"625 Ely Rd, Chattanooga, 37343"
16529715,1739797874,in progress,Traffic Signs,https://vc0.publicstuff.com/api/2.0/request_view?client_id=1000051&request_id=16529715,"Mon 17 Feb 2025, 08:11AM",35.062376838,-85.176667781,POINT (-85.176667781 35.062376838),"INSTALL
(ABOVE OBJECT MARKER)
WEIGHT LIMIT
(BOX TRUCK SYMBOL) 40T
(3 AXLE TRUCK SYMBOL) 40T
(R12-1 24""x30"")
Located at 7401 Noah Reid Rd
Soutbound","7400 Noah Reid Rd, Chattanooga, 37421"
16522707,1739545964,completed,Tree Fallen/Branch,https://vc0.publicstuff.com/api/2.0/request_view?client_id=1000051&request_id=16522707,"Fri 14 Feb 2025, 10:12AM",35.106206422,-85.344752611,POINT (-85.344752611 35.106206422),Tree across road on city end of Balmoral Dr just past Space House on Signal.- via text,"1026 Balmoral Dr, Chattanooga, 37377"
16528155,1739725956,completed,Tree Fallen/Branch,https://vc0.publicstuff.com/api/2.0/request_view?client_id=1000051&request_id=16528155,"Sun 16 Feb 2025, 12:12PM",35.075772,-85.306143,POINT (-85.306143 35.075772),,"1000 Meroney St, Chattanooga, 37405"
16540662,1739993910,submitted,Tree Fallen/Branch,https://vc0.publicstuff.com/api/2.0/request_view?client_id=1000051&request_id=16540662,"Wed 19 Feb 2025, 02:38PM",35.042879,-85.228804,POINT (-85.228804 35.042879),The storm blew the tree down. 311 app said it was complete but it is has not been removed,"1512 Dalewood Dr, Chattanooga, 37411"
16531102,1739813417,completed,Traffic Signals,https://vc0.publicstuff.com/api/2.0/request_view?client_id=1000051&request_id=16531102,"Mon 17 Feb 2025, 12:30PM",35.03853442,-85.15621716,POINT (-85.15621716 35.03853442),The traffic light here is blinking for all directions of travel.,"2204 Hamilton Place Blvd, Chattanooga, 37421"
16518343,1739453876,completed,Tree Fallen/Branch,https://vc0.publicstuff.com/api/2.0/request_view?client_id=1000051&request_id=16518343,"Thu 13 Feb 2025, 08:37AM",35.03768039,-85.182247843,POINT (-85.182247843 35.03768039),States a tree has fallen across the street and blocked a school bus's travel. States the bus had to find another route. States the tree is on the Wiberforce St side.,"6402 Atlanta Ave, Chattanooga, 37421"
16520713,1739479749,completed,Traffic Signals,https://vc0.publicstuff.com/api/2.0/request_view?client_id=1000051&request_id=16520713,"Thu 13 Feb 2025, 03:49PM",35.033693433,-85.301514895,POINT (-85.301514895 35.033693433),The pedestrian crosswalk signal beeps continuously day and night. It goes across E Main St to Velo Coffee Roasters.,"1511 Adams St, Chattanooga, 37408"
16530115,1739803440,received,Traffic Signs,https://vc0.publicstuff.com/api/2.0/request_view?client_id=1000051&request_id=16530115,"Mon 17 Feb 2025, 09:44AM",35.031575534,-85.263915224,POINT (-85.263915224 35.031575534),"INSTALL
(IN SIDEWALK)
NO LEFT TURN
(R3-2 24""x24"")
Located 78' from McCallie Ave
on Southbound Dodds Ave

RELOCATE AND REPLACE
(BAND TO WOODEN UTILITY POLE with U-CHANNEL AT 8 FT)
TO
McCallie Ave Tunnel
and
Brainerd Rd
UP/RIGHT ARROW
(D1-1 48""x36"")
Located at 301 Dodds Ave
Southbound

REPLACE and RELOCATE
(TO LOCATION WHERE EXISTING U-CHANNEL POST IS)
HWY 11 and HWY 64 SIGNS
(M1-4)
RIGHT ARROWS (x2)
(M6-1R 21""x15"")
NORTH AND EAST SIGNS 
(M3-1 and M3-2 (24""x12"")
(SEE IMAGE)
Located at 298 Dodds Ave
Northbound","300 Dodds Ave, Chattanooga, 37404"
16535129,1739897758,submitted,Tree Problem,https://vc0.publicstuff.com/api/2.0/request_view?client_id=1000051&request_id=16535129,"Tue 18 Feb 2025, 11:55AM",35.062557019,-85.312878188,POINT (-85.312878188 35.062557019),"2 trees need replacing in the Renaissance Park parking lot that abuts the 1 North Shore condominiums.
This lot is adjacent to the Renaissance pavilion that includes the bathrooms. One spot is in the SE corner of the lot and the other is in front of the Yummy Thai restaurant on the NW side of the lot.","200 Manufacturers Rd, Chattanooga, 37405"
16528386,1739731600,completed,Tree Fallen/Branch,https://vc0.publicstuff.com/api/2.0/request_view?client_id=1000051&request_id=16528386,"Sun 16 Feb 2025, 01:46PM",35.051467,-85.268677,POINT (-85.268677 35.051467),Tree fell into my fence and into the back yard. Damaging the fence.,"1117 Sheridan Ave, Chattanooga, 37406"
16531846,1739821398,completed,Traffic Signals,https://vc0.publicstuff.com/api/2.0/request_view?client_id=1000051&request_id=16531846,"Mon 17 Feb 2025, 02:43PM",35.104275,-85.2735645,POINT (-85.2735645 35.104275),I live off of Lupton Drive on the same side as Lupton Drive Baptist Church and the light is not changing to turn left onto Hixson Pike. It's not changing at all.,"Lupton Dr & Hixson Pike, Chattanooga, 37415"
16521900,1739502027,in progress,Traffic Signs,https://vc0.publicstuff.com/api/2.0/request_view?client_id=1000051&request_id=16521900,"Thu 13 Feb 2025, 10:00PM",35.031492,-85.308831,POINT (-85.308831 35.031492),,"Market St & W 20th St, Chattanooga, 37408"
16522421,1739542239,received,Traffic Signs,https://vc0.publicstuff.com/api/2.0/request_view?client_id=1000051&request_id=16522421,"Fri 14 Feb 2025, 09:10AM",35.005555915,-85.219115712,POINT (-85.219115712 35.005555915),"INSTALL
(AT 8 FEET)
ADVANCED INTERSECTION LANE CONTROL (3 LANE)
(LEFT ONLY/ STRAIGHT ONLY/ RIGHT ONLY)
(R3-8b 48""x30"")
Located 255' from Miller Dr
on Northbound Spring Creek Rd

RELOCATE/MOVE
EXISTING RIGHT LANE MUST TURN RIGHT
Located 179' from Miller Dr 
on Northbound Spring Creek Rd","600 Spring Creek Rd, Chattanooga, 37411"
16535889,1739904333,submitted,Traffic Signals,https://vc0.publicstuff.com/api/2.0/request_view?client_id=1000051&request_id=16535889,"Tue 18 Feb 2025, 01:45PM",35.006047,-85.215991,POINT (-85.215991 35.006047),"Old traffic signals near Eastgate Mall should be removed, as this is now a stop sign. This intersection is confusing with these old traffic signals, making drivers like me wonder if theres a problem here.","100-698 Eastgate Loop, Chattanooga, 37411"
16518624,1739457495,in progress,Traffic Signals,https://vc0.publicstuff.com/api/2.0/request_view?client_id=1000051&request_id=16518624,"Thu 13 Feb 2025, 09:38AM",35.108442452,-85.144866989,POINT (-85.144866989 35.108442452),"Traffic signal at the intersection of St Hwy 58 & Ferdinand Piech Wy & Clark Rd. When traveling east on Clark Rd, the traffic signal for the lane that shares the roles of being the thru travel lane and the left turn lane only presents the drives with a ""green"" light and not a ""protected green arrow"". In watching the programing of this light, this is a ""protected turn"". The confusion thus is created by drivers only seeing a ""green light"" and assuming oncoming traffic from Ferdinand Piech Wy have the right-of-way, when in reality they have a ""red light"".","5607 Highway 58, Chattanooga, 37341"
16531730,1739820017,received,Traffic Signs,https://vc0.publicstuff.com/api/2.0/request_view?client_id=1000051&request_id=16531730,"Mon 17 Feb 2025, 02:20PM",35.017933405,-85.323634918,POINT (-85.323634918 35.017933405),,"3289 St Elmo Ave, Chattanooga, 37408"
16533469,1739857114,completed,Traffic Signals,https://vc0.publicstuff.com/api/2.0/request_view?client_id=1000051&request_id=16533469,"Tue 18 Feb 2025, 12:38AM",35.044271257,-85.150030594,POINT (-85.150030594 35.044271257),,"7326 McCutcheon Rd, Chattanooga, 37421"
16538361,1739966039,completed,Snow and Ice Removal,https://vc0.publicstuff.com/api/2.0/request_view?client_id=1000051&request_id=16538361,"Wed 19 Feb 2025, 06:53AM",35.069025,-85.321138,POINT (-85.321138 35.069025),Treat the road way with salt or brine.,"400-598 Whitehall Rd, Chattanooga, 37405"
16526990,1739709995,completed,Tree Fallen/Branch,https://vc0.publicstuff.com/api/2.0/request_view?client_id=1000051&request_id=16526990,"Sun 16 Feb 2025, 07:46AM",35.150638,-85.276755,POINT (-85.276755 35.150638),Overnight winds knocked down tree and is laying across road. Danger level high as its at a bend in the road.,"2-298 Lynnolen Ln, Chattanooga, 37415"
16529238,1739756100,completed,Tree Fallen/Branch,https://vc0.publicstuff.com/api/2.0/request_view?client_id=1000051&request_id=16529238,"Sun 16 Feb 2025, 08:35PM",35.123127526,-85.26063256,POINT (-85.26063256 35.123127526),tree down blocking cul-de-sac,"1301-1315 Milky Way, Chattanooga, 37343"
16538240,1739938523,submitted,Traffic Signals,https://vc0.publicstuff.com/api/2.0/request_view?client_id=1000051&request_id=16538240,"Tue 18 Feb 2025, 11:15PM",35.083992,-85.062034,POINT (-85.062034 35.083992),"There is a very dangerous intersection here in the Ooltewah area, where there is a traffic signal on Lee Hwy for Relocation Way (on the north side) and a Marathon gas station (on the south side). On the south side of Lee Hwy is Reagan Ln, which is an outlet onto Lee Hwy for all traffic coming from Walmart, Taco Bell, etc. However, Reagan Ln comes in just short of the intersection, causing a huge back up of traffic. It is also an unsafe right-turn onto Lee Hwy from Reagan Ln as the signaled intersection comes immediately after making the right turn. It does not make sense to have Relocation Way and the gas station to have their own traffic signal, while Reagan Ln could use the signal to provide safe turns onto Lee Hwy. These intersections should be redesigned soon as this is a terrible design for handling traffic in the growing Ooltewah-Collegedale area.","9206-9212 Lee Hwy, Collegedale, 37363"
16530033,1739802525,in progress,Traffic Signs,https://vc0.publicstuff.com/api/2.0/request_view?client_id=1000051&request_id=16530033,"Mon 17 Feb 2025, 09:28AM",35.094512,-85.276919,POINT (-85.276919 35.094512),Stop sign broken at base and on the ground,"1260-1298 Enclave Rd, Chattanooga, 37415"
16522389,1739541678,completed,Snow and Ice Removal,https://vc0.publicstuff.com/api/2.0/request_view?client_id=1000051&request_id=16522389,"Fri 14 Feb 2025, 09:01AM",35.058809969,-85.32656964,POINT (-85.32656964 35.058809969),"From the sharp curve Manufactures / riverside Ave  to Pineville Rd Is very icy, also continuing on Pineville rd to Signal Mtn Rd has bad icy areas. Cars and Semi trucks sliding. Called in by Shelly from Moccasin Bend, Call her if directions needed423-488-2780","900 Manufacturers Rd, Chattanooga, 37405"
16520919,1739481582,received,Traffic Signs,https://vc0.publicstuff.com/api/2.0/request_view?client_id=1000051&request_id=16520919,"Thu 13 Feb 2025, 04:19PM",35.032082073,-85.173836266,POINT (-85.173836266 35.032082073),"There was a traffic accident at the corner of 6800 Chiswick Drive and Hickory Valley Road last year.  The auto took down a concrete power pole, the stop sign and a dead-end street sign. When the replacement pole was installed nothing else was done.  We need a replacement stop sign, dead-end street sign, along with the old street poles that were hit removed along with the concrete from the broken pole.  There is a red conduit needing re-attached to the new pole.","6800 Chiswick Dr, Chattanooga, 37421"
16535456,1739900544,completed,Traffic Signals,https://vc0.publicstuff.com/api/2.0/request_view?client_id=1000051&request_id=16535456,"Tue 18 Feb 2025, 12:42PM",35.102728527,-85.274426189,POINT (-85.274426189 35.102728527),,"3400 Hixson Pike, Chattanooga, 37415"
16519728,1739469266,completed,Tree Fallen/Branch,https://vc0.publicstuff.com/api/2.0/request_view?client_id=1000051&request_id=16519728,"Thu 13 Feb 2025, 12:54PM",35.109314336,-85.269219974,POINT (-85.269219974 35.109314336),Tree down blocking the whole road near this address. Caller also states it has smashed the guardrail. He is call CPD also.,"1011 Marion Cir, Chattanooga, 37415"
16534350,1739891011,completed,Traffic Signs,https://vc0.publicstuff.com/api/2.0/request_view?client_id=1000051&request_id=16534350,"Tue 18 Feb 2025, 10:03AM",35.063361,-85.242402,POINT (-85.242402 35.063361),Stop sign is down. On the corner of Greenwood and N. Crest Rd,"627 N Crest Rd, Chattanooga, 37404"
16542288,1740014362,submitted,Traffic Signals,https://vc0.publicstuff.com/api/2.0/request_view?client_id=1000051&request_id=16542288,"Wed 19 Feb 2025, 08:19PM",35.082663,-85.058415,POINT (-85.058415 35.082663),Crosswalk beacons needed at crosswalk on Lee Hwy at intersection with Main Street and Ooltewah Georgetown Road. There are currently push buttons the activate the green light (for car traffic) but looks unsafe since this is a wide road crossing.,"9300-9318 Lee Hwy, Collegedale, 37363"
16527027,1739712218,completed,Tree Problem,https://vc0.publicstuff.com/api/2.0/request_view?client_id=1000051&request_id=16527027,"Sun 16 Feb 2025, 08:23AM",35.11999,-85.266669,POINT (-85.266669 35.11999),,"912 Brynwood Dr, Chattanooga, 37415"
16523876,1739559987,completed,Traffic Signs,https://vc0.publicstuff.com/api/2.0/request_view?client_id=1000051&request_id=16523876,"Fri 14 Feb 2025, 02:06PM",35.107437531,-85.326142639,POINT (-85.326142639 35.107437531),Citizens are Requesting Repairs of the Round About Markers and Street markers at the W Road Round At Mountain Creek Rd. Street Marker is on The ground As well.,"3500 W Rd, Chattanooga, 37405"
16531306,1739815400,completed,Traffic Signs,https://vc0.publicstuff.com/api/2.0/request_view?client_id=1000051&request_id=16531306,"Mon 17 Feb 2025, 01:03PM",35.062557019,-85.312878188,POINT (-85.312878188 35.062557019),"A stop sign has been struck by a vehicle at ~200 Manufacturer's Rd. It is currently laying in the grass median that has the Renaissance Park sign. We would reinstall, but unsure of the correct orientation.","200 Manufacturers Rd, Chattanooga, 37405"
16522328,1739540519,completed,Snow and Ice Removal,https://vc0.publicstuff.com/api/2.0/request_view?client_id=1000051&request_id=16522328,"Fri 14 Feb 2025, 08:41AM",35.027378852,-85.234705065,POINT (-85.234705065 35.027378852),"Intersection of Talley Rd. and Rogers Rd. 
At the intersection of Talley Rd. and Rogers Rd., a caller reports a thick patch of ice that needs to be removed.","500 Talley Rd, Chattanooga, 37411"
16536559,1739909882,submitted,Traffic Signs,https://vc0.publicstuff.com/api/2.0/request_view?client_id=1000051&request_id=16536559,"Tue 18 Feb 2025, 03:18PM",35.130910794,-85.223539561,POINT (-85.223539561 35.130910794),The street marker sign on the corner of Bryant Rd and Hamill Rd has been hit and is leaning and Caller also states the fire hydrant beside of it must have gotten hit too because it is leaning but not leaking,"2700 Bryant Rd, Chattanooga, 37343"
16535866,1739904179,received,Traffic Signs,https://vc0.publicstuff.com/api/2.0/request_view?client_id=1000051&request_id=16535866,"Tue 18 Feb 2025, 01:42PM",35.031416051,-85.292281517,POINT (-85.292281517 35.031416051),"INSTALL
NO PARKING TO CORNER
(R-NS-006 12""x18"")
Located 35' from Top St
on Westbound E 14th St

INSTALL
(AT AN ANGLE)
NO PARKING ANYTIME (DOUBLE ARROW)
(R7-1 L&R 12""x18"")
Located 40' from Top St
on Westbound E 14th St

INSTALL
NO PARKING TO CORNER
(R-NS-006 12""x18"")
Located 40' from Top St
on Eastbound E 14th St

INSTALL
(ON UTILITY POLE AT AN ANGLE)
NO PARKING ANYTIME (DOUBLE ARROW)
(R7-1 L&R 12""x18"")
Located at 1020 E 14th St
Westbound

REPLACE 
NO PARKING TO CORNER
with
NO PARKING TO CORNER (RIGHT ARROW)
Located at 1103 E 14th St
Eastbound","1100 E 14th St, Chattanooga, 37408"
16529760,1739798661,completed,Traffic Signals,https://vc0.publicstuff.com/api/2.0/request_view?client_id=1000051&request_id=16529760,"Mon 17 Feb 2025, 08:24AM",35.014379,-85.325307,POINT (-85.325307 35.014379),,"3536-3554 Broad St, Chattanooga, 37409"
16529670,1739796735,received,Traffic Signs,https://vc0.publicstuff.com/api/2.0/request_view?client_id=1000051&request_id=16529670,"Mon 17 Feb 2025, 07:52AM",35.080710215,-85.203945939,POINT (-85.203945939 35.080710215),"REINSTALL
(MISSING)
STOP
(R1-1 30""x30"")
Located 18' from Willard Dr
on SW bound Wilksview Dr

STRAIGHTEN STREET NAME MARKER POST","4200 Wilkesview Dr, Chattanooga, 37416"
16521894,1739501704,completed,Traffic Signs,https://vc0.publicstuff.com/api/2.0/request_view?client_id=1000051&request_id=16521894,"Thu 13 Feb 2025, 09:55PM",35.008145,-85.326302,POINT (-85.326302 35.008145),Stop sign coming out of Food city at 40th St. is bent over at the base.,"1101-1199 W 40th St, Chattanooga, 37409"
16534639,1739893644,submitted,Tree Fallen/Branch,https://vc0.publicstuff.com/api/2.0/request_view?client_id=1000051&request_id=16534639,"Tue 18 Feb 2025, 10:47AM",35.132648,-85.194293,POINT (-85.194293 35.132648),Tree stump uprooted into ditch blocking water flow. Please remove (and clear all leaves if possible,"6510 Big Ridge Rd, Chattanooga, 37343"
16531227,1739814704,completed,Traffic Signs,https://vc0.publicstuff.com/api/2.0/request_view?client_id=1000051&request_id=16531227,"Mon 17 Feb 2025, 12:51PM",35.035580559,-85.235495792,POINT (-85.235495792 35.035580559),,"802 Aubrey Ave, Chattanooga, 37411"
16527063,1739712322,completed,Tree Fallen/Branch,https://vc0.publicstuff.com/api/2.0/request_view?client_id=1000051&request_id=16527063,"Sun 16 Feb 2025, 08:25AM",35.042879,-85.228804,POINT (-85.228804 35.042879),Across the street. We tried to move but it too heavy,"1512 Dalewood Dr, Chattanooga, 37411"
16520121,1739473289,completed,Tree Fallen/Branch,https://vc0.publicstuff.com/api/2.0/request_view?client_id=1000051&request_id=16520121,"Thu 13 Feb 2025, 02:01PM",35.054182751,-85.264744482,POINT (-85.264744482 35.054182751),"Branches hanging over the street and powerlines
Next door of residence","1406 N Orchard Knob Ave, Chattanooga, 37406"
16541604,1740002971,submitted,Traffic Signs,https://vc0.publicstuff.com/api/2.0/request_view?client_id=1000051&request_id=16541604,"Wed 19 Feb 2025, 05:09PM",35.07051719,-85.3065045,POINT (-85.3065045 35.07051719),This area is where the neighborhood children play and becomes more congested each day with all the new houses being built. People speed through here as a cross street to Dallas road.  A three way stop here will defiantly prevent many future wrecks and a possible tragedy in the future.,"Franklin St, Chattanooga, 37405"
16523606,1739556986,received,Traffic Signs,https://vc0.publicstuff.com/api/2.0/request_view?client_id=1000051&request_id=16523606,"Fri 14 Feb 2025, 01:16PM",35.058809969,-85.32656964,POINT (-85.32656964 35.058809969),"INSTALL
TRUCKS
(M4-4 24""x12"") 
(YELLOW BACKGROUND with BLACK LETTERS)
NO RIGHT TURN
(R3-1R 24""x24"")
Located 194' from Riverside Dr
on NE bound Manufacturers Rd
(ADD ORANGE FLAGS ONCE INSTALL IS COMPLETE)

INSTALL
TRUCKS
(M4-4 24""x12"") 
(YELLOW BACKGROUND with BLACK LETTERS)
NO LEFT TURN
(R3-1L 24""x24"")
Located 29' from Riverside Dr
on Northbound Manufacturers Rd

INSTALL
TRUCKS
(M4-4 24""x12"") 
(YELLOW BACKGROUND with BLACK LETTERS)
NO LEFT TURN
(R3-1L 24""x24"")
Located 120' from Riverside Ave
NE bound
(ADD ORANGE FLAGS ONCE INSTALL IS COMPLETE)

INSTALL
TRUCKS
(M4-4 24""x12"") 
(YELLOW BACKGROUND with BLACK LETTERS)
NO LEFT TURN
(R3-1L 24""x24"")
Located 120' from Riverside Ave
NE bound
(ADD ORANGE FLAGS ONCE INSTALL IS COMPLETE)","900 Manufacturers Rd, Chattanooga, 37405"
