id,timestamp,status,type,url,created,latitude,longitude,location,description,address
16559294,1740490610,received,Traffic Signs,https://vc0.publicstuff.com/api/2.0/request_view?client_id=1000051&request_id=16559294,"Tue 25 Feb 2025, 08:36AM",35.023298561,-85.272605887,POINT (-85.272605887 35.023298561),"INSTALL
(MISSING)
STREET NAME MARKERS
(D3 ?""x10"")
S Watkins St 1500 (x2)
E Main St 2300 (x2)
Located 14' from E Main St
on Southbound S Watkins St

INSTALL
(AT AN AN ANGLE)
NO PARKING TO CORNER (RIGHT ARROW)
R-NS-006R 12""x18"")
Located 35' from E Main St
on Southbound S Watkins St","1500 S Watkins St, Chattanooga, 37404"
16566711,1740599629,received,Traffic Signs,https://vc0.publicstuff.com/api/2.0/request_view?client_id=1000051&request_id=16566711,"Wed 26 Feb 2025, 02:53PM",35.042607,-85.305852,POINT (-85.305852 35.042607),"REMOVE PED TRAFFIC FROM LAMP POLE
and
REINSTALL
(IN SIDEWALK AT 8FT)
PEDESTRIAN TRAFFIC
(W11-2 30""x30"")
and
DOWNWARD DIAGONAL ARROW (LEFT)
(W16-7pL 24""x12"")
Located 428' from Market St
on Northbound King St

INSTALL
(ON LAMP POLE AT 8 FT)
PEDESTRIAN TRAFFIC
(W11-2 30""x30"")
and
AHEAD (PLAQUE)
(W16-9p 24""x12"")
Located at 1210 King St
Northbound

RELOCATE 
PEDESTRIAN TRAFFIC WITH DOWNWARD DIAGONAL ARROW
(TO LAMP POLE AT 8FT)
(REMOVE U-CHANNEL POST)
Located at 1199 King St
Southbound

INSTALL
(ON UTILITY POLE AT 8 FT)
PEDESTRIAN TRAFFIC
(W11-2 30""x30"")
and
AHEAD (PLAQUE)
(W16-9P 24""x12"")
Located at 1115 King St
Southbound

INSTALL
(ON UTILITY POLE AT 8 FT)
SPEED LIMIT 25
(R2-1 24""x30"")
Located near the intersection of E 11th St
and Southbound King St","1200 King St, Chattanooga, 37402"
16569468,1740669315,completed,Traffic Signs,https://vc0.publicstuff.com/api/2.0/request_view?client_id=1000051&request_id=16569468,"Thu 27 Feb 2025, 10:15AM",35.026901716,-85.363794288,POINT (-85.363794288 35.026901716),,"220 Browns Ferry Rd, Chattanooga, 37419"
16578134,1740850869,submitted,Tree Fallen/Branch,https://vc0.publicstuff.com/api/2.0/request_view?client_id=1000051&request_id=16578134,"Sat 01 Mar 2025, 12:41PM",35.052186614,-85.304571658,POINT (-85.304571658 35.052186614),Northeast corner of intersection in the green space. There has been a fallen tree in this open space near the road for over 4 months. Please remove. Thanks.,"400 Georgia Ave, Chattanooga, 37403"
16578660,1740866666,in progress,Traffic Signs,https://vc0.publicstuff.com/api/2.0/request_view?client_id=1000051&request_id=16578660,"Sat 01 Mar 2025, 05:04PM",35.053842898,-85.263901661,POINT (-85.263901661 35.053842898),No Parking sign on Wilcox at side of this address has been knocked over.,"1401 Roanoke Ave, Chattanooga, 37406"
16572847,1740701917,completed,Traffic Signals,https://vc0.publicstuff.com/api/2.0/request_view?client_id=1000051&request_id=16572847,"Thu 27 Feb 2025, 07:18PM",35.052005328,-85.309688952,POINT (-85.309688952 35.052005328),The traffic lights on 4th other than the one on Market appear to be synchronized correctly,
16574921,1740763041,completed,Tree Fallen/Branch,https://vc0.publicstuff.com/api/2.0/request_view?client_id=1000051&request_id=16574921,"Fri 28 Feb 2025, 12:17PM",35.037019,-85.309506,POINT (-85.309506 35.037019),"Tree branch, snapped needs to be cut, causing obstruction possible hitting hazard","201-299 W Main St, Chattanooga, 37408"
16581099,1741008931,received,Traffic Signs,https://vc0.publicstuff.com/api/2.0/request_view?client_id=1000051&request_id=16581099,"Mon 03 Mar 2025, 08:35AM",35.028763265,-85.285029276,POINT (-85.285029276 35.028763265),"INSTALL
NO PARKING TO CORNER
(R-NS-006 12""x18"")
Located 54' from S Highland Park Ave
on Westbound E 14th St

INSTALL
(AT AN ANGLE)
NO PARKING TO CORNER (RIGHT ARROW)
(R-NS-006R 12""x18"")
Located 35' from E 14th St
on Southbound S Highland Park Ave

INSTALL
(AT AN ANGLE ON UTILITY POLE)
NO PARKING TO CORNER (RIGHT ARROW)
(R-NS-006R 12""x18"")
Located at 1500 E 14th St
Eastbound

INSTALL
(ON UTILITY POLE)
NO PARKING TO CORNER
(R-NS-006 12""x18"")
Located at 1489 E 14th St
Eastbound","1500 E 14th St, Chattanooga, 37404"
16559684,1740495078,completed,Traffic Signals,https://vc0.publicstuff.com/api/2.0/request_view?client_id=1000051&request_id=16559684,"Tue 25 Feb 2025, 09:51AM",35.016362708,-85.288645994,POINT (-85.288645994 35.016362708),,"E 26th St, Chattanooga, 37407"
16567276,1740604578,in progress,Traffic Signs,https://vc0.publicstuff.com/api/2.0/request_view?client_id=1000051&request_id=16567276,"Wed 26 Feb 2025, 04:16PM",35.080936,-85.299268,POINT (-85.299268 35.080936),The sign for the pedestrian crossing has been ripped out or run over and needs to be replaced.,"1700-1808 Notting Hl, Chattanooga, 37405"
16581021,1741007636,submitted,Tree Fallen/Branch,https://vc0.publicstuff.com/api/2.0/request_view?client_id=1000051&request_id=16581021,"Mon 03 Mar 2025, 08:13AM",35.061958561,-85.233191485,POINT (-85.233191485 35.061958561),"The is a tree across the street from 2308 Northbrier Lane has fallen and leaning toward the street. 
The tree is located about 4 or 5 feet from the roadway.","2308 Northbrier Ln, Chattanooga, 37406"
16576856,1740784402,completed,Traffic Signals,https://vc0.publicstuff.com/api/2.0/request_view?client_id=1000051&request_id=16576856,"Fri 28 Feb 2025, 06:13PM",35.14147,-85.24893,POINT (-85.24893 35.14147),Backed up for a quarter mile past Norcross because the signal will not change!!!,"5469-5499 Highway 153, Chattanooga, 37343"
16569039,1740664545,completed,Traffic Signals,https://vc0.publicstuff.com/api/2.0/request_view?client_id=1000051&request_id=16569039,"Thu 27 Feb 2025, 08:55AM",35.045748,-85.3116345,POINT (-85.3116345 35.045748),,"W Martin Luther King Blvd & Carter St, Chattanooga, 37402"
16572599,1740697606,completed,Traffic Signals,https://vc0.publicstuff.com/api/2.0/request_view?client_id=1000051&request_id=16572599,"Thu 27 Feb 2025, 06:06PM",35.141661,-85.248687,POINT (-85.248687 35.141661),Light frequency is slow on Gadd going across 153 westbound toward circle K.  2 cars at a time during rush hour before turning red. East towards Walgreens lets several cars through before turning red.,"5468-5498 Highway 153, Chattanooga, 37343"
16560553,1740502619,submitted,Traffic Signals,https://vc0.publicstuff.com/api/2.0/request_view?client_id=1000051&request_id=16560553,"Tue 25 Feb 2025, 11:56AM",35.040308182,-85.270559583,POINT (-85.270559583 35.040308182),Left-only turn signals need to be removed from red light on East 3rd Street at North Orchard Knob (address is 2000 East 3rd Street),"2000 E 3rd St, Chattanooga, 37404"
16573995,1740754063,completed,Traffic Signals,https://vc0.publicstuff.com/api/2.0/request_view?client_id=1000051&request_id=16573995,"Fri 28 Feb 2025, 09:47AM",35.020252699,-85.365809699,POINT (-85.365809699 35.020252699),,"3000 Cummings Hwy, Chattanooga, 37419"
16577717,1740839223,in progress,Traffic Signs,https://vc0.publicstuff.com/api/2.0/request_view?client_id=1000051&request_id=16577717,"Sat 01 Mar 2025, 09:27AM",35.028544688,-85.25716853,POINT (-85.25716853 35.028544688),This is the nearest address. One Way sign at the end of Sherwood as it merges into Rosemont has been run over. See photo for identification.,"94 Sherwood Ave, Chattanooga, 37404"
16580994,1741007014,in progress,Traffic Signs,https://vc0.publicstuff.com/api/2.0/request_view?client_id=1000051&request_id=16580994,"Mon 03 Mar 2025, 08:03AM",35.02991882,-85.288219723,POINT (-85.288219723 35.02991882),"INSTALL
(IN SIDEWALK)
SPEED LIMIT 25
(R2-1 24""x30"")
and
NO PARKING ANYTIME
(R7-1 12""x18"")
Located 80' from from S Holtzclaw Ave
on Westbound E 14th St

INSTALL
(IN SIDEWALK AT AN ANGLE))
NO PARKING ANYTIME (LEFT ARROW)
(R7-1L 12""x18"")
Located 330' from from S Holtzsclaw Ave
on Westbound E 14th St

INSTALL
(ON UTILITY POLE)
NO PARKING ANYTIME
(R7-1 12""x18"")
Located at 1292 E 14th St
Eastbound

INSTALL
(ON UTILITY POLE)
NO PARKING ANYTIME
(R7-1 12""x18"")
Located at 1251 E 14th St
Eastbound","1260 E 14th St, Chattanooga, 37408"
16572091,1740691339,in progress,Traffic Signs,https://vc0.publicstuff.com/api/2.0/request_view?client_id=1000051&request_id=16572091,"Thu 27 Feb 2025, 04:22PM",35.033063032,-85.171800471,POINT (-85.171800471 35.033063032),,"6818 Bacon Ln, Chattanooga, 37421"
16568485,1740624132,completed,Traffic Signs,https://vc0.publicstuff.com/api/2.0/request_view?client_id=1000051&request_id=16568485,"Wed 26 Feb 2025, 09:42PM",35.030463,-85.295383,POINT (-85.295383 35.030463),Stop sign was knocked down,"1000-1098 E 16th St, Chattanooga, 37408"
16564140,1740574787,received,Traffic Signs,https://vc0.publicstuff.com/api/2.0/request_view?client_id=1000051&request_id=16564140,"Wed 26 Feb 2025, 07:59AM",35.070930325,-85.306683382,POINT (-85.306683382 35.070930325),"INSTALL
STOP
(R1-1 30""x30"")
Located 24' from Ruth St
on Southbound Franklin St

INSTALL
SPEED LIMIT 25
(R2-1 24""x30"")
Located 172' from Hamilton Ave
on Eastbound Ruth St

REPLACE
STREET NAME MARKERS
(D3 ?""x8"")
Franklin St 800 (x2)
Ruth St 100 (x2)

REPLACE
STREET NAME MARKERS
(D3 ?""x8"")
Ruth St 100 (x2)
Hamilton Ave 700 (x2)

REMOVE NO PARKING ANYTIME
Located at the intersection of Franklin St
an Westbound Ruth St","190 Ruth St, Chattanooga, 37405"
16574204,1740756256,submitted,Traffic Signs,https://vc0.publicstuff.com/api/2.0/request_view?client_id=1000051&request_id=16574204,"Fri 28 Feb 2025, 10:24AM",35.062465275,-85.252726906,POINT (-85.252726906 35.062465275),Deaf child,"2201 Davenport St, Chattanooga, 37406"
16573797,1740751433,submitted,Traffic Signs,https://vc0.publicstuff.com/api/2.0/request_view?client_id=1000051&request_id=16573797,"Fri 28 Feb 2025, 09:03AM",35.066319928,-85.314335633,POINT (-85.314335633 35.066319928),"REMOVE 
EXISTING NO PARKING TO CORNER AND U-CHANNEL POST
and
RELOCATE 
NO PARKING TO CORNER
(TO UTILITY POLE)
Located at 521 Cherokee Blvd
NW bound

INSTALL
(ON UTILITY POLE)
NO PARKING CARTA BUS STOP SIGN
(R7-107a 12""x36"")
Located at 446 Cherokee Blvd 
NW bound

INSTALL
(ON UTILITY POLE)
NO PARKING CARTA BUS STOP SIGN
(R7-107a 12""x36"")
Located at 516 Cherokee Blvd 
SE bound","446 Cherokee Blvd, Chattanooga, 37405"
16571214,1740684884,submitted,Traffic Signs,https://vc0.publicstuff.com/api/2.0/request_view?client_id=1000051&request_id=16571214,"Thu 27 Feb 2025, 02:34PM",34.986771908,-85.288088453,POINT (-85.288088453 34.986771908),"They are parking right there at the stop sign and it is hard to see any cars coming from the other side, so they should be no parking sign there on both side.  It is right at the corner of E 49th St and English Ave","1798 E 49th St, Chattanooga, 37407"
16579937,1740946484,submitted,Tree Problem,https://vc0.publicstuff.com/api/2.0/request_view?client_id=1000051&request_id=16579937,"Sun 02 Mar 2025, 03:14PM",35.038371374,-85.236982875,POINT (-85.236982875 35.038371374),Tree branches have already fallen but 2 trees are leaning on each other. The heavy wind we have they are coming down in my driveway where my cars parked. It is the wooded lot located next to my address. The owner of this lot needs to maintain their property.,"937 Shallowford Rd, Chattanooga, 37411"
16577930,1740844868,submitted,Tree Problem,https://vc0.publicstuff.com/api/2.0/request_view?client_id=1000051&request_id=16577930,"Sat 01 Mar 2025, 11:01AM",35.066648323,-85.296142845,POINT (-85.296142845 35.066648323),Does the forestry group conduct stump removal from the public right of way between the sidewalk and the street? There are two stumps that we would like to have removed. Once removed we would like to plant a tree in one location and then maintain the other location with plants. is there limitation as to which type of trees can be planted in the right of way?,"1204 Normal Ave, Chattanooga, 37405"
16568965,1740663595,in progress,Traffic Signs,https://vc0.publicstuff.com/api/2.0/request_view?client_id=1000051&request_id=16568965,"Thu 27 Feb 2025, 08:39AM",35.031575534,-85.263915224,POINT (-85.263915224 35.031575534),"INSTALL
(ON DOUBLE U-CHANNEL POST)
HIGHWAY GUIDE SIGNS
(ALREADY MADE)
and
HOSPITAL GUIDE SIGN
(ALREADY THERE)
Located 94' from Glenwood Dr Ramp Exit
on Northbound Dodds Ave","300 Dodds Ave, Chattanooga, 37404"
16582670,1741021210,submitted,Tree Problem,https://vc0.publicstuff.com/api/2.0/request_view?client_id=1000051&request_id=16582670,"Mon 03 Mar 2025, 12:00PM",34.999932008,-85.329403779,POINT (-85.329403779 34.999932008),"Hi there, I'm the owner of 4521 Saint Elmo Avenue.  I was told that a neighbor filed a letter years ago in respect to my trees, stating they were dead and mismanaged.  He was upset because a limb fell on his car after a large storm.  My trees are taken care of by arborists but I would like to know what the contents of this letter is as they were asking about it when doing maintenance.  Can you send me a copy of the letter?  

Thanks, 

Beck","4521 St Elmo Ave, Chattanooga, 37409"
16574702,1740761150,completed,Tree Fallen/Branch,https://vc0.publicstuff.com/api/2.0/request_view?client_id=1000051&request_id=16574702,"Fri 28 Feb 2025, 11:45AM",35.009392848,-85.152189091,POINT (-85.152189091 35.009392848),Caller states there is a fallen branch  across Mackey Branch in Heritage Park.,"1428 Jenkins Rd, Chattanooga, 37421"
16565621,1740589794,submitted,Traffic Signs,https://vc0.publicstuff.com/api/2.0/request_view?client_id=1000051&request_id=16565621,"Wed 26 Feb 2025, 12:09PM",35.069313,-85.311038,POINT (-85.311038 35.069313),"I live at the corner of Snow St and Chambliss. There is a stop sign at the Snow St side of the intersection, but nothing on Chambliss. There are cars that come extremely fast down Chambliss from Stringers ridge, and my 6 year old daughters bus stop is right at that intersection. I would really really appreciate if the city could convert it to a 4 way stop before something tragic happens at that intersection. Thank you!","629 Snow St, Chattanooga, 37405"
16573534,1740746394,in progress,Traffic Signals,https://vc0.publicstuff.com/api/2.0/request_view?client_id=1000051&request_id=16573534,"Fri 28 Feb 2025, 07:39AM",35.071836,-85.307936,POINT (-85.307936 35.071836),It is a very dangerous intersection. Someone is going to die due to the obstruction caused by construction. The city will get sued. Please do not wait until that happens to do something like on Frazier.,"720-798 Hamilton Ave, Chattanooga, 37405"
