id,timestamp,status,type,url,created,latitude,longitude,location,description,address
16396860,1736472479,completed,Snow and Ice Removal,https://vc0.publicstuff.com/api/2.0/request_view?client_id=1000051&request_id=16396860,"Thu 09 Jan 2025, 08:27PM",35.007203,-85.271483,POINT (-85.271483 35.007203),Westside drive has not been brined. Its a main road between downtown and Rossville/East Ridge and the only way to avoid the Bachman tunnel. There is already ice along the sides!,"2908-3198 Westside Dr, Chattanooga, 37404"
16397454,1736516699,submitted,Snow and Ice Removal,https://vc0.publicstuff.com/api/2.0/request_view?client_id=1000051&request_id=16397454,"Fri 10 Jan 2025, 08:44AM",35.112533,-85.212724,POINT (-85.212724 35.112533),Lake resort drive and lake resort terrace are solid ice right now. 3 apartment complexes are connected to these roads. Wife is a RN @ Erlanger and wont be able to get to work by Saturday morning.,"5926-5948 Lake Resort Ter, Chattanooga, 37415"
16397489,1736517506,completed,Snow and Ice Removal,https://vc0.publicstuff.com/api/2.0/request_view?client_id=1000051&request_id=16397489,"Fri 10 Jan 2025, 08:58AM",35.113289,-85.213343,POINT (-85.213343 35.113289),,"5950-5998 Lake Resort Ter, Chattanooga, 37415"
16397571,1736519036,submitted,Snow and Ice Removal,https://vc0.publicstuff.com/api/2.0/request_view?client_id=1000051&request_id=16397571,"Fri 10 Jan 2025, 09:23AM",35.154917247,-85.258718649,POINT (-85.258718649 35.154917247),,"533 Ethyeylin Ln, Chattanooga, 37343"
16397656,1736520623,submitted,Snow and Ice Removal,https://vc0.publicstuff.com/api/2.0/request_view?client_id=1000051&request_id=16397656,"Fri 10 Jan 2025, 09:50AM",35.149628123,-85.27644441,POINT (-85.27644441 35.149628123),Our hill doesn't appear to be brined and it gets treacherous with any ice. We have several elderly households as well as a person with a severe medical condition.,"Lynnolen Ln, Chattanooga, 37415"
16397672,1736520797,submitted,Snow and Ice Removal,https://vc0.publicstuff.com/api/2.0/request_view?client_id=1000051&request_id=16397672,"Fri 10 Jan 2025, 09:53AM",35.03707166,-85.261084359,POINT (-85.261084359 35.03707166),Citizen saw a car slide on the street. They were not in an accident and was able to correct and keep going. He would just like the street to be maintained.,"403 Glenwood Dr, Chattanooga, 37404"
16397692,1736521070,submitted,Snow and Ice Removal,https://vc0.publicstuff.com/api/2.0/request_view?client_id=1000051&request_id=16397692,"Fri 10 Jan 2025, 09:57AM",35.131025,-85.258873,POINT (-85.258873 35.131025),Cars parked in others yards bc they have got stuck. People on this road are out at work and cant get home. Die to employers demanding them come to work. We want family to be able to get home. Hixson Ave have narrow roads with steep hill. Cloverdale is bad too but this road is going to be tough to maneuver.  Elderly people who have needed ambulance services frequently in recent months.,"1301-1317 Hixson Ave, Chattanooga, 37343"
16397836,1736523099,submitted,Snow and Ice Removal,https://vc0.publicstuff.com/api/2.0/request_view?client_id=1000051&request_id=16397836,"Fri 10 Jan 2025, 10:31AM",35.042806276,-85.177288575,POINT (-85.177288575 35.042806276),Please salt 6500 -6700 Ballard Dr.  Especially within the 6500 block which is uphill starting at the 6600 block of Ballard,"6509 Ballard Dr, Chattanooga, 37421"
16397865,1736523395,submitted,Snow and Ice Removal,https://vc0.publicstuff.com/api/2.0/request_view?client_id=1000051&request_id=16397865,"Fri 10 Jan 2025, 10:36AM",35.05045,-85.259521,POINT (-85.259521 35.05045),Its frozen in front of my house and Id just like it to be salted if at all possible.,"1318 Arlington Ave, Chattanooga, 37406"
16397916,1736523903,submitted,Snow and Ice Removal,https://vc0.publicstuff.com/api/2.0/request_view?client_id=1000051&request_id=16397916,"Fri 10 Jan 2025, 10:45AM",35.075257571,-85.320997638,POINT (-85.320997638 35.075257571),"Stringers Ridge road is what need the cleaning the most off Dayton Blvd., on the Chattanooga side. States they have to get in and out of the building, and the road is on a hill.","900 Whitehall Rd, Chattanooga, 37405"
16398079,1736525829,submitted,Snow and Ice Removal,https://vc0.publicstuff.com/api/2.0/request_view?client_id=1000051&request_id=16398079,"Fri 10 Jan 2025, 11:17AM",35.029693337,-85.239039963,POINT (-85.239039963 35.029693337),citizen informed a lot of elderly people on the street and they have nurses coming back and forth and need the road clear in case of medical assistance needed,"509 Biltmore Dr, Chattanooga, 37411"
16398128,1736526380,submitted,Snow and Ice Removal,https://vc0.publicstuff.com/api/2.0/request_view?client_id=1000051&request_id=16398128,"Fri 10 Jan 2025, 11:26AM",35.075471184,-85.226853927,POINT (-85.226853927 35.075471184),"Caller asks for sand to be spread for snow removal in the area, mentioning that the road conditions are terrible.","3847 Wauchula St, Chattanooga, 37406"
16398163,1736526788,completed,Snow and Ice Removal,https://vc0.publicstuff.com/api/2.0/request_view?client_id=1000051&request_id=16398163,"Fri 10 Jan 2025, 11:33AM",35.075471184,-85.226853927,POINT (-85.226853927 35.075471184),entrance to gaylan heights mainly off bonny oaks,"3847 Wauchula St, Chattanooga, 37406"
16398246,1736527907,submitted,Snow and Ice Removal,https://vc0.publicstuff.com/api/2.0/request_view?client_id=1000051&request_id=16398246,"Fri 10 Jan 2025, 11:51AM",35.089825641,-85.283539298,POINT (-85.283539298 35.089825641),please brime hill. can't get up it.,"1051 River Hills Cir, Chattanooga, 37415"
16398286,1736528365,submitted,Snow and Ice Removal,https://vc0.publicstuff.com/api/2.0/request_view?client_id=1000051&request_id=16398286,"Fri 10 Jan 2025, 11:59AM",35.172708877,-85.248754151,POINT (-85.248754151 35.172708877),Need hill salted,"6823 Ivanwood Dr, Chattanooga, 37343"
16398462,1736530577,submitted,Snow and Ice Removal,https://vc0.publicstuff.com/api/2.0/request_view?client_id=1000051&request_id=16398462,"Fri 10 Jan 2025, 12:36PM",35.053172075,-85.241335083,POINT (-85.241335083 35.053172075),Going,"1610 Greenwood Rd, Chattanooga, 37406"
16398480,1736530718,submitted,Snow and Ice Removal,https://vc0.publicstuff.com/api/2.0/request_view?client_id=1000051&request_id=16398480,"Fri 10 Jan 2025, 12:38PM",35.126786329,-85.270027011,POINT (-85.270027011 35.126786329),"My boyfriend is getting the l discharged from the hospital tonight after a week long stay for chemotherapy treatment. I think we can get from memorial hospital downtown to Ely or Gadd but I'm concerned about Ely, Delaschmitt, and my street Sherry Lane. I live at the top of the hill on Sherry Lane at 4534. I drive an AWD Subaru so I'm confident we can get close, but not all the way home. Thought I'd give this a try. Thanks!","4534 Sherry Ln, Chattanooga, 37343"
16398670,1736532996,submitted,Snow and Ice Removal,https://vc0.publicstuff.com/api/2.0/request_view?client_id=1000051&request_id=16398670,"Fri 10 Jan 2025, 01:16PM",35.05215949,-85.147200494,POINT (-85.147200494 35.05215949),Caller requests salt be placed on streets in the surrounding area of primary routes near his home.,"7314 Courage Way, Chattanooga, 37421"
16398753,1736534244,submitted,Snow and Ice Removal,https://vc0.publicstuff.com/api/2.0/request_view?client_id=1000051&request_id=16398753,"Fri 10 Jan 2025, 01:37PM",35.042002034,-85.24252025,POINT (-85.24252025 35.042002034),Citizen states she works for a 24 hour facility and needs to go to work.,"1006 Rockway Dr, Chattanooga, 37411"
16398839,1736535359,submitted,Snow and Ice Removal,https://vc0.publicstuff.com/api/2.0/request_view?client_id=1000051&request_id=16398839,"Fri 10 Jan 2025, 01:55PM",35.042697286,-85.363005052,POINT (-85.363005052 35.042697286),"I usually stays clear but todfay cars are already gaving issues going up the hill, in the last 20 mins.","3409 Elder Mountain Rd, Chattanooga, 37419"
16399035,1736537642,submitted,Snow and Ice Removal,https://vc0.publicstuff.com/api/2.0/request_view?client_id=1000051&request_id=16399035,"Fri 10 Jan 2025, 02:34PM",35.020473665,-85.246206959,POINT (-85.246206959 35.020473665),It needs to be sanded between Oriole and Hilltop because of the hill and the curves.  It doesn't melt with the sun due to the trees.,"3703 Monte Vista Dr, Chattanooga, 37411"
16399317,1736541450,submitted,Snow and Ice Removal,https://vc0.publicstuff.com/api/2.0/request_view?client_id=1000051&request_id=16399317,"Fri 10 Jan 2025, 03:37PM",35.044275895,-85.128328078,POINT (-85.128328078 35.044275895),,"2598 Jenkins Rd, Chattanooga, 37421"
16399537,1736544264,submitted,Snow and Ice Removal,https://vc0.publicstuff.com/api/2.0/request_view?client_id=1000051&request_id=16399537,"Fri 10 Jan 2025, 04:24PM",35.072036599,-85.310762177,POINT (-85.310762177 35.072036599),,"805 Snow St, Chattanooga, 37405"
16399572,1736544703,submitted,Tree Fallen/Branch,https://vc0.publicstuff.com/api/2.0/request_view?client_id=1000051&request_id=16399572,"Fri 10 Jan 2025, 04:31PM",35.059039761,-85.175667524,POINT (-85.175667524 35.059039761),Caller states a tree has fallen across the road in front of this location,"2354 Marco Cir, Chattanooga, 37421"
16399614,1736545170,submitted,Snow and Ice Removal,https://vc0.publicstuff.com/api/2.0/request_view?client_id=1000051&request_id=16399614,"Fri 10 Jan 2025, 04:39PM",35.116837858,-85.280724317,POINT (-85.280724317 35.116837858),roads are impassible,"3761-3899 Thrushwood Dr, Chattanooga, 37415"
16399642,1736545603,submitted,Snow and Ice Removal,https://vc0.publicstuff.com/api/2.0/request_view?client_id=1000051&request_id=16399642,"Fri 10 Jan 2025, 04:46PM",35.118506,-85.274999,POINT (-85.274999 35.118506),,"501-599 Oak Tree Dr, Chattanooga, 37415"
16399829,1736548477,submitted,Snow and Ice Removal,https://vc0.publicstuff.com/api/2.0/request_view?client_id=1000051&request_id=16399829,"Fri 10 Jan 2025, 05:34PM",35.154661,-85.258776,POINT (-85.258776 35.154661),The hills in our cul-de-sac neighborhood are impassable.,"537 Ethyeylin Ln, Chattanooga, 37343"
16399868,1736549307,submitted,Snow and Ice Removal,https://vc0.publicstuff.com/api/2.0/request_view?client_id=1000051&request_id=16399868,"Fri 10 Jan 2025, 05:48PM",35.02959,-85.238747,POINT (-85.238747 35.02959),,"606 Mooremont Ter, Chattanooga, 37411"
16399909,1736550063,submitted,Snow and Ice Removal,https://vc0.publicstuff.com/api/2.0/request_view?client_id=1000051&request_id=16399909,"Fri 10 Jan 2025, 06:01PM",35.154705,-85.258906,POINT (-85.258906 35.154705),,"536 Ethyeylin Ln, Chattanooga, 37343"
16399944,1736550858,submitted,Snow and Ice Removal,https://vc0.publicstuff.com/api/2.0/request_view?client_id=1000051&request_id=16399944,"Fri 10 Jan 2025, 06:14PM",35.041783229,-85.246895961,POINT (-85.246895961 35.041783229),,"3201-3299 Bon Air Cir, Chattanooga, 37404"
16399946,1736550992,submitted,Snow and Ice Removal,https://vc0.publicstuff.com/api/2.0/request_view?client_id=1000051&request_id=16399946,"Fri 10 Jan 2025, 06:16PM",35.132738704,-85.189870898,POINT (-85.189870898 35.132738704),need to get to work,"2018 Clematis Dr, Chattanooga, 37343"
16400068,1736554785,submitted,Snow and Ice Removal,https://vc0.publicstuff.com/api/2.0/request_view?client_id=1000051&request_id=16400068,"Fri 10 Jan 2025, 07:19PM",35.169716537,-85.250710733,POINT (-85.250710733 35.169716537),steep hill with an assisted living facility at top of the hill. medical professionals need to get in and out throughout the day,"6207-6215 Pine Marr Dr, Chattanooga, 37343"
