Provider Name,Street Address,City,State,ZipCode,Phone No,Type,Capacity,Min Age (YR),Max Age (YR),Rating,New Georeferenced Column
Chambliss Center @ Apison Elementary,10433 East Brainerd Road,Apison,TN,37302,(423) 236-4324,Group Homes Care for 8-12 children,,6 WK,5,3,POINT (-85.056953 34.99804)
APISON ELEMENTARY SACC (-E-),10434 East Brainerd Road,Apison,TN,37302,(423) 236-4288,Centers Care for 13 or more children,200,5,13,3,POINT (-85.056424 34.99874)
KIDDIE KAMPUS,4829 COLLEGE DRIVE EAST,COLLEGEDALE,TN,37315,(423) 396-9253,Centers Care for 13 or more children,99,2,6,3,
MONTESSORI EARLY CHILDHOOD CTR (-E-),4820 UNIVERSITY DRIVE,COLLEGEDALE,TN,37315,(423) 396-2122,Centers Care for 13 or more children,40,3,5,E,POINT (-85.05258400000001 35.045295)
HARRISON ELEMENTARY SACC PROGRAM (-E-),5637 HIGHWAY 58 N,HARRISON,TN,37341,(423) 344-1431,Centers Care for 13 or more children,100,5,13,2,POINT (-85.13983600000002 35.110578)
KIDDIELAND,7810 CELESTE LANE,Hixon,TN,37343,(423) 847-9043,Family Homes Care for 7 or fewer children,7,1,12,3,POINT (-85.206154 35.195396)
CHAMBLISS CENTER AT GANNS MIDDLE VALLEY,1609 THRASHER PIKE,Hixon,TN,37343,(423) 843-4764,Group Homes Care for 8-12 children,12,6 WK,5,3,POINT (-85.191334 35.19037200000001)
KIDS-N-PLAY,1704 ALBERT LANE,Hixon,TN,37343,(423) 877-1841,Group Homes Care for 8-12 children,12,3,12,3,POINT (-85.246447 35.123251)
BEREAN ACADEMY PRESCHOOL/EXTENDED CARE (-E-),441 BEREAN LANE,Hixon,TN,37343,(423) 877-1288,Centers Care for 13 or more children,70,3,12,E,POINT (-85.252237 35.144842000000004)
BEST BEGINNINGS,5010 ALPHA LANE,Hixon,TN,37343,(423) 877-7477,Centers Care for 13 or more children,105,6 WK,12,3,POINT (-85.236928 35.133935)
BIG RIDGE ELEMENTARY SACC PROGRAM (-E-),5210 CASSANDRA SMITH RD,Hixon,TN,37343,(423) 843-4791,Centers Care for 13 or more children,180,5,13,3,POINT (-85.211977 35.13114900000001)
BURKS UNITED METHODIST DAY CARE CENTER,6433 HIXSON PIKE,Hixon,TN,37343,(423) 842-1177,Centers Care for 13 or more children,75,30 MO,5,3,POINT (-85.194782 35.158571)
CENTRAL BAPTIST ABBA'S HOUSE ACADEMY,5208 HIXSON PIKE,Hixon,TN,37343,(423) 875-9311,Centers Care for 13 or more children,80,2,5,3,POINT (-85.236327 35.137666)
CHILDCARE NETWORK,6501 MIDDLE VALLEY ROAD,Hixon,TN,37343,(423) 842-6756,Centers Care for 13 or more children,110,6 WK,5,3,POINT (-85.211843 35.161888)
CHILDCARE NETWORK-401,1818C HAMILL ROAD,Hixon,TN,37343,(423) 877-4180,Centers Care for 13 or more children,111,6 WK,5,3,POINT (-85.241805 35.122434)
FALLING WATER ELEM SACC PROGRAM (-E-),715 ROBERTS MILL ROAD,Hixon,TN,37343,(423) 902-8676,Centers Care for 13 or more children,75,5,13,3,POINT (-85.254136 35.203632000000006)
GANNS MIDDLE VALLEY SACC PROGRAM (-E-),1609 THRASHER PIKE,Hixon,TN,37343,(423) 843-4730,Centers Care for 13 or more children,125,5,13,3,POINT (-85.191334 35.19037200000001)
GRACE CHRISTIAN ACADEMY,6310 DAYTON BLVD.,Hixon,TN,37343,(423) 842-7462,Centers Care for 13 or more children,99,12 MO,5,3,POINT (-85.250059 35.177361)
Highland Plaza United Methodist,4226 Norcross Rd,Hixon,TN,37343,(423) 877-1544,Centers Care for 13 or more children,115,24 MO,6,N,POINT (-85.258336 35.120618)
Hixson Elementary IDEA 619 pre-K (-E-),5950 Winding Lane,Hixon,TN,37343,(423) 870-0621,Centers Care for 13 or more children,20,,,E,POINT (-85.246054 35.150304)
HIXSON ELEMENTARY SACC PROGRAM (-E-),5950 WINDING LANE,Hixon,TN,37343,(423) 870-0660,Centers Care for 13 or more children,150,5,13,3,POINT (-85.246054 35.150304)
HIXSON FIRST BAPTIST CDC,5800 GRUBB ROAD,Hixon,TN,37343,(423) 877-2468,Centers Care for 13 or more children,165,10 MO,5,0,POINT (-85.243881 35.153542)
HIXSON LEARNING CENTER,5900 CASSANDRA SMITH RD.,Hixon,TN,37343,(423) 843-9075,Centers Care for 13 or more children,24,2,5,3,POINT (-85.205852 35.148381)
HIXSON UNITED METHODIST CHILD DEVELOPMEN,5301  OLD HIXSON PIKE,Hixon,TN,37343,(423) 877-0554,Centers Care for 13 or more children,48,30 MO,5,3,POINT (-85.235627 35.142899)
JACK AND JILL CHILD CARE & LRNG. CNTR.,4501  NORCROSS ROAD,Hixon,TN,37343,(423) 870-5290,Centers Care for 13 or more children,20,2,5,3,POINT (-85.255904 35.130755)
KIDS R KIDS,6863 BIG RIDGE RD,Hixon,TN,37343,(423) 843-0785,Centers Care for 13 or more children,250,6 WK,12,3,POINT (-85.198222 35.153388)
LOFTIS MIDDLE SCHOOL CHILD CARE (-E-),8611 CAMP COLUMBUS RD,Hixon,TN,37343,(423) 843-4752,Centers Care for 13 or more children,100,12,14,E,
MCCONNELL ELEMENTARY SACC PROGRAM (-E-),8629 CAMP COLUMBUS ROAD,Hixon,TN,37343,(423) 843-4716,Centers Care for 13 or more children,150,5,13,3,
Middle Valley Academy,7901 Middle Valley Road,Hixon,TN,37343,(423) 842-1911,Centers Care for 13 or more children,23,4,5,N,POINT (-85.183533 35.196221)
PRIMROSE SCHOOL OF HIXSON,1985 NORTHPOINT BLVD.,Hixon,TN,37343,(423) 870-4840,Centers Care for 13 or more children,199,6 WK,12,3,POINT (-85.240003 35.136115)
Tiny Scholars,7637 Middle Valley Rd.,Hixon,TN,37343,(423) 843-1946,Centers Care for 13 or more children,66,2,5,3,POINT (-85.190402 35.188184)
BATTLE ACADEMY PRE-K (-E-),1601 Market Street,Chattanooga,TN,37402,(423) 209-5747,Centers Care for 13 or more children,20,4,5,E,POINT (-85.307883 35.035205)
BATTLE ACADEMY SACC PROGRAM (-E-),1601 Market Street,Chattanooga,TN,37402,(423) 902-8678,Centers Care for 13 or more children,200,5,13,3,POINT (-85.307883 35.035205)
NEWTON CHILD DEVELOPMENT CENTER,1301 GROVE STREET,Chattanooga,TN,37402,(423) 266-4341,Centers Care for 13 or more children,76,6 WK,5,3,POINT (-85.31867 35.043094)
SISKIN EARLY LEARNING CENTER-DOWNTOWN (-E-),1101 CARTER STREET,Chattanooga,TN,37402,(423) 648-1760,Centers Care for 13 or more children,150,6 WK,6,E,POINT (-85.313218 35.04293)
YMCA CHILD DEVELOPMENT CTR.,301 WEST SIXTH ST.,Chattanooga,TN,37402,(423) 266-3766,Centers Care for 13 or more children,95,12 MO,6,3,POINT (-85.313384 35.049579)
Youth and Family Development,501 W 12TH STREET,Chattanooga,TN,37402,(423) 757-0953,Centers Care for 13 or more children,168,2,4,3,POINT (-85.315888 35.043736)
VISION OF FAITH LEARNING PLACE,147 SCRUGGS STREET,Chattanooga,TN,37403,(423) 400-4995,Group Homes Care for 8-12 children,12,6 WK,12,3,POINT (-85.28488600000001 35.046993)
BROWN ACADEMY SACC PROGRAM (-E-),718 EAST 8TH STREET,Chattanooga,TN,37403,(423) 209-5769,Centers Care for 13 or more children,200,5,13,3,POINT (-85.299129 35.043985)
CHATTANOOGA SCHOOL FOR ARTS&SCIENCES SAC (-E-),865 EAST 3RD STREET,Chattanooga,TN,37403,(423) 902-8673,Centers Care for 13 or more children,95,5,13,3,POINT (-85.29528200000001 35.049835)
E-KIDS LEARNIING CENTER,1043 BLACKFORD ST.,Chattanooga,TN,37403,(423) 778-4847,Centers Care for 13 or more children,216,6 WK,12,3,POINT (-85.287247 35.048647)
FIRST CENTENARY CHILDRENS ENRICHMENT,419 MCCALLIE AVENUE,Chattanooga,TN,37403,(423) 265-9736,Centers Care for 13 or more children,77,6 WK,5,3,POINT (-85.304606 35.047038)
Little Miss Mag Early Learning Center,225 Lookout Street,Chattanooga,TN,37403,(423) 266-5286,Centers Care for 13 or more children,124,6 WK,5,3,POINT (-85.30643 35.054228)
TOMMIE F BROWN ACADEMY - PRE-K (-E-),718 EAST 8TH STREET,Chattanooga,TN,37403,(423) 209-5760,Centers Care for 13 or more children,52,3,5,E,POINT (-85.299129 35.043985)
URBAN LEAGUE OF GREATER CHATTANOOGA/CSAS (-E-),865 E. 3RD STREET,Chattanooga,TN,37403,(423) 209-5812,Centers Care for 13 or more children,50,11,14,E,POINT (-85.29528200000001 35.049835)
UTC CHILDRENS CENTER,718 EAST 8TH STREET,Chattanooga,TN,37403,(423) 209-5740,Centers Care for 13 or more children,92,6 WK,5,3,POINT (-85.299129 35.043985)
UTC CHILDRENS CENTER,1601 MARKET STREET,Chattanooga,TN,37403,(423) 209-5735,Centers Care for 13 or more children,70,6 WK,5,3,POINT (-85.307883 35.035205)
Blessed Hands Family Daycare Home,1311 E. 28th Street,Chattanooga,TN,37404,(423) 305-1164,Family Homes Care for 7 or fewer children,7,6 WK,5,N,POINT (-85.29651 35.016187)
KIDDIE COTTAGE DAY CARE,1912 EAST 5TH STREET,Chattanooga,TN,37404,(423) 624-9386,Family Homes Care for 7 or fewer children,7,6 WK,12,3,POINT (-85.27158700000001 35.038696)
NANA'S CHILD CARE,2706 GLENWOOD PARKWAY,Chattanooga,TN,37404,(423) 622-6699,Group Homes Care for 8-12 children,12,6 WK,12,2,POINT (-85.259765 35.034075)
PRECIOUS CHILDREN,2725 CANNON AVE,Chattanooga,TN,37404,(423) 622-8001,Group Homes Care for 8-12 children,12,6 WK,12,3,POINT (-85.297672 35.018241)
21st Century Child Development Center,801 S. Willow Street,Chattanooga,TN,37404,(423) 648-8290,Centers Care for 13 or more children,76,6 WK,12,N,POINT (-85.27426 35.030446)
Blooming Pot Childcare & Learning Center,1315 DODDS AVENUE,Chattanooga,TN,37404,(423) 622-9197,Centers Care for 13 or more children,94,6 WK,8,3,POINT (-85.268654 35.0235)
"BOYS & GIRLS CLUB OF CHATTANOOGA, HIGHLA (-E-)",2312 DUNCAN AVENUE,Chattanooga,TN,37404,(423) 629-0008,Centers Care for 13 or more children,75,6,18,E,POINT (-85.268528 35.032616)
CANDY WORLD DAY CARE & LEARNING CENTER,1605 EAST 12TH STREET,Chattanooga,TN,37404,(423) 624-8610,Centers Care for 13 or more children,99,6 WK,12,3,POINT (-85.2825 35.029822)
CHILDCARE NETWORK-515,1510 E THIRD STREET,Chattanooga,TN,37404,(423) 629-0303,Centers Care for 13 or more children,99,6 WK,12,0,POINT (-85.27764 35.042967)
EAST SIDE ELEMENTARY -PRE-SCHOOL/TITLE I (-E-),2200 EAST MAIN STREET,Chattanooga,TN,37404,(423) 493-7780,Centers Care for 13 or more children,40,4,5,E,POINT (-85.274552 35.024078)
East Side Elementary IDEA 619 pre-K (-E-),1603 S. Lyerly,Chattanooga,TN,37404,(423) 493-7780,Centers Care for 13 or more children,20,,,E,POINT (-85.274435 35.022941)
Harmony Childcare Development Center,2507 Bailey Avenue,Chattanooga,TN,37404,(423) 468-3564,Centers Care for 13 or more children,79,6 WK,12,3,POINT (-85.266863 35.029995)
KIDS KORNER LDC-400,701 DODDS AVENUE,Chattanooga,TN,37404,(423) 702-5264,Centers Care for 13 or more children,24,6 WK,12,2,POINT (-85.265881 35.028329)
Memorial Hospital Childrens Center,2525 De Sales Avenue,Chattanooga,TN,37404,(423) 495-5656,Centers Care for 13 or more children,240,6 WK,5,3,POINT (-85.261129 35.040037)
ORCHARD KNOB PRE-K (-E-),2000 E. Third Street,Chattanooga,TN,37404,(423) 493-0385,Centers Care for 13 or more children,60,3,5,E,POINT (-85.270591 35.040356)
PRO RE BONA DAY NURSERY,1707 DODDS AVENUE,Chattanooga,TN,37404,(423) 622-2632,Centers Care for 13 or more children,94,6 WK,12,3,POINT (-85.27141300000001 35.019368)
Serenity Child Care,2103 Ivy Street,Chattanooga,TN,37404,(423) 698-3393,Centers Care for 13 or more children,24,6 WK,12,3,POINT (-85.27015800000001 35.037184)
SPEECH AND HEARING ACHIEVE LEARNING CENT (-E-),600 N. HOLTZCLAW AVE.,Chattanooga,TN,37404,(423) 629-5899,Centers Care for 13 or more children,19,18 MO,6,E,POINT (-85.27844 35.046504)
THE CHILDREN'S ACADEMY FOR LEARNING ANDN,1800 S. GREENWOOD AVENUE,Chattanooga,TN,37404,(423) 493-0771,Centers Care for 13 or more children,77,6 WK,5,3,POINT (-85.2888 35.025448)
THE MONTESSORI SCHOOL (-E-),300 MONTESSORI WAY,Chattanooga,TN,37404,(423) 622-6515,Centers Care for 13 or more children,200,1,13,E,POINT (-85.286952 35.039915)
Chambliss Center @ Red Bank Elementary,1100 Mountain Creek Road,Chattanooga,TN,37405,(423) 874-1917,Group Homes Care for 8-12 children,12,6 WK,12,1,POINT (-85.322193 35.112462)
Chambliss Center @Normal Park,1219 W. Mississippi Avenue,Chattanooga,TN,37405,(423) 209-5914,Group Homes Care for 8-12 children,12,6 WK,4,0,POINT (-85.300389 35.07664)
BRIGHT PRESCHOOL & EXTENDED DAY PROGRAM (-E-),1950 McDade Lane,Chattanooga,TN,37405,(423) 267-8546,Centers Care for 13 or more children,100,3,11,E,POINT (-85.289576 35.083741)
NORMAL PARK LOWER SACC PROGRAM (-E-),1009 MISSISSIPPI AVENUE,Chattanooga,TN,37405,(423) 902-8671,Centers Care for 13 or more children,150,5,13,3,POINT (-85.295079 35.068647)
NORMAL PARK MUSEUM MAGNET PRE-K (-E-),1009 MISSISSIPPI,Chattanooga,TN,37405,(423) 209-5900,Centers Care for 13 or more children,40,4,5,2,POINT (-85.295079 35.068647)
NORMAL PARK UPPER SACC PROGRAM (-E-),1219 W. Mississippi Ave.,Chattanooga,TN,37405,(423) 987-5323,Centers Care for 13 or more children,100,5,13,E,POINT (-85.300389 35.07664)
NORTHSIDE LEARNING CENTER,923 MISSISSIPPI AVENUE,Chattanooga,TN,37405,(423) 266-7497,Centers Care for 13 or more children,80,6 WK,5,3,POINT (-85.295319 35.069322)
RED BANK ELEMENTARY PRE-K (-E-),1100 MOUNTAIN CREEK RD,Chattanooga,TN,37405,(423) 874-0917,Centers Care for 13 or more children,40,3,5,E,POINT (-85.322193 35.112462)
RED BANK ELEMENTARY SACC PROGRAM (-E-),1100 MOUNTAIN CREEK ROAD,Chattanooga,TN,37405,(423) 874-1931,Centers Care for 13 or more children,125,5,13,3,POINT (-85.322193 35.112462)
VOLUNTEER COMMUNITY SCHOOL #1,506 SPEARS AVE,Chattanooga,TN,37405,(423) 267-5800,Centers Care for 13 or more children,100,6 WK,5,3,POINT (-85.310237 35.067487)
Future Kids Daycare,3123 Lookaway Trail,Chattanooga,TN,37406,(423) 624-0044,Family Homes Care for 7 or fewer children,7,6 WK,12,N,POINT (-85.225953 35.077636)
GRANNY'S BABY CHILD CARE,2100 WILSON STREET,Chattanooga,TN,37406,(423) 624-6792,Family Homes Care for 7 or fewer children,7,6 WK,12,3,POINT (-85.263087 35.051466)
LIL T DAY CARE,3700 TAYLOR STREET,Chattanooga,TN,37406,(423) 531-2341,Family Homes Care for 7 or fewer children,7,6 WK,12,3,POINT (-85.243736 35.080102)
LIL' MUNCHKINS CHILDCARE & FUNTIME,2107 TUNNEL BLVD,Chattanooga,TN,37406,(423) 622-8482,Family Homes Care for 7 or fewer children,7,6 WK,4,2,POINT (-85.233088 35.054056)
Mimi's Academy,3820 Briarcliff Way,Chattanooga,TN,37406,(423) 322-6568,Family Homes Care for 7 or fewer children,7,6 WK,12,N,POINT (-85.22357900000002 35.05303500000001)
SHARON'S DAYCARE HOME,1114 ARLINGTON AVENUE,Chattanooga,TN,37406,(423) 629-1064,Family Homes Care for 7 or fewer children,7,6 WK,12,3,POINT (-85.260699 35.048186)
Tender Loving Care Academy,1009 Sheridan,Chattanooga,TN,37406,(423) 760-7576,Family Homes Care for 7 or fewer children,,6 WK,12,0,POINT (-85.268908 35.050953)
COPELANDS CHILDCARE CENTER,2001 RAULSTON AVENUE,Chattanooga,TN,37406,(423) 698-2901,Group Homes Care for 8-12 children,12,6 WK,12,2,POINT (-85.269194 35.043158)
United Christian Day Care,2410 Dodson Ave,Chattanooga,TN,37406,(423) 629-2834,Group Homes Care for 8-12 children,12,6 WK,12,3,POINT (-85.25382300000001 35.065491)
UNITED LEARNING CENTER,3806 BONNY OAKS DRIVE,Chattanooga,TN,37406,(423) 624-0858,Group Homes Care for 8-12 children,12,6 WK,12,3,POINT (-85.230506 35.076269)
A Child'S World Daycare and Learning Ctr,1200 N. Holtzclaw Ave,Chattanooga,TN,37406,(423) 629-0860,Centers Care for 13 or more children,45,6 WK,12,N,POINT (-85.273136 35.053449)
AVONDALE 7TH DAY ADVENTIST SCHOOL (-E-),1201 N. ORCHARD KNOB AVENUE,Chattanooga,TN,37406,(423) 698-5028,Centers Care for 13 or more children,20,4,6,E,POINT (-85.265993 35.05203)
AVONDALE HEAD START,2302 OCOEE ST,Chattanooga,TN,37406,(423) 493-9770,Centers Care for 13 or more children,250,6 WK,5,3,POINT (-85.258036 35.05502700000001)
CHATTANOOGA STATE CHILD DEV. CENTER,4501 AMNICOLA HWY,Chattanooga,TN,37406,(423) 697-4412,Centers Care for 13 or more children,84,6 WK,5,3,POINT (-85.239666 35.096508)
CHATTER BOX CHILD CARE,2004 DODSON AVE,Chattanooga,TN,37406,(423) 493-0031,Centers Care for 13 or more children,53,6 WK,12,3,POINT (-85.25696 35.059743)
FIRST STEP CHRISTIAN DAY CARE,2633 GLASS STREET,Chattanooga,TN,37406,(423) 697-9479,Centers Care for 13 or more children,60,2,12,3,POINT (-85.246488 35.066268)
First Step Christian Day Care # 2,3908 Jaundale Terrace,Chattanooga,TN,37406,(423) 697-9479,Centers Care for 13 or more children,60,6 WK,12,3,
HARDY ELEMENTARY TITLE I PRE-K (-E-),2100 GLASS STREET,Chattanooga,TN,37406,(423) 493-0300,Centers Care for 13 or more children,40,4,5,E,POINT (-85.258271 35.062573)
KIDDS WORLD DAY CARE,1905 TUNNEL BLVD.,Chattanooga,TN,37406,(423) 624-3669,Centers Care for 13 or more children,24,6 WK,12,3,POINT (-85.234919 35.051542)
Lynn's Playpen,2008 Dodson Avenue,Chattanooga,TN,37406,(423) 760-8016,Centers Care for 13 or more children,24,6 WK,12,3,POINT (-85.256864 35.059918)
Two Loving Arms Daycare,2701 Benton Avenue,Chattanooga,TN,37406,(423) 531-4623,Centers Care for 13 or more children,24,6 WK,12,3,POINT (-85.26276 35.072513)
WINGS OF ANGELS DAYCARE&LEARNING CTR.LLC,2500 DODSON AVENUE,Chattanooga,TN,37406,(423) 624-4474,Centers Care for 13 or more children,38,6 WK,11,3,POINT (-85.253322 35.066398)
Creative Learning Academy,2808 4th Avenue,Chattanooga,TN,37407,(423) 710-2394,Family Homes Care for 7 or fewer children,7,6 WK,5,3,POINT (-85.283527 35.010725)
Little Kings and Queens,1604 East 26th Street,Chattanooga,TN,37407,(423) 596-2005,Family Homes Care for 7 or fewer children,7,6 WK,12,3,POINT (-85.290037 35.016853)
ANNEDA'S HOUSE OF HUGGS,2008 E. 27TH STREET,Chattanooga,TN,37407,(423) 468-4544,Group Homes Care for 8-12 children,12,6 WK,12,3,POINT (-85.285132 35.012967)
Faith Learning Academy,2822 3rd Avenue,Chattanooga,TN,37407,(423) 521-6210,Group Homes Care for 8-12 children,9,2,5,3,POINT (-85.284989 35.010354)
"BOYS & GIRLS CLUBS OF CHATTANOOGA, EAST (-E-)",2125 EAST 25TH STREET PLACE,Chattanooga,TN,37407,(423) 629-4943,Centers Care for 13 or more children,75,16,18,E,POINT (-85.282217 35.014589)
CEDAR HILL HEAD START,4701 DIVINE AVENUE,Chattanooga,TN,37407,(423) 867-3236,Centers Care for 13 or more children,250,6 WK,4,3,POINT (-85.294626 34.98778)
CRADLE TO CRAYONS II,2100 FOUST STREET,Chattanooga,TN,37407,(423) 622-7863,Centers Care for 13 or more children,49,6 WK,12,2,
EAST LAKE ELEMENTARY PRE-K (-E-),3600 13TH AVENUE,Chattanooga,TN,37407,(423) 493-0366,Centers Care for 13 or more children,40,4,5,E,POINT (-85.27998 34.999)
PRESTIGE CHILDREN'S ACADEMY,3511 ROSSVILLE BLVD,Chattanooga,TN,37407,(423) 867-8011,Centers Care for 13 or more children,24,6 WK,12,3,POINT (-85.292523 35.003188)
URBAN LEAGUE OF GREATER CHATTANOOGA/CLIF (-E-),1815 EAST 32ND STREET,Chattanooga,TN,37407,(423) 756-1762,Centers Care for 13 or more children,30,5,11,E,POINT (-85.291145 35.007888)
MAURICE KIRBY DAY CARE CENTER,2500 S. MARKET STREET,Chattanooga,TN,37408,(423) 266-1802,Centers Care for 13 or more children,99,6 WK,5,3,POINT (-85.310989 35.026678)
YMCA COMMUNITY ACTION PROJECT (-E-),1600 Central Avenue,Chattanooga,TN,37408,(423) 400-8472,Centers Care for 13 or more children,20,10,14,E,POINT (-85.29688 35.030951)
CHATTANOOGA CHRISTIAN SCHOOL (-E-),3354 CHARGER DRIVE,Chattanooga,TN,37409,(423) 265-6411,Centers Care for 13 or more children,120,5,18,E,POINT (-85.32362 35.01514)
CUTE AND CUDDLEY DAY CARE,4318 GRAND AVENUE,Chattanooga,TN,37410,(423) 521-4646,Family Homes Care for 7 or fewer children,7,6 WK,12,3,POINT (-85.319573 35.003362)
Libby's Lane Child Care,601 W 46 Street,Chattanooga,TN,37410,(423) 825-2104,Family Homes Care for 7 or fewer children,7,6 WK,12,3,POINT (-85.319981 35.001274)
Little Titans Childcare Network,3531 Chandler Avenue,Chattanooga,TN,37410,(423) 999-2237,Group Homes Care for 8-12 children,,6 WK,12,N,POINT (-85.314122 35.009058)
ALTON PARK CHILD DEVELOPMENT CENTER,3735 ALTON PARK BLVD.,Chattanooga,TN,37410,(423) 756-1677,Centers Care for 13 or more children,99,13 MO,11,3,POINT (-85.31768 35.008755)
CALVIN DONALDSON PRE-K (-E-),937 W. 37TH STREET,Chattanooga,TN,37410,(423) 825-7337,Centers Care for 13 or more children,60,4,5,E,POINT (-85.318909 35.010149)
Bundles of Joy Academy,925 Talley Road,Chattanooga,TN,37411,(423) 697-7952,Family Homes Care for 7 or fewer children,7,6 WK,12,3,POINT (-85.228934 35.035785)
Candyland Academy,400 NORTH SEMINOLE DR.,Chattanooga,TN,37411,(423) 531-0854,Family Homes Care for 7 or fewer children,7,6 WK,5,2,POINT (-85.25259 35.033787)
LITTLE ANGELS LEARNING CENTER,900 ROCKWAY DRIVE,Chattanooga,TN,37411,(423) 622-5702,Family Homes Care for 7 or fewer children,7,6 WK,12,3,POINT (-85.243281 35.040736)
LITTLE COTTAGE 0F LEARNING,4605 MONTVIEW DRIVE,Chattanooga,TN,37411,(423) 622-6330,Family Homes Care for 7 or fewer children,7,6 WK,12,3,POINT (-85.228649 35.019991)
NADINE'S NEIGHBORHOOD DAY CARE,3802 PIN OAK TERRACE,Chattanooga,TN,37411,(423) 624-9928,Family Homes Care for 7 or fewer children,7,6 WK,12,2,POINT (-85.232861 35.042843)
Pebbles N Stones Childcare,4509 Kemp Dr.,Chattanooga,TN,37411,(423) 355-0312,Family Homes Care for 7 or fewer children,7,18 MO,12,N,POINT (-85.229288 35.026581)
A Mother's Love,1223 Sanford Ave,Chattanooga,TN,37411,(423) 622-4882,Group Homes Care for 8-12 children,12,6 WK,12,3,POINT (-85.224253 35.034815)
DREAMLAND CHILD CARE II,620 NORTH MOORE RD.,Chattanooga,TN,37411,(423) 899-0944,Group Homes Care for 8-12 children,12,6 WK,12,3,POINT (-85.22366 35.021293)
KIDS KINGDOM CHILD CARE,301 CRESTWAY DRIVE,Chattanooga,TN,37411,(423) 402-5193,Group Homes Care for 8-12 children,12,6 WK,12,3,POINT (-85.239246 35.026023)
Kids Korner LDC-402,3230 Wilcox Blvd.,Chattanooga,TN,37411,(423) 702-5264,Group Homes Care for 8-12 children,12,6 WK,12,N,POINT (-85.241254 35.048146)
Kids Korner LDC-403,3242 Wilcox Blvd.,Chattanooga,TN,37411,(423) 702-5264,Group Homes Care for 8-12 children,,6 WK,12,N,POINT (-85.241715 35.048121)
Laverne's Kiddie Care,514 Biltmore Dr.,Chattanooga,TN,37411,(423) 697-1755,Group Homes Care for 8-12 children,12,6 WK,12,3,POINT (-85.23899900000002 35.030142)
Nursery Rhyme Child Care,321 Talley Rd,Chattanooga,TN,37411,(423) 629-8874,Group Homes Care for 8-12 children,12,6 WK,5,N,POINT (-85.234704 35.024533)
TENDER CARE UNIVERSITY I,1601 AGNES AVENUE,Chattanooga,TN,37411,(423) 260-7383,Group Homes Care for 8-12 children,12,6 WK,12,3,POINT (-85.234572 35.047018)
TWEETY'S CHILDCARE GROUP HOME,22 NORTH LARCHMONT,Chattanooga,TN,37411,(423) 697-1964,Group Homes Care for 8-12 children,12,6 WK,12,3,POINT (-85.228856 35.014901)
ALEPH BET CHILDREN'S CENTER,5461 NORTH TERRACE ROAD,Chattanooga,TN,37411,(423) 493-0270,Centers Care for 13 or more children,36,2,4,3,POINT (-85.220739 35.004831)
BOYD BUCHANAN PRE-KINDERGARTEN (-E-),4626 BONNIEWAY DRIVE,Chattanooga,TN,37411,(423) 624-9065,Centers Care for 13 or more children,40,3,5,E,POINT (-85.214357 35.042466)
BOYD BUCHANAN SCHOOL AFTER CARE (-E-),4626 BONNIEWAY DRIVE,Chattanooga,TN,37411,(423) 624-9065,Centers Care for 13 or more children,140,36 MO,12,E,POINT (-85.214357 35.042466)
BRAINERD BAPTIST PRE-K & AFTER SCHOOL (-E-),300 BROOKFIELD AVENUE,Chattanooga,TN,37411,(423) 629-6695,Centers Care for 13 or more children,150,3,13,E,POINT (-85.240026 35.012693)
CALVARY CHRISTIAN SCHOOL (-E-),4601 NORTH TERRACE,Chattanooga,TN,37411,(423) 622-2181,Centers Care for 13 or more children,15,3,4,E,POINT (-85.234598 35.007998)
Chambliss Center for Children,315 GILLESPIE ROAD,Chattanooga,TN,37411,(423) 698-2456,Centers Care for 13 or more children,380,6 WK,12,3,POINT (-85.241229 35.029113)
DREAMLAND CHILD CARE CENTER,618 NORTH MOORE RD.,Chattanooga,TN,37411,(423) 899-0944,Centers Care for 13 or more children,24,6 WK,12,3,POINT (-85.223838 35.020965)
FIRST CUMBERLAND PRES. CHILD DEV. CTR,1505 N. MOORE RD.,Chattanooga,TN,37411,(423) 698-2558,Centers Care for 13 or more children,154,6 WK,6,3,POINT (-85.218196 35.040206)
HAMILTON CO. CHARTER SCHOOL ASSOCIATI (-E-),5600 BRAINERD ROAD,Chattanooga,TN,37411,(423) 521-0402,Centers Care for 13 or more children,160,5,10,E,POINT (-85.217445 35.010641)
Kandy Kastle 2nd Generation,7 N. Tuxedo Ave,Chattanooga,TN,37411,(423) 468-4678,Centers Care for 13 or more children,229,1 WK,12,3,POINT (-85.236408 35.017484)
KIDDIE KARE FOR INTENSE LEARNING,510 TUNNEL BLVD,Chattanooga,TN,37411,(423) 320-4129,Centers Care for 13 or more children,24,6 WK,13,3,POINT (-85.24095400000002 35.036594)
MARTY'S CENTER (-E-),4315 BRAINERD ROAD,Chattanooga,TN,37411,(423) 314-0514,Centers Care for 13 or more children,23,18 MO,6,E,POINT (-85.235361 35.015926)
NOVA'S CHILDCARE CENTER,924 SHALLOWFORD ROAD,Chattanooga,TN,37411,(423) 629-0506,Centers Care for 13 or more children,20,6 WK,12,2,POINT (-85.236306 35.038532)
RAINBOW DAY CARE CENTER,804 TUNNEL BLVD.,Chattanooga,TN,37411,(423) 698-5605,Centers Care for 13 or more children,45,2,12,3,POINT (-85.239923 35.039108)
"SIGNAL CENTERS, INC (-E-)",109 N Germantown Rd,Chattanooga,TN,37411,(423) 698-8528,Centers Care for 13 or more children,132,6 WK,22,3,POINT (-85.245295 35.026261)
THE LINKS ACADEMY AT BRAINERD HIGH SCHOO (-E-),1020 N. Moore Road,Chattanooga,TN,37411,(423) 855-2665,Centers Care for 13 or more children,75,13,19,E,POINT (-85.220146 35.027783)
THE SHINY PENNY,4011 SUNBEAM AVENUE,Chattanooga,TN,37411,(423) 624-1177,Centers Care for 13 or more children,29,6 WK,6,3,POINT (-85.239727 35.01699000000001)
URBAN LEAGUE OF GREATER CHATT.-WOODMORE (-E-),800 WOODMORE LANE,Chattanooga,TN,37411,(423) 756-1762,Centers Care for 13 or more children,30,8,11,E,POINT (-85.22698 35.032083)
WOODMORE ELEM HEAD START/PRE-K (-E-),800 WOODMORE LANE,Chattanooga,TN,37411,(423) 421-1243,Centers Care for 13 or more children,40,4,5,E,POINT (-85.22698 35.032083)
Brenda Beal,405 FOREST GLENN DRIVE,Chattanooga,TN,37415,(423) 875-4684,Family Homes Care for 7 or fewer children,7,6 WK,12,3,POINT (-85.275549 35.121537)
Heritage Montessori School,3304 Dayton Blvd,Chattanooga,TN,37415,(423) 877-2751,Family Homes Care for 7 or fewer children,7,2,12,3,POINT (-85.295357 35.109451)
HOME AWAY FROM HOME,118 PASSONS ROAD,Chattanooga,TN,37415,(423) 443-7061,Family Homes Care for 7 or fewer children,7,6 WK,6,3,POINT (-85.273443 35.143213)
ALPINE CREST ELEM SACC PROGRAM (-E-),4700 STAGG ROAD,Chattanooga,TN,37415,(423) 874-1926,Centers Care for 13 or more children,150,5,13,3,POINT (-85.27099 35.130409)
DUPONT ELEMENTARY - SACC (-E-),4134 HIXSON PIKE,Chattanooga,TN,37415,(423) 744-2135,Centers Care for 13 or more children,80,5,13,3,POINT (-85.253976 35.114845)
RED BANK UNITED METHODIST PRESCHOOL,3800 DAYTON BLVD.,Chattanooga,TN,37415,(423) 870-5444,Centers Care for 13 or more children,71,6 WK,5,3,POINT (-85.290629 35.118125)
RIVERMONT ELMENTARY - SACC (-E-),3330 HIXSON PIKE,Chattanooga,TN,37415,(423) 774-2131,Centers Care for 13 or more children,80,5,13,2,POINT (-85.274032 35.103502)
RIVERMONT PRESBYTERIAN PRE-K,3319 HIXSON PIKE,Chattanooga,TN,37415,(423) 877-0197,Centers Care for 13 or more children,45,2,5,3,POINT (-85.274967 35.102169)
RIVERMONT TITLE I PRE-K (-E-),3330 HIXSON PIKE,Chattanooga,TN,37415,(423) 870-0610,Centers Care for 13 or more children,60,3,5,E,POINT (-85.274032 35.103502)
ST. JUDE CATHOLIC PRESCHOOL & AFTERCARE (-E-),930 ASHLAND TERRACE,Chattanooga,TN,37415,(423) 877-6022,Centers Care for 13 or more children,81,3,14,0,POINT (-85.265107 35.116902)
ST. PETERS EPISCOPAL SCHOOL (-E-),848 ASHLAND TERRACE,Chattanooga,TN,37415,(423) 870-1794,Centers Care for 13 or more children,95,3,12,3,POINT (-85.270556 35.116685)
URBAN LEAGUE OF GREATER CHATT.-RIVERMONT (-E-),3330 HIXSON PIKE,Chattanooga,TN,37415,(423) 756-1762,Centers Care for 13 or more children,30,5,11,E,POINT (-85.274032 35.103502)
WHITE OAK ELEM-PRE-SCHOOL/TITLE I (-E-),901 ALTAMONT ROAD,Chattanooga,TN,37415,(423) 209-7740,Centers Care for 13 or more children,20,4,6,E,POINT (-85.295526 35.087702)
Christ's Angels Day Care,7615 Bishop Drive,Chattanooga,TN,37416,(423) 355-4739,Family Homes Care for 7 or fewer children,7,6 WK,12,3,POINT (-85.167878 35.069705)
LOVE ME TENDER DAY CARE,4828 SWAN ROAD,Chattanooga,TN,37416,(423) 553-8875,Group Homes Care for 8-12 children,12,6 WK,12,3,POINT (-85.17705300000002 35.088875)
Loving Childcare,6317 Rosemary Drive,Chattanooga,TN,37416,(423) 485-8370,Group Homes Care for 8-12 children,12,6 WK,12,N,POINT (-85.174517 35.081557)
SHARIN N CARIN DAYCARE,4923 SHOREWOOD DRIVE,Chattanooga,TN,37416,(423) 553-0463,Group Homes Care for 8-12 children,12,6 WK,12,3,POINT (-85.18662000000002 35.083159)
BUSY BEE LEARNING CENTER,7728 HANCOCK ROAD,Chattanooga,TN,37416,(423) 899-4136,Centers Care for 13 or more children,24,1,12,3,POINT (-85.178964 35.080336)
Childcare @ Volkswagen Drive,7372 Volkswagen Drive,Chattanooga,TN,37416,(423) 800-0210,Centers Care for 13 or more children,281,6 WK,12,3,POINT (-85.135619 35.070627)
CHILDCARE NETWORK INC.,4650 REDLANDS DRIVE,Chattanooga,TN,37416,(423) 855-5697,Centers Care for 13 or more children,99,6 WK,12,3,POINT (-85.196451 35.075607)
HILLCREST ELEMENTARY TITLE I PRE-K (-E-),4302 BONNY OAKS DRIVE,Chattanooga,TN,37416,(423) 855-2602,Centers Care for 13 or more children,40,4,5,3,POINT (-85.209313 35.080695)
KIDDS FIRST CHILD DEVELOPMENT CENTER,4343 BONNY OAKS DRIVE,Chattanooga,TN,37416,(423) 485-9805,Centers Care for 13 or more children,51,6 WK,12,0,POINT (-85.207519 35.078666)
KIDS STOP DAY CARE,3922 WEBB RD,Chattanooga,TN,37416,(423) 485-8028,Centers Care for 13 or more children,89,6 WK,5,0,POINT (-85.190897 35.0884)
"LAKESIDE ACADEMY OF MATH, SCIENCE & TECH (-E-)",4850 JERSEY PIKE,Chattanooga,TN,37416,(423) 855-2605,Centers Care for 13 or more children,40,4,5,E,POINT (-85.180166 35.091976)
LAKESIDE ACADEMY SACC PROGRAM (-E-),4850 JERSEY PIKE,Chattanooga,TN,37416,(423) 637-5859,Centers Care for 13 or more children,100,5,13,E,POINT (-85.180166 35.091976)
ST. JOHN UNITED METHODIST PRESCHOOL,3921 MURRAY HILLS DR.,Chattanooga,TN,37416,(423) 894-5210,Centers Care for 13 or more children,91,8 WK,5,3,POINT (-85.204005 35.084606)
