Activity,Session,Category,Primary Category,Participants,Max Participants,Start Date
Fireside at Greenway Farm Park,Outdoor Concert Series,Outdoor Concert Series,Outdoor Concert Series,1246,0,10/03/2019
Fireside at Tatum Park,Latino Nights Outdoor Concerts,Outdoor Concert Series,Outdoor Concert Series,851,0,04/04/2019
Fireside at Greenway Farm Park,2020 Outdoor Concert Series,Outdoor Concert Series,Outdoor Concert Series,0,0,10/01/2020
Fireside at Tatum Park,2020 Latino Nights Outdoor Concerts 2020,Outdoor Concert Series,Outdoor Concert Series,0,0,04/02/2020
Rapid Learning Skills Sessions,First Free Skills Session 7-8PM,Rapid Learning Whitewater Kayak Program,Rapid Learning Whitewater Kayak Program,0,15,05/02/2018
Rapid Learning Skills Sessions,Non-Member Skills Session Feb. 5 | 7-9PM,Rapid Learning Whitewater Kayak Program,Rapid Learning Whitewater Kayak Program,0,15,02/05/2019
Rapid Learning Skills Sessions,Non-Member Skills Session Apr. 9 | 7-9PM,Rapid Learning Whitewater Kayak Program,Rapid Learning Whitewater Kayak Program,0,15,04/09/2019
Rapid Learning Skills Sessions,Non-Member Attendees,Rapid Learning Whitewater Kayak Program,Rapid Learning Whitewater Kayak Program,0,15,11/12/2019
Rapid Learning Skills Sessions,First Skills Session April 9 (Intructor enrollment),Rapid Learning Whitewater Kayak Program,Rapid Learning Whitewater Kayak Program,1,25,04/09/2019
Rapid Learning Skills Sessions,First Skills Session Apr. 9 | 7-9PM,Rapid Learning Whitewater Kayak Program,Rapid Learning Whitewater Kayak Program,2,15,04/09/2019
Rapid Learning Skills Sessions,First Skills Session Mar. 5 (Intructor enrollment),Rapid Learning Whitewater Kayak Program,Rapid Learning Whitewater Kayak Program,2,25,03/05/2019
Rapid Learning Skills Sessions,First Skills Session Feb. 5 | 7-9PM (Instructor Enrollment),Rapid Learning Whitewater Kayak Program,Rapid Learning Whitewater Kayak Program,7,15,02/05/2019
Rapid Learning Skills Sessions,First Free Skills Session 6-7PM,Rapid Learning Whitewater Kayak Program,Rapid Learning Whitewater Kayak Program,0,15,05/02/2018
Rapid Learning Skills Sessions,Lee U Rapid Learning Skills Session 10/15,Rapid Learning Whitewater Kayak Program,Rapid Learning Whitewater Kayak Program,11,15,10/15/2019
Rapid Learning Skills Sessions,Member Skills Session Feb. 5 | 7-9PM (Instructor Enrollment),Rapid Learning Whitewater Kayak Program,Rapid Learning Whitewater Kayak Program,3,15,02/05/2019
Rapid Learning Skills Sessions,Lee U Rapid Learning Skills Session 3/27,Rapid Learning Whitewater Kayak Program,Rapid Learning Whitewater Kayak Program,12,15,03/26/2019
Rapid Learning Skills Sessions,Member Skills Session April 9 (Instructor Enrollment),Rapid Learning Whitewater Kayak Program,Rapid Learning Whitewater Kayak Program,5,15,04/09/2019
Rapid Learning Skills Sessions,First Skills Session Feb. 5 | 7-9PM,Rapid Learning Whitewater Kayak Program,Rapid Learning Whitewater Kayak Program,1,15,02/05/2019
Rapid Learning Skills Sessions,First Skills Session Mar. 5 | 7-9PM,Rapid Learning Whitewater Kayak Program,Rapid Learning Whitewater Kayak Program,1,15,03/05/2019
Rapid Learning Skills Sessions,Weekly Attendance - Instructor Enrollment,Rapid Learning Whitewater Kayak Program,Rapid Learning Whitewater Kayak Program,306,50,05/01/2019
Rapid Learning Skills Sessions,Non-Member Skills Session Dec. 4 | 7-9PM,Rapid Learning Whitewater Kayak Program,Rapid Learning Whitewater Kayak Program,0,15,12/04/2018
Rapid Learning Skills Sessions,Non-Member Skills Session 6-7PM,Rapid Learning Whitewater Kayak Program,Rapid Learning Whitewater Kayak Program,0,15,05/02/2018
Community Outreach,Girls Inc Leadership Campout,Community Outreach,Community Outreach,0,0,03/20/2020
Rapid Learning Skills Sessions,Non-Member Skills Session 7-8PM,Rapid Learning Whitewater Kayak Program,Rapid Learning Whitewater Kayak Program,0,15,05/02/2018
Rapid Learning Skills Sessions,First Skills Session Jan. 8 | 7-9PM,Rapid Learning Whitewater Kayak Program,Rapid Learning Whitewater Kayak Program,0,15,01/08/2019
TVCC Paddle School,Rapid Learning Paddle School,"Partnership Programs,Rapid Learning Whitewater Kayak Program",Partnership Programs,6,0,06/01/2019
Rapid Learning Skills Sessions,Non-Member Skills Session Jan. 8 | 7-9PM,Rapid Learning Whitewater Kayak Program,Rapid Learning Whitewater Kayak Program,0,15,01/08/2019
Rapid Learning Skills Sessions,First Skills Session Dec. 4 | 7-9PM,Rapid Learning Whitewater Kayak Program,Rapid Learning Whitewater Kayak Program,0,15,12/04/2018
Community Outreach,LNT at St. Nicholas School,Community Outreach,Community Outreach,100,0,04/11/2019
Rapid Learning Skills Sessions,Non-Member Skills Session Mar. 5 | 7-9PM,Rapid Learning Whitewater Kayak Program,Rapid Learning Whitewater Kayak Program,0,15,03/05/2019
Sunset Canoe Tour,August 3,"Canoeing,Family Friendly",Canoeing,12,18,08/03/2019
Sunset Canoe Tour,September 20,"Canoeing,Family Friendly",Canoeing,11,18,09/20/2019
Sunset Canoe Tour,June 15 - Reschedule of Cuckoo Canoe Tour,"Canoeing,Family Friendly",Canoeing,15,18,06/15/2019
Community Outreach,Girls Inc Mock Camp,Community Outreach,Community Outreach,10,0,04/23/2019
Community Outreach,Girls Inc Mock Campout at the Farm,Community Outreach,Community Outreach,18,0,04/26/2019
Community Outreach,Girls Inc Campfire + Cooking Skills,Community Outreach,Community Outreach,0,0,04/16/2019
Community Outreach,Ducks Unlimited Outdoor Festival,Community Outreach,Community Outreach,0,0,03/14/2020
South Chickamauga Creek Canoe Tour,TPL Funders Tour,Canoeing,Canoeing,3,0,06/06/2019
Learn to Ride a Bike,Nov. 9 | 6:00-7:30 PM,"Biking,Family Friendly",Biking,0,3,11/09/2020
Community Outreach,Catch a Cuckoo!,Community Outreach,Community Outreach,6,0,04/17/2019
Community Outreach,McCallie T-Term 2020,Community Outreach,Community Outreach,15,0,02/05/2020
Community Outreach,CSAS Career Fair,Community Outreach,Community Outreach,0,0,03/13/2020
Full Moon Kayak Tour,October 1 | Harvest Full Moon,Flat Water Kayaking,Flat Water Kayaking,4,6,10/01/2020
Rapid Learning Instructional River Trips,Hiwassee River June 16,Rapid Learning Whitewater Kayak Program,Rapid Learning Whitewater Kayak Program,4,9,06/16/2019
Rapid Learning Instructional River Trips,"WNC 2-Day, 2-River Trip August 10-11",Rapid Learning Whitewater Kayak Program,Rapid Learning Whitewater Kayak Program,8,9,08/10/2019
Rapid Learning Instructional River Trips,Hiwassee River August 4,Rapid Learning Whitewater Kayak Program,Rapid Learning Whitewater Kayak Program,6,9,08/04/2019
Rapid Learning Instructional River Trips,Hiwassee River July 28,Rapid Learning Whitewater Kayak Program,Rapid Learning Whitewater Kayak Program,7,9,07/28/2019
Rapid Learning Instructional River Trips,Hiwassee River August 25,Rapid Learning Whitewater Kayak Program,Rapid Learning Whitewater Kayak Program,8,9,08/25/2019
Rapid Learning Instructional River Trips,Hiwassee River July 14,Rapid Learning Whitewater Kayak Program,Rapid Learning Whitewater Kayak Program,7,9,07/14/2019
Rapid Learning Instructional River Trips,Hiwassee River June 9,Rapid Learning Whitewater Kayak Program,Rapid Learning Whitewater Kayak Program,0,9,06/09/2019
Rapid Learning Instructional River Trips,Hiwassee River July 21,Rapid Learning Whitewater Kayak Program,Rapid Learning Whitewater Kayak Program,7,9,07/21/2019
Chickamauga Battlefield Bike Ride,October 19,"Biking,Family Friendly,Partnership Programs",Biking,24,10,10/19/2019
Chickamauga Battlefield Bike Ride,May 18,"Biking,Family Friendly,Partnership Programs",Biking,59,10,05/18/2019
Chickamauga Battlefield Bike Ride,September 21,"Biking,Family Friendly,Partnership Programs",Biking,39,10,09/21/2019
Canoeing at Greenway: Private Group Retreat,Reach One Teach One,"Canoeing,Private Group Retreat",Canoeing,12,0,07/17/2019
UTC Safe Routes,Bike Education,"Biking,Workshops,Partnership Programs",Biking,15,0,01/08/2020
Guided Bike Tour,Placemaking Conference,"Biking,Community Outreach,Special Event,Partnership Programs,Private Group Retreat",Biking,26,0,10/01/2019
SETTA Meeting and Bike Tour,Bike Tour on Eureka Trail,"Biking,Community Outreach,Special Event,Partnership Programs",Biking,6,0,04/05/2019
Bike to School Day,CSAS,"Biking,Family Friendly,Community Outreach,Special Event,Partnership Programs",Biking,16,0,05/08/2019
Canoeing at Greenway: Private Group Retreat,Lee University 10/6/20,"Canoeing,Private Group Retreat",Canoeing,0,8,10/06/2020
Learn to Ride a Bike,Feb. 11 | 4:00-5:30PM,"Biking,Family Friendly",Biking,0,5,02/11/2019
Learn to Ride a Bike,Aug. 12 | 6:00-7:30PM,"Biking,Family Friendly",Biking,4,5,08/12/2019
Learn to Ride a Bike,June 8 | 4:00-5:30 PM,"Biking,Family Friendly",Biking,0,5,06/08/2020
Guided Kayak Tour - Private Group Retreat,Eastside Academy,"Flat Water Kayaking,Private Group Retreat",Flat Water Kayaking,30,0,03/29/2019
Hiwassee Wildlife Refuge Kayak Tour,September 19,Flat Water Kayaking,Flat Water Kayaking,6,6,09/19/2020
Learn to Ride a Bike,Dec. 7 | 4:00-5:30 PM,"Biking,Family Friendly",Biking,2,3,12/07/2020
Learn to Ride a Bike,Jan. 13 | 6:00-7:30 PM,"Biking,Family Friendly",Biking,1,5,01/13/2020
Learn to Ride a Bike,Feb. 10 | 6:00-7:30 PM,"Biking,Family Friendly",Biking,2,5,02/10/2020
Learn to Belay,"Intro to Top Rope Climbing-Public Offering May 14, 5pm-7pm","Private Group Retreat,Rock Climbing",Private Group Retreat,0,20,05/14/2019
Learn to Ride a Bike,Jan. 14 | 6:00-7:30PM,"Biking,Family Friendly",Biking,0,5,01/14/2019
Learn to Ride a Bike,Dec. 14 | 6:00-7:30 PM,"Biking,Family Friendly",Biking,0,3,12/14/2020
Learn to Ride a Bike,Sep. 10 | 6:00-7:30PM,"Biking,Family Friendly",Biking,0,5,09/10/2018
Rapid Learning Skills Sessions,Non-Member Attendance with $10 fee,Rapid Learning Whitewater Kayak Program,Rapid Learning Whitewater Kayak Program,0,0,05/06/2020
Learn to Ride a Bike,BONUS CLASS: July 29 | 6:00-7:30PM,"Biking,Family Friendly",Biking,4,5,07/29/2019
Guided Kayak Tour - Private Group Retreat,Payment Option for GPS Tucker River Fellows Program,"Flat Water Kayaking,Private Group Retreat",Flat Water Kayaking,0,10,12/06/2020
Learn to Ride a Bike,Mar. 11 | 4:00-5:30PM,"Biking,Family Friendly",Biking,3,5,03/11/2019
Hiwassee Wildlife Refuge Kayak Tour,November 14,Flat Water Kayaking,Flat Water Kayaking,0,6,11/14/2020
Guided Kayak Tour - Private Group Retreat,GPS Tucker River Fellows,"Flat Water Kayaking,Private Group Retreat",Flat Water Kayaking,9,10,12/06/2020
South Chickamauga Greenway Bike Tour,National Park Partners History Tour,"Biking,Family Friendly",Biking,6,6,11/21/2020
Learn to Ride a Bike,April 13 | 4:00-5:30 PM,"Biking,Family Friendly",Biking,6,5,04/13/2020
Learn to Ride a Bike,Aug10 | 6:00-7:30 PM,"Biking,Family Friendly",Biking,0,5,08/10/2020
Rapid Learning Skills Sessions,Members + First Timers Attendance,Rapid Learning Whitewater Kayak Program,Rapid Learning Whitewater Kayak Program,67,25,11/12/2019
Learn to Ride a Bike,Oct. 12 | 4:00-5:30 PM,"Biking,Family Friendly",Biking,3,3,10/12/2020
Learn to Ride a Bike,Jan. 13 | 4:00-5:30 PM,"Biking,Family Friendly",Biking,5,5,01/13/2020
Learn to Ride a Bike,Nov. 12 | 4:00-5:30PM,"Biking,Family Friendly",Biking,0,5,11/12/2018
Learn to Ride a Bike,Dec. 10 | 4:00-5:30PM,"Biking,Family Friendly",Biking,0,5,12/10/2018
Canoeing at Greenway: Private Group Retreat,YCAP,"Canoeing,Private Group Retreat",Canoeing,17,0,06/24/2019
Learn to Ride a Bike,April 13 | 6:00-7:30 PM,"Biking,Family Friendly",Biking,4,5,04/13/2020
Cumberland Trail Hike Series,December 6,Hiking,Hiking,1,12,12/06/2020
Learn to Ride a Bike,Oct. 19 | 6:00-7:30 PM,"Biking,Family Friendly",Biking,0,3,10/19/2020
Learn to Ride a Bike,May 13 | 6:00-7:30PM,"Biking,Family Friendly",Biking,4,5,05/13/2019
Learn to Ride a Bike,Jan. 14 | 4:00-5:30PM,"Biking,Family Friendly",Biking,0,5,01/14/2019
Sale Creek Kayak Tour,October 3,Flat Water Kayaking,Flat Water Kayaking,6,6,10/03/2020
Learn to Ride a Bike,Dec. 9 | 6:00-7:30PM,"Biking,Family Friendly",Biking,0,5,12/09/2019
Try Archery,Therapeutic Recreation,"Archery,Family Friendly",Archery,10,0,03/04/2020
Intro to Mountain Biking,Private Fundamentals Class | Oct. 30,Biking,Biking,6,6,10/30/2020
TVCC Paddle School,Rapid Learning at Paddle School (2020),"Partnership Programs,Rapid Learning Whitewater Kayak Program",Partnership Programs,0,0,05/29/2020
Intro to Mountain Biking,Fundamentals | Oct. 22,Biking,Biking,6,6,10/22/2020
Learn to Ride a Bike,May 11 | 4:00-5:30 PM,"Biking,Family Friendly",Biking,0,5,05/11/2020
Canoeing at Greenway: Private Group Retreat,Lee University 10/8/19,"Canoeing,Private Group Retreat",Canoeing,11,0,10/08/2019
Learn to Ride a Bike,Nov. 11 | 6:00-7:30PM,"Biking,Family Friendly",Biking,7,5,11/13/2019
Sunset Canoe Tour,Family-Friendly | Sept. 22,"Canoeing,Family Friendly",Canoeing,5,8,09/22/2020
Cumberland Trail Hike Series,March 15 - Reschedule of February 9,Hiking,Hiking,8,12,03/15/2020
Mountain to Town,April 4 | 9 AM - 12 PM,Biking,Biking,0,10,04/04/2020
Private Group - Overnight Kayak Trip on the TN River,Tucker River Fellows  (Freshmen),"Flat Water Kayaking,Private Group Retreat",Flat Water Kayaking,7,0,06/10/2019
Sunset Canoe Tour,Family-Friendly | Oct. 7,"Canoeing,Family Friendly",Canoeing,8,8,10/07/2020
Rapid Learning Membership,Family Membership,"Rapid Learning Whitewater Kayak Program,Whitewater Kayaking",Rapid Learning Whitewater Kayak Program,11,0,
Canoeing at Greenway: Private Group Retreat,Lee U Instructor Enrollment for Payment,"Canoeing,Private Group Retreat",Canoeing,11,0,09/29/2020
Try Archery,2020 Drop-in Sessions,"Archery,Family Friendly",Archery,202,0,02/05/2020
Learn to Ride a Bike,July 8 | 4:00-5:30PM,"Biking,Family Friendly",Biking,5,5,07/08/2019
Guided Bike Tour,Roll to the Poll Early Voting for 2020 Election,"Biking,Community Outreach,Special Event,Partnership Programs,Private Group Retreat",Biking,0,0,10/21/2020
Learn to Ride a Bike,Dec. 10 | 6:00-7:30PM,"Biking,Family Friendly",Biking,0,5,12/10/2018
Learn to Ride a Bike,June 10 | 6:00-7:30PM,"Biking,Family Friendly",Biking,11,5,06/10/2019
South Chickamauga Greenway Bike Tour,July 23,"Biking,Family Friendly",Biking,4,10,07/23/2019
Cumberland Trail Hike Series,April 19,Hiking,Hiking,3,12,04/19/2020
Learn to Ride a Bike,Sep. 9 | 6:00-7:30PM,"Biking,Family Friendly",Biking,0,5,09/09/2019
Chattanooga Classic Hikes,Big Foot Hike | March 29,"Family Friendly,Hiking",Family Friendly,20,20,03/29/2020
Mountain to Town,May 15 | 9 AM - 12 PM,Biking,Biking,0,10,05/15/2020
Learn to Ride a Bike,Aug 10 | 4:00-5:30 PM,"Biking,Family Friendly",Biking,0,5,08/10/2020
Cumberland Trail Hike Series,March 15,Hiking,Hiking,12,12,03/15/2020
Hiwassee Wildlife Refuge Kayak Tour,December 5,Flat Water Kayaking,Flat Water Kayaking,8,8,12/05/2020
Learn to Ride a Bike,Apr. 8 | 6:00-7:30PM,"Biking,Family Friendly",Biking,2,5,04/08/2019
Learn to Ride a Bike,Nov. 12 | 6:00-7:30PM,"Biking,Family Friendly",Biking,0,5,11/12/2018
Sunset Canoe Tour,Spooktacular Tour | Oct. 28,"Canoeing,Family Friendly",Canoeing,0,8,10/28/2020
Learn to Ride a Bike,July 8 | 6:00-7:30PM,"Biking,Family Friendly",Biking,4,5,07/08/2019
2020 Winter Workshop Series,Wilderness Survival Skills - Put it to Practice (Reschedule)),"Family Friendly,Workshops",Family Friendly,7,15,02/29/2020
Learn to Ride a Bike,Nov. 11 | 4:00-5:30PM,"Biking,Family Friendly",Biking,0,5,11/13/2019
Learn to Ride a Bike,Dec. 9 | 4:00-5:30PM,"Biking,Family Friendly",Biking,2,5,12/09/2019
Canoeing at Greenway: Private Group Retreat,Lee University 9/29/20,"Canoeing,Private Group Retreat",Canoeing,11,11,09/29/2020
Guided Kayak Tour - Private Group Retreat,GPS Tucker River Fellows,"Flat Water Kayaking,Private Group Retreat",Flat Water Kayaking,1,10,10/17/2020
Chattanooga Classic Hikes,Little Cedar Mountain Hike | April 5,"Family Friendly,Hiking",Family Friendly,1,20,04/05/2020
Sunset Canoe Tour,Family-Friendly | Sept. 30,"Canoeing,Family Friendly",Canoeing,6,8,09/30/2020
Learn to Ride a Bike,March 9 | 4:00-5:30 PM,"Biking,Family Friendly",Biking,2,5,03/09/2020
Learn to Ride a Bike,BONUS CLASS: July 29 | 4:00-5:30PM,"Biking,Family Friendly",Biking,4,5,07/29/2019
Learn to Ride a Bike,Feb. 11 | 6:00-7:30PM,"Biking,Family Friendly",Biking,0,5,02/11/2019
Learn to Ride a Bike,June 10 | 4:00-5:30PM,"Biking,Family Friendly",Biking,2,5,06/10/2019
Learn to Ride a Bike,Sep. 10 | 4:00-5:30PM,"Biking,Family Friendly",Biking,0,5,09/10/2018
Learn to Ride a Bike,Sep. 9 | 4:00-5:30PM,"Biking,Family Friendly",Biking,0,5,09/09/2019
Learn to Ride a Bike,Oct. 12 | 6:00-7:30 PM,"Biking,Family Friendly",Biking,3,3,10/12/2020
Sunset Canoe Tour,Family-Friendly | Sept. 17,"Canoeing,Family Friendly",Canoeing,8,8,09/17/2020
Learn to Ride a Bike,May 13 | 4:00-5:30PM,"Biking,Family Friendly",Biking,6,10,05/13/2019
Learn to Ride a Bike,Oct. 8 | 6:00-7:30PM,"Biking,Family Friendly",Biking,0,5,10/08/2018
Tennessee Valley Canoe Club,2020 Club Meetings,Outdoor Club Meetings,Outdoor Club Meetings,33,0,01/14/2020
Learn to Ride a Bike,Oct. 19 | 4:00-5:30 PM,"Biking,Family Friendly",Biking,0,3,10/19/2020
Guided Kayak Tour - Private Group Retreat,Payment Option for GPS Tucker River Fellows Program,"Flat Water Kayaking,Private Group Retreat",Flat Water Kayaking,0,10,10/17/2020
Learn to Ride a Bike,May 11 | 6:00-7:30 PM,"Biking,Family Friendly",Biking,0,5,05/11/2020
Canoeing at Greenway: Private Group Retreat,Jones Youth Group,"Canoeing,Private Group Retreat",Canoeing,14,20,07/28/2019
Learn to Ride a Bike,Nov. 9 | 4:00-5:30 PM,"Biking,Family Friendly",Biking,4,3,11/09/2020
Private Group - Overnight Kayak Trip on the TN River,Tucker River Fellows (Sophmores),"Flat Water Kayaking,Private Group Retreat",Flat Water Kayaking,6,0,06/03/2019
Intro to Mountain Biking,Guided Trail Ride | Oct. 10,Biking,Biking,0,6,10/10/2020
Chattanooga Classic Hikes,Cravens to Sunset Hike,"Family Friendly,Hiking",Family Friendly,0,12,04/17/2020
Learn to Ride a Bike,Apr. 8 | 4:00-5:30PM,"Biking,Family Friendly",Biking,4,5,04/08/2019
Guided Kayak Tour - Private Group Retreat,First Descents Nashville,"Flat Water Kayaking,Private Group Retreat",Flat Water Kayaking,24,0,08/24/2019
Intro to Mountain Biking,Guided Trail Ride | Nov. 4,Biking,Biking,0,10,11/04/2020
Intro to Mountain Biking,Guided Trail Ride | Nov. 15,Biking,Biking,0,6,11/15/2020
Cumberland Trail Hike Series,June 8,Hiking,Hiking,0,12,06/08/2019
Learn to Ride a Bike,July 13 | 4:00-5:30 PM,"Biking,Family Friendly",Biking,0,3,07/13/2020
Chattanooga Classic Hikes,Deep Creek Hike | July 25,"Family Friendly,Hiking",Family Friendly,9,10,07/25/2019
Learn to Ride a Bike,Sept 14 | 4:00-5:30 PM,"Biking,Family Friendly",Biking,3,3,09/14/2020
Learn to Ride a Bike,Mar. 11 | 6:00-7:30PM,"Biking,Family Friendly",Biking,2,5,03/11/2019
Intro to Mountain Biking,Guided Trail Ride | Oct. 24,Biking,Biking,0,6,10/24/2020
Learn to Ride a Bike,June 8 | 6:00-7:30 PM,"Biking,Family Friendly",Biking,0,5,06/08/2020
Intro to Mountain Biking,Fundamentals | Oct. 8,Biking,Biking,6,6,10/08/2020
Learn to Ride a Bike,Aug. 12 | 4:00-5:30PM,"Biking,Family Friendly",Biking,4,5,08/12/2019
Rapid Learning Skills Sessions,Non-Member Skills Session Attendance - Instructor Enrollment,Rapid Learning Whitewater Kayak Program,Rapid Learning Whitewater Kayak Program,2,0,05/01/2019
Learn to Ride a Bike,Jan 11 | 4:00-5:30 PM,"Biking,Family Friendly",Biking,3,4,01/11/2021
Community Outreach,City Nature Challenge Info + iNaturalist App Training Session,Community Outreach,Community Outreach,5,0,03/12/2020
Learn to Ride a Bike,Private Session on Mar. 18,"Biking,Family Friendly",Biking,1,5,03/18/2019
Learn to Ride a Bike,Dec. 14 | 4:00-5:30 PM,"Biking,Family Friendly",Biking,4,3,12/14/2020
Learn to Ride a Bike,March 9 | 6:00-7:30 PM,"Biking,Family Friendly",Biking,2,5,03/09/2020
South Chickamauga Greenway Bike Tour,Riverpoint to Sterchi Farm - November 11,"Biking,Family Friendly",Biking,4,8,11/11/2020
Learn to Ride a Bike,July 13 | 6:00-7:30 PM,"Biking,Family Friendly",Biking,0,3,07/13/2020
Learn to Ride a Bike,Oct. 14 | 6:00-7:30PM,"Biking,Family Friendly",Biking,2,5,10/14/2019
Learn to Ride a Bike,Nov. 2 | 4:00-5:30 PM,"Biking,Family Friendly",Biking,3,3,11/02/2020
Sunset Canoe Tour,Family-Friendly | Oct. 16,"Canoeing,Family Friendly",Canoeing,7,8,10/16/2020
Learn to Ride a Bike,Oct. 14 | 4:00-5:30PM,"Biking,Family Friendly",Biking,5,5,10/14/2019
Rapid Learning Skills Sessions,Weekly Attendance for Members + First Timers - Instructor Enrollment (2020),Rapid Learning Whitewater Kayak Program,Rapid Learning Whitewater Kayak Program,0,50,05/06/2020
Adult Archery,Sessions,Archery,Archery,70,0,02/05/2020
Learn to Ride a Bike,Feb. 10 | 4:00-5:30 PM,"Biking,Family Friendly",Biking,4,5,02/10/2020
Learn to Ride a Bike,Sept 14 | 6:00-7:30 PM,"Biking,Family Friendly",Biking,3,3,09/14/2020
Canoeing at Greenway: Private Group Retreat,TNACI: Nooga Nature Explorers,"Canoeing,Private Group Retreat",Canoeing,0,0,03/20/2019
2021 Virtual Workshop Series,Fishing 101 Virtual Workshop,Workshops,Workshops,0,0,01/26/2021
Intro to Mountain Biking,Fundamentals | Oct. 15,Biking,Biking,7,6,10/15/2020
Canoeing at Greenway: Private Group Retreat,Lee U.,"Canoeing,Private Group Retreat",Canoeing,26,0,04/16/2019
Community Outreach,E. Brainerd Kiwanas Club,Community Outreach,Community Outreach,31,0,02/28/2020
2019-2020 Interscholastic Climbing League,Belay Training Session #3,Interscholastic Climbing League,Interscholastic Climbing League,13,0,10/01/2019
Outdoor Ambassador Community Project,Leadership Training + Field Hike Nov.  14,"Community Outreach,Hiking,Outdoor Ambassadors",Community Outreach,0,10,12/14/2019
Chattanooga Grotto Club,2020 Club Meetings,Outdoor Club Meetings,Outdoor Club Meetings,45,0,01/06/2020
OC Presentation,Clemson University Travel and Tourism Students,"Community Outreach,Partnership Programs",Community Outreach,44,0,03/06/2019
Adaptive Cycling,2019 Adaptive Rides,"Biking,Partnership Programs",Biking,140,0,04/08/2019
Outdoor Ambassador Community Project,Leadership Training + Field Hike Nov. 9,"Community Outreach,Hiking,Outdoor Ambassadors",Community Outreach,2,10,11/09/2019
Cuckoo Canoe Tour,June 8,"Canoeing,Family Friendly,Flat Water Kayaking",Canoeing,0,18,06/08/2019
Mountain to Town,April 17 | 9 AM - 12 PM,Biking,Biking,0,10,04/17/2020
Canoeing: Partner Program,Canoeing with TN Aquarium,"Canoeing,Flat Water Kayaking,Partnership Programs",Canoeing,109,0,06/07/2019
Canoeing at Greenway: Partner Program,SCC,"Canoeing,Partnership Programs",Canoeing,8,0,06/15/2019
NPS Historic Kayak Tour of Downtown,June 28,"Flat Water Kayaking,Partnership Programs,Special Event",Flat Water Kayaking,7,10,06/28/2019
Guided Creek Snorkel,With Cumberland Trail's Appalachia CARES,"Family Friendly,Hiking",Family Friendly,11,15,06/12/2019
Cumberland Trail Hike Series,March 9,Hiking,Hiking,11,12,03/09/2019
2020 Winter Workshop Series,Protect Your Waterways - Workshop,"Family Friendly,Workshops",Family Friendly,4,0,01/29/2020
Outdoor Ambassador Community Project,Leadership Training + Field Hike Nov.  10,"Community Outreach,Hiking,Outdoor Ambassadors",Community Outreach,2,10,11/10/2019
2019-2020 Interscholastic Climbing League,Belay Training Session #2,Interscholastic Climbing League,Interscholastic Climbing League,24,0,09/19/2019
2019-2020 Interscholastic Climbing League,Belay Training Session #11,Interscholastic Climbing League,Interscholastic Climbing League,9,0,11/06/2019
Sequatchie River Canoe Tour,Cycle the Sequatchie Event,"Canoeing,Flat Water Kayaking",Canoeing,0,12,10/05/2019
Bike Commuting 101,June 17 | 6-7 PM,Biking,Biking,1,10,06/17/2019
Tennessee Riverwalk Bike Tour,Lunch Hour Tour,Biking,Biking,0,15,
2018-2019 Interscholastic Climbing League Meets,ICL Meet #4 at HP Downtown,Interscholastic Climbing League,Interscholastic Climbing League,180,0,01/12/2019
2019-2020 Interscholastic Climbing League,Comp #4 High Point Downtown,Interscholastic Climbing League,Interscholastic Climbing League,224,0,01/11/2020
2019-2020 Interscholastic Climbing League,Belay Training Session #6,Interscholastic Climbing League,Interscholastic Climbing League,8,0,10/16/2019
Cumberland Trail Hike Series,January 12,Hiking,Hiking,8,11,01/12/2020
Wildflower Walk,April 6 Morning Hike,"Family Friendly,Hiking",Family Friendly,10,15,04/06/2019
Mountain to Town,July 27 | 9 AM - 12 PM,Biking,Biking,2,10,07/27/2019
Belay Training,McCallie T-Term,"Partnership Programs,Private Group Retreat,Rock Climbing",Partnership Programs,12,20,02/04/2019
Tennessee Riverwalk Bike Tour,Ivy Academy,Biking,Biking,1,25,02/21/2020
Camp & Kayak the Tennessee River Gorge,Fall Foliage Session,Flat Water Kayaking,Flat Water Kayaking,0,10,10/20/2018
Adult Archery,Archers + Aces,Archery,Archery,135,0,06/11/2019
OC Presentation,Woodstock GA City Officials,"Community Outreach,Partnership Programs",Community Outreach,18,0,10/18/2019
Paddle Smart Chattanooga,Intro to Flatwater Paddling - Lake 1,"Family Friendly,Flat Water Kayaking",Family Friendly,0,6,05/16/2019
Bike Commuting 101,Dec. 17 | 6-7:30PM,Biking,Biking,0,0,12/17/2018
Tennessee Riverwalk Bike Tour,Signal Mtn German American Program,Biking,Biking,13,25,10/04/2019
Mountain to Town,April 26 | 1 PM - 4 PM,Biking,Biking,0,10,04/26/2020
Intro to Mountain Biking,Fundamentals | May 14,Biking,Biking,0,10,05/14/2020
OC Building Use,Thrive Regional Partnership-Natural Treasures Meeting,"Community Outreach,Partnership Programs",Community Outreach,40,0,05/15/2019
2020 Winter Workshop Series,Speleoart: The Art of Caving - Put it to Practice,"Family Friendly,Workshops",Family Friendly,2,12,01/18/2020
Cumberland Trail Hike Series,May 10,Hiking,Hiking,0,12,05/10/2020
OC Presentation,Girls Inc,"Community Outreach,Partnership Programs",Community Outreach,9,0,02/12/2019
Bike Commuting 101,Mar 18 | 6-7 PM,Biking,Biking,0,10,03/18/2019
Canoeing: Partner Program,Sequatchie River Partner Paddle,"Canoeing,Flat Water Kayaking,Partnership Programs",Canoeing,37,0,08/12/2019
OC Tabletop,National Public Lands Day Event,Community Outreach,Community Outreach,27,0,09/28/2019
Cumberland Trail Hike Series,October 11,Hiking,Hiking,0,12,10/11/2020
Dam Kayak Tour,JUNE 21,Flat Water Kayaking,Flat Water Kayaking,10,10,06/21/2019
ICL Coaches Meeting,2019 Coaches Meeting,,,10,0,08/27/2019
Sandhill Crane Kayak Tour,Dec. 15 | 10 AM,Flat Water Kayaking,Flat Water Kayaking,0,10,12/15/2018
2019-2020 Interscholastic Climbing League,Belay Training Session #7,Interscholastic Climbing League,Interscholastic Climbing League,9,0,10/23/2019
OC Presentation,YMCA Youth Leadership,"Community Outreach,Partnership Programs",Community Outreach,0,0,10/16/2019
OC Building Use,TRPA Conference,"Community Outreach,Partnership Programs",Community Outreach,26,0,11/18/2019
Paddle Smart Chattanooga,Intro to Flatwater Paddling - Lake 3,"Family Friendly,Flat Water Kayaking",Family Friendly,6,6,09/10/2019
Chattanooga Triathlon Club,2019 Club Meetings,Outdoor Club Meetings,Outdoor Club Meetings,47,0,08/15/2019
OC Tabletop,Bike to Work Day,Community Outreach,Community Outreach,70,0,05/17/2019
Outdoor Ambassador Community Project,Leadership Training + Field Hike Jan. 26,"Community Outreach,Hiking,Outdoor Ambassadors",Community Outreach,0,10,01/26/2020
OC Building Use,Ironman Captian's Meeting,"Community Outreach,Partnership Programs",Community Outreach,50,0,09/26/2019
OC Building Use,Accessible El Camino Santiago Pilgrimage Presentation,"Community Outreach,Partnership Programs",Community Outreach,11,0,11/07/2019
Intro to Mountain Biking,Guided Trail Ride | June 13,Biking,Biking,0,10,06/13/2020
Guided Canoe Tour  with TenneSEA,TenneSEA Canoe Tour,"Canoeing,Family Friendly,Flat Water Kayaking,Partnership Programs",Canoeing,7,22,04/29/2019
2019-2020 Interscholastic Climbing League,Belay Training Session #9,Interscholastic Climbing League,Interscholastic Climbing League,8,0,10/30/2019
2019 Winter Workshop Series,Feb. 28 - Fishing Secrets,Workshops,Workshops,23,0,02/28/2019
2020 Winter Workshop Series,Protect Your Waterways - Put it to Practice,"Family Friendly,Workshops",Family Friendly,0,20,02/01/2020
2019-2020 Interscholastic Climbing League,Belay Training Session #1,Interscholastic Climbing League,Interscholastic Climbing League,9,0,09/17/2019
2020 Winter Workshop Series,Wayfinding with Map & Compass Workshop,"Family Friendly,Workshops",Family Friendly,45,0,01/08/2020
Outdoor Ambassador Community Project,Leadership Training + Field Hike Oct. 26,"Community Outreach,Hiking,Outdoor Ambassadors",Community Outreach,0,10,10/26/2019
Dam Kayak Tour,JULY 20,Flat Water Kayaking,Flat Water Kayaking,10,10,07/20/2019
Canoeing at Greenway: Partner Program,Kids Clean Water Camp,"Canoeing,Partnership Programs",Canoeing,10,0,06/19/2019
2019-2020 Interscholastic Climbing League,Comp #3 TBA,Interscholastic Climbing League,Interscholastic Climbing League,180,0,12/14/2019
Paddle Smart Chattanooga,Reschedule: Intro to Flatwater Paddling - Lake 3,"Family Friendly,Flat Water Kayaking",Family Friendly,2,6,09/10/2019
Fireside,Oct. 18 Rising Fawn Social Club,Outdoor Concert Series,Outdoor Concert Series,0,0,10/04/2018
Rock Climbing at Walnut Wall: Partner Program,Bridge Chattanooga October 2019,"Partnership Programs,Rock Climbing",Partnership Programs,10,0,10/28/2019
Cumberland Trail Hike Series,November 15,Hiking,Hiking,0,12,11/15/2020
Outdoor Ambassador Community Project,Community Action Workshop,"Community Outreach,Hiking,Outdoor Ambassadors",Community Outreach,0,10,11/14/2019
Cumberland Trail Hike Series,May 4,Hiking,Hiking,12,12,05/04/2019
Chattanooga Grotto Club,2019 Club Meetings,Outdoor Club Meetings,Outdoor Club Meetings,276,0,01/07/2019
OC Building Use,National Recreation and Parks Association 10 min walk,"Community Outreach,Partnership Programs",Community Outreach,51,0,03/05/2019
Cumberland Trail Hike Series,February 23 Reschedule to March 9,Hiking,Hiking,2,12,03/09/2019
Full Moon Kayak Tour,August 16,Flat Water Kayaking,Flat Water Kayaking,9,10,08/16/2019
Battlefield Bike Ride,October,Biking,Biking,2,10,10/20/2018
Full Moon Hike,October 24,Hiking,Hiking,0,25,10/24/2018
Mobile Archery: Partner Program,Chattanooga Public Library,"Archery,Partnership Programs",Archery,0,0,03/28/2020
Try Archery,Therapeutic Rec - Archery,"Archery,Family Friendly",Archery,14,0,02/27/2019
Cumberland Trail Hike Series,October 12,Hiking,Hiking,9,12,10/12/2019
2019 Winter Workshop Series,Feb. 7 - Bike Maintenance 202,Workshops,Workshops,12,0,02/07/2019
Dam Kayak Tour,JUNE 7,Flat Water Kayaking,Flat Water Kayaking,0,10,06/07/2019
Fireside,Oct. 4 Lou Wamp & The Bluetastics,Outdoor Concert Series,Outdoor Concert Series,0,0,10/04/2018
NPP  Downtown Kayak Tour,First Kayak  Tour - 8:00 AM,"Flat Water Kayaking,Partnership Programs,Private Group Retreat,Special Event",Flat Water Kayaking,0,10,05/04/2019
2019-2020 Interscholastic Climbing League,Comp #1 High Point Downtown,Interscholastic Climbing League,Interscholastic Climbing League,224,0,11/09/2019
Chattanooga Bicycle Club,2019 Club Meetings,Outdoor Club Meetings,Outdoor Club Meetings,71,0,02/18/2019
Intro to Mountain Biking,Guided Trail Ride | May 3,Biking,Biking,0,10,05/03/2020
Outdoor Ambassador Community Project,Orientation Oct. 25,"Community Outreach,Hiking,Outdoor Ambassadors",Community Outreach,0,10,10/25/2019
Paddle Smart Chattanooga,Intro to Flatwater Paddling -TN River 1,"Family Friendly,Flat Water Kayaking",Family Friendly,0,6,06/11/2019
Archery: Private Group,New Monumental Baptist Church Couples group,"Archery,Private Group Retreat",Archery,12,0,11/08/2019
OC Tabletop,Chattanooga Ducks Unlimited Outdoor Festival,Community Outreach,Community Outreach,110,0,04/06/2019
Intro to Mountain Biking,Sep. 21,Biking,Biking,0,10,09/21/2018
2019 Winter Workshop Series,Jan. 31 - Bike Maintenance 101,Workshops,Workshops,7,0,01/31/2019
Rapid Learning Membership,Individual Membership,"Rapid Learning Whitewater Kayak Program,Whitewater Kayaking",Rapid Learning Whitewater Kayak Program,30,0,
2018-2019 Interscholastic Climbing League Meets,ICL Meet #5 at TBA,Interscholastic Climbing League,Interscholastic Climbing League,146,0,01/19/2019
Bike Commuting 101,Apr 15 | 6-7 PM,Biking,Biking,5,10,04/15/2019
Full Moon Kayak Tour,May 18,Flat Water Kayaking,Flat Water Kayaking,9,10,05/18/2019
2020 Winter Workshop Series,Intro to Paddlesports - Put it to Practice,"Family Friendly,Workshops",Family Friendly,7,10,01/25/2020
Booker T. Washington Play Day,July 19,"Partnership Programs,Special Event",Partnership Programs,0,0,07/19/2019
2019-2020 Interscholastic Climbing League,Belay Training Session #10,Interscholastic Climbing League,Interscholastic Climbing League,3,0,11/05/2019
2019-2020 Interscholastic Climbing League,Comp #6 High Point Riverside,Interscholastic Climbing League,Interscholastic Climbing League,207,0,02/01/2020
Try Archery,Chattanooga Public Library,"Archery,Family Friendly",Archery,0,0,03/28/2020
Bike Commuting 101,Dec. 16 | 6-7 PM,Biking,Biking,0,10,12/16/2019
Bike Commuting 101,May 20 | 6-7 PM,Biking,Biking,4,10,05/20/2019
2020 Winter Workshop Series,Speleoart: The Art of Caving - Workshop,"Family Friendly,Workshops",Family Friendly,10,0,01/15/2020
NPS Guided Canoe Tour,July 20 - Lookout Creek to Brown's Ferry,"Canoeing,Flat Water Kayaking,Partnership Programs",Canoeing,22,22,07/20/2019
Family Funday: Archery & Canoeing,Archery Participants,"Archery,Family Friendly",Archery,166,100,06/23/2019
Cumberland Trail Hike Series,February 9,Hiking,Hiking,10,12,02/09/2020
2019-2020 Interscholastic Climbing League,Belay Training Session #8,Interscholastic Climbing League,Interscholastic Climbing League,1,0,10/29/2019
NPP  Downtown Kayak Tour,Second Kayak  Tour - 10:30 AM,"Flat Water Kayaking,Partnership Programs,Private Group Retreat,Special Event",Flat Water Kayaking,0,10,05/04/2019
2020 Winter Workshop Series,Wilderness Survival Skills - Put it to Practice,"Family Friendly,Workshops",Family Friendly,12,15,02/08/2020
Crank it Up,North Chatt YFD,"Biking,Partnership Programs,YFD - Youth and Family Development",Biking,9,0,04/10/2019
Paddle Smart Chattanooga,Intro to Flatwater Paddling - Lake 2,"Family Friendly,Flat Water Kayaking",Family Friendly,2,6,07/09/2019
NPS Guided Kayak Tour,Jacob Cummings and the Paddle to Freedom,"Flat Water Kayaking,Partnership Programs,Special Event",Flat Water Kayaking,16,16,07/26/2019
NPS Guided Canoe Tour,August 17 - Lookout Creek to Brown's Ferry,"Canoeing,Flat Water Kayaking,Partnership Programs",Canoeing,20,22,08/17/2019
Sunset/Night Hike,Stringer's Ridge Park,Hiking,Hiking,0,25,10/03/2018
Cumberland Trail Hike Series,April 13,Hiking,Hiking,12,12,04/13/2019
Intro to Mountain Biking,McCallie T Term Intro to MTB,Biking,Biking,13,20,02/13/2019
OC Building Use,Lookout Mountain Conservancy WFA Certification Course,"Community Outreach,Partnership Programs",Community Outreach,22,0,03/30/2019
Rock Hop Creek Snorkel,June 26,"Family Friendly,Hiking",Family Friendly,8,15,06/26/2019
Crank it Up,North Chatt YFD,"Biking,Partnership Programs,YFD - Youth and Family Development",Biking,10,0,04/10/2019
2019 Winter Workshop Series,Jan. 10 - Leave No Trace,Workshops,Workshops,8,0,01/10/2019
Intro to Mountain Biking,Fundamentals | June 12,Biking,Biking,0,10,05/14/2020
Bike Commuting 101,Feb. 18 | 6-7 PM,Biking,Biking,0,10,02/18/2019
OC Building Use,Chattanooga Therapeutic Recreation,"Community Outreach,Partnership Programs",Community Outreach,23,0,03/05/2019
Intro to Disc Golf,February 2,Disc Golf,Disc Golf,16,22,02/02/2019
Intro to Mountain Biking,Fundamentals | Sept. 18,Biking,Biking,0,10,09/18/2020
LMC Camp Out,June 13-14,Partnership Programs,Partnership Programs,14,0,06/13/2019
NPS Historic Walking Tour of Downtown,August 23,"Hiking,Partnership Programs",Hiking,5,0,08/23/2019
Bike Commuting 101,Nov.  19 | 6-7:30PM,Biking,Biking,0,0,11/19/2018
Green|Spaces Eco Field Day,Kayak Krawl,"Community Outreach,Special Event",Community Outreach,77,0,04/26/2019
Sunset/Night Hike,Greenway Farm Park,Hiking,Hiking,0,25,10/17/2018
2018-2019 Interscholastic Climbing League Meets,ICL Meet #6 at HP Riverside,Interscholastic Climbing League,Interscholastic Climbing League,168,0,02/02/2019
Dam Kayak Tour,JUNE 28,Flat Water Kayaking,Flat Water Kayaking,11,10,06/28/2019
OC Building Use,CiviQ Akiima Price,"Community Outreach,Partnership Programs",Community Outreach,0,0,03/05/2020
Bike Commuting 101,Sep 16 | 6-7 PM,Biking,Biking,1,10,09/16/2019
Belay Training,November 6,"Partnership Programs,Private Group Retreat,Rock Climbing",Partnership Programs,0,20,11/06/2018
2020 Winter Workshop Series,Camp Cooking 101 - Put it to Practice,"Family Friendly,Workshops",Family Friendly,0,15,02/22/2020
Mountain to Town - Partner Program,LMC Interns,"Biking,Partnership Programs",Biking,0,0,07/12/2019
Tennessee River Gorge Kayak Tour,September 28,Flat Water Kayaking,Flat Water Kayaking,8,10,09/28/2019
Cumberland Trail Hike Series,February 23,Hiking,Hiking,12,12,02/23/2019
2020 Winter Workshop Series,Bike Maintenance 101 - Put it to Practice,"Family Friendly,Workshops",Family Friendly,0,15,02/15/2020
Chattanooga Track Club,2019 Club Meetings,Outdoor Club Meetings,Outdoor Club Meetings,76,0,02/05/2019
Mountain to Town,April 14 | 9 AM - 12 PM,Biking,Biking,0,10,04/14/2019
2019 Winter Workshop Series,Jan. 24 - Map & Compass,Workshops,Workshops,26,0,01/24/2019
Wildflower Walk,April 6 Afternoon Hike,"Family Friendly,Hiking",Family Friendly,10,15,04/06/2019
Downtown Kayak Tour: Partnership Program,TN RiverLine Project-UT Grad Students,"Flat Water Kayaking,Partnership Programs",Flat Water Kayaking,12,0,09/12/2019
Pedal to Paddle | Bike to Canoe Adventure,May 17,"Biking,Family Friendly,Flat Water Kayaking",Biking,11,12,05/17/2019
Cumberland Trail Hike Series,June 6 - National Trails Day Event,Hiking,Hiking,0,12,06/06/2020
Cumberland Trail Hike Series,December 14,Hiking,Hiking,10,12,12/14/2019
Bike Commuting 101,Oct. 21 | 6-7 PM,Biking,Biking,0,10,10/21/2019
Tennessee Riverwalk Bike Tour,Woodstock GA City Officials,Biking,Biking,18,25,10/18/2019
Cumberland Trail Hike Series,January 26,Hiking,Hiking,1,12,01/26/2019
Rock Climbing at Walnut Wall: Partner Program,Shepherd YFD,"Partnership Programs,Rock Climbing",Partnership Programs,0,0,10/09/2019
2019-2020 Interscholastic Climbing League,Comp #2 High Point Riverside,Interscholastic Climbing League,Interscholastic Climbing League,200,0,12/07/2019
Cumberland Trail Hike Series,November 9,Hiking,Hiking,4,12,11/09/2019
2019-2020 Interscholastic Climbing League,Belay Training Session #4,Interscholastic Climbing League,Interscholastic Climbing League,1,0,10/02/2019
Hiwassee Wildlife Refuge Kayak Tour,June 29,Flat Water Kayaking,Flat Water Kayaking,10,10,06/29/2019
OC Tabletop,Bluegrass in the Park,Community Outreach,Community Outreach,1111,0,05/18/2019
YFD Archery & Canoeing,YFD summer camps 2019,"Archery,Canoeing,YFD - Youth and Family Development",Archery,184,0,06/06/2019
Tennessee Valley Canoe Club,2019 Club Meetings,Outdoor Club Meetings,Outdoor Club Meetings,130,0,01/08/2019
Bike Commuting 101,Oct. 15 | 6-7:30PM,Biking,Biking,2,0,10/15/2018
2020 Winter Workshop Series,Intro to Paddlesports - Workshop,"Family Friendly,Workshops",Family Friendly,12,0,01/22/2020
OC Building Use,"""I'll Push You"" Documentary Showing","Community Outreach,Partnership Programs",Community Outreach,29,0,04/10/2019
Canoeing at Greenway: Partner Program,SCC - ASL Group,"Canoeing,Partnership Programs",Canoeing,6,0,07/13/2019
2019 Winter Workshop Series,Feb. 14 - Search & Rescue Methods,Workshops,Workshops,5,0,02/14/2019
OC Presentation,TN RiverLine Project-UT Grad Students,"Community Outreach,Partnership Programs",Community Outreach,16,0,09/12/2019
OC Tabletop,Kenco,Community Outreach,Community Outreach,111,0,05/15/2019
Mountain to Town,Sep. 16 | 1-4PM,Biking,Biking,0,10,09/16/2018
NPS Historic Walking Tour of Downtown,June 28,"Hiking,Partnership Programs",Hiking,10,0,06/28/2019
Fireside,Oct. 25 Randy Steele,Outdoor Concert Series,Outdoor Concert Series,0,0,10/04/2018
Bike the Bunkers,March 18,Biking,Biking,8,12,03/18/2019
Fireside,Oct. 11 Lew Card,Outdoor Concert Series,Outdoor Concert Series,0,0,10/04/2018
Intro to Mountain Biking,Guided Trail Ride | Sept. 19,Biking,Biking,0,10,06/13/2020
2020 Winter Workshop Series,Wayfinding with Map & Compass -  Put it to Practice,"Family Friendly,Workshops",Family Friendly,17,20,01/11/2020
Chattanooga Track Club,2020 Club Meetings,Outdoor Club Meetings,Outdoor Club Meetings,29,0,02/04/2020
Chattanooga Bicycle Club,2020 Club Meetings,Outdoor Club Meetings,Outdoor Club Meetings,0,0,03/16/2020
OC Tabletop,District 9 Resource Fairs,Community Outreach,Community Outreach,33,0,12/05/2019
Bike Commuting 101,Aug 19 | 6-7 PM,Biking,Biking,0,10,08/19/2019
2020 Winter Workshop Series,Camp Cooking 101 - Workshop,"Family Friendly,Workshops",Family Friendly,35,0,02/19/2020
Mountain to Town,April 14 | 1-4 PM,Biking,Biking,0,10,04/14/2019
OC Tabletop,McKee Foods,Community Outreach,Community Outreach,111,0,03/15/2019
Try Archery,Try Archery,"Archery,Family Friendly",Archery,385,0,02/06/2019
Sunset Kayak Tour,TRGT,Flat Water Kayaking,Flat Water Kayaking,33,12,07/25/2019
OC Tabletop,Silverdale Baptist Academy,Community Outreach,Community Outreach,600,0,04/04/2019
Battlefield Bike Ride,October - Reserve a Bike,Biking,Biking,1,10,10/20/2018
OC Building Use,Ironman Captian's Meeting,"Community Outreach,Partnership Programs",Community Outreach,50,0,05/16/2019
Mountain to Town,April 28 | 1-4 PM,Biking,Biking,6,10,04/28/2019
Rock Climbing at Walnut Wall: Partner Program,Bridge Chattanooga,"Partnership Programs,Rock Climbing",Partnership Programs,6,0,01/28/2019
Intro to Mountain Biking,Fundamentals | April 15,Biking,Biking,0,10,04/15/2020
Belay Training,McCallie T-Term 2020,"Partnership Programs,Private Group Retreat,Rock Climbing",Partnership Programs,30,20,02/03/2020
Mountain to Town,August 3 | 9 AM - 12 PM,Biking,Biking,8,10,08/03/2019
Full Moon Kayak Tour,June 15,Flat Water Kayaking,Flat Water Kayaking,7,10,06/15/2019
Family Funday: Archery & Canoeing,Canoe Rental,"Archery,Family Friendly",Archery,3,40,06/23/2019
Cumberland Trail Hike Series,June 25- Reschedule of June 8,Hiking,Hiking,2,12,06/25/2019
Paddle Smart Chattanooga,Intro to Flatwater Paddling -TN River 2,"Family Friendly,Flat Water Kayaking",Family Friendly,4,6,08/13/2019
2019 Winter Workshop Series,Feb. 21 - Search & Rescue Methods,Workshops,Workshops,3,0,02/21/2019
Bike Commuting 101,Nov.  18 | 6-7 PM,Biking,Biking,0,10,11/18/2019
2020 Winter Workshop Series,Wilderness Survival Skills - Workshop,"Family Friendly,Workshops",Family Friendly,35,0,02/05/2020
Rock Climbing at Walnut Wall: Open Climb,May 14,"Family Friendly,Rock Climbing",Family Friendly,23,0,05/14/2019
NPS Historic Kayak Tour of Downtown,August 23,"Flat Water Kayaking,Partnership Programs,Special Event",Flat Water Kayaking,9,10,08/23/2019
2020 Winter Workshop Series,Bike Maintenance 101 - Workshop,"Family Friendly,Workshops",Family Friendly,7,0,02/12/2020
Full Moon Kayak Tour,July 14,Flat Water Kayaking,Flat Water Kayaking,2,10,07/14/2019
2019 Winter Workshop Series,Jan. 17 - Fishing 101,Workshops,Workshops,27,0,01/17/2019
2019-2020 Interscholastic Climbing League,Comp #5 TBA,Interscholastic Climbing League,Interscholastic Climbing League,207,0,01/25/2020
Group Retreat at Greenway Farm,City of Chatt IT Department,"Archery,Biking,Canoeing,Disc Golf,Family Friendly,Hiking,Partnership Programs,Private Group Retreat,Special Event",Archery,9,0,11/01/2019
OC Building Use,Wilderness First Aid with NOLS and REI,"Community Outreach,Partnership Programs",Community Outreach,48,0,02/09/2019
Canoeing at Greenway: Partner Program,Kids Clean Water Camp July,"Canoeing,Partnership Programs",Canoeing,11,0,07/16/2019
NPS Guided Canoe Tour,June 22 - Lookout Creek to Brown's Ferry,"Canoeing,Flat Water Kayaking,Partnership Programs",Canoeing,21,22,06/22/2019
Mobile Archery: Partner Program,Brown Middle School,"Archery,Partnership Programs",Archery,104,0,09/24/2019
2019-2020 Interscholastic Climbing League,Belay Training Session #5,Interscholastic Climbing League,Interscholastic Climbing League,4,0,10/15/2019
Rock Climbing at Walnut Wall: Partner Program,YCAP,"Partnership Programs,Rock Climbing",Partnership Programs,15,0,03/19/2019
Intro to Mountain Biking,McCallie T Term 2020,Biking,Biking,12,20,02/07/2020
Bike Commuting 101,July 15 | 6-7 PM,Biking,Biking,0,10,07/15/2019
Mountain to Town,March 21 | 1-4 PM,Biking,Biking,5,10,03/21/2019
