Zoom Session,Attendance,City Employee?,Zip Code,City Council District
2020-11-09T00:00:00.000,Attended,Citizen,37405,District 2
2020-11-09T00:00:00.000,Registered,Citizen,37421,District 4
2020-11-09T00:00:00.000,Registered,Citizen,37404,District 9
2020-11-09T00:00:00.000,Registered,Citizen,37403,District 7
2020-11-09T00:00:00.000,Attended,Citizen,37415,District 2
2020-11-09T00:00:00.000,Registered,Citizen,37421,District 6
2020-11-09T00:00:00.000,Attended,Employee,,District 8
2020-11-09T00:00:00.000,Attended,Employee,,District 2
2020-11-09T00:00:00.000,Attended,Employee,,District 1
2020-11-09T00:00:00.000,Attended,Employee,37402,District 3
2020-11-09T00:00:00.000,Registered,Citizen,,District 8
2020-11-09T00:00:00.000,Registered,Citizen,,District 9
2020-11-09T00:00:00.000,Registered,Citizen,37412,District 5
2020-11-09T00:00:00.000,Registered,Citizen,37404,District 9
2020-11-09T00:00:00.000,Attended,Citizen,37416,District 3
2020-11-09T00:00:00.000,Attended,Citizen,37405,District 1
2020-11-09T00:00:00.000,Attended,Employee,37406,District 8
2020-11-09T00:00:00.000,Attended,Citizen,37415,District 1
2020-11-09T00:00:00.000,Registered,Citizen,37409,District 7
2020-11-09T00:00:00.000,Registered,Citizen,,District 9
2020-11-09T00:00:00.000,Attended,Citizen,37343,District 3
2020-11-09T00:00:00.000,Registered,Employee,37404,District 4
2020-11-09T00:00:00.000,Attended,Employee,,District 3
2020-11-09T00:00:00.000,Registered,Employee,,District 8
2020-11-09T00:00:00.000,Registered,Employee,,District 4
2020-11-09T00:00:00.000,Attended,Employee,,District 1
2020-11-09T00:00:00.000,Attended,Employee,,District 7
2020-11-09T00:00:00.000,Registered,Citizen,37406,District 9
2020-11-09T00:00:00.000,Attended,Citizen,,District 8
2020-11-09T00:00:00.000,Attended,Citizen,,District 8
2020-11-09T00:00:00.000,Registered,Citizen,37406,District 9
2020-11-09T00:00:00.000,Attended,Citizen,37411,District 5
2020-11-09T00:00:00.000,Attended,Employee,,District 8
2020-11-09T00:00:00.000,Attended,Employee,37415,District 1
2020-11-09T00:00:00.000,Registered,Citizen,37343,District 3
2020-11-09T00:00:00.000,Registered,Citizen,37403,District 8
2020-11-09T00:00:00.000,Attended,Citizen,,District 7
2020-11-09T00:00:00.000,Registered,Citizen,37410,District 4
2020-11-09T00:00:00.000,Attended,Citizen,,District 9
2020-11-09T00:00:00.000,Registered,Citizen,37405,District 1
2020-11-09T00:00:00.000,Attended,Employee,,District 9
2020-11-09T00:00:00.000,Attended,Employee,,District 9
2020-11-09T00:00:00.000,Registered,Citizen,,District 3
2020-11-09T00:00:00.000,Attended,Citizen,37411,District 9
2020-11-09T00:00:00.000,Attended,Employee,37343,District 3
2020-11-09T00:00:00.000,Registered,Citizen,,District 8
2020-11-09T00:00:00.000,Registered,Citizen,37403,District 8
2020-11-09T00:00:00.000,Attended,Employee,,District 4
2020-11-09T00:00:00.000,Attended,Employee,,District 8
2020-11-09T00:00:00.000,Registered,Citizen,37403,District 7
2020-11-09T00:00:00.000,Attended,Citizen,,District 9
2020-11-09T00:00:00.000,Attended,Citizen,37415,District 1
2020-11-09T00:00:00.000,Attended,Employee,37406,District 1
2020-11-09T00:00:00.000,Attended,Citizen,,District 6
2020-11-09T00:00:00.000,Registered,Citizen,37421,District 4
2020-11-09T00:00:00.000,Registered,Citizen,37404,District 8
2020-11-09T00:00:00.000,Registered,Citizen,37405,District 1
2020-11-09T00:00:00.000,Attended,Employee,37402,District 7
2020-11-09T00:00:00.000,Attended,Employee,,District 9
2020-11-09T00:00:00.000,Attended,Citizen,,District 9
2020-11-09T00:00:00.000,Attended,Employee,,District 4
2020-11-09T00:00:00.000,Attended,Employee,,District 6
2020-11-09T00:00:00.000,Registered,Citizen,37405,District 2
2020-11-09T00:00:00.000,Registered,Citizen,37404,District 9
2020-11-09T00:00:00.000,Registered,Citizen,37405,District 1
2020-11-09T00:00:00.000,Attended,Citizen,,District 8
2020-11-12T00:00:00.000,Attended,Employee,,District 9
2020-11-12T00:00:00.000,Attended,Employee,,District 1
2020-11-12T00:00:00.000,Registered,Citizen,37403,District 7
2020-11-12T00:00:00.000,Registered,Citizen,37421,District 6
2020-11-12T00:00:00.000,Attended,Employee,,District 8
2020-11-12T00:00:00.000,Registered,Employee,,District 2
2020-11-12T00:00:00.000,Attended,Citizen,37404,District 9
2020-11-12T00:00:00.000,Registered,Citizen,,District 7
2020-11-12T00:00:00.000,Registered,Citizen,37416,District 5
2020-11-12T00:00:00.000,Registered,Citizen,37343,District 3
2020-11-12T00:00:00.000,Attended,Employee,37416,District 5
2020-11-12T00:00:00.000,Registered,Citizen,37411,District 9
2020-11-12T00:00:00.000,Attended,Employee,37406,District 4
2020-11-12T00:00:00.000,Registered,Citizen,37421,District 4
2020-11-12T00:00:00.000,Attended,Employee,37415,District 1
2020-11-12T00:00:00.000,Attended,Employee,37402,District 4
2020-11-12T00:00:00.000,Attended,Citizen,37419,District 1
2020-11-12T00:00:00.000,Registered,Citizen,,District 9
2020-11-12T00:00:00.000,Attended,Citizen,,District 7
2020-11-12T00:00:00.000,Attended,Citizen,37415,District 1
2020-11-12T00:00:00.000,Registered,Employee,37408,District 8
2020-11-12T00:00:00.000,Registered,Citizen,,District 9
2020-11-12T00:00:00.000,Registered,Citizen,37421,District 8
2020-11-12T00:00:00.000,Registered,Employee,,District 4
2020-11-12T00:00:00.000,Registered,Citizen,37404,District 7
2020-11-12T00:00:00.000,Attended,Citizen,37416,District 5
2020-11-12T00:00:00.000,Registered,Citizen,,District 8
2020-11-12T00:00:00.000,Registered,Citizen,37343,District 2
2020-11-12T00:00:00.000,Registered,Citizen,37421,District 8
2020-11-12T00:00:00.000,Attended,Citizen,,District 8
2020-11-12T00:00:00.000,Attended,Citizen,37404,District 9
2020-11-12T00:00:00.000,Registered,Employee,,District 4
2020-11-12T00:00:00.000,Registered,Employee,,District 9
2020-11-12T00:00:00.000,Attended,Citizen,,District 2
2020-11-12T00:00:00.000,Attended,Employee,,District 7
2020-11-12T00:00:00.000,Registered,Citizen,,District 4
2020-11-12T00:00:00.000,Registered,Citizen,37411-4323,District 6
2020-11-12T00:00:00.000,Registered,Citizen,37405,District 1
2020-11-12T00:00:00.000,Registered,Citizen,TN,District 9
2020-11-12T00:00:00.000,Attended,Employee,,District 8
2020-11-12T00:00:00.000,Registered,Citizen,,District 9
2020-11-12T00:00:00.000,Registered,Citizen,37403,District 7
2020-11-12T00:00:00.000,Attended,Citizen,37415,District 2
2020-11-12T00:00:00.000,Registered,Citizen,37403,District 8
2020-11-12T00:00:00.000,Registered,Citizen,,District 7
2020-11-12T00:00:00.000,Registered,Citizen,,District 1
2020-11-12T00:00:00.000,Attended,Employee,,District 9
2020-11-12T00:00:00.000,Attended,Employee,37343,District 3
2020-11-12T00:00:00.000,Attended,Citizen,37421,District 4
2020-11-12T00:00:00.000,Registered,Citizen,37411,District 5
2020-11-12T00:00:00.000,Registered,Citizen,,District 8
2020-11-12T00:00:00.000,Registered,Citizen,,District 7
2020-11-12T00:00:00.000,Attended,Citizen,37415,District 1
2020-11-12T00:00:00.000,Registered,Employee,,District 8
2020-11-12T00:00:00.000,Attended,Employee,37416,District 5
2020-11-12T00:00:00.000,Attended,Employee,,District 4
2020-11-12T00:00:00.000,Registered,Citizen,37343,District 2
2020-11-12T00:00:00.000,Attended,Employee,,District 3
2020-11-12T00:00:00.000,Registered,Citizen,37405,District 2
2020-11-12T00:00:00.000,Registered,Citizen,,District 9
2020-11-12T00:00:00.000,Registered,Employee,37402,District 7
2020-11-12T00:00:00.000,Attended,Employee,,District 2
2020-11-12T00:00:00.000,Registered,Citizen,37405,District 2
2020-11-12T00:00:00.000,Attended,Citizen,37411,District 9
2020-11-12T00:00:00.000,Attended,Employee,,District 9
2020-11-12T00:00:00.000,Attended,Employee,,District 4
2020-11-12T00:00:00.000,Registered,Citizen,,District 7
2020-11-12T00:00:00.000,Attended,Employee,,District 6
2020-11-12T00:00:00.000,Registered,Citizen,37404,District 9
2020-11-12T00:00:00.000,Registered,Citizen,37421,District 4
2020-11-16T00:00:00.000,Attended,Citizen,,District 3
2020-11-16T00:00:00.000,Attended,Citizen,37408,District 8
2020-11-16T00:00:00.000,Attended,Employee,,District 1
2020-11-16T00:00:00.000,Registered,Citizen,37421,District 5
2020-11-16T00:00:00.000,Attended,Citizen,37403,District 3
2020-11-16T00:00:00.000,Attended,Citizen,37408,District 7
2020-11-16T00:00:00.000,Attended,Employee,,District 9
2020-11-16T00:00:00.000,Attended,Employee,37402,District 4
2020-11-16T00:00:00.000,Registered,Citizen,37409,District 7
2020-11-16T00:00:00.000,Attended,Citizen,,District 1
2020-11-16T00:00:00.000,Attended,Citizen,,District 2
2020-11-16T00:00:00.000,Attended,Citizen,37405-2506,District 1
2020-11-16T00:00:00.000,Registered,Citizen,,District 6
2020-11-16T00:00:00.000,Attended,Citizen,37411,District 5
2020-11-16T00:00:00.000,Registered,Citizen,37407,District 7
2020-11-16T00:00:00.000,Attended,Citizen,37404-6356,District 9
2020-11-16T00:00:00.000,Attended,Citizen,37421,District 6
2020-11-16T00:00:00.000,Registered,Citizen,37421,District 9
2020-11-16T00:00:00.000,Attended,Citizen,37363,District 6
2020-11-16T00:00:00.000,Attended,Citizen,37377,District 1
2020-11-16T00:00:00.000,Attended,Employee,,District 2
2020-11-16T00:00:00.000,Registered,Citizen,37408,District 6
2020-11-16T00:00:00.000,Attended,Citizen,,District 2
2020-11-16T00:00:00.000,Attended,Citizen,37411,District 5
2020-11-16T00:00:00.000,Attended,Employee,,District 1
2020-11-16T00:00:00.000,Registered,Citizen,37421-1501,District 7
2020-11-16T00:00:00.000,Attended,Employee,37402,District 3
2020-11-16T00:00:00.000,Attended,Citizen,37404,District 9
2020-11-16T00:00:00.000,Attended,Employee,37415,District 1
2020-11-16T00:00:00.000,Attended,Employee,,District 1
2020-11-16T00:00:00.000,Registered,Citizen,37421,District 6
2020-11-16T00:00:00.000,Attended,Citizen,,District 1
2020-11-16T00:00:00.000,Registered,Citizen,37341,District 1
2020-11-16T00:00:00.000,Attended,Citizen,,District 6
2020-11-16T00:00:00.000,Registered,Citizen,37409,District 7
2020-11-16T00:00:00.000,Attended,Citizen,37421,District 4
2020-11-16T00:00:00.000,Attended,Citizen,37415,District 1
2020-11-16T00:00:00.000,Attended,Citizen,,District 5
2020-11-16T00:00:00.000,Attended,Employee,37421,District 4
2020-11-16T00:00:00.000,Registered,Citizen,37343,District 3
2020-11-16T00:00:00.000,Registered,Employee,,District 4
2020-11-16T00:00:00.000,Attended,Citizen,37404,District 3
2020-11-16T00:00:00.000,Attended,Citizen,37302,District 4
2020-11-16T00:00:00.000,Attended,Citizen,37405,District 3
2020-11-16T00:00:00.000,Attended,Citizen,,District 5
2020-11-16T00:00:00.000,Attended,Citizen,,District 5
2020-11-16T00:00:00.000,Registered,Employee,,District 4
2020-11-16T00:00:00.000,Attended,Citizen,37411,District 9
2020-11-16T00:00:00.000,Attended,Employee,,District 7
2020-11-16T00:00:00.000,Attended,Citizen,,District 4
2020-11-16T00:00:00.000,Attended,Employee,,District 2
2020-11-16T00:00:00.000,Registered,Citizen,,District 1
2020-11-16T00:00:00.000,Registered,Citizen,37409,District 7
2020-11-16T00:00:00.000,Attended,Employee,,District 3
2020-11-16T00:00:00.000,Registered,Citizen,37405,District 2
2020-11-16T00:00:00.000,Attended,Citizen,37411,District 6
2020-11-16T00:00:00.000,Registered,Citizen,37404,District 9
2020-11-16T00:00:00.000,Attended,Employee,37402,District 8
2020-11-16T00:00:00.000,Attended,Employee,,District 8
2020-11-16T00:00:00.000,Attended,Citizen,37405,District 7
2020-11-16T00:00:00.000,Registered,Citizen,37408,District 7
2020-11-16T00:00:00.000,Attended,Employee,,District 5
2020-11-16T00:00:00.000,Attended,Employee,,District 8
2020-11-16T00:00:00.000,Registered,Citizen,,District 9
2020-11-16T00:00:00.000,Attended,Citizen,,District 5
2020-11-16T00:00:00.000,Attended,Citizen,37403,District 7
2020-11-16T00:00:00.000,Attended,Citizen,,District 2
2020-11-16T00:00:00.000,Registered,Citizen,37403,District 8
2020-11-16T00:00:00.000,Registered,Citizen,,District 7
2020-11-16T00:00:00.000,Registered,Citizen,,District 1
2020-11-16T00:00:00.000,Registered,Citizen,37405,District 2
2020-11-16T00:00:00.000,Attended,Citizen,,District 2
2020-11-16T00:00:00.000,Attended,Citizen,37412,District 8
2020-11-16T00:00:00.000,Attended,Employee,,District 9
2020-11-16T00:00:00.000,Attended,Employee,,District 9
2020-11-16T00:00:00.000,Registered,Citizen,37408,District 7
2020-11-16T00:00:00.000,Attended,Employee,37343,District 3
2020-11-16T00:00:00.000,Registered,Citizen,,District 2
2020-11-16T00:00:00.000,Registered,Citizen,37404,District 9
2020-11-16T00:00:00.000,Attended,Citizen,37409,District 7
2020-11-16T00:00:00.000,Attended,Citizen,,District 5
2020-11-16T00:00:00.000,Attended,Citizen,,District 2
2020-11-16T00:00:00.000,Registered,Citizen,37415,District 2
2020-11-16T00:00:00.000,Registered,Citizen,,District 9
2020-11-16T00:00:00.000,Registered,Citizen,37405,District 1
2020-11-16T00:00:00.000,Attended,Citizen,,District 3
2020-11-16T00:00:00.000,Attended,Employee,37416,District 5
2020-11-16T00:00:00.000,Registered,Employee,,District 4
2020-11-16T00:00:00.000,Attended,Citizen,37416,District 1
2020-11-16T00:00:00.000,Attended,Citizen,,District 9
2020-11-16T00:00:00.000,Registered,Citizen,37404,District 8
2020-11-16T00:00:00.000,Registered,Citizen,37404,District 7
2020-11-16T00:00:00.000,Attended,Employee,37406,District 1
2020-11-16T00:00:00.000,Registered,Employee,,District 2
2020-11-16T00:00:00.000,Attended,Citizen,37421,District 4
2020-11-16T00:00:00.000,Attended,Citizen,37377,District 1
2020-11-16T00:00:00.000,Attended,Citizen,37343,District 3
2020-11-16T00:00:00.000,Registered,Citizen,37416,District 5
2020-11-16T00:00:00.000,Attended,Employee,37402,District 7
2020-11-16T00:00:00.000,Attended,Citizen,37405,District 2
2020-11-16T00:00:00.000,Attended,Employee,,District 9
2020-11-16T00:00:00.000,Attended,Citizen,37404,District 9
2020-11-16T00:00:00.000,Attended,Employee,,District 4
2020-11-16T00:00:00.000,Registered,Citizen,,District 3
2020-11-16T00:00:00.000,Attended,Citizen,,District 7
2020-11-16T00:00:00.000,Attended,Employee,,District 6
2020-11-16T00:00:00.000,Registered,Citizen,37404,District 9
2020-11-16T00:00:00.000,Attended,Citizen,,District 1
2020-11-16T00:00:00.000,Attended,Citizen,,District 1
2020-11-16T00:00:00.000,Attended,Citizen,37377,District 1
,,Districts Per Zoom Session (could only determine by date/attendance/employee?),,
105,,Zoom Session 11/9 Rep Districts,,
140,,Zoom Session 11/12 Rep Districts,,
77,,Zoom Session 11/16 Rep Districts,,
169,,,,
,,Representation determineded by: Was a Citizen and Actually Attended,,
78,,Was not possible to link attendees to anything other than date attended.,,
,,Zoom session ideas/districts only linkable to date of session attended.,,
