the_geom,OBJECTID,Facility ID,Install Date,High Pipe Elevation,Invert,Invert Elevation,Rim Elevation,Cover Type,Wall Material,Manhole Type,Manhole Condition,Pavement Cut Depth,Flow Direction,Lined,GPS Date,Water Type,Location Description,Active Flag,Owned By,Managed By,Flow Summary,Last Update Date,Last Editor,ANCILLARYROLE,LEGACYID,ACCESSDIAMETER,GROUNDTYPE,BARRELDIAMETER,CONEMATERIAL,CONETYPE,NOTES,TAXMAP,AGENCY,NOPIPEINFLOW,NOPIPEOUTFLOW,STEPS,PAVINGRING,DATASOURCE,MANHOLESTATUS,ABOVEGRADE,PhotoHotlink,PhotoExists,SubtypeText,SUBTYPE,BASIN,LIFECYCLESTATUS,STATUS,ACCESSTYPE,ACCESSMATERIAL,ASBUILT_DATE,SUBBASIN,MHSTATUS,GlobalID,Created By,Date Created,Enabled,created_user,created_date,Last_Cleaned_Date,Last_Lined_Date,Last_CCTV_Date,Last_Inspected_Date,MHTest,Lat,Long
POINT (-85.213625043207 35.059809405347),14482,S137E008,,,8.33,716.71,725.04,SL,CP,,Good,,,No,,Sewage,,,-1,1,,04/02/2021 01:33:29 AM +0000,JODONNELL,0,100488,24,ASPH,,Concrete,CC,,137E,EWX,2,1,Y,N,TS,ACC,AT,P:\2009_Projects\09004_Chatt_SA\GIS\South_Chick\Photos_SC\Resize\S137E008.jpg,Y,Drop Manhole,2,SO South Chick,ACT,,,MET,,South Chick Creek 4,ACC,{F2C2B5DD-AD27-437C-8C89-1F52E27BE80C},,,1,,,,,,06/15/2018 12:00:00 AM +0000,InHouse,35.05980273,-85.21362053
POINT (-85.213009743193 35.059544958304),14483,S137L029,,,13.89,715.14,729.03,SL,CP,,Good,,,No,,Sewage,,,-1,1,,04/02/2021 01:33:29 AM +0000,JODONNELL,0,100488,24,ASPH,,,FT,,137L,EWX,2,1,Y,N,TS,ACC,AT,P:\2009_Projects\09004_Chatt_SA\GIS\South_Chick\Photos_SC\Resize\S137L029.jpg,Y,Drop Manhole,2,SO South Chick,ACT,,,MET,,South Chick Creek 4,ACC,{FBE4CF00-EE97-41FB-ACB4-72730122977C},,,1,,,,,,,,35.05953828,-85.21300523
POINT (-85.210007160646 35.061035449443),14498,S137E024,,,3.72,772.36,776.08,SL,CP,,Good,,,No,,Sewage,,,-1,1,,04/02/2021 01:33:30 AM +0000,JODONNELL,0,100493,24,CON,,,FT,,137E,EWX,0,1,N,N,TS,ACC,AT,P:\2009_Projects\09004_Chatt_SA\GIS\South_Chick\Photos_SC\Resize\S137E024.jpg,Y,Standard Manhole,1,SO South Chick,ACT,,,MET,,South Chick Creek 4,ACC,{9B95DFBF-F921-4ABC-973B-3BEF1A2424CC},,,1,,,,,,06/15/2018 12:00:00 AM +0000,InHouse,35.06102877,-85.21000265
POINT (-85.212573577528 35.06000747274),14488,S137E019,,,5.83,738.55,744.38,SL,CP,,Good,,,No,,Sewage,,,-1,1,,04/02/2021 01:33:29 AM +0000,JODONNELL,0,100491,24,ASPH,,,FT,,137E,EWX,1,1,Y,N,TS,ACC,AT,P:\2009_Projects\09004_Chatt_SA\GIS\South_Chick\Photos_SC\Resize\S137E019.jpg,Y,Standard Manhole,1,SO South Chick,ACT,,,MET,,South Chick Creek 4,ACC,{3468CCFD-B388-484F-910A-AB7B66852AA6},,,1,,,,,,06/15/2018 12:00:00 AM +0000,InHouse,35.06000079,-85.21256906
POINT (-85.211069556306 35.061704136082),14503,S137E026,,,8.28,756.76,765.04,SL,CP,,Good,,,No,,Sewage,,,-1,1,,04/02/2021 01:33:30 AM +0000,JODONNELL,0,100493,24,ASPH,,Concrete,CC,,137E,EWX,1,1,Y,N,TS,ACC,AT,P:\2009_Projects\09004_Chatt_SA\GIS\South_Chick\Photos_SC\Resize\S137E026.jpg,Y,Standard Manhole,1,SO South Chick,ACT,,,MET,,South Chick Creek 4,ACC,{E2411A41-8969-4493-BC03-53E7AE3EFF66},,,1,,,,,,06/15/2018 12:00:00 AM +0000,InHouse,35.06169746,-85.21106504
POINT (-85.210793737883 35.059798255766),14494,S137E015,,,9.73,748.07,757.8,SL,CP,,Good,,,No,,Sewage,,,-1,1,,04/02/2021 01:33:29 AM +0000,JODONNELL,0,100489,24,ASPH,,Concrete,CC,,137E,EWX,1,1,Y,N,TS,ACC,AT,P:\2009_Projects\09004_Chatt_SA\GIS\South_Chick\Photos_SC\Resize\S137E015.jpg,Y,Standard Manhole,1,SO South Chick,ACT,,,MET,,South Chick Creek 4,ACC,{98C803AE-69A8-425D-9AE5-18BFD93697EB},,,1,,,,,,07/06/2018 12:00:00 AM +0000,InHouse,35.05979158,-85.21078922
POINT (-85.213058674827 35.061117142777),14486,S137E013,,,5.03,732.55,737.58,SL,CP,,Good,,,No,,Sewage,,,-1,1,,04/02/2021 01:33:29 AM +0000,JODONNELL,0,100487,24,ASPH,,,FT,,137E,EWX,0,1,N,N,TS,ACC,AT,P:\2009_Projects\09004_Chatt_SA\GIS\South_Chick\Photos_SC\Resize\S137E013.jpg,Y,Standard Manhole,1,SO South Chick,ACT,,,MET,,South Chick Creek 4,ACC,{7FFB2C2C-63C9-408F-816F-02B6FABB4F76},,,1,,,,,,06/15/2018 12:00:00 AM +0000,InHouse,35.06111046,-85.21305416
POINT (-85.212313375262 35.0598118098),14489,S137E020,,,5.61,737.65,743.26,SL,CP,,Good,,,No,,Sewage,,,-1,1,,04/02/2021 01:33:29 AM +0000,JODONNELL,0,100491,24,ASPH,,,FT,,137E,EWX,1,1,Y,N,TS,ACC,AT,P:\2009_Projects\09004_Chatt_SA\GIS\South_Chick\Photos_SC\Resize\S137E020.jpg,Y,Standard Manhole,1,SO South Chick,ACT,,,MET,,South Chick Creek 4,ACC,{99822D4F-5791-4F10-81F0-0BA60DD64857},,,1,,,,,,06/15/2018 12:00:00 AM +0000,InHouse,35.05980513,-85.21230886
POINT (-85.214085231266 35.060865711346),14523,S137E012,,,,,,Unk,UNK,,Unknown,,,No,,Sewage,,,-1,1,,04/02/2021 01:33:30 AM +0000,JODONNELL,0,100487,,ASPH,,Unknown,UNK,CANNOT LOCATE STRUCT-FOR DIR ONLY,137E,EWX,0,1,UNK,UNK,OTHER,UTL,UNK,,N,Standard Manhole,1,SO South Chick,ACT,,,UNK,,South Chick Creek 4,Located by CCTV,{06F315D6-BACF-4192-86D7-317A96F8B9F9},,,1,,,,,05/04/2015 12:00:00 AM +0000,06/15/2018 12:00:00 AM +0000,InHouse,35.06085903,-85.21408072
POINT (-85.210381291288 35.060605761678),14501,S137E017,,,19.63,753.04,772.67,SL,CP,,Good,,,No,,Sewage,,,-1,1,,04/02/2021 01:33:30 AM +0000,JODONNELL,0,100489,24,ASPH,,Concrete,CC,,137E,EWX,2,1,Y,N,TS,ACC,AT,P:\2009_Projects\09004_Chatt_SA\GIS\South_Chick\Photos_SC\Resize\S137E017.jpg,Y,Drop Manhole,2,SO South Chick,ACT,,,MET,,South Chick Creek 4,ACC,{7ACF8D52-E42C-42FF-B40A-DCF5778BC976},,,1,,,,,,06/15/2018 12:00:00 AM +0000,InHouse,35.06059908,-85.21037678
POINT (-85.211070393147 35.059229543216),14500,S137L033,,,5.67,762.28,767.95,SL,CP,,Good,,,No,,Sewage,,,-1,1,,04/02/2021 01:33:30 AM +0000,JODONNELL,0,100490,24,CON,,,FT,,137L,EWX,0,1,Y,N,TS,ACC,AT,P:\2009_Projects\09004_Chatt_SA\GIS\South_Chick\Photos_SC\Resize\S137L033.jpg,Y,Standard Manhole,1,SO South Chick,ACT,,,MET,,South Chick Creek 4,ACC,{D9196192-B7E6-42C4-8D49-A53393A45DAA},,,1,,,,,,,,35.05922286,-85.21106588
POINT (-85.214643117465 35.060122258297),14480,S137E010,,,8.68,727.7,736.38,SL,CP,,Good,,,No,,Sewage,,,-1,1,,04/02/2021 01:33:29 AM +0000,JODONNELL,0,100488,24,ASPH,,Concrete,CC,,137E,EWX,1,1,Y,N,TS,ACC,AT,P:\2009_Projects\09004_Chatt_SA\GIS\South_Chick\Photos_SC\Resize\S137E010.jpg,Y,Standard Manhole,1,SO South Chick,ACT,,,MET,,South Chick Creek 4,ACC,{095E7CB8-0383-42F3-A6B4-E30C66367F31},,,1,,,,,,06/15/2018 12:00:00 AM +0000,InHouse,35.06011558,-85.2146386
POINT (-85.181026091577 35.049883190111),9665,S138N001,,,19.14,677.38,696.52,SL,CP,,Good,,,No,,Sewage,,,-1,-1,,04/02/2021 01:29:50 AM +0000,JODONNELL,0,51626,24,SOIL,,Concrete,CC,DROP LINE FULL OF WASTE NOINV,138N,EWX,2,1,Y,N,SGGPS,ACC,FALSE,P:\2009_Projects\09004_Chatt_SA\GIS\Friar_Branch\Photos_FR\S138N001.jpg,Y,Standard Manhole,1,SO Friar's Branch,ACT,,,MET,,Friars Branch 1,ACC,{83D1A899-FBB8-4349-B716-C86DB3A7E86A},,,1,,,,,,,,35.04987651,-85.18102159
POINT (-85.211661813741 35.061945502473),14504,S137E025,,,4.62,758.33,762.95,SL,CP,,Good,,,No,,Sewage,,,-1,1,,04/02/2021 01:33:30 AM +0000,JODONNELL,0,100493,24,ASPH,,,FT,,137E,EWX,1,1,N,N,SGGPS,ACC,AT,P:\2009_Projects\09004_Chatt_SA\GIS\South_Chick\Photos_SC\Resize\S137E025.jpg,Y,Standard Manhole,1,SO South Chick,ACT,,,MET,,South Chick Creek 4,ACC,{636FB5BF-33EB-491F-8693-E7AF65CD280B},,,1,,,,,,06/15/2018 12:00:00 AM +0000,InHouse,35.06193882,-85.2116573
POINT (-85.211896534353 35.059888120299),14490,S137E021,,,6.98,736.09,743.07,SL,CP,,Good,,,No,,Sewage,,,-1,1,,04/02/2021 01:33:29 AM +0000,JODONNELL,0,100491,24,ASPH,,Concrete,CC,,137E,EWX,2,1,Y,N,TS,ACC,AT,P:\2009_Projects\09004_Chatt_SA\GIS\South_Chick\Photos_SC\Resize\S137E021.jpg,Y,Standard Manhole,1,SO South Chick,ACT,,,MET,,South Chick Creek 4,ACC,{6A6B26A6-D949-47DB-BA7C-9EBDC49C7ECF},,,1,,,,,,06/15/2018 12:00:00 AM +0000,InHouse,35.05988144,-85.21189202
POINT (-85.211258028934 35.059884719995),14492,S137E023,,,6.4,742.74,749.14,SL,CP,,Good,,,No,,Sewage,,,-1,1,,04/02/2021 01:33:29 AM +0000,JODONNELL,0,100491,24,GRASS,,Concrete,CC,MH RIM IS OFF-CENTER,137E,EWX,0,1,Y,N,TS,ACC,AT,P:\2009_Projects\09004_Chatt_SA\GIS\South_Chick\Photos_SC\Resize\S137E023.jpg,Y,Standard Manhole,1,SO South Chick,ACT,,,MET,,South Chick Creek 4,ACC,{2D6B39EA-4A5F-40D4-B5D9-0183CED48B1B},,,1,,,,,,06/15/2018 12:00:00 AM +0000,InHouse,35.05987804,-85.21125351
POINT (-85.18731005402 35.027229332724),90175,S148O039,,,,,,,,,,,,,,,,0,-1,-1,,10/14/2024 01:55:23 PM +0000,bford,0,,,,,,,Private manhole,,,,,,,,,,,,Private Manhole,18,,,,,,,South Chick Creek 14,,{13B20C00-2905-4747-95FB-B977EE317E80},BFORD,08/16/2023 04:23:48 PM +0000,0,,,,,,,,,
POINT (-85.210017125907 35.060320638917),14497,S137E016,,,19.4,751.81,771.21,SL,CP,,Good,,,No,,Sewage,,,-1,1,,04/02/2021 01:33:30 AM +0000,JODONNELL,0,100489,24,ASPH,,Concrete,CC,MH RIM IS OFF-CENTER,137E,EWX,1,1,Y,N,TS,ACC,AT,P:\2009_Projects\09004_Chatt_SA\GIS\South_Chick\Photos_SC\Resize\S137E016.jpg,Y,Standard Manhole,1,SO South Chick,ACT,,,MET,,South Chick Creek 4,ACC,{6E32F818-B940-4596-A704-BAC423005D71},,,1,,,,,,,,35.06031396,-85.21001261
POINT (-85.210179183366 35.05897719916),14499,S137L032,,,16.7,759.94,776.64,SL,CP,,Good,,,No,,Sewage,,,-1,1,,04/02/2021 01:33:30 AM +0000,JODONNELL,0,100490,24,ASPH,,Concrete,CC,,137L,EWX,1,1,Y,N,TS,ACC,AT,P:\2009_Projects\09004_Chatt_SA\GIS\South_Chick\Photos_SC\Resize\S137L032.jpg,Y,Standard Manhole,1,SO South Chick,ACT,,,MET,,South Chick Creek 4,ACC,{1E36E13B-A69A-46C2-941B-1B20FE1EC32B},,,1,,,,,,06/15/2018 12:00:00 AM +0000,InHouse,35.05897052,-85.21017467
POINT (-85.210849221933 35.061050016684),14502,S137E027,,,16.53,754.71,771.24,SL,CP,,Good,,,No,,Sewage,,,-1,1,,04/02/2021 01:33:30 AM +0000,JODONNELL,0,100493,24,ASPH,,Concrete,CC,,137E,EWX,1,1,Y,N,TS,ACC,AT,P:\2009_Projects\09004_Chatt_SA\GIS\South_Chick\Photos_SC\Resize\S137E027.jpg,Y,Standard Manhole,1,SO South Chick,ACT,,,MET,,South Chick Creek 4,ACC,{7DF985C2-E7ED-4171-8E09-9D408E30B6EB},,,1,,,,,,06/15/2018 12:00:00 AM +0000,InHouse,35.06104334,-85.21084471
POINT (-85.21146014 35.059955294226),14491,S137E022,,,6.75,739.24,745.99,SL,CP,,Good,,,No,,Sewage,,,-1,1,,04/02/2021 01:33:29 AM +0000,JODONNELL,0,100491,24,ASPH,,Concrete,CC,,137E,EWX,1,1,Y,N,TS,ACC,AT,P:\2009_Projects\09004_Chatt_SA\GIS\South_Chick\Photos_SC\Resize\S137E022.jpg,Y,Standard Manhole,1,SO South Chick,ACT,,,MET,,South Chick Creek 4,ACC,{71DD4DA6-9CC5-4EE4-8457-EE5FF4F01615},,,1,,,,,,06/15/2018 12:00:00 AM +0000,InHouse,35.05994862,-85.21145563
POINT (-85.212572714281 35.059385774964),14484,S137L028,,,5.79,726.43,732.22,SL,CP,,Good,,,No,,Sewage,,,-1,1,,04/02/2021 01:33:29 AM +0000,JODONNELL,0,100488,24,ASPH,,,FT,,137L,EWX,1,1,Y,N,TS,ACC,AT,P:\2009_Projects\09004_Chatt_SA\GIS\South_Chick\Photos_SC\Resize\S137L028.jpg,Y,Standard Manhole,1,SO South Chick,ACT,,,MET,,South Chick Creek 4,ACC,{93682882-574A-4E12-87CC-2469FAD57168},,,1,,,,,,07/06/2018 12:00:00 AM +0000,InHouse,35.0593791,-85.2125682
POINT (-85.20978236499 35.059581063932),14496,S137L031,,,17.94,757.37,775.31,SL,CP,,Good,,,No,,Sewage,,,-1,1,,04/02/2021 01:33:29 AM +0000,JODONNELL,0,100489,24,ASPH,,Concrete,CC,MH RIM IS OFF-CENTER,137L,EWX,1,1,Y,N,TS,ACC,AT,P:\2009_Projects\09004_Chatt_SA\GIS\South_Chick\Photos_SC\Resize\S137L031.jpg,Y,Standard Manhole,1,SO South Chick,ACT,,,MET,,South Chick Creek 4,ACC,{D177F47C-536B-45A0-9797-A190E3F558A8},,,1,,,,,,,,35.05957439,-85.20977785
POINT (-85.212452403786 35.060376453966),14487,S137E018,,,5.69,739.77,745.46,SL,CP,,Good,,,No,,Sewage,,,-1,1,,04/02/2021 01:33:29 AM +0000,JODONNELL,0,100491,24,CON,,,FT,,137E,EWX,0,1,N,N,TS,ACC,AT,P:\2009_Projects\09004_Chatt_SA\GIS\South_Chick\Photos_SC\Resize\S137E018.jpg,Y,Standard Manhole,1,SO South Chick,ACT,,,MET,,South Chick Creek 4,ACC,{6FA39364-2D9B-46F6-9946-4F1B47AC6902},,,1,,,,,,06/15/2018 12:00:00 AM +0000,InHouse,35.06036978,-85.21244789
POINT (-85.210142149949 35.059677455864),14495,S137L030,,,20.77,749.84,770.61,SL,CP,,Good,,,No,,Sewage,,,-1,1,,04/02/2021 01:33:29 AM +0000,JODONNELL,0,100489,24,ASPH,,Concrete,CC,,137L,EWX,2,1,Y,N,TS,ACC,AT,P:\2009_Projects\09004_Chatt_SA\GIS\South_Chick\Photos_SC\Resize\S137L030.jpg,Y,Drop Manhole,2,SO South Chick,ACT,,,MET,,South Chick Creek 4,ACC,{3C8B00D7-7C4C-4137-A17D-43050F1063E0},,,1,,,,,,07/06/2018 12:00:00 AM +0000,InHouse,35.05967078,-85.21013764
POINT (-85.2140706795 35.05991719692),14481,S137E009,,,6.73,718.02,724.75,SL,CP,,Good,,,No,,Sewage,,,-1,1,,04/02/2021 01:33:29 AM +0000,JODONNELL,0,100488,24,ASPH,,Concrete,CC,,137E,EWX,1,1,Y,N,TS,ACC,AT,P:\2009_Projects\09004_Chatt_SA\GIS\South_Chick\Photos_SC\Resize\S137E009.jpg,Y,Standard Manhole,1,SO South Chick,ACT,,,MET,,South Chick Creek 4,ACC,{656DE6BA-2B92-4516-ABB5-CA369E32E6C4},,,1,,,,,,06/15/2018 12:00:00 AM +0000,InHouse,35.05991052,-85.21406616
POINT (-85.214769501474 35.060355483022),14479,S137E011,,,11.15,728.32,739.47,SL,CP,,Good,,,No,,Sewage,,,-1,1,,04/02/2021 01:33:29 AM +0000,JODONNELL,0,100487,24,ASPH,,Concrete,CC,,137E,EWX,1,1,Y,N,TS,ACC,AT,P:\2009_Projects\09004_Chatt_SA\GIS\South_Chick\Photos_SC\Resize\S137E011.jpg,Y,Standard Manhole,1,SO South Chick,ACT,,,MET,,South Chick Creek 4,ACC,{2CF64C21-7704-438B-94F6-DC6EE322508A},,,1,,,,,,06/15/2018 12:00:00 AM +0000,InHouse,35.0603488,-85.21476499
POINT (-85.211768775818 35.05953381872),14493,S137L027,,,8.32,735.02,743.34,SL,CP,,Good,,,No,,Sewage,,,-1,1,,04/02/2021 01:33:29 AM +0000,JODONNELL,0,100488,24,ASPH,,,FT,,137L,EWX,2,1,Y,N,TS,ACC,AT,P:\2009_Projects\09004_Chatt_SA\GIS\South_Chick\Photos_SC\Resize\S137L027.jpg,Y,Standard Manhole,1,SO South Chick,ACT,,,MET,,South Chick Creek 4,ACC,{D4306169-D2A2-4410-8AB7-5BA1B58E3E4C},,,1,,,,,,04/05/2019 12:00:00 AM +0000,InHouse,35.05952714,-85.21176426
POINT (-85.213344346726 35.060459548328),14485,S137E014,,,5.46,723.91,729.37,SL,CP,,Good,,,No,,Sewage,,,-1,1,,04/02/2021 01:33:29 AM +0000,JODONNELL,0,100487,24,ASPH,,,FT,BOTH PIPES ABOVE BOTTOM OF STRUCTURE,137E,EWX,1,1,Y,N,TS,ACC,AT,P:\2009_Projects\09004_Chatt_SA\GIS\South_Chick\Photos_SC\Resize\S137E014.jpg,Y,Standard Manhole,1,SO South Chick,ACT,,,MET,,South Chick Creek 4,ACC,{FB64FC89-2260-42E7-A5FB-1A05A1CAA1C8},,,1,,,,,,06/15/2018 12:00:00 AM +0000,InHouse,35.06045287,-85.21333983
