Day of Week,Time Half Hour,Traffic Level,Traffic Flow
1 Sunday,0.5,0- free flowing,37277
1 Sunday,0.5,1 - light traffic,18
1 Sunday,0.5,2 - medium traffic,0
1 Sunday,0.5,3 - heavy traffic,63
1 Sunday,0.5,4 - stand still,122.5
1 Sunday,1,0- free flowing,33349
1 Sunday,1,1 - light traffic,4
1 Sunday,1,2 - medium traffic,7.5
1 Sunday,1,3 - heavy traffic,84
1 Sunday,1,4 - stand still,105
1 Sunday,1.5,0- free flowing,28630
1 Sunday,1.5,1 - light traffic,4
1 Sunday,1.5,2 - medium traffic,5
1 Sunday,1.5,3 - heavy traffic,33
1 Sunday,1.5,4 - stand still,59.5
1 Sunday,2,0- free flowing,23457
1 Sunday,2,1 - light traffic,2
1 Sunday,2,2 - medium traffic,10
1 Sunday,2,3 - heavy traffic,36
1 Sunday,2,4 - stand still,45.5
1 Sunday,2.5,0- free flowing,20109
1 Sunday,2.5,1 - light traffic,0
1 Sunday,2.5,2 - medium traffic,0
1 Sunday,2.5,3 - heavy traffic,60
1 Sunday,2.5,4 - stand still,45.5
1 Sunday,3,0- free flowing,18447
1 Sunday,3,1 - light traffic,0
1 Sunday,3,2 - medium traffic,2.5
1 Sunday,3,3 - heavy traffic,27
1 Sunday,3,4 - stand still,66.5
1 Sunday,3.5,0- free flowing,16628
1 Sunday,3.5,1 - light traffic,0
1 Sunday,3.5,2 - medium traffic,10
1 Sunday,3.5,3 - heavy traffic,33
1 Sunday,3.5,4 - stand still,21
1 Sunday,4,0- free flowing,14335
1 Sunday,4,1 - light traffic,0
1 Sunday,4,2 - medium traffic,10
1 Sunday,4,3 - heavy traffic,54
1 Sunday,4,4 - stand still,21
1 Sunday,4.5,0- free flowing,13944
1 Sunday,4.5,1 - light traffic,6
1 Sunday,4.5,2 - medium traffic,7.5
1 Sunday,4.5,3 - heavy traffic,18
1 Sunday,4.5,4 - stand still,119
1 Sunday,5,0- free flowing,15002
1 Sunday,5,1 - light traffic,10
1 Sunday,5,2 - medium traffic,15
1 Sunday,5,3 - heavy traffic,48
1 Sunday,5,4 - stand still,84
1 Sunday,5.5,0- free flowing,17195
1 Sunday,5.5,1 - light traffic,10
1 Sunday,5.5,2 - medium traffic,5
1 Sunday,5.5,3 - heavy traffic,51
1 Sunday,5.5,4 - stand still,49
1 Sunday,6,0- free flowing,20840
1 Sunday,6,1 - light traffic,0
1 Sunday,6,2 - medium traffic,20
1 Sunday,6,3 - heavy traffic,81
1 Sunday,6,4 - stand still,346.5
1 Sunday,6.5,0- free flowing,26646
1 Sunday,6.5,1 - light traffic,2
1 Sunday,6.5,2 - medium traffic,12.5
1 Sunday,6.5,3 - heavy traffic,72
1 Sunday,6.5,4 - stand still,63
1 Sunday,7,0- free flowing,29237
1 Sunday,7,1 - light traffic,8
1 Sunday,7,2 - medium traffic,17.5
1 Sunday,7,3 - heavy traffic,90
1 Sunday,7,4 - stand still,129.5
1 Sunday,7.5,0- free flowing,32631
1 Sunday,7.5,1 - light traffic,6
1 Sunday,7.5,2 - medium traffic,45
1 Sunday,7.5,3 - heavy traffic,156
1 Sunday,7.5,4 - stand still,392
1 Sunday,8,0- free flowing,36773
1 Sunday,8,1 - light traffic,0
1 Sunday,8,2 - medium traffic,110
1 Sunday,8,3 - heavy traffic,102
1 Sunday,8,4 - stand still,1351
1 Sunday,8.5,0- free flowing,46188
1 Sunday,8.5,1 - light traffic,6
1 Sunday,8.5,2 - medium traffic,62.5
1 Sunday,8.5,3 - heavy traffic,318
1 Sunday,8.5,4 - stand still,2439.5
1 Sunday,9,0- free flowing,61221
1 Sunday,9,1 - light traffic,28
1 Sunday,9,2 - medium traffic,410
1 Sunday,9,3 - heavy traffic,438
1 Sunday,9,4 - stand still,2541
1 Sunday,9.5,0- free flowing,76250
1 Sunday,9.5,1 - light traffic,46
1 Sunday,9.5,2 - medium traffic,420
1 Sunday,9.5,3 - heavy traffic,1350
1 Sunday,9.5,4 - stand still,2240
1 Sunday,10,0- free flowing,85196
1 Sunday,10,1 - light traffic,44
1 Sunday,10,2 - medium traffic,317.5
1 Sunday,10,3 - heavy traffic,2172
1 Sunday,10,4 - stand still,3829
1 Sunday,10.5,0- free flowing,110800
1 Sunday,10.5,1 - light traffic,302
1 Sunday,10.5,2 - medium traffic,1020
1 Sunday,10.5,3 - heavy traffic,3687
1 Sunday,10.5,4 - stand still,6856.5
1 Sunday,11,0- free flowing,127896
1 Sunday,11,1 - light traffic,598
1 Sunday,11,2 - medium traffic,2805
1 Sunday,11,3 - heavy traffic,7509
1 Sunday,11,4 - stand still,7675.5
1 Sunday,11.5,0- free flowing,135587
1 Sunday,11.5,1 - light traffic,622
1 Sunday,11.5,2 - medium traffic,3822.5
1 Sunday,11.5,3 - heavy traffic,12477
1 Sunday,11.5,4 - stand still,9786
1 Sunday,12,0- free flowing,149335
1 Sunday,12,1 - light traffic,1392
1 Sunday,12,2 - medium traffic,5947.5
1 Sunday,12,3 - heavy traffic,18441
1 Sunday,12,4 - stand still,12295.5
1 Sunday,12.5,0- free flowing,167100
1 Sunday,12.5,1 - light traffic,3010
1 Sunday,12.5,2 - medium traffic,9687.5
1 Sunday,12.5,3 - heavy traffic,27657
1 Sunday,12.5,4 - stand still,13195
1 Sunday,13,0- free flowing,176130
1 Sunday,13,1 - light traffic,4700
1 Sunday,13,2 - medium traffic,20147.5
1 Sunday,13,3 - heavy traffic,36768
1 Sunday,13,4 - stand still,18340
1 Sunday,13.5,0- free flowing,177251
1 Sunday,13.5,1 - light traffic,4930
1 Sunday,13.5,2 - medium traffic,29745
1 Sunday,13.5,3 - heavy traffic,38400
1 Sunday,13.5,4 - stand still,19061
1 Sunday,14,0- free flowing,179211
1 Sunday,14,1 - light traffic,4838
1 Sunday,14,2 - medium traffic,30000
1 Sunday,14,3 - heavy traffic,42132
1 Sunday,14,4 - stand still,24059
1 Sunday,14.5,0- free flowing,179851
1 Sunday,14.5,1 - light traffic,4856
1 Sunday,14.5,2 - medium traffic,30810
1 Sunday,14.5,3 - heavy traffic,48360
1 Sunday,14.5,4 - stand still,26152
1 Sunday,15,0- free flowing,184773
1 Sunday,15,1 - light traffic,4370
1 Sunday,15,2 - medium traffic,30357.5
1 Sunday,15,3 - heavy traffic,51096
1 Sunday,15,4 - stand still,25690
1 Sunday,15.5,0- free flowing,181839
1 Sunday,15.5,1 - light traffic,3856
1 Sunday,15.5,2 - medium traffic,30720
1 Sunday,15.5,3 - heavy traffic,48300
1 Sunday,15.5,4 - stand still,24363.5
1 Sunday,16,0- free flowing,179484
1 Sunday,16,1 - light traffic,3964
1 Sunday,16,2 - medium traffic,33430
1 Sunday,16,3 - heavy traffic,46602
1 Sunday,16,4 - stand still,21238
1 Sunday,16.5,0- free flowing,176373
1 Sunday,16.5,1 - light traffic,3438
1 Sunday,16.5,2 - medium traffic,36722.5
1 Sunday,16.5,3 - heavy traffic,41538
1 Sunday,16.5,4 - stand still,19439
1 Sunday,17,0- free flowing,171521
1 Sunday,17,1 - light traffic,4486
1 Sunday,17,2 - medium traffic,32295
1 Sunday,17,3 - heavy traffic,37386
1 Sunday,17,4 - stand still,15746.5
1 Sunday,17.5,0- free flowing,162405
1 Sunday,17.5,1 - light traffic,3184
1 Sunday,17.5,2 - medium traffic,23507.5
1 Sunday,17.5,3 - heavy traffic,31896
1 Sunday,17.5,4 - stand still,14882
1 Sunday,18,0- free flowing,152145
1 Sunday,18,1 - light traffic,2054
1 Sunday,18,2 - medium traffic,18920
1 Sunday,18,3 - heavy traffic,22566
1 Sunday,18,4 - stand still,11021.5
1 Sunday,18.5,0- free flowing,140526
1 Sunday,18.5,1 - light traffic,2010
1 Sunday,18.5,2 - medium traffic,13272.5
1 Sunday,18.5,3 - heavy traffic,17319
1 Sunday,18.5,4 - stand still,6965
1 Sunday,19,0- free flowing,124054
1 Sunday,19,1 - light traffic,1008
1 Sunday,19,2 - medium traffic,9410
1 Sunday,19,3 - heavy traffic,11628
1 Sunday,19,4 - stand still,6860
1 Sunday,19.5,0- free flowing,113056
1 Sunday,19.5,1 - light traffic,782
1 Sunday,19.5,2 - medium traffic,4702.5
1 Sunday,19.5,3 - heavy traffic,9804
1 Sunday,19.5,4 - stand still,6422.5
1 Sunday,20,0- free flowing,96991
1 Sunday,20,1 - light traffic,766
1 Sunday,20,2 - medium traffic,4740
1 Sunday,20,3 - heavy traffic,4245
1 Sunday,20,4 - stand still,3381
1 Sunday,20.5,0- free flowing,87090
1 Sunday,20.5,1 - light traffic,434
1 Sunday,20.5,2 - medium traffic,2570
1 Sunday,20.5,3 - heavy traffic,2601
1 Sunday,20.5,4 - stand still,2730
1 Sunday,21,0- free flowing,75837
1 Sunday,21,1 - light traffic,432
1 Sunday,21,2 - medium traffic,1315
1 Sunday,21,3 - heavy traffic,2109
1 Sunday,21,4 - stand still,1855
1 Sunday,21.5,0- free flowing,65257
1 Sunday,21.5,1 - light traffic,212
1 Sunday,21.5,2 - medium traffic,805
1 Sunday,21.5,3 - heavy traffic,1872
1 Sunday,21.5,4 - stand still,3374
1 Sunday,22,0- free flowing,56069
1 Sunday,22,1 - light traffic,224
1 Sunday,22,2 - medium traffic,460
1 Sunday,22,3 - heavy traffic,1023
1 Sunday,22,4 - stand still,2376.5
1 Sunday,22.5,0- free flowing,46862
1 Sunday,22.5,1 - light traffic,154
1 Sunday,22.5,2 - medium traffic,382.5
1 Sunday,22.5,3 - heavy traffic,696
1 Sunday,22.5,4 - stand still,2254
1 Sunday,23,0- free flowing,39771
1 Sunday,23,1 - light traffic,126
1 Sunday,23,2 - medium traffic,370
1 Sunday,23,3 - heavy traffic,450
1 Sunday,23,4 - stand still,2390.5
1 Sunday,23.5,0- free flowing,34066
1 Sunday,23.5,1 - light traffic,56
1 Sunday,23.5,2 - medium traffic,170
1 Sunday,23.5,3 - heavy traffic,279
1 Sunday,23.5,4 - stand still,1666
1 Sunday,24,0- free flowing,38102
1 Sunday,24,1 - light traffic,28
1 Sunday,24,2 - medium traffic,112.5
1 Sunday,24,3 - heavy traffic,237
1 Sunday,24,4 - stand still,633.5
2 Monday,0.5,0- free flowing,25904
2 Monday,0.5,1 - light traffic,30
2 Monday,0.5,2 - medium traffic,47.5
2 Monday,0.5,3 - heavy traffic,144
2 Monday,0.5,4 - stand still,413
2 Monday,1,0- free flowing,22283
2 Monday,1,1 - light traffic,34
2 Monday,1,2 - medium traffic,25
2 Monday,1,3 - heavy traffic,81
2 Monday,1,4 - stand still,325.5
2 Monday,1.5,0- free flowing,19183
2 Monday,1.5,1 - light traffic,18
2 Monday,1.5,2 - medium traffic,12.5
2 Monday,1.5,3 - heavy traffic,69
2 Monday,1.5,4 - stand still,301
2 Monday,2,0- free flowing,16907
2 Monday,2,1 - light traffic,18
2 Monday,2,2 - medium traffic,30
2 Monday,2,3 - heavy traffic,69
2 Monday,2,4 - stand still,416.5
2 Monday,2.5,0- free flowing,15339
2 Monday,2.5,1 - light traffic,20
2 Monday,2.5,2 - medium traffic,22.5
2 Monday,2.5,3 - heavy traffic,93
2 Monday,2.5,4 - stand still,248.5
2 Monday,3,0- free flowing,13340
2 Monday,3,1 - light traffic,6
2 Monday,3,2 - medium traffic,20
2 Monday,3,3 - heavy traffic,78
2 Monday,3,4 - stand still,63
2 Monday,3.5,0- free flowing,12931
2 Monday,3.5,1 - light traffic,12
2 Monday,3.5,2 - medium traffic,27.5
2 Monday,3.5,3 - heavy traffic,39
2 Monday,3.5,4 - stand still,87.5
2 Monday,4,0- free flowing,14183
2 Monday,4,1 - light traffic,10
2 Monday,4,2 - medium traffic,55
2 Monday,4,3 - heavy traffic,45
2 Monday,4,4 - stand still,119
2 Monday,4.5,0- free flowing,16442
2 Monday,4.5,1 - light traffic,6
2 Monday,4.5,2 - medium traffic,20
2 Monday,4.5,3 - heavy traffic,39
2 Monday,4.5,4 - stand still,129.5
2 Monday,5,0- free flowing,22058
2 Monday,5,1 - light traffic,12
2 Monday,5,2 - medium traffic,10
2 Monday,5,3 - heavy traffic,60
2 Monday,5,4 - stand still,91
2 Monday,5.5,0- free flowing,28534
2 Monday,5.5,1 - light traffic,4
2 Monday,5.5,2 - medium traffic,35
2 Monday,5.5,3 - heavy traffic,120
2 Monday,5.5,4 - stand still,168
2 Monday,6,0- free flowing,32459
2 Monday,6,1 - light traffic,8
2 Monday,6,2 - medium traffic,22.5
2 Monday,6,3 - heavy traffic,165
2 Monday,6,4 - stand still,392
2 Monday,6.5,0- free flowing,41947
2 Monday,6.5,1 - light traffic,2
2 Monday,6.5,2 - medium traffic,72.5
2 Monday,6.5,3 - heavy traffic,369
2 Monday,6.5,4 - stand still,707
2 Monday,7,0- free flowing,59529
2 Monday,7,1 - light traffic,56
2 Monday,7,2 - medium traffic,487.5
2 Monday,7,3 - heavy traffic,1065
2 Monday,7,4 - stand still,2310
2 Monday,7.5,0- free flowing,94953
2 Monday,7.5,1 - light traffic,590
2 Monday,7.5,2 - medium traffic,2777.5
2 Monday,7.5,3 - heavy traffic,4443
2 Monday,7.5,4 - stand still,3776.5
2 Monday,8,0- free flowing,114996
2 Monday,8,1 - light traffic,1352
2 Monday,8,2 - medium traffic,7850
2 Monday,8,3 - heavy traffic,17928
2 Monday,8,4 - stand still,7182
2 Monday,8.5,0- free flowing,121706
2 Monday,8.5,1 - light traffic,876
2 Monday,8.5,2 - medium traffic,5920
2 Monday,8.5,3 - heavy traffic,10872
2 Monday,8.5,4 - stand still,7577.5
2 Monday,9,0- free flowing,114506
2 Monday,9,1 - light traffic,676
2 Monday,9,2 - medium traffic,3240
2 Monday,9,3 - heavy traffic,4542
2 Monday,9,4 - stand still,4637.5
2 Monday,9.5,0- free flowing,108653
2 Monday,9.5,1 - light traffic,132
2 Monday,9.5,2 - medium traffic,485
2 Monday,9.5,3 - heavy traffic,2475
2 Monday,9.5,4 - stand still,2138.5
2 Monday,10,0- free flowing,113816
2 Monday,10,1 - light traffic,156
2 Monday,10,2 - medium traffic,380
2 Monday,10,3 - heavy traffic,1359
2 Monday,10,4 - stand still,1851.5
2 Monday,10.5,0- free flowing,119259
2 Monday,10.5,1 - light traffic,72
2 Monday,10.5,2 - medium traffic,257.5
2 Monday,10.5,3 - heavy traffic,1023
2 Monday,10.5,4 - stand still,1452.5
2 Monday,11,0- free flowing,128310
2 Monday,11,1 - light traffic,156
2 Monday,11,2 - medium traffic,792.5
2 Monday,11,3 - heavy traffic,1770
2 Monday,11,4 - stand still,1183
2 Monday,11.5,0- free flowing,135013
2 Monday,11.5,1 - light traffic,532
2 Monday,11.5,2 - medium traffic,1545
2 Monday,11.5,3 - heavy traffic,4263
2 Monday,11.5,4 - stand still,1802.5
2 Monday,12,0- free flowing,141291
2 Monday,12,1 - light traffic,740
2 Monday,12,2 - medium traffic,2415
2 Monday,12,3 - heavy traffic,9594
2 Monday,12,4 - stand still,3762.5
2 Monday,12.5,0- free flowing,148351
2 Monday,12.5,1 - light traffic,1044
2 Monday,12.5,2 - medium traffic,3892.5
2 Monday,12.5,3 - heavy traffic,14361
2 Monday,12.5,4 - stand still,6132
2 Monday,13,0- free flowing,156634
2 Monday,13,1 - light traffic,1196
2 Monday,13,2 - medium traffic,7017.5
2 Monday,13,3 - heavy traffic,16935
2 Monday,13,4 - stand still,7105
2 Monday,13.5,0- free flowing,159463
2 Monday,13.5,1 - light traffic,1820
2 Monday,13.5,2 - medium traffic,8987.5
2 Monday,13.5,3 - heavy traffic,18753
2 Monday,13.5,4 - stand still,7388.5
2 Monday,14,0- free flowing,160377
2 Monday,14,1 - light traffic,1358
2 Monday,14,2 - medium traffic,11787.5
2 Monday,14,3 - heavy traffic,18903
2 Monday,14,4 - stand still,6681.5
2 Monday,14.5,0- free flowing,163531
2 Monday,14.5,1 - light traffic,2208
2 Monday,14.5,2 - medium traffic,12527.5
2 Monday,14.5,3 - heavy traffic,24648
2 Monday,14.5,4 - stand still,6475
2 Monday,15,0- free flowing,170471
2 Monday,15,1 - light traffic,2510
2 Monday,15,2 - medium traffic,12930
2 Monday,15,3 - heavy traffic,31392
2 Monday,15,4 - stand still,4879
2 Monday,15.5,0- free flowing,173513
2 Monday,15.5,1 - light traffic,2908
2 Monday,15.5,2 - medium traffic,18295
2 Monday,15.5,3 - heavy traffic,31374
2 Monday,15.5,4 - stand still,8536.5
2 Monday,16,0- free flowing,172363
2 Monday,16,1 - light traffic,2996
2 Monday,16,2 - medium traffic,25097.5
2 Monday,16,3 - heavy traffic,28599
2 Monday,16,4 - stand still,10304
2 Monday,16.5,0- free flowing,183793
2 Monday,16.5,1 - light traffic,2504
2 Monday,16.5,2 - medium traffic,27185
2 Monday,16.5,3 - heavy traffic,34581
2 Monday,16.5,4 - stand still,8183
2 Monday,17,0- free flowing,198454
2 Monday,17,1 - light traffic,2710
2 Monday,17,2 - medium traffic,29062.5
2 Monday,17,3 - heavy traffic,48039
2 Monday,17,4 - stand still,8470
2 Monday,17.5,0- free flowing,206984
2 Monday,17.5,1 - light traffic,3368
2 Monday,17.5,2 - medium traffic,31000
2 Monday,17.5,3 - heavy traffic,70074
2 Monday,17.5,4 - stand still,14094.5
2 Monday,18,0- free flowing,179594
2 Monday,18,1 - light traffic,2942
2 Monday,18,2 - medium traffic,21220
2 Monday,18,3 - heavy traffic,36903
2 Monday,18,4 - stand still,9618
2 Monday,18.5,0- free flowing,145763
2 Monday,18.5,1 - light traffic,1426
2 Monday,18.5,2 - medium traffic,9187.5
2 Monday,18.5,3 - heavy traffic,8883
2 Monday,18.5,4 - stand still,4308.5
2 Monday,19,0- free flowing,114709
2 Monday,19,1 - light traffic,504
2 Monday,19,2 - medium traffic,1955
2 Monday,19,3 - heavy traffic,2637
2 Monday,19,4 - stand still,2383.5
2 Monday,19.5,0- free flowing,97837
2 Monday,19.5,1 - light traffic,304
2 Monday,19.5,2 - medium traffic,495
2 Monday,19.5,3 - heavy traffic,1062
2 Monday,19.5,4 - stand still,2898
2 Monday,20,0- free flowing,85019
2 Monday,20,1 - light traffic,82
2 Monday,20,2 - medium traffic,460
2 Monday,20,3 - heavy traffic,492
2 Monday,20,4 - stand still,2163
2 Monday,20.5,0- free flowing,74898
2 Monday,20.5,1 - light traffic,222
2 Monday,20.5,2 - medium traffic,275
2 Monday,20.5,3 - heavy traffic,648
2 Monday,20.5,4 - stand still,1326.5
2 Monday,21,0- free flowing,64986
2 Monday,21,1 - light traffic,194
2 Monday,21,2 - medium traffic,117.5
2 Monday,21,3 - heavy traffic,654
2 Monday,21,4 - stand still,605.5
2 Monday,21.5,0- free flowing,56434
2 Monday,21.5,1 - light traffic,76
2 Monday,21.5,2 - medium traffic,280
2 Monday,21.5,3 - heavy traffic,1086
2 Monday,21.5,4 - stand still,1648.5
2 Monday,22,0- free flowing,47172
2 Monday,22,1 - light traffic,36
2 Monday,22,2 - medium traffic,65
2 Monday,22,3 - heavy traffic,942
2 Monday,22,4 - stand still,2544.5
2 Monday,22.5,0- free flowing,40477
2 Monday,22.5,1 - light traffic,18
2 Monday,22.5,2 - medium traffic,135
2 Monday,22.5,3 - heavy traffic,696
2 Monday,22.5,4 - stand still,1323
2 Monday,23,0- free flowing,35731
2 Monday,23,1 - light traffic,24
2 Monday,23,2 - medium traffic,205
2 Monday,23,3 - heavy traffic,669
2 Monday,23,4 - stand still,861
2 Monday,23.5,0- free flowing,32564
2 Monday,23.5,1 - light traffic,40
2 Monday,23.5,2 - medium traffic,160
2 Monday,23.5,3 - heavy traffic,552
2 Monday,23.5,4 - stand still,1305.5
2 Monday,24,0- free flowing,30067
2 Monday,24,1 - light traffic,56
2 Monday,24,2 - medium traffic,117.5
2 Monday,24,3 - heavy traffic,195
2 Monday,24,4 - stand still,1634.5
3 Tuesday,0.5,0- free flowing,24079
3 Tuesday,0.5,1 - light traffic,18
3 Tuesday,0.5,2 - medium traffic,72.5
3 Tuesday,0.5,3 - heavy traffic,189
3 Tuesday,0.5,4 - stand still,1256.5
3 Tuesday,1,0- free flowing,20311
3 Tuesday,1,1 - light traffic,42
3 Tuesday,1,2 - medium traffic,32.5
3 Tuesday,1,3 - heavy traffic,198
3 Tuesday,1,4 - stand still,861
3 Tuesday,1.5,0- free flowing,16802
3 Tuesday,1.5,1 - light traffic,14
3 Tuesday,1.5,2 - medium traffic,35
3 Tuesday,1.5,3 - heavy traffic,84
3 Tuesday,1.5,4 - stand still,472.5
3 Tuesday,2,0- free flowing,14785
3 Tuesday,2,1 - light traffic,26
3 Tuesday,2,2 - medium traffic,12.5
3 Tuesday,2,3 - heavy traffic,126
3 Tuesday,2,4 - stand still,322
3 Tuesday,2.5,0- free flowing,13533
3 Tuesday,2.5,1 - light traffic,26
3 Tuesday,2.5,2 - medium traffic,15
3 Tuesday,2.5,3 - heavy traffic,90
3 Tuesday,2.5,4 - stand still,406
3 Tuesday,3,0- free flowing,12676
3 Tuesday,3,1 - light traffic,2
3 Tuesday,3,2 - medium traffic,27.5
3 Tuesday,3,3 - heavy traffic,90
3 Tuesday,3,4 - stand still,185.5
3 Tuesday,3.5,0- free flowing,12934
3 Tuesday,3.5,1 - light traffic,12
3 Tuesday,3.5,2 - medium traffic,12.5
3 Tuesday,3.5,3 - heavy traffic,78
3 Tuesday,3.5,4 - stand still,126
3 Tuesday,4,0- free flowing,13702
3 Tuesday,4,1 - light traffic,4
3 Tuesday,4,2 - medium traffic,15
3 Tuesday,4,3 - heavy traffic,66
3 Tuesday,4,4 - stand still,150.5
3 Tuesday,4.5,0- free flowing,16081
3 Tuesday,4.5,1 - light traffic,0
3 Tuesday,4.5,2 - medium traffic,10
3 Tuesday,4.5,3 - heavy traffic,105
3 Tuesday,4.5,4 - stand still,161
3 Tuesday,5,0- free flowing,22602
3 Tuesday,5,1 - light traffic,4
3 Tuesday,5,2 - medium traffic,27.5
3 Tuesday,5,3 - heavy traffic,81
3 Tuesday,5,4 - stand still,220.5
3 Tuesday,5.5,0- free flowing,29937
3 Tuesday,5.5,1 - light traffic,2
3 Tuesday,5.5,2 - medium traffic,15
3 Tuesday,5.5,3 - heavy traffic,117
3 Tuesday,5.5,4 - stand still,280
3 Tuesday,6,0- free flowing,36231
3 Tuesday,6,1 - light traffic,2
3 Tuesday,6,2 - medium traffic,15
3 Tuesday,6,3 - heavy traffic,132
3 Tuesday,6,4 - stand still,105
3 Tuesday,6.5,0- free flowing,44987
3 Tuesday,6.5,1 - light traffic,2
3 Tuesday,6.5,2 - medium traffic,75
3 Tuesday,6.5,3 - heavy traffic,213
3 Tuesday,6.5,4 - stand still,343
3 Tuesday,7,0- free flowing,66543
3 Tuesday,7,1 - light traffic,54
3 Tuesday,7,2 - medium traffic,317.5
3 Tuesday,7,3 - heavy traffic,906
3 Tuesday,7,4 - stand still,1039.5
3 Tuesday,7.5,0- free flowing,109187
3 Tuesday,7.5,1 - light traffic,1058
3 Tuesday,7.5,2 - medium traffic,5805
3 Tuesday,7.5,3 - heavy traffic,7764
3 Tuesday,7.5,4 - stand still,2632
3 Tuesday,8,0- free flowing,128713
3 Tuesday,8,1 - light traffic,1366
3 Tuesday,8,2 - medium traffic,11277.5
3 Tuesday,8,3 - heavy traffic,26436
3 Tuesday,8,4 - stand still,6331.5
3 Tuesday,8.5,0- free flowing,129725
3 Tuesday,8.5,1 - light traffic,1266
3 Tuesday,8.5,2 - medium traffic,7305
3 Tuesday,8.5,3 - heavy traffic,12468
3 Tuesday,8.5,4 - stand still,3570
3 Tuesday,9,0- free flowing,114973
3 Tuesday,9,1 - light traffic,736
3 Tuesday,9,2 - medium traffic,3532.5
3 Tuesday,9,3 - heavy traffic,5826
3 Tuesday,9,4 - stand still,3895.5
3 Tuesday,9.5,0- free flowing,105278
3 Tuesday,9.5,1 - light traffic,192
3 Tuesday,9.5,2 - medium traffic,1122.5
3 Tuesday,9.5,3 - heavy traffic,2640
3 Tuesday,9.5,4 - stand still,2828
3 Tuesday,10,0- free flowing,107104
3 Tuesday,10,1 - light traffic,150
3 Tuesday,10,2 - medium traffic,547.5
3 Tuesday,10,3 - heavy traffic,2052
3 Tuesday,10,4 - stand still,1225
3 Tuesday,10.5,0- free flowing,109186
3 Tuesday,10.5,1 - light traffic,152
3 Tuesday,10.5,2 - medium traffic,617.5
3 Tuesday,10.5,3 - heavy traffic,1536
3 Tuesday,10.5,4 - stand still,976.5
3 Tuesday,11,0- free flowing,115129
3 Tuesday,11,1 - light traffic,94
3 Tuesday,11,2 - medium traffic,587.5
3 Tuesday,11,3 - heavy traffic,3294
3 Tuesday,11,4 - stand still,1333.5
3 Tuesday,11.5,0- free flowing,121473
3 Tuesday,11.5,1 - light traffic,218
3 Tuesday,11.5,2 - medium traffic,967.5
3 Tuesday,11.5,3 - heavy traffic,4371
3 Tuesday,11.5,4 - stand still,1939
3 Tuesday,12,0- free flowing,125655
3 Tuesday,12,1 - light traffic,418
3 Tuesday,12,2 - medium traffic,1677.5
3 Tuesday,12,3 - heavy traffic,5907
3 Tuesday,12,4 - stand still,2177
3 Tuesday,12.5,0- free flowing,133994
3 Tuesday,12.5,1 - light traffic,754
3 Tuesday,12.5,2 - medium traffic,2937.5
3 Tuesday,12.5,3 - heavy traffic,7449
3 Tuesday,12.5,4 - stand still,2166.5
3 Tuesday,13,0- free flowing,136199
3 Tuesday,13,1 - light traffic,918
3 Tuesday,13,2 - medium traffic,4137.5
3 Tuesday,13,3 - heavy traffic,10302
3 Tuesday,13,4 - stand still,3027.5
3 Tuesday,13.5,0- free flowing,134461
3 Tuesday,13.5,1 - light traffic,810
3 Tuesday,13.5,2 - medium traffic,5307.5
3 Tuesday,13.5,3 - heavy traffic,13308
3 Tuesday,13.5,4 - stand still,3433.5
3 Tuesday,14,0- free flowing,128877
3 Tuesday,14,1 - light traffic,1358
3 Tuesday,14,2 - medium traffic,5900
3 Tuesday,14,3 - heavy traffic,14298
3 Tuesday,14,4 - stand still,4655
3 Tuesday,14.5,0- free flowing,138099
3 Tuesday,14.5,1 - light traffic,1678
3 Tuesday,14.5,2 - medium traffic,6957.5
3 Tuesday,14.5,3 - heavy traffic,15717
3 Tuesday,14.5,4 - stand still,5771.5
3 Tuesday,15,0- free flowing,149017
3 Tuesday,15,1 - light traffic,1476
3 Tuesday,15,2 - medium traffic,9347.5
3 Tuesday,15,3 - heavy traffic,16137
3 Tuesday,15,4 - stand still,7780.5
3 Tuesday,15.5,0- free flowing,155829
3 Tuesday,15.5,1 - light traffic,3594
3 Tuesday,15.5,2 - medium traffic,14110
3 Tuesday,15.5,3 - heavy traffic,16638
3 Tuesday,15.5,4 - stand still,8522.5
3 Tuesday,16,0- free flowing,159339
3 Tuesday,16,1 - light traffic,2836
3 Tuesday,16,2 - medium traffic,24512.5
3 Tuesday,16,3 - heavy traffic,20277
3 Tuesday,16,4 - stand still,9453.5
3 Tuesday,16.5,0- free flowing,171987
3 Tuesday,16.5,1 - light traffic,1964
3 Tuesday,16.5,2 - medium traffic,28840
3 Tuesday,16.5,3 - heavy traffic,28146
3 Tuesday,16.5,4 - stand still,10300.5
3 Tuesday,17,0- free flowing,179787
3 Tuesday,17,1 - light traffic,2466
3 Tuesday,17,2 - medium traffic,28217.5
3 Tuesday,17,3 - heavy traffic,40047
3 Tuesday,17,4 - stand still,13090
3 Tuesday,17.5,0- free flowing,191052
3 Tuesday,17.5,1 - light traffic,3966
3 Tuesday,17.5,2 - medium traffic,25247.5
3 Tuesday,17.5,3 - heavy traffic,72471
3 Tuesday,17.5,4 - stand still,21101.5
3 Tuesday,18,0- free flowing,169323
3 Tuesday,18,1 - light traffic,2194
3 Tuesday,18,2 - medium traffic,21522.5
3 Tuesday,18,3 - heavy traffic,38334
3 Tuesday,18,4 - stand still,11249
3 Tuesday,18.5,0- free flowing,140133
3 Tuesday,18.5,1 - light traffic,1476
3 Tuesday,18.5,2 - medium traffic,13007.5
3 Tuesday,18.5,3 - heavy traffic,11373
3 Tuesday,18.5,4 - stand still,5519.5
3 Tuesday,19,0- free flowing,107792
3 Tuesday,19,1 - light traffic,826
3 Tuesday,19,2 - medium traffic,1982.5
3 Tuesday,19,3 - heavy traffic,4734
3 Tuesday,19,4 - stand still,3524.5
3 Tuesday,19.5,0- free flowing,91105
3 Tuesday,19.5,1 - light traffic,378
3 Tuesday,19.5,2 - medium traffic,1027.5
3 Tuesday,19.5,3 - heavy traffic,1593
3 Tuesday,19.5,4 - stand still,2604
3 Tuesday,20,0- free flowing,77692
3 Tuesday,20,1 - light traffic,378
3 Tuesday,20,2 - medium traffic,570
3 Tuesday,20,3 - heavy traffic,876
3 Tuesday,20,4 - stand still,1400
3 Tuesday,20.5,0- free flowing,69163
3 Tuesday,20.5,1 - light traffic,198
3 Tuesday,20.5,2 - medium traffic,272.5
3 Tuesday,20.5,3 - heavy traffic,699
3 Tuesday,20.5,4 - stand still,1141
3 Tuesday,21,0- free flowing,61047
3 Tuesday,21,1 - light traffic,316
3 Tuesday,21,2 - medium traffic,357.5
3 Tuesday,21,3 - heavy traffic,804
3 Tuesday,21,4 - stand still,1193.5
3 Tuesday,21.5,0- free flowing,52824
3 Tuesday,21.5,1 - light traffic,76
3 Tuesday,21.5,2 - medium traffic,185
3 Tuesday,21.5,3 - heavy traffic,1221
3 Tuesday,21.5,4 - stand still,1809.5
3 Tuesday,22,0- free flowing,43554
3 Tuesday,22,1 - light traffic,24
3 Tuesday,22,2 - medium traffic,262.5
3 Tuesday,22,3 - heavy traffic,897
3 Tuesday,22,4 - stand still,2327.5
3 Tuesday,22.5,0- free flowing,39552
3 Tuesday,22.5,1 - light traffic,18
3 Tuesday,22.5,2 - medium traffic,212.5
3 Tuesday,22.5,3 - heavy traffic,813
3 Tuesday,22.5,4 - stand still,1592.5
3 Tuesday,23,0- free flowing,35334
3 Tuesday,23,1 - light traffic,22
3 Tuesday,23,2 - medium traffic,210
3 Tuesday,23,3 - heavy traffic,891
3 Tuesday,23,4 - stand still,1183
3 Tuesday,23.5,0- free flowing,31802
3 Tuesday,23.5,1 - light traffic,14
3 Tuesday,23.5,2 - medium traffic,232.5
3 Tuesday,23.5,3 - heavy traffic,618
3 Tuesday,23.5,4 - stand still,609
3 Tuesday,24,0- free flowing,27056
3 Tuesday,24,1 - light traffic,42
3 Tuesday,24,2 - medium traffic,92.5
3 Tuesday,24,3 - heavy traffic,294
3 Tuesday,24,4 - stand still,766.5
4 Wednesday,0.5,0- free flowing,23357
4 Wednesday,0.5,1 - light traffic,42
4 Wednesday,0.5,2 - medium traffic,57.5
4 Wednesday,0.5,3 - heavy traffic,144
4 Wednesday,0.5,4 - stand still,280
4 Wednesday,1,0- free flowing,19559
4 Wednesday,1,1 - light traffic,32
4 Wednesday,1,2 - medium traffic,52.5
4 Wednesday,1,3 - heavy traffic,126
4 Wednesday,1,4 - stand still,402.5
4 Wednesday,1.5,0- free flowing,16304
4 Wednesday,1.5,1 - light traffic,38
4 Wednesday,1.5,2 - medium traffic,50
4 Wednesday,1.5,3 - heavy traffic,93
4 Wednesday,1.5,4 - stand still,304.5
4 Wednesday,2,0- free flowing,14060
4 Wednesday,2,1 - light traffic,24
4 Wednesday,2,2 - medium traffic,12.5
4 Wednesday,2,3 - heavy traffic,72
4 Wednesday,2,4 - stand still,192.5
4 Wednesday,2.5,0- free flowing,13050
4 Wednesday,2.5,1 - light traffic,14
4 Wednesday,2.5,2 - medium traffic,15
4 Wednesday,2.5,3 - heavy traffic,36
4 Wednesday,2.5,4 - stand still,255.5
4 Wednesday,3,0- free flowing,12562
4 Wednesday,3,1 - light traffic,16
4 Wednesday,3,2 - medium traffic,17.5
4 Wednesday,3,3 - heavy traffic,48
4 Wednesday,3,4 - stand still,157.5
4 Wednesday,3.5,0- free flowing,12238
4 Wednesday,3.5,1 - light traffic,12
4 Wednesday,3.5,2 - medium traffic,37.5
4 Wednesday,3.5,3 - heavy traffic,36
4 Wednesday,3.5,4 - stand still,224
4 Wednesday,4,0- free flowing,13259
4 Wednesday,4,1 - light traffic,4
4 Wednesday,4,2 - medium traffic,32.5
4 Wednesday,4,3 - heavy traffic,87
4 Wednesday,4,4 - stand still,101.5
4 Wednesday,4.5,0- free flowing,16139
4 Wednesday,4.5,1 - light traffic,6
4 Wednesday,4.5,2 - medium traffic,20
4 Wednesday,4.5,3 - heavy traffic,90
4 Wednesday,4.5,4 - stand still,35
4 Wednesday,5,0- free flowing,21488
4 Wednesday,5,1 - light traffic,16
4 Wednesday,5,2 - medium traffic,35
4 Wednesday,5,3 - heavy traffic,96
4 Wednesday,5,4 - stand still,136.5
4 Wednesday,5.5,0- free flowing,28435
4 Wednesday,5.5,1 - light traffic,6
4 Wednesday,5.5,2 - medium traffic,42.5
4 Wednesday,5.5,3 - heavy traffic,234
4 Wednesday,5.5,4 - stand still,269.5
4 Wednesday,6,0- free flowing,33723
4 Wednesday,6,1 - light traffic,4
4 Wednesday,6,2 - medium traffic,72.5
4 Wednesday,6,3 - heavy traffic,198
4 Wednesday,6,4 - stand still,325.5
4 Wednesday,6.5,0- free flowing,42768
4 Wednesday,6.5,1 - light traffic,20
4 Wednesday,6.5,2 - medium traffic,122.5
4 Wednesday,6.5,3 - heavy traffic,129
4 Wednesday,6.5,4 - stand still,287
4 Wednesday,7,0- free flowing,60432
4 Wednesday,7,1 - light traffic,74
4 Wednesday,7,2 - medium traffic,482.5
4 Wednesday,7,3 - heavy traffic,843
4 Wednesday,7,4 - stand still,1092
4 Wednesday,7.5,0- free flowing,99690
4 Wednesday,7.5,1 - light traffic,942
4 Wednesday,7.5,2 - medium traffic,6315
4 Wednesday,7.5,3 - heavy traffic,6093
4 Wednesday,7.5,4 - stand still,1645
4 Wednesday,8,0- free flowing,120201
4 Wednesday,8,1 - light traffic,1662
4 Wednesday,8,2 - medium traffic,10727.5
4 Wednesday,8,3 - heavy traffic,25107
4 Wednesday,8,4 - stand still,6097
4 Wednesday,8.5,0- free flowing,124851
4 Wednesday,8.5,1 - light traffic,1362
4 Wednesday,8.5,2 - medium traffic,7477.5
4 Wednesday,8.5,3 - heavy traffic,14439
4 Wednesday,8.5,4 - stand still,4861.5
4 Wednesday,9,0- free flowing,114330
4 Wednesday,9,1 - light traffic,738
4 Wednesday,9,2 - medium traffic,3962.5
4 Wednesday,9,3 - heavy traffic,7539
4 Wednesday,9,4 - stand still,3545.5
4 Wednesday,9.5,0- free flowing,107642
4 Wednesday,9.5,1 - light traffic,362
4 Wednesday,9.5,2 - medium traffic,2055
4 Wednesday,9.5,3 - heavy traffic,2451
4 Wednesday,9.5,4 - stand still,2177
4 Wednesday,10,0- free flowing,110463
4 Wednesday,10,1 - light traffic,210
4 Wednesday,10,2 - medium traffic,1347.5
4 Wednesday,10,3 - heavy traffic,2643
4 Wednesday,10,4 - stand still,1239
4 Wednesday,10.5,0- free flowing,111806
4 Wednesday,10.5,1 - light traffic,374
4 Wednesday,10.5,2 - medium traffic,1125
4 Wednesday,10.5,3 - heavy traffic,3156
4 Wednesday,10.5,4 - stand still,962.5
4 Wednesday,11,0- free flowing,118975
4 Wednesday,11,1 - light traffic,584
4 Wednesday,11,2 - medium traffic,2125
4 Wednesday,11,3 - heavy traffic,3687
4 Wednesday,11,4 - stand still,3531.5
4 Wednesday,11.5,0- free flowing,125752
4 Wednesday,11.5,1 - light traffic,930
4 Wednesday,11.5,2 - medium traffic,3440
4 Wednesday,11.5,3 - heavy traffic,6060
4 Wednesday,11.5,4 - stand still,4683
4 Wednesday,12,0- free flowing,132147
4 Wednesday,12,1 - light traffic,898
4 Wednesday,12,2 - medium traffic,5560
4 Wednesday,12,3 - heavy traffic,10068
4 Wednesday,12,4 - stand still,5134.5
4 Wednesday,12.5,0- free flowing,140015
4 Wednesday,12.5,1 - light traffic,1306
4 Wednesday,12.5,2 - medium traffic,6332.5
4 Wednesday,12.5,3 - heavy traffic,15012
4 Wednesday,12.5,4 - stand still,6121.5
4 Wednesday,13,0- free flowing,141475
4 Wednesday,13,1 - light traffic,1468
4 Wednesday,13,2 - medium traffic,7440
4 Wednesday,13,3 - heavy traffic,13830
4 Wednesday,13,4 - stand still,8897
4 Wednesday,13.5,0- free flowing,144858
4 Wednesday,13.5,1 - light traffic,1132
4 Wednesday,13.5,2 - medium traffic,9342.5
4 Wednesday,13.5,3 - heavy traffic,13896
4 Wednesday,13.5,4 - stand still,9796.5
4 Wednesday,14,0- free flowing,146724
4 Wednesday,14,1 - light traffic,1708
4 Wednesday,14,2 - medium traffic,10230
4 Wednesday,14,3 - heavy traffic,15285
4 Wednesday,14,4 - stand still,9044
4 Wednesday,14.5,0- free flowing,151496
4 Wednesday,14.5,1 - light traffic,2212
4 Wednesday,14.5,2 - medium traffic,13947.5
4 Wednesday,14.5,3 - heavy traffic,19815
4 Wednesday,14.5,4 - stand still,10720.5
4 Wednesday,15,0- free flowing,156412
4 Wednesday,15,1 - light traffic,4040
4 Wednesday,15,2 - medium traffic,16527.5
4 Wednesday,15,3 - heavy traffic,22320
4 Wednesday,15,4 - stand still,14476
4 Wednesday,15.5,0- free flowing,163737
4 Wednesday,15.5,1 - light traffic,4496
4 Wednesday,15.5,2 - medium traffic,21130
4 Wednesday,15.5,3 - heavy traffic,32538
4 Wednesday,15.5,4 - stand still,12964
4 Wednesday,16,0- free flowing,158986
4 Wednesday,16,1 - light traffic,3604
4 Wednesday,16,2 - medium traffic,30100
4 Wednesday,16,3 - heavy traffic,31374
4 Wednesday,16,4 - stand still,10720.5
4 Wednesday,16.5,0- free flowing,173197
4 Wednesday,16.5,1 - light traffic,2754
4 Wednesday,16.5,2 - medium traffic,32177.5
4 Wednesday,16.5,3 - heavy traffic,41640
4 Wednesday,16.5,4 - stand still,13401.5
4 Wednesday,17,0- free flowing,186429
4 Wednesday,17,1 - light traffic,3112
4 Wednesday,17,2 - medium traffic,29402.5
4 Wednesday,17,3 - heavy traffic,62280
4 Wednesday,17,4 - stand still,14759.5
4 Wednesday,17.5,0- free flowing,196161
4 Wednesday,17.5,1 - light traffic,4068
4 Wednesday,17.5,2 - medium traffic,24022.5
4 Wednesday,17.5,3 - heavy traffic,96603
4 Wednesday,17.5,4 - stand still,17759
4 Wednesday,18,0- free flowing,178706
4 Wednesday,18,1 - light traffic,3004
4 Wednesday,18,2 - medium traffic,21280
4 Wednesday,18,3 - heavy traffic,58161
4 Wednesday,18,4 - stand still,11525.5
4 Wednesday,18.5,0- free flowing,142648
4 Wednesday,18.5,1 - light traffic,1792
4 Wednesday,18.5,2 - medium traffic,18057.5
4 Wednesday,18.5,3 - heavy traffic,16365
4 Wednesday,18.5,4 - stand still,6940.5
4 Wednesday,19,0- free flowing,110884
4 Wednesday,19,1 - light traffic,1202
4 Wednesday,19,2 - medium traffic,5842.5
4 Wednesday,19,3 - heavy traffic,4734
4 Wednesday,19,4 - stand still,4728.5
4 Wednesday,19.5,0- free flowing,94058
4 Wednesday,19.5,1 - light traffic,312
4 Wednesday,19.5,2 - medium traffic,1657.5
4 Wednesday,19.5,3 - heavy traffic,2454
4 Wednesday,19.5,4 - stand still,1953
4 Wednesday,20,0- free flowing,80728
4 Wednesday,20,1 - light traffic,94
4 Wednesday,20,2 - medium traffic,1532.5
4 Wednesday,20,3 - heavy traffic,975
4 Wednesday,20,4 - stand still,973
4 Wednesday,20.5,0- free flowing,72765
4 Wednesday,20.5,1 - light traffic,188
4 Wednesday,20.5,2 - medium traffic,350
4 Wednesday,20.5,3 - heavy traffic,1287
4 Wednesday,20.5,4 - stand still,1526
4 Wednesday,21,0- free flowing,63685
4 Wednesday,21,1 - light traffic,126
4 Wednesday,21,2 - medium traffic,305
4 Wednesday,21,3 - heavy traffic,1194
4 Wednesday,21,4 - stand still,994
4 Wednesday,21.5,0- free flowing,55769
4 Wednesday,21.5,1 - light traffic,118
4 Wednesday,21.5,2 - medium traffic,600
4 Wednesday,21.5,3 - heavy traffic,1686
4 Wednesday,21.5,4 - stand still,1701
4 Wednesday,22,0- free flowing,45369
4 Wednesday,22,1 - light traffic,40
4 Wednesday,22,2 - medium traffic,267.5
4 Wednesday,22,3 - heavy traffic,1029
4 Wednesday,22,4 - stand still,2180.5
4 Wednesday,22.5,0- free flowing,40039
4 Wednesday,22.5,1 - light traffic,36
4 Wednesday,22.5,2 - medium traffic,285
4 Wednesday,22.5,3 - heavy traffic,1029
4 Wednesday,22.5,4 - stand still,1610
4 Wednesday,23,0- free flowing,36294
4 Wednesday,23,1 - light traffic,20
4 Wednesday,23,2 - medium traffic,275
4 Wednesday,23,3 - heavy traffic,927
4 Wednesday,23,4 - stand still,1298.5
4 Wednesday,23.5,0- free flowing,32957
4 Wednesday,23.5,1 - light traffic,14
4 Wednesday,23.5,2 - medium traffic,175
4 Wednesday,23.5,3 - heavy traffic,1029
4 Wednesday,23.5,4 - stand still,815.5
4 Wednesday,24,0- free flowing,27533
4 Wednesday,24,1 - light traffic,48
4 Wednesday,24,2 - medium traffic,110
4 Wednesday,24,3 - heavy traffic,420
4 Wednesday,24,4 - stand still,493.5
5 Thursday,0.5,0- free flowing,25259
5 Thursday,0.5,1 - light traffic,44
5 Thursday,0.5,2 - medium traffic,95
5 Thursday,0.5,3 - heavy traffic,456
5 Thursday,0.5,4 - stand still,511
5 Thursday,1,0- free flowing,21165
5 Thursday,1,1 - light traffic,28
5 Thursday,1,2 - medium traffic,67.5
5 Thursday,1,3 - heavy traffic,114
5 Thursday,1,4 - stand still,556.5
5 Thursday,1.5,0- free flowing,17198
5 Thursday,1.5,1 - light traffic,44
5 Thursday,1.5,2 - medium traffic,42.5
5 Thursday,1.5,3 - heavy traffic,135
5 Thursday,1.5,4 - stand still,287
5 Thursday,2,0- free flowing,15311
5 Thursday,2,1 - light traffic,32
5 Thursday,2,2 - medium traffic,25
5 Thursday,2,3 - heavy traffic,165
5 Thursday,2,4 - stand still,427
5 Thursday,2.5,0- free flowing,14310
5 Thursday,2.5,1 - light traffic,12
5 Thursday,2.5,2 - medium traffic,30
5 Thursday,2.5,3 - heavy traffic,81
5 Thursday,2.5,4 - stand still,199.5
5 Thursday,3,0- free flowing,13603
5 Thursday,3,1 - light traffic,8
5 Thursday,3,2 - medium traffic,42.5
5 Thursday,3,3 - heavy traffic,69
5 Thursday,3,4 - stand still,234.5
5 Thursday,3.5,0- free flowing,13777
5 Thursday,3.5,1 - light traffic,2
5 Thursday,3.5,2 - medium traffic,30
5 Thursday,3.5,3 - heavy traffic,126
5 Thursday,3.5,4 - stand still,364
5 Thursday,4,0- free flowing,14174
5 Thursday,4,1 - light traffic,6
5 Thursday,4,2 - medium traffic,17.5
5 Thursday,4,3 - heavy traffic,165
5 Thursday,4,4 - stand still,276.5
5 Thursday,4.5,0- free flowing,17223
5 Thursday,4.5,1 - light traffic,18
5 Thursday,4.5,2 - medium traffic,17.5
5 Thursday,4.5,3 - heavy traffic,111
5 Thursday,4.5,4 - stand still,322
5 Thursday,5,0- free flowing,23095
5 Thursday,5,1 - light traffic,12
5 Thursday,5,2 - medium traffic,47.5
5 Thursday,5,3 - heavy traffic,219
5 Thursday,5,4 - stand still,301
5 Thursday,5.5,0- free flowing,29211
5 Thursday,5.5,1 - light traffic,8
5 Thursday,5.5,2 - medium traffic,60
5 Thursday,5.5,3 - heavy traffic,210
5 Thursday,5.5,4 - stand still,395.5
5 Thursday,6,0- free flowing,34379
5 Thursday,6,1 - light traffic,6
5 Thursday,6,2 - medium traffic,30
5 Thursday,6,3 - heavy traffic,138
5 Thursday,6,4 - stand still,287
5 Thursday,6.5,0- free flowing,43825
5 Thursday,6.5,1 - light traffic,44
5 Thursday,6.5,2 - medium traffic,82.5
5 Thursday,6.5,3 - heavy traffic,198
5 Thursday,6.5,4 - stand still,241.5
5 Thursday,7,0- free flowing,62576
5 Thursday,7,1 - light traffic,58
5 Thursday,7,2 - medium traffic,335
5 Thursday,7,3 - heavy traffic,957
5 Thursday,7,4 - stand still,1106
5 Thursday,7.5,0- free flowing,99630
5 Thursday,7.5,1 - light traffic,1216
5 Thursday,7.5,2 - medium traffic,5217.5
5 Thursday,7.5,3 - heavy traffic,8061
5 Thursday,7.5,4 - stand still,1925
5 Thursday,8,0- free flowing,124233
5 Thursday,8,1 - light traffic,1782
5 Thursday,8,2 - medium traffic,10730
5 Thursday,8,3 - heavy traffic,26145
5 Thursday,8,4 - stand still,5978
5 Thursday,8.5,0- free flowing,121700
5 Thursday,8.5,1 - light traffic,1204
5 Thursday,8.5,2 - medium traffic,8352.5
5 Thursday,8.5,3 - heavy traffic,11172
5 Thursday,8.5,4 - stand still,6261.5
5 Thursday,9,0- free flowing,112688
5 Thursday,9,1 - light traffic,678
5 Thursday,9,2 - medium traffic,4122.5
5 Thursday,9,3 - heavy traffic,6924
5 Thursday,9,4 - stand still,6114.5
5 Thursday,9.5,0- free flowing,107176
5 Thursday,9.5,1 - light traffic,424
5 Thursday,9.5,2 - medium traffic,1667.5
5 Thursday,9.5,3 - heavy traffic,3390
5 Thursday,9.5,4 - stand still,6030.5
5 Thursday,10,0- free flowing,108686
5 Thursday,10,1 - light traffic,366
5 Thursday,10,2 - medium traffic,1470
5 Thursday,10,3 - heavy traffic,3354
5 Thursday,10,4 - stand still,5348
5 Thursday,10.5,0- free flowing,114611
5 Thursday,10.5,1 - light traffic,872
5 Thursday,10.5,2 - medium traffic,2445
5 Thursday,10.5,3 - heavy traffic,2643
5 Thursday,10.5,4 - stand still,3664.5
5 Thursday,11,0- free flowing,122357
5 Thursday,11,1 - light traffic,952
5 Thursday,11,2 - medium traffic,4850
5 Thursday,11,3 - heavy traffic,4119
5 Thursday,11,4 - stand still,2471
5 Thursday,11.5,0- free flowing,131245
5 Thursday,11.5,1 - light traffic,1144
5 Thursday,11.5,2 - medium traffic,3947.5
5 Thursday,11.5,3 - heavy traffic,7137
5 Thursday,11.5,4 - stand still,4326
5 Thursday,12,0- free flowing,137682
5 Thursday,12,1 - light traffic,1846
5 Thursday,12,2 - medium traffic,5510
5 Thursday,12,3 - heavy traffic,10902
5 Thursday,12,4 - stand still,6324.5
5 Thursday,12.5,0- free flowing,144085
5 Thursday,12.5,1 - light traffic,1654
5 Thursday,12.5,2 - medium traffic,8837.5
5 Thursday,12.5,3 - heavy traffic,17643
5 Thursday,12.5,4 - stand still,5901
5 Thursday,13,0- free flowing,147742
5 Thursday,13,1 - light traffic,2334
5 Thursday,13,2 - medium traffic,10182.5
5 Thursday,13,3 - heavy traffic,21207
5 Thursday,13,4 - stand still,9380
5 Thursday,13.5,0- free flowing,151882
5 Thursday,13.5,1 - light traffic,3146
5 Thursday,13.5,2 - medium traffic,13952.5
5 Thursday,13.5,3 - heavy traffic,22020
5 Thursday,13.5,4 - stand still,8046.5
5 Thursday,14,0- free flowing,148532
5 Thursday,14,1 - light traffic,3692
5 Thursday,14,2 - medium traffic,15617.5
5 Thursday,14,3 - heavy traffic,22512
5 Thursday,14,4 - stand still,8050
5 Thursday,14.5,0- free flowing,148562
5 Thursday,14.5,1 - light traffic,3138
5 Thursday,14.5,2 - medium traffic,20260
5 Thursday,14.5,3 - heavy traffic,25740
5 Thursday,14.5,4 - stand still,6958
5 Thursday,15,0- free flowing,160068
5 Thursday,15,1 - light traffic,3360
5 Thursday,15,2 - medium traffic,24257.5
5 Thursday,15,3 - heavy traffic,32742
5 Thursday,15,4 - stand still,7416.5
5 Thursday,15.5,0- free flowing,167200
5 Thursday,15.5,1 - light traffic,4096
5 Thursday,15.5,2 - medium traffic,32790
5 Thursday,15.5,3 - heavy traffic,38742
5 Thursday,15.5,4 - stand still,10013.5
5 Thursday,16,0- free flowing,168974
5 Thursday,16,1 - light traffic,3880
5 Thursday,16,2 - medium traffic,41880
5 Thursday,16,3 - heavy traffic,49797
5 Thursday,16,4 - stand still,14752.5
5 Thursday,16.5,0- free flowing,188152
5 Thursday,16.5,1 - light traffic,4194
5 Thursday,16.5,2 - medium traffic,41167.5
5 Thursday,16.5,3 - heavy traffic,69726
5 Thursday,16.5,4 - stand still,15942.5
5 Thursday,17,0- free flowing,205657
5 Thursday,17,1 - light traffic,5146
5 Thursday,17,2 - medium traffic,36432.5
5 Thursday,17,3 - heavy traffic,98046
5 Thursday,17,4 - stand still,15928.5
5 Thursday,17.5,0- free flowing,217326
5 Thursday,17.5,1 - light traffic,5720
5 Thursday,17.5,2 - medium traffic,32307.5
5 Thursday,17.5,3 - heavy traffic,133242
5 Thursday,17.5,4 - stand still,22554
5 Thursday,18,0- free flowing,198819
5 Thursday,18,1 - light traffic,4200
5 Thursday,18,2 - medium traffic,34852.5
5 Thursday,18,3 - heavy traffic,70689
5 Thursday,18,4 - stand still,14952
5 Thursday,18.5,0- free flowing,160618
5 Thursday,18.5,1 - light traffic,3218
5 Thursday,18.5,2 - medium traffic,25095
5 Thursday,18.5,3 - heavy traffic,20184
5 Thursday,18.5,4 - stand still,7983.5
5 Thursday,19,0- free flowing,128287
5 Thursday,19,1 - light traffic,1392
5 Thursday,19,2 - medium traffic,7012.5
5 Thursday,19,3 - heavy traffic,6624
5 Thursday,19,4 - stand still,3941
5 Thursday,19.5,0- free flowing,110602
5 Thursday,19.5,1 - light traffic,636
5 Thursday,19.5,2 - medium traffic,2517.5
5 Thursday,19.5,3 - heavy traffic,2322
5 Thursday,19.5,4 - stand still,2404.5
5 Thursday,20,0- free flowing,96603
5 Thursday,20,1 - light traffic,326
5 Thursday,20,2 - medium traffic,1055
5 Thursday,20,3 - heavy traffic,1299
5 Thursday,20,4 - stand still,1655.5
5 Thursday,20.5,0- free flowing,86177
5 Thursday,20.5,1 - light traffic,186
5 Thursday,20.5,2 - medium traffic,695
5 Thursday,20.5,3 - heavy traffic,1467
5 Thursday,20.5,4 - stand still,1757
5 Thursday,21,0- free flowing,79425
5 Thursday,21,1 - light traffic,216
5 Thursday,21,2 - medium traffic,1115
5 Thursday,21,3 - heavy traffic,1821
5 Thursday,21,4 - stand still,1774.5
5 Thursday,21.5,0- free flowing,67968
5 Thursday,21.5,1 - light traffic,240
5 Thursday,21.5,2 - medium traffic,912.5
5 Thursday,21.5,3 - heavy traffic,3261
5 Thursday,21.5,4 - stand still,2394
5 Thursday,22,0- free flowing,55761
5 Thursday,22,1 - light traffic,132
5 Thursday,22,2 - medium traffic,622.5
5 Thursday,22,3 - heavy traffic,2901
5 Thursday,22,4 - stand still,3188.5
5 Thursday,22.5,0- free flowing,47012
5 Thursday,22.5,1 - light traffic,36
5 Thursday,22.5,2 - medium traffic,465
5 Thursday,22.5,3 - heavy traffic,1497
5 Thursday,22.5,4 - stand still,5327
5 Thursday,23,0- free flowing,42945
5 Thursday,23,1 - light traffic,76
5 Thursday,23,2 - medium traffic,685
5 Thursday,23,3 - heavy traffic,1347
5 Thursday,23,4 - stand still,3871
5 Thursday,23.5,0- free flowing,36759
5 Thursday,23.5,1 - light traffic,34
5 Thursday,23.5,2 - medium traffic,950
5 Thursday,23.5,3 - heavy traffic,1218
5 Thursday,23.5,4 - stand still,1123.5
5 Thursday,24,0- free flowing,29357
5 Thursday,24,1 - light traffic,42
5 Thursday,24,2 - medium traffic,255
5 Thursday,24,3 - heavy traffic,768
5 Thursday,24,4 - stand still,801.5
6 Friday,0.5,0- free flowing,29894
6 Friday,0.5,1 - light traffic,22
6 Friday,0.5,2 - medium traffic,90
6 Friday,0.5,3 - heavy traffic,432
6 Friday,0.5,4 - stand still,1417.5
6 Friday,1,0- free flowing,25250
6 Friday,1,1 - light traffic,26
6 Friday,1,2 - medium traffic,45
6 Friday,1,3 - heavy traffic,504
6 Friday,1,4 - stand still,871.5
6 Friday,1.5,0- free flowing,22248
6 Friday,1.5,1 - light traffic,30
6 Friday,1.5,2 - medium traffic,87.5
6 Friday,1.5,3 - heavy traffic,345
6 Friday,1.5,4 - stand still,591.5
6 Friday,2,0- free flowing,18776
6 Friday,2,1 - light traffic,20
6 Friday,2,2 - medium traffic,70
6 Friday,2,3 - heavy traffic,153
6 Friday,2,4 - stand still,371
6 Friday,2.5,0- free flowing,17760
6 Friday,2.5,1 - light traffic,10
6 Friday,2.5,2 - medium traffic,30
6 Friday,2.5,3 - heavy traffic,198
6 Friday,2.5,4 - stand still,287
6 Friday,3,0- free flowing,16790
6 Friday,3,1 - light traffic,30
6 Friday,3,2 - medium traffic,32.5
6 Friday,3,3 - heavy traffic,180
6 Friday,3,4 - stand still,371
6 Friday,3.5,0- free flowing,16700
6 Friday,3.5,1 - light traffic,14
6 Friday,3.5,2 - medium traffic,50
6 Friday,3.5,3 - heavy traffic,87
6 Friday,3.5,4 - stand still,430.5
6 Friday,4,0- free flowing,16925
6 Friday,4,1 - light traffic,4
6 Friday,4,2 - medium traffic,37.5
6 Friday,4,3 - heavy traffic,75
6 Friday,4,4 - stand still,322
6 Friday,4.5,0- free flowing,19188
6 Friday,4.5,1 - light traffic,10
6 Friday,4.5,2 - medium traffic,42.5
6 Friday,4.5,3 - heavy traffic,120
6 Friday,4.5,4 - stand still,364
6 Friday,5,0- free flowing,23733
6 Friday,5,1 - light traffic,2
6 Friday,5,2 - medium traffic,65
6 Friday,5,3 - heavy traffic,99
6 Friday,5,4 - stand still,248.5
6 Friday,5.5,0- free flowing,29184
6 Friday,5.5,1 - light traffic,10
6 Friday,5.5,2 - medium traffic,52.5
6 Friday,5.5,3 - heavy traffic,105
6 Friday,5.5,4 - stand still,185.5
6 Friday,6,0- free flowing,32549
6 Friday,6,1 - light traffic,10
6 Friday,6,2 - medium traffic,32.5
6 Friday,6,3 - heavy traffic,99
6 Friday,6,4 - stand still,196
6 Friday,6.5,0- free flowing,42049
6 Friday,6.5,1 - light traffic,4
6 Friday,6.5,2 - medium traffic,30
6 Friday,6.5,3 - heavy traffic,186
6 Friday,6.5,4 - stand still,287
6 Friday,7,0- free flowing,58259
6 Friday,7,1 - light traffic,54
6 Friday,7,2 - medium traffic,240
6 Friday,7,3 - heavy traffic,591
6 Friday,7,4 - stand still,882
6 Friday,7.5,0- free flowing,93501
6 Friday,7.5,1 - light traffic,456
6 Friday,7.5,2 - medium traffic,2735
6 Friday,7.5,3 - heavy traffic,3210
6 Friday,7.5,4 - stand still,1893.5
6 Friday,8,0- free flowing,116634
6 Friday,8,1 - light traffic,1208
6 Friday,8,2 - medium traffic,8247.5
6 Friday,8,3 - heavy traffic,11613
6 Friday,8,4 - stand still,3871
6 Friday,8.5,0- free flowing,120285
6 Friday,8.5,1 - light traffic,856
6 Friday,8.5,2 - medium traffic,3715
6 Friday,8.5,3 - heavy traffic,5427
6 Friday,8.5,4 - stand still,4161.5
6 Friday,9,0- free flowing,110652
6 Friday,9,1 - light traffic,422
6 Friday,9,2 - medium traffic,1725
6 Friday,9,3 - heavy traffic,3921
6 Friday,9,4 - stand still,3888.5
6 Friday,9.5,0- free flowing,112683
6 Friday,9.5,1 - light traffic,260
6 Friday,9.5,2 - medium traffic,1432.5
6 Friday,9.5,3 - heavy traffic,2811
6 Friday,9.5,4 - stand still,3633
6 Friday,10,0- free flowing,119026
6 Friday,10,1 - light traffic,328
6 Friday,10,2 - medium traffic,2072.5
6 Friday,10,3 - heavy traffic,3744
6 Friday,10,4 - stand still,3668
6 Friday,10.5,0- free flowing,126186
6 Friday,10.5,1 - light traffic,480
6 Friday,10.5,2 - medium traffic,3030
6 Friday,10.5,3 - heavy traffic,4293
6 Friday,10.5,4 - stand still,4371.5
6 Friday,11,0- free flowing,137107
6 Friday,11,1 - light traffic,1042
6 Friday,11,2 - medium traffic,4682.5
6 Friday,11,3 - heavy traffic,8517
6 Friday,11,4 - stand still,5012
6 Friday,11.5,0- free flowing,151057
6 Friday,11.5,1 - light traffic,1780
6 Friday,11.5,2 - medium traffic,8425
6 Friday,11.5,3 - heavy traffic,17268
6 Friday,11.5,4 - stand still,6338.5
6 Friday,12,0- free flowing,162133
6 Friday,12,1 - light traffic,2900
6 Friday,12,2 - medium traffic,14465
6 Friday,12,3 - heavy traffic,27288
6 Friday,12,4 - stand still,7280
6 Friday,12.5,0- free flowing,168553
6 Friday,12.5,1 - light traffic,4170
6 Friday,12.5,2 - medium traffic,21317.5
6 Friday,12.5,3 - heavy traffic,36267
6 Friday,12.5,4 - stand still,10647
6 Friday,13,0- free flowing,175260
6 Friday,13,1 - light traffic,4444
6 Friday,13,2 - medium traffic,28287.5
6 Friday,13,3 - heavy traffic,44187
6 Friday,13,4 - stand still,15498
6 Friday,13.5,0- free flowing,181137
6 Friday,13.5,1 - light traffic,5840
6 Friday,13.5,2 - medium traffic,33075
6 Friday,13.5,3 - heavy traffic,54360
6 Friday,13.5,4 - stand still,20615
6 Friday,14,0- free flowing,187052
6 Friday,14,1 - light traffic,5428
6 Friday,14,2 - medium traffic,42597.5
6 Friday,14,3 - heavy traffic,61584
6 Friday,14,4 - stand still,21497
6 Friday,14.5,0- free flowing,190918
6 Friday,14.5,1 - light traffic,5352
6 Friday,14.5,2 - medium traffic,53025
6 Friday,14.5,3 - heavy traffic,68223
6 Friday,14.5,4 - stand still,22050
6 Friday,15,0- free flowing,201736
6 Friday,15,1 - light traffic,6252
6 Friday,15,2 - medium traffic,58137.5
6 Friday,15,3 - heavy traffic,86517
6 Friday,15,4 - stand still,20657
6 Friday,15.5,0- free flowing,212342
6 Friday,15.5,1 - light traffic,5398
6 Friday,15.5,2 - medium traffic,57162.5
6 Friday,15.5,3 - heavy traffic,112113
6 Friday,15.5,4 - stand still,28542.5
6 Friday,16,0- free flowing,222690
6 Friday,16,1 - light traffic,5262
6 Friday,16,2 - medium traffic,59830
6 Friday,16,3 - heavy traffic,129756
6 Friday,16,4 - stand still,37877
6 Friday,16.5,0- free flowing,245869
6 Friday,16.5,1 - light traffic,4948
6 Friday,16.5,2 - medium traffic,59960
6 Friday,16.5,3 - heavy traffic,137904
6 Friday,16.5,4 - stand still,39977
6 Friday,17,0- free flowing,240183
6 Friday,17,1 - light traffic,6112
6 Friday,17,2 - medium traffic,52757.5
6 Friday,17,3 - heavy traffic,145446
6 Friday,17,4 - stand still,46067
6 Friday,17.5,0- free flowing,241712
6 Friday,17.5,1 - light traffic,6058
6 Friday,17.5,2 - medium traffic,54970
6 Friday,17.5,3 - heavy traffic,137394
6 Friday,17.5,4 - stand still,47169.5
6 Friday,18,0- free flowing,226093
6 Friday,18,1 - light traffic,6180
6 Friday,18,2 - medium traffic,52940
6 Friday,18,3 - heavy traffic,85536
6 Friday,18,4 - stand still,40085.5
6 Friday,18.5,0- free flowing,204097
6 Friday,18.5,1 - light traffic,6042
6 Friday,18.5,2 - medium traffic,37642.5
6 Friday,18.5,3 - heavy traffic,46593
6 Friday,18.5,4 - stand still,33400.5
6 Friday,19,0- free flowing,177422
6 Friday,19,1 - light traffic,3846
6 Friday,19,2 - medium traffic,25225
6 Friday,19,3 - heavy traffic,25812
6 Friday,19,4 - stand still,26827.5
6 Friday,19.5,0- free flowing,159962
6 Friday,19.5,1 - light traffic,2534
6 Friday,19.5,2 - medium traffic,16245
6 Friday,19.5,3 - heavy traffic,19653
6 Friday,19.5,4 - stand still,18732
6 Friday,20,0- free flowing,139475
6 Friday,20,1 - light traffic,1508
6 Friday,20,2 - medium traffic,12740
6 Friday,20,3 - heavy traffic,12504
6 Friday,20,4 - stand still,12369
6 Friday,20.5,0- free flowing,126062
6 Friday,20.5,1 - light traffic,968
6 Friday,20.5,2 - medium traffic,7212.5
6 Friday,20.5,3 - heavy traffic,8409
6 Friday,20.5,4 - stand still,9331
6 Friday,21,0- free flowing,113563
6 Friday,21,1 - light traffic,582
6 Friday,21,2 - medium traffic,6647.5
6 Friday,21,3 - heavy traffic,9633
6 Friday,21,4 - stand still,6538
6 Friday,21.5,0- free flowing,103096
6 Friday,21.5,1 - light traffic,1042
6 Friday,21.5,2 - medium traffic,5442.5
6 Friday,21.5,3 - heavy traffic,6159
6 Friday,21.5,4 - stand still,4840.5
6 Friday,22,0- free flowing,87542
6 Friday,22,1 - light traffic,438
6 Friday,22,2 - medium traffic,3427.5
6 Friday,22,3 - heavy traffic,3240
6 Friday,22,4 - stand still,4497.5
6 Friday,22.5,0- free flowing,74521
6 Friday,22.5,1 - light traffic,582
6 Friday,22.5,2 - medium traffic,1532.5
6 Friday,22.5,3 - heavy traffic,2268
6 Friday,22.5,4 - stand still,2054.5
6 Friday,23,0- free flowing,62032
6 Friday,23,1 - light traffic,58
6 Friday,23,2 - medium traffic,130
6 Friday,23,3 - heavy traffic,573
6 Friday,23,4 - stand still,1207.5
6 Friday,23.5,0- free flowing,50313
6 Friday,23.5,1 - light traffic,8
6 Friday,23.5,2 - medium traffic,57.5
6 Friday,23.5,3 - heavy traffic,201
6 Friday,23.5,4 - stand still,857.5
6 Friday,24,0- free flowing,36431
6 Friday,24,1 - light traffic,18
6 Friday,24,2 - medium traffic,95
6 Friday,24,3 - heavy traffic,396
6 Friday,24,4 - stand still,1414
7 Saturday,0.5,0- free flowing,39794
7 Saturday,0.5,1 - light traffic,10
7 Saturday,0.5,2 - medium traffic,15
7 Saturday,0.5,3 - heavy traffic,45
7 Saturday,0.5,4 - stand still,539
7 Saturday,1,0- free flowing,33626
7 Saturday,1,1 - light traffic,8
7 Saturday,1,2 - medium traffic,20
7 Saturday,1,3 - heavy traffic,108
7 Saturday,1,4 - stand still,175
7 Saturday,1.5,0- free flowing,30290
7 Saturday,1.5,1 - light traffic,10
7 Saturday,1.5,2 - medium traffic,5
7 Saturday,1.5,3 - heavy traffic,87
7 Saturday,1.5,4 - stand still,80.5
7 Saturday,2,0- free flowing,27142
7 Saturday,2,1 - light traffic,14
7 Saturday,2,2 - medium traffic,15
7 Saturday,2,3 - heavy traffic,225
7 Saturday,2,4 - stand still,157.5
7 Saturday,2.5,0- free flowing,24093
7 Saturday,2.5,1 - light traffic,36
7 Saturday,2.5,2 - medium traffic,25
7 Saturday,2.5,3 - heavy traffic,54
7 Saturday,2.5,4 - stand still,192.5
7 Saturday,3,0- free flowing,21745
7 Saturday,3,1 - light traffic,2
7 Saturday,3,2 - medium traffic,17.5
7 Saturday,3,3 - heavy traffic,66
7 Saturday,3,4 - stand still,115.5
7 Saturday,3.5,0- free flowing,20314
7 Saturday,3.5,1 - light traffic,2
7 Saturday,3.5,2 - medium traffic,47.5
7 Saturday,3.5,3 - heavy traffic,93
7 Saturday,3.5,4 - stand still,126
7 Saturday,4,0- free flowing,19129
7 Saturday,4,1 - light traffic,22
7 Saturday,4,2 - medium traffic,7.5
7 Saturday,4,3 - heavy traffic,60
7 Saturday,4,4 - stand still,143.5
7 Saturday,4.5,0- free flowing,19136
7 Saturday,4.5,1 - light traffic,24
7 Saturday,4.5,2 - medium traffic,20
7 Saturday,4.5,3 - heavy traffic,96
7 Saturday,4.5,4 - stand still,157.5
7 Saturday,5,0- free flowing,21161
7 Saturday,5,1 - light traffic,4
7 Saturday,5,2 - medium traffic,22.5
7 Saturday,5,3 - heavy traffic,42
7 Saturday,5,4 - stand still,231
7 Saturday,5.5,0- free flowing,24565
7 Saturday,5.5,1 - light traffic,2
7 Saturday,5.5,2 - medium traffic,7.5
7 Saturday,5.5,3 - heavy traffic,54
7 Saturday,5.5,4 - stand still,308
7 Saturday,6,0- free flowing,29224
7 Saturday,6,1 - light traffic,0
7 Saturday,6,2 - medium traffic,22.5
7 Saturday,6,3 - heavy traffic,33
7 Saturday,6,4 - stand still,122.5
7 Saturday,6.5,0- free flowing,34237
7 Saturday,6.5,1 - light traffic,12
7 Saturday,6.5,2 - medium traffic,35
7 Saturday,6.5,3 - heavy traffic,150
7 Saturday,6.5,4 - stand still,199.5
7 Saturday,7,0- free flowing,37027
7 Saturday,7,1 - light traffic,24
7 Saturday,7,2 - medium traffic,57.5
7 Saturday,7,3 - heavy traffic,84
7 Saturday,7,4 - stand still,101.5
7 Saturday,7.5,0- free flowing,46201
7 Saturday,7.5,1 - light traffic,14
7 Saturday,7.5,2 - medium traffic,27.5
7 Saturday,7.5,3 - heavy traffic,264
7 Saturday,7.5,4 - stand still,182
7 Saturday,8,0- free flowing,58446
7 Saturday,8,1 - light traffic,32
7 Saturday,8,2 - medium traffic,100
7 Saturday,8,3 - heavy traffic,390
7 Saturday,8,4 - stand still,472.5
7 Saturday,8.5,0- free flowing,75948
7 Saturday,8.5,1 - light traffic,212
7 Saturday,8.5,2 - medium traffic,182.5
7 Saturday,8.5,3 - heavy traffic,762
7 Saturday,8.5,4 - stand still,882
7 Saturday,9,0- free flowing,87132
7 Saturday,9,1 - light traffic,302
7 Saturday,9,2 - medium traffic,302.5
7 Saturday,9,3 - heavy traffic,1701
7 Saturday,9,4 - stand still,1750
7 Saturday,9.5,0- free flowing,102278
7 Saturday,9.5,1 - light traffic,234
7 Saturday,9.5,2 - medium traffic,265
7 Saturday,9.5,3 - heavy traffic,2298
7 Saturday,9.5,4 - stand still,4144
7 Saturday,10,0- free flowing,117504
7 Saturday,10,1 - light traffic,490
7 Saturday,10,2 - medium traffic,1170
7 Saturday,10,3 - heavy traffic,4722
7 Saturday,10,4 - stand still,5610.5
7 Saturday,10.5,0- free flowing,129505
7 Saturday,10.5,1 - light traffic,564
7 Saturday,10.5,2 - medium traffic,2905
7 Saturday,10.5,3 - heavy traffic,7359
7 Saturday,10.5,4 - stand still,5726
7 Saturday,11,0- free flowing,140365
7 Saturday,11,1 - light traffic,706
7 Saturday,11,2 - medium traffic,4672.5
7 Saturday,11,3 - heavy traffic,13935
7 Saturday,11,4 - stand still,7588
7 Saturday,11.5,0- free flowing,151959
7 Saturday,11.5,1 - light traffic,1252
7 Saturday,11.5,2 - medium traffic,6495
7 Saturday,11.5,3 - heavy traffic,21966
7 Saturday,11.5,4 - stand still,9114
7 Saturday,12,0- free flowing,165336
7 Saturday,12,1 - light traffic,1786
7 Saturday,12,2 - medium traffic,9035
7 Saturday,12,3 - heavy traffic,26562
7 Saturday,12,4 - stand still,13811
7 Saturday,12.5,0- free flowing,177325
7 Saturday,12.5,1 - light traffic,2530
7 Saturday,12.5,2 - medium traffic,12820
7 Saturday,12.5,3 - heavy traffic,31143
7 Saturday,12.5,4 - stand still,18403
7 Saturday,13,0- free flowing,182936
7 Saturday,13,1 - light traffic,2590
7 Saturday,13,2 - medium traffic,15325
7 Saturday,13,3 - heavy traffic,36492
7 Saturday,13,4 - stand still,16632
7 Saturday,13.5,0- free flowing,181939
7 Saturday,13.5,1 - light traffic,2098
7 Saturday,13.5,2 - medium traffic,16485
7 Saturday,13.5,3 - heavy traffic,36030
7 Saturday,13.5,4 - stand still,15249.5
7 Saturday,14,0- free flowing,181781
7 Saturday,14,1 - light traffic,2180
7 Saturday,14,2 - medium traffic,15135
7 Saturday,14,3 - heavy traffic,33327
7 Saturday,14,4 - stand still,16607.5
7 Saturday,14.5,0- free flowing,177748
7 Saturday,14.5,1 - light traffic,2702
7 Saturday,14.5,2 - medium traffic,17045
7 Saturday,14.5,3 - heavy traffic,35826
7 Saturday,14.5,4 - stand still,14773.5
7 Saturday,15,0- free flowing,176433
7 Saturday,15,1 - light traffic,2460
7 Saturday,15,2 - medium traffic,18500
7 Saturday,15,3 - heavy traffic,32457
7 Saturday,15,4 - stand still,14346.5
7 Saturday,15.5,0- free flowing,175911
7 Saturday,15.5,1 - light traffic,2400
7 Saturday,15.5,2 - medium traffic,17410
7 Saturday,15.5,3 - heavy traffic,29097
7 Saturday,15.5,4 - stand still,14626.5
7 Saturday,16,0- free flowing,171011
7 Saturday,16,1 - light traffic,1908
7 Saturday,16,2 - medium traffic,14682.5
7 Saturday,16,3 - heavy traffic,27414
7 Saturday,16,4 - stand still,14518
7 Saturday,16.5,0- free flowing,166953
7 Saturday,16.5,1 - light traffic,2330
7 Saturday,16.5,2 - medium traffic,14507.5
7 Saturday,16.5,3 - heavy traffic,22359
7 Saturday,16.5,4 - stand still,11826.5
7 Saturday,17,0- free flowing,163613
7 Saturday,17,1 - light traffic,2388
7 Saturday,17,2 - medium traffic,13217.5
7 Saturday,17,3 - heavy traffic,17727
7 Saturday,17,4 - stand still,8589
7 Saturday,17.5,0- free flowing,160820
7 Saturday,17.5,1 - light traffic,1954
7 Saturday,17.5,2 - medium traffic,13787.5
7 Saturday,17.5,3 - heavy traffic,14931
7 Saturday,17.5,4 - stand still,6128.5
7 Saturday,18,0- free flowing,155661
7 Saturday,18,1 - light traffic,1922
7 Saturday,18,2 - medium traffic,9980
7 Saturday,18,3 - heavy traffic,11922
7 Saturday,18,4 - stand still,6884.5
7 Saturday,18.5,0- free flowing,146734
7 Saturday,18.5,1 - light traffic,1238
7 Saturday,18.5,2 - medium traffic,5707.5
7 Saturday,18.5,3 - heavy traffic,8940
7 Saturday,18.5,4 - stand still,6545
7 Saturday,19,0- free flowing,136408
7 Saturday,19,1 - light traffic,534
7 Saturday,19,2 - medium traffic,3580
7 Saturday,19,3 - heavy traffic,5844
7 Saturday,19,4 - stand still,5876.5
7 Saturday,19.5,0- free flowing,122528
7 Saturday,19.5,1 - light traffic,366
7 Saturday,19.5,2 - medium traffic,2830
7 Saturday,19.5,3 - heavy traffic,3468
7 Saturday,19.5,4 - stand still,4490.5
7 Saturday,20,0- free flowing,96497
7 Saturday,20,1 - light traffic,792
7 Saturday,20,2 - medium traffic,1127.5
7 Saturday,20,3 - heavy traffic,2142
7 Saturday,20,4 - stand still,3839.5
7 Saturday,20.5,0- free flowing,79468
7 Saturday,20.5,1 - light traffic,554
7 Saturday,20.5,2 - medium traffic,710
7 Saturday,20.5,3 - heavy traffic,1707
7 Saturday,20.5,4 - stand still,2131.5
7 Saturday,21,0- free flowing,85745
7 Saturday,21,1 - light traffic,70
7 Saturday,21,2 - medium traffic,172.5
7 Saturday,21,3 - heavy traffic,1467
7 Saturday,21,4 - stand still,2205
7 Saturday,21.5,0- free flowing,80654
7 Saturday,21.5,1 - light traffic,64
7 Saturday,21.5,2 - medium traffic,182.5
7 Saturday,21.5,3 - heavy traffic,969
7 Saturday,21.5,4 - stand still,1095.5
7 Saturday,22,0- free flowing,73413
7 Saturday,22,1 - light traffic,46
7 Saturday,22,2 - medium traffic,210
7 Saturday,22,3 - heavy traffic,594
7 Saturday,22,4 - stand still,759.5
7 Saturday,22.5,0- free flowing,64470
7 Saturday,22.5,1 - light traffic,16
7 Saturday,22.5,2 - medium traffic,77.5
7 Saturday,22.5,3 - heavy traffic,423
7 Saturday,22.5,4 - stand still,675.5
7 Saturday,23,0- free flowing,54301
7 Saturday,23,1 - light traffic,24
7 Saturday,23,2 - medium traffic,35
7 Saturday,23,3 - heavy traffic,327
7 Saturday,23,4 - stand still,315
7 Saturday,23.5,0- free flowing,45538
7 Saturday,23.5,1 - light traffic,0
7 Saturday,23.5,2 - medium traffic,42.5
7 Saturday,23.5,3 - heavy traffic,123
7 Saturday,23.5,4 - stand still,154
7 Saturday,24,0- free flowing,39826
7 Saturday,24,1 - light traffic,2
7 Saturday,24,2 - medium traffic,0
7 Saturday,24,3 - heavy traffic,153
7 Saturday,24,4 - stand still,539
