Day of Week,Time Half Hour,Traffic Level,Traffic Flow
1 Sunday,0.5,0- free flowing,37163
1 Sunday,0.5,1 - light traffic,6
1 Sunday,0.5,2 - medium traffic,0
1 Sunday,0.5,3 - heavy traffic,63
1 Sunday,0.5,4 - stand still,122.5
1 Sunday,1,0- free flowing,33268
1 Sunday,1,1 - light traffic,4
1 Sunday,1,2 - medium traffic,7.5
1 Sunday,1,3 - heavy traffic,84
1 Sunday,1,4 - stand still,101.5
1 Sunday,1.5,0- free flowing,28554
1 Sunday,1.5,1 - light traffic,4
1 Sunday,1.5,2 - medium traffic,5
1 Sunday,1.5,3 - heavy traffic,33
1 Sunday,1.5,4 - stand still,59.5
1 Sunday,2,0- free flowing,23404
1 Sunday,2,1 - light traffic,2
1 Sunday,2,2 - medium traffic,10
1 Sunday,2,3 - heavy traffic,36
1 Sunday,2,4 - stand still,42
1 Sunday,2.5,0- free flowing,20053
1 Sunday,2.5,1 - light traffic,0
1 Sunday,2.5,2 - medium traffic,0
1 Sunday,2.5,3 - heavy traffic,60
1 Sunday,2.5,4 - stand still,42
1 Sunday,3,0- free flowing,18392
1 Sunday,3,1 - light traffic,0
1 Sunday,3,2 - medium traffic,2.5
1 Sunday,3,3 - heavy traffic,27
1 Sunday,3,4 - stand still,66.5
1 Sunday,3.5,0- free flowing,16575
1 Sunday,3.5,1 - light traffic,0
1 Sunday,3.5,2 - medium traffic,10
1 Sunday,3.5,3 - heavy traffic,33
1 Sunday,3.5,4 - stand still,17.5
1 Sunday,4,0- free flowing,14292
1 Sunday,4,1 - light traffic,0
1 Sunday,4,2 - medium traffic,10
1 Sunday,4,3 - heavy traffic,54
1 Sunday,4,4 - stand still,21
1 Sunday,4.5,0- free flowing,13906
1 Sunday,4.5,1 - light traffic,6
1 Sunday,4.5,2 - medium traffic,7.5
1 Sunday,4.5,3 - heavy traffic,18
1 Sunday,4.5,4 - stand still,119
1 Sunday,5,0- free flowing,14954
1 Sunday,5,1 - light traffic,10
1 Sunday,5,2 - medium traffic,15
1 Sunday,5,3 - heavy traffic,48
1 Sunday,5,4 - stand still,80.5
1 Sunday,5.5,0- free flowing,17142
1 Sunday,5.5,1 - light traffic,10
1 Sunday,5.5,2 - medium traffic,5
1 Sunday,5.5,3 - heavy traffic,51
1 Sunday,5.5,4 - stand still,49
1 Sunday,6,0- free flowing,20779
1 Sunday,6,1 - light traffic,0
1 Sunday,6,2 - medium traffic,20
1 Sunday,6,3 - heavy traffic,81
1 Sunday,6,4 - stand still,346.5
1 Sunday,6.5,0- free flowing,26544
1 Sunday,6.5,1 - light traffic,2
1 Sunday,6.5,2 - medium traffic,12.5
1 Sunday,6.5,3 - heavy traffic,72
1 Sunday,6.5,4 - stand still,63
1 Sunday,7,0- free flowing,29126
1 Sunday,7,1 - light traffic,8
1 Sunday,7,2 - medium traffic,17.5
1 Sunday,7,3 - heavy traffic,90
1 Sunday,7,4 - stand still,129.5
1 Sunday,7.5,0- free flowing,32488
1 Sunday,7.5,1 - light traffic,6
1 Sunday,7.5,2 - medium traffic,45
1 Sunday,7.5,3 - heavy traffic,156
1 Sunday,7.5,4 - stand still,392
1 Sunday,8,0- free flowing,36625
1 Sunday,8,1 - light traffic,0
1 Sunday,8,2 - medium traffic,110
1 Sunday,8,3 - heavy traffic,102
1 Sunday,8,4 - stand still,1351
1 Sunday,8.5,0- free flowing,45967
1 Sunday,8.5,1 - light traffic,6
1 Sunday,8.5,2 - medium traffic,62.5
1 Sunday,8.5,3 - heavy traffic,318
1 Sunday,8.5,4 - stand still,2436
1 Sunday,9,0- free flowing,60935
1 Sunday,9,1 - light traffic,28
1 Sunday,9,2 - medium traffic,410
1 Sunday,9,3 - heavy traffic,438
1 Sunday,9,4 - stand still,2541
1 Sunday,9.5,0- free flowing,75865
1 Sunday,9.5,1 - light traffic,46
1 Sunday,9.5,2 - medium traffic,420
1 Sunday,9.5,3 - heavy traffic,1350
1 Sunday,9.5,4 - stand still,2240
1 Sunday,10,0- free flowing,84733
1 Sunday,10,1 - light traffic,44
1 Sunday,10,2 - medium traffic,317.5
1 Sunday,10,3 - heavy traffic,2172
1 Sunday,10,4 - stand still,3829
1 Sunday,10.5,0- free flowing,110251
1 Sunday,10.5,1 - light traffic,302
1 Sunday,10.5,2 - medium traffic,1020
1 Sunday,10.5,3 - heavy traffic,3687
1 Sunday,10.5,4 - stand still,6853
1 Sunday,11,0- free flowing,127264
1 Sunday,11,1 - light traffic,598
1 Sunday,11,2 - medium traffic,2805
1 Sunday,11,3 - heavy traffic,7509
1 Sunday,11,4 - stand still,7672
1 Sunday,11.5,0- free flowing,134942
1 Sunday,11.5,1 - light traffic,622
1 Sunday,11.5,2 - medium traffic,3822.5
1 Sunday,11.5,3 - heavy traffic,12477
1 Sunday,11.5,4 - stand still,9786
1 Sunday,12,0- free flowing,148622
1 Sunday,12,1 - light traffic,1392
1 Sunday,12,2 - medium traffic,5947.5
1 Sunday,12,3 - heavy traffic,18441
1 Sunday,12,4 - stand still,12295.5
1 Sunday,12.5,0- free flowing,166265
1 Sunday,12.5,1 - light traffic,3010
1 Sunday,12.5,2 - medium traffic,9687.5
1 Sunday,12.5,3 - heavy traffic,27654
1 Sunday,12.5,4 - stand still,13191.5
1 Sunday,13,0- free flowing,175197
1 Sunday,13,1 - light traffic,4700
1 Sunday,13,2 - medium traffic,20145
1 Sunday,13,3 - heavy traffic,36762
1 Sunday,13,4 - stand still,18340
1 Sunday,13.5,0- free flowing,176367
1 Sunday,13.5,1 - light traffic,4930
1 Sunday,13.5,2 - medium traffic,29712.5
1 Sunday,13.5,3 - heavy traffic,38364
1 Sunday,13.5,4 - stand still,19054
1 Sunday,14,0- free flowing,178377
1 Sunday,14,1 - light traffic,4814
1 Sunday,14,2 - medium traffic,29962.5
1 Sunday,14,3 - heavy traffic,42120
1 Sunday,14,4 - stand still,24052
1 Sunday,14.5,0- free flowing,179046
1 Sunday,14.5,1 - light traffic,4854
1 Sunday,14.5,2 - medium traffic,30772.5
1 Sunday,14.5,3 - heavy traffic,48354
1 Sunday,14.5,4 - stand still,26148.5
1 Sunday,15,0- free flowing,183912
1 Sunday,15,1 - light traffic,4370
1 Sunday,15,2 - medium traffic,30355
1 Sunday,15,3 - heavy traffic,51090
1 Sunday,15,4 - stand still,25683
1 Sunday,15.5,0- free flowing,181080
1 Sunday,15.5,1 - light traffic,3856
1 Sunday,15.5,2 - medium traffic,30715
1 Sunday,15.5,3 - heavy traffic,48297
1 Sunday,15.5,4 - stand still,24363.5
1 Sunday,16,0- free flowing,178700
1 Sunday,16,1 - light traffic,3964
1 Sunday,16,2 - medium traffic,33385
1 Sunday,16,3 - heavy traffic,46599
1 Sunday,16,4 - stand still,21234.5
1 Sunday,16.5,0- free flowing,175559
1 Sunday,16.5,1 - light traffic,3436
1 Sunday,16.5,2 - medium traffic,36665
1 Sunday,16.5,3 - heavy traffic,41529
1 Sunday,16.5,4 - stand still,19439
1 Sunday,17,0- free flowing,170814
1 Sunday,17,1 - light traffic,4486
1 Sunday,17,2 - medium traffic,32260
1 Sunday,17,3 - heavy traffic,37383
1 Sunday,17,4 - stand still,15746.5
1 Sunday,17.5,0- free flowing,161685
1 Sunday,17.5,1 - light traffic,3184
1 Sunday,17.5,2 - medium traffic,23477.5
1 Sunday,17.5,3 - heavy traffic,31893
1 Sunday,17.5,4 - stand still,14882
1 Sunday,18,0- free flowing,151389
1 Sunday,18,1 - light traffic,2054
1 Sunday,18,2 - medium traffic,18915
1 Sunday,18,3 - heavy traffic,22563
1 Sunday,18,4 - stand still,11021.5
1 Sunday,18.5,0- free flowing,139897
1 Sunday,18.5,1 - light traffic,2010
1 Sunday,18.5,2 - medium traffic,13272.5
1 Sunday,18.5,3 - heavy traffic,17313
1 Sunday,18.5,4 - stand still,6961.5
1 Sunday,19,0- free flowing,123489
1 Sunday,19,1 - light traffic,1008
1 Sunday,19,2 - medium traffic,9410
1 Sunday,19,3 - heavy traffic,11628
1 Sunday,19,4 - stand still,6860
1 Sunday,19.5,0- free flowing,112607
1 Sunday,19.5,1 - light traffic,782
1 Sunday,19.5,2 - medium traffic,4702.5
1 Sunday,19.5,3 - heavy traffic,9798
1 Sunday,19.5,4 - stand still,6419
1 Sunday,20,0- free flowing,96592
1 Sunday,20,1 - light traffic,764
1 Sunday,20,2 - medium traffic,4740
1 Sunday,20,3 - heavy traffic,4245
1 Sunday,20,4 - stand still,3381
1 Sunday,20.5,0- free flowing,86708
1 Sunday,20.5,1 - light traffic,434
1 Sunday,20.5,2 - medium traffic,2570
1 Sunday,20.5,3 - heavy traffic,2601
1 Sunday,20.5,4 - stand still,2730
1 Sunday,21,0- free flowing,75515
1 Sunday,21,1 - light traffic,432
1 Sunday,21,2 - medium traffic,1315
1 Sunday,21,3 - heavy traffic,2109
1 Sunday,21,4 - stand still,1855
1 Sunday,21.5,0- free flowing,64993
1 Sunday,21.5,1 - light traffic,212
1 Sunday,21.5,2 - medium traffic,805
1 Sunday,21.5,3 - heavy traffic,1872
1 Sunday,21.5,4 - stand still,3374
1 Sunday,22,0- free flowing,55853
1 Sunday,22,1 - light traffic,224
1 Sunday,22,2 - medium traffic,460
1 Sunday,22,3 - heavy traffic,1023
1 Sunday,22,4 - stand still,2376.5
1 Sunday,22.5,0- free flowing,46692
1 Sunday,22.5,1 - light traffic,154
1 Sunday,22.5,2 - medium traffic,382.5
1 Sunday,22.5,3 - heavy traffic,696
1 Sunday,22.5,4 - stand still,2254
1 Sunday,23,0- free flowing,39639
1 Sunday,23,1 - light traffic,126
1 Sunday,23,2 - medium traffic,370
1 Sunday,23,3 - heavy traffic,450
1 Sunday,23,4 - stand still,2390.5
1 Sunday,23.5,0- free flowing,33939
1 Sunday,23.5,1 - light traffic,56
1 Sunday,23.5,2 - medium traffic,170
1 Sunday,23.5,3 - heavy traffic,279
1 Sunday,23.5,4 - stand still,1666
1 Sunday,24,0- free flowing,37954
1 Sunday,24,1 - light traffic,0
1 Sunday,24,2 - medium traffic,112.5
1 Sunday,24,3 - heavy traffic,237
1 Sunday,24,4 - stand still,633.5
2 Monday,0.5,0- free flowing,25819
2 Monday,0.5,1 - light traffic,30
2 Monday,0.5,2 - medium traffic,47.5
2 Monday,0.5,3 - heavy traffic,144
2 Monday,0.5,4 - stand still,413
2 Monday,1,0- free flowing,22220
2 Monday,1,1 - light traffic,34
2 Monday,1,2 - medium traffic,25
2 Monday,1,3 - heavy traffic,81
2 Monday,1,4 - stand still,325.5
2 Monday,1.5,0- free flowing,19144
2 Monday,1.5,1 - light traffic,18
2 Monday,1.5,2 - medium traffic,12.5
2 Monday,1.5,3 - heavy traffic,69
2 Monday,1.5,4 - stand still,301
2 Monday,2,0- free flowing,16870
2 Monday,2,1 - light traffic,18
2 Monday,2,2 - medium traffic,30
2 Monday,2,3 - heavy traffic,69
2 Monday,2,4 - stand still,413
2 Monday,2.5,0- free flowing,15294
2 Monday,2.5,1 - light traffic,20
2 Monday,2.5,2 - medium traffic,22.5
2 Monday,2.5,3 - heavy traffic,93
2 Monday,2.5,4 - stand still,245
2 Monday,3,0- free flowing,13308
2 Monday,3,1 - light traffic,6
2 Monday,3,2 - medium traffic,20
2 Monday,3,3 - heavy traffic,78
2 Monday,3,4 - stand still,59.5
2 Monday,3.5,0- free flowing,12889
2 Monday,3.5,1 - light traffic,12
2 Monday,3.5,2 - medium traffic,27.5
2 Monday,3.5,3 - heavy traffic,39
2 Monday,3.5,4 - stand still,84
2 Monday,4,0- free flowing,14130
2 Monday,4,1 - light traffic,10
2 Monday,4,2 - medium traffic,55
2 Monday,4,3 - heavy traffic,45
2 Monday,4,4 - stand still,119
2 Monday,4.5,0- free flowing,16359
2 Monday,4.5,1 - light traffic,6
2 Monday,4.5,2 - medium traffic,20
2 Monday,4.5,3 - heavy traffic,39
2 Monday,4.5,4 - stand still,126
2 Monday,5,0- free flowing,21967
2 Monday,5,1 - light traffic,12
2 Monday,5,2 - medium traffic,10
2 Monday,5,3 - heavy traffic,60
2 Monday,5,4 - stand still,91
2 Monday,5.5,0- free flowing,28393
2 Monday,5.5,1 - light traffic,4
2 Monday,5.5,2 - medium traffic,35
2 Monday,5.5,3 - heavy traffic,120
2 Monday,5.5,4 - stand still,168
2 Monday,6,0- free flowing,32266
2 Monday,6,1 - light traffic,8
2 Monday,6,2 - medium traffic,22.5
2 Monday,6,3 - heavy traffic,165
2 Monday,6,4 - stand still,392
2 Monday,6.5,0- free flowing,41647
2 Monday,6.5,1 - light traffic,2
2 Monday,6.5,2 - medium traffic,72.5
2 Monday,6.5,3 - heavy traffic,369
2 Monday,6.5,4 - stand still,703.5
2 Monday,7,0- free flowing,59049
2 Monday,7,1 - light traffic,56
2 Monday,7,2 - medium traffic,487.5
2 Monday,7,3 - heavy traffic,1056
2 Monday,7,4 - stand still,2306.5
2 Monday,7.5,0- free flowing,94147
2 Monday,7.5,1 - light traffic,590
2 Monday,7.5,2 - medium traffic,2775
2 Monday,7.5,3 - heavy traffic,4434
2 Monday,7.5,4 - stand still,3773
2 Monday,8,0- free flowing,114076
2 Monday,8,1 - light traffic,1348
2 Monday,8,2 - medium traffic,7777.5
2 Monday,8,3 - heavy traffic,17889
2 Monday,8,4 - stand still,7171.5
2 Monday,8.5,0- free flowing,120884
2 Monday,8.5,1 - light traffic,874
2 Monday,8.5,2 - medium traffic,5905
2 Monday,8.5,3 - heavy traffic,10827
2 Monday,8.5,4 - stand still,7483
2 Monday,9,0- free flowing,113856
2 Monday,9,1 - light traffic,676
2 Monday,9,2 - medium traffic,3235
2 Monday,9,3 - heavy traffic,4533
2 Monday,9,4 - stand still,4634
2 Monday,9.5,0- free flowing,108041
2 Monday,9.5,1 - light traffic,132
2 Monday,9.5,2 - medium traffic,485
2 Monday,9.5,3 - heavy traffic,2475
2 Monday,9.5,4 - stand still,2138.5
2 Monday,10,0- free flowing,113261
2 Monday,10,1 - light traffic,156
2 Monday,10,2 - medium traffic,377.5
2 Monday,10,3 - heavy traffic,1359
2 Monday,10,4 - stand still,1851.5
2 Monday,10.5,0- free flowing,118637
2 Monday,10.5,1 - light traffic,72
2 Monday,10.5,2 - medium traffic,257.5
2 Monday,10.5,3 - heavy traffic,1023
2 Monday,10.5,4 - stand still,1452.5
2 Monday,11,0- free flowing,127608
2 Monday,11,1 - light traffic,152
2 Monday,11,2 - medium traffic,790
2 Monday,11,3 - heavy traffic,1767
2 Monday,11,4 - stand still,1183
2 Monday,11.5,0- free flowing,134298
2 Monday,11.5,1 - light traffic,532
2 Monday,11.5,2 - medium traffic,1542.5
2 Monday,11.5,3 - heavy traffic,4260
2 Monday,11.5,4 - stand still,1802.5
2 Monday,12,0- free flowing,140556
2 Monday,12,1 - light traffic,720
2 Monday,12,2 - medium traffic,2415
2 Monday,12,3 - heavy traffic,9594
2 Monday,12,4 - stand still,3762.5
2 Monday,12.5,0- free flowing,147557
2 Monday,12.5,1 - light traffic,1044
2 Monday,12.5,2 - medium traffic,3892.5
2 Monday,12.5,3 - heavy traffic,14361
2 Monday,12.5,4 - stand still,6128.5
2 Monday,13,0- free flowing,155867
2 Monday,13,1 - light traffic,1196
2 Monday,13,2 - medium traffic,7017.5
2 Monday,13,3 - heavy traffic,16932
2 Monday,13,4 - stand still,7105
2 Monday,13.5,0- free flowing,158688
2 Monday,13.5,1 - light traffic,1818
2 Monday,13.5,2 - medium traffic,8987.5
2 Monday,13.5,3 - heavy traffic,18750
2 Monday,13.5,4 - stand still,7388.5
2 Monday,14,0- free flowing,159662
2 Monday,14,1 - light traffic,1342
2 Monday,14,2 - medium traffic,11782.5
2 Monday,14,3 - heavy traffic,18891
2 Monday,14,4 - stand still,6681.5
2 Monday,14.5,0- free flowing,162754
2 Monday,14.5,1 - light traffic,2186
2 Monday,14.5,2 - medium traffic,12450
2 Monday,14.5,3 - heavy traffic,24633
2 Monday,14.5,4 - stand still,6475
2 Monday,15,0- free flowing,169634
2 Monday,15,1 - light traffic,2502
2 Monday,15,2 - medium traffic,12825
2 Monday,15,3 - heavy traffic,31323
2 Monday,15,4 - stand still,4868.5
2 Monday,15.5,0- free flowing,172550
2 Monday,15.5,1 - light traffic,2884
2 Monday,15.5,2 - medium traffic,18250
2 Monday,15.5,3 - heavy traffic,31095
2 Monday,15.5,4 - stand still,8529.5
2 Monday,16,0- free flowing,171393
2 Monday,16,1 - light traffic,2976
2 Monday,16,2 - medium traffic,24975
2 Monday,16,3 - heavy traffic,28218
2 Monday,16,4 - stand still,10297
2 Monday,16.5,0- free flowing,182807
2 Monday,16.5,1 - light traffic,2488
2 Monday,16.5,2 - medium traffic,27182.5
2 Monday,16.5,3 - heavy traffic,34197
2 Monday,16.5,4 - stand still,7829.5
2 Monday,17,0- free flowing,197335
2 Monday,17,1 - light traffic,2682
2 Monday,17,2 - medium traffic,28977.5
2 Monday,17,3 - heavy traffic,47751
2 Monday,17,4 - stand still,8095.5
2 Monday,17.5,0- free flowing,205861
2 Monday,17.5,1 - light traffic,3302
2 Monday,17.5,2 - medium traffic,30777.5
2 Monday,17.5,3 - heavy traffic,69618
2 Monday,17.5,4 - stand still,14000
2 Monday,18,0- free flowing,178624
2 Monday,18,1 - light traffic,2932
2 Monday,18,2 - medium traffic,21127.5
2 Monday,18,3 - heavy traffic,36750
2 Monday,18,4 - stand still,9576
2 Monday,18.5,0- free flowing,145004
2 Monday,18.5,1 - light traffic,1422
2 Monday,18.5,2 - medium traffic,9157.5
2 Monday,18.5,3 - heavy traffic,8868
2 Monday,18.5,4 - stand still,4305
2 Monday,19,0- free flowing,114155
2 Monday,19,1 - light traffic,504
2 Monday,19,2 - medium traffic,1955
2 Monday,19,3 - heavy traffic,2637
2 Monday,19,4 - stand still,2383.5
2 Monday,19.5,0- free flowing,97363
2 Monday,19.5,1 - light traffic,302
2 Monday,19.5,2 - medium traffic,495
2 Monday,19.5,3 - heavy traffic,1059
2 Monday,19.5,4 - stand still,2894.5
2 Monday,20,0- free flowing,84610
2 Monday,20,1 - light traffic,82
2 Monday,20,2 - medium traffic,460
2 Monday,20,3 - heavy traffic,492
2 Monday,20,4 - stand still,2163
2 Monday,20.5,0- free flowing,74532
2 Monday,20.5,1 - light traffic,222
2 Monday,20.5,2 - medium traffic,272.5
2 Monday,20.5,3 - heavy traffic,648
2 Monday,20.5,4 - stand still,1326.5
2 Monday,21,0- free flowing,64705
2 Monday,21,1 - light traffic,194
2 Monday,21,2 - medium traffic,117.5
2 Monday,21,3 - heavy traffic,654
2 Monday,21,4 - stand still,605.5
2 Monday,21.5,0- free flowing,56152
2 Monday,21.5,1 - light traffic,76
2 Monday,21.5,2 - medium traffic,277.5
2 Monday,21.5,3 - heavy traffic,1086
2 Monday,21.5,4 - stand still,1645
2 Monday,22,0- free flowing,47006
2 Monday,22,1 - light traffic,36
2 Monday,22,2 - medium traffic,65
2 Monday,22,3 - heavy traffic,942
2 Monday,22,4 - stand still,2541
2 Monday,22.5,0- free flowing,40320
2 Monday,22.5,1 - light traffic,18
2 Monday,22.5,2 - medium traffic,135
2 Monday,22.5,3 - heavy traffic,696
2 Monday,22.5,4 - stand still,1323
2 Monday,23,0- free flowing,35607
2 Monday,23,1 - light traffic,24
2 Monday,23,2 - medium traffic,205
2 Monday,23,3 - heavy traffic,669
2 Monday,23,4 - stand still,861
2 Monday,23.5,0- free flowing,32462
2 Monday,23.5,1 - light traffic,40
2 Monday,23.5,2 - medium traffic,160
2 Monday,23.5,3 - heavy traffic,552
2 Monday,23.5,4 - stand still,1305.5
2 Monday,24,0- free flowing,29977
2 Monday,24,1 - light traffic,56
2 Monday,24,2 - medium traffic,117.5
2 Monday,24,3 - heavy traffic,195
2 Monday,24,4 - stand still,1634.5
3 Tuesday,0.5,0- free flowing,24017
3 Tuesday,0.5,1 - light traffic,18
3 Tuesday,0.5,2 - medium traffic,72.5
3 Tuesday,0.5,3 - heavy traffic,189
3 Tuesday,0.5,4 - stand still,1253
3 Tuesday,1,0- free flowing,20269
3 Tuesday,1,1 - light traffic,42
3 Tuesday,1,2 - medium traffic,32.5
3 Tuesday,1,3 - heavy traffic,198
3 Tuesday,1,4 - stand still,861
3 Tuesday,1.5,0- free flowing,16751
3 Tuesday,1.5,1 - light traffic,14
3 Tuesday,1.5,2 - medium traffic,35
3 Tuesday,1.5,3 - heavy traffic,84
3 Tuesday,1.5,4 - stand still,469
3 Tuesday,2,0- free flowing,14748
3 Tuesday,2,1 - light traffic,26
3 Tuesday,2,2 - medium traffic,12.5
3 Tuesday,2,3 - heavy traffic,126
3 Tuesday,2,4 - stand still,318.5
3 Tuesday,2.5,0- free flowing,13486
3 Tuesday,2.5,1 - light traffic,26
3 Tuesday,2.5,2 - medium traffic,15
3 Tuesday,2.5,3 - heavy traffic,90
3 Tuesday,2.5,4 - stand still,406
3 Tuesday,3,0- free flowing,12636
3 Tuesday,3,1 - light traffic,2
3 Tuesday,3,2 - medium traffic,27.5
3 Tuesday,3,3 - heavy traffic,90
3 Tuesday,3,4 - stand still,182
3 Tuesday,3.5,0- free flowing,12901
3 Tuesday,3.5,1 - light traffic,12
3 Tuesday,3.5,2 - medium traffic,12.5
3 Tuesday,3.5,3 - heavy traffic,78
3 Tuesday,3.5,4 - stand still,126
3 Tuesday,4,0- free flowing,13657
3 Tuesday,4,1 - light traffic,4
3 Tuesday,4,2 - medium traffic,15
3 Tuesday,4,3 - heavy traffic,66
3 Tuesday,4,4 - stand still,147
3 Tuesday,4.5,0- free flowing,16018
3 Tuesday,4.5,1 - light traffic,0
3 Tuesday,4.5,2 - medium traffic,10
3 Tuesday,4.5,3 - heavy traffic,105
3 Tuesday,4.5,4 - stand still,157.5
3 Tuesday,5,0- free flowing,22518
3 Tuesday,5,1 - light traffic,4
3 Tuesday,5,2 - medium traffic,27.5
3 Tuesday,5,3 - heavy traffic,81
3 Tuesday,5,4 - stand still,220.5
3 Tuesday,5.5,0- free flowing,29782
3 Tuesday,5.5,1 - light traffic,2
3 Tuesday,5.5,2 - medium traffic,15
3 Tuesday,5.5,3 - heavy traffic,117
3 Tuesday,5.5,4 - stand still,280
3 Tuesday,6,0- free flowing,36046
3 Tuesday,6,1 - light traffic,2
3 Tuesday,6,2 - medium traffic,15
3 Tuesday,6,3 - heavy traffic,132
3 Tuesday,6,4 - stand still,105
3 Tuesday,6.5,0- free flowing,44690
3 Tuesday,6.5,1 - light traffic,2
3 Tuesday,6.5,2 - medium traffic,75
3 Tuesday,6.5,3 - heavy traffic,213
3 Tuesday,6.5,4 - stand still,343
3 Tuesday,7,0- free flowing,66035
3 Tuesday,7,1 - light traffic,54
3 Tuesday,7,2 - medium traffic,317.5
3 Tuesday,7,3 - heavy traffic,903
3 Tuesday,7,4 - stand still,1036
3 Tuesday,7.5,0- free flowing,108356
3 Tuesday,7.5,1 - light traffic,1032
3 Tuesday,7.5,2 - medium traffic,5792.5
3 Tuesday,7.5,3 - heavy traffic,7749
3 Tuesday,7.5,4 - stand still,2632
3 Tuesday,8,0- free flowing,127856
3 Tuesday,8,1 - light traffic,1360
3 Tuesday,8,2 - medium traffic,11170
3 Tuesday,8,3 - heavy traffic,26298
3 Tuesday,8,4 - stand still,6321
3 Tuesday,8.5,0- free flowing,128909
3 Tuesday,8.5,1 - light traffic,1266
3 Tuesday,8.5,2 - medium traffic,7267.5
3 Tuesday,8.5,3 - heavy traffic,12351
3 Tuesday,8.5,4 - stand still,3563
3 Tuesday,9,0- free flowing,114301
3 Tuesday,9,1 - light traffic,736
3 Tuesday,9,2 - medium traffic,3532.5
3 Tuesday,9,3 - heavy traffic,5799
3 Tuesday,9,4 - stand still,3895.5
3 Tuesday,9.5,0- free flowing,104650
3 Tuesday,9.5,1 - light traffic,192
3 Tuesday,9.5,2 - medium traffic,1117.5
3 Tuesday,9.5,3 - heavy traffic,2640
3 Tuesday,9.5,4 - stand still,2828
3 Tuesday,10,0- free flowing,106501
3 Tuesday,10,1 - light traffic,150
3 Tuesday,10,2 - medium traffic,547.5
3 Tuesday,10,3 - heavy traffic,2052
3 Tuesday,10,4 - stand still,1225
3 Tuesday,10.5,0- free flowing,108575
3 Tuesday,10.5,1 - light traffic,152
3 Tuesday,10.5,2 - medium traffic,617.5
3 Tuesday,10.5,3 - heavy traffic,1536
3 Tuesday,10.5,4 - stand still,976.5
3 Tuesday,11,0- free flowing,114471
3 Tuesday,11,1 - light traffic,94
3 Tuesday,11,2 - medium traffic,587.5
3 Tuesday,11,3 - heavy traffic,3294
3 Tuesday,11,4 - stand still,1333.5
3 Tuesday,11.5,0- free flowing,120724
3 Tuesday,11.5,1 - light traffic,218
3 Tuesday,11.5,2 - medium traffic,962.5
3 Tuesday,11.5,3 - heavy traffic,4365
3 Tuesday,11.5,4 - stand still,1939
3 Tuesday,12,0- free flowing,124931
3 Tuesday,12,1 - light traffic,418
3 Tuesday,12,2 - medium traffic,1677.5
3 Tuesday,12,3 - heavy traffic,5901
3 Tuesday,12,4 - stand still,2177
3 Tuesday,12.5,0- free flowing,133262
3 Tuesday,12.5,1 - light traffic,754
3 Tuesday,12.5,2 - medium traffic,2937.5
3 Tuesday,12.5,3 - heavy traffic,7443
3 Tuesday,12.5,4 - stand still,2163
3 Tuesday,13,0- free flowing,135389
3 Tuesday,13,1 - light traffic,902
3 Tuesday,13,2 - medium traffic,4125
3 Tuesday,13,3 - heavy traffic,10290
3 Tuesday,13,4 - stand still,3027.5
3 Tuesday,13.5,0- free flowing,133674
3 Tuesday,13.5,1 - light traffic,804
3 Tuesday,13.5,2 - medium traffic,5230
3 Tuesday,13.5,3 - heavy traffic,13254
3 Tuesday,13.5,4 - stand still,3433.5
3 Tuesday,14,0- free flowing,128073
3 Tuesday,14,1 - light traffic,1348
3 Tuesday,14,2 - medium traffic,5890
3 Tuesday,14,3 - heavy traffic,14274
3 Tuesday,14,4 - stand still,4651.5
3 Tuesday,14.5,0- free flowing,137273
3 Tuesday,14.5,1 - light traffic,1678
3 Tuesday,14.5,2 - medium traffic,6955
3 Tuesday,14.5,3 - heavy traffic,15708
3 Tuesday,14.5,4 - stand still,5771.5
3 Tuesday,15,0- free flowing,148157
3 Tuesday,15,1 - light traffic,1476
3 Tuesday,15,2 - medium traffic,9262.5
3 Tuesday,15,3 - heavy traffic,16125
3 Tuesday,15,4 - stand still,7777
3 Tuesday,15.5,0- free flowing,154863
3 Tuesday,15.5,1 - light traffic,3594
3 Tuesday,15.5,2 - medium traffic,14037.5
3 Tuesday,15.5,3 - heavy traffic,16581
3 Tuesday,15.5,4 - stand still,8505
3 Tuesday,16,0- free flowing,158364
3 Tuesday,16,1 - light traffic,2834
3 Tuesday,16,2 - medium traffic,24442.5
3 Tuesday,16,3 - heavy traffic,20073
3 Tuesday,16,4 - stand still,9453.5
3 Tuesday,16.5,0- free flowing,170892
3 Tuesday,16.5,1 - light traffic,1964
3 Tuesday,16.5,2 - medium traffic,28820
3 Tuesday,16.5,3 - heavy traffic,27849
3 Tuesday,16.5,4 - stand still,10178
3 Tuesday,17,0- free flowing,178547
3 Tuesday,17,1 - light traffic,2460
3 Tuesday,17,2 - medium traffic,28200
3 Tuesday,17,3 - heavy traffic,39648
3 Tuesday,17,4 - stand still,12904.5
3 Tuesday,17.5,0- free flowing,189762
3 Tuesday,17.5,1 - light traffic,3966
3 Tuesday,17.5,2 - medium traffic,25127.5
3 Tuesday,17.5,3 - heavy traffic,71802
3 Tuesday,17.5,4 - stand still,20979
3 Tuesday,18,0- free flowing,168228
3 Tuesday,18,1 - light traffic,2186
3 Tuesday,18,2 - medium traffic,21277.5
3 Tuesday,18,3 - heavy traffic,38067
3 Tuesday,18,4 - stand still,11179
3 Tuesday,18.5,0- free flowing,139296
3 Tuesday,18.5,1 - light traffic,1468
3 Tuesday,18.5,2 - medium traffic,12967.5
3 Tuesday,18.5,3 - heavy traffic,11271
3 Tuesday,18.5,4 - stand still,5502
3 Tuesday,19,0- free flowing,107158
3 Tuesday,19,1 - light traffic,812
3 Tuesday,19,2 - medium traffic,1982.5
3 Tuesday,19,3 - heavy traffic,4728
3 Tuesday,19,4 - stand still,3524.5
3 Tuesday,19.5,0- free flowing,90567
3 Tuesday,19.5,1 - light traffic,378
3 Tuesday,19.5,2 - medium traffic,1025
3 Tuesday,19.5,3 - heavy traffic,1578
3 Tuesday,19.5,4 - stand still,2604
3 Tuesday,20,0- free flowing,77275
3 Tuesday,20,1 - light traffic,378
3 Tuesday,20,2 - medium traffic,567.5
3 Tuesday,20,3 - heavy traffic,876
3 Tuesday,20,4 - stand still,1396.5
3 Tuesday,20.5,0- free flowing,68770
3 Tuesday,20.5,1 - light traffic,198
3 Tuesday,20.5,2 - medium traffic,272.5
3 Tuesday,20.5,3 - heavy traffic,699
3 Tuesday,20.5,4 - stand still,1141
3 Tuesday,21,0- free flowing,60681
3 Tuesday,21,1 - light traffic,316
3 Tuesday,21,2 - medium traffic,355
3 Tuesday,21,3 - heavy traffic,804
3 Tuesday,21,4 - stand still,1193.5
3 Tuesday,21.5,0- free flowing,52491
3 Tuesday,21.5,1 - light traffic,76
3 Tuesday,21.5,2 - medium traffic,185
3 Tuesday,21.5,3 - heavy traffic,1221
3 Tuesday,21.5,4 - stand still,1809.5
3 Tuesday,22,0- free flowing,43323
3 Tuesday,22,1 - light traffic,24
3 Tuesday,22,2 - medium traffic,242.5
3 Tuesday,22,3 - heavy traffic,897
3 Tuesday,22,4 - stand still,2324
3 Tuesday,22.5,0- free flowing,39378
3 Tuesday,22.5,1 - light traffic,18
3 Tuesday,22.5,2 - medium traffic,195
3 Tuesday,22.5,3 - heavy traffic,813
3 Tuesday,22.5,4 - stand still,1592.5
3 Tuesday,23,0- free flowing,35173
3 Tuesday,23,1 - light traffic,20
3 Tuesday,23,2 - medium traffic,210
3 Tuesday,23,3 - heavy traffic,891
3 Tuesday,23,4 - stand still,1183
3 Tuesday,23.5,0- free flowing,31680
3 Tuesday,23.5,1 - light traffic,14
3 Tuesday,23.5,2 - medium traffic,232.5
3 Tuesday,23.5,3 - heavy traffic,618
3 Tuesday,23.5,4 - stand still,609
3 Tuesday,24,0- free flowing,26990
3 Tuesday,24,1 - light traffic,42
3 Tuesday,24,2 - medium traffic,92.5
3 Tuesday,24,3 - heavy traffic,294
3 Tuesday,24,4 - stand still,766.5
4 Wednesday,0.5,0- free flowing,23301
4 Wednesday,0.5,1 - light traffic,42
4 Wednesday,0.5,2 - medium traffic,57.5
4 Wednesday,0.5,3 - heavy traffic,144
4 Wednesday,0.5,4 - stand still,280
4 Wednesday,1,0- free flowing,19505
4 Wednesday,1,1 - light traffic,32
4 Wednesday,1,2 - medium traffic,52.5
4 Wednesday,1,3 - heavy traffic,126
4 Wednesday,1,4 - stand still,399
4 Wednesday,1.5,0- free flowing,16251
4 Wednesday,1.5,1 - light traffic,38
4 Wednesday,1.5,2 - medium traffic,50
4 Wednesday,1.5,3 - heavy traffic,93
4 Wednesday,1.5,4 - stand still,304.5
4 Wednesday,2,0- free flowing,14020
4 Wednesday,2,1 - light traffic,24
4 Wednesday,2,2 - medium traffic,12.5
4 Wednesday,2,3 - heavy traffic,72
4 Wednesday,2,4 - stand still,189
4 Wednesday,2.5,0- free flowing,13017
4 Wednesday,2.5,1 - light traffic,14
4 Wednesday,2.5,2 - medium traffic,15
4 Wednesday,2.5,3 - heavy traffic,36
4 Wednesday,2.5,4 - stand still,255.5
4 Wednesday,3,0- free flowing,12514
4 Wednesday,3,1 - light traffic,16
4 Wednesday,3,2 - medium traffic,17.5
4 Wednesday,3,3 - heavy traffic,48
4 Wednesday,3,4 - stand still,157.5
4 Wednesday,3.5,0- free flowing,12197
4 Wednesday,3.5,1 - light traffic,12
4 Wednesday,3.5,2 - medium traffic,37.5
4 Wednesday,3.5,3 - heavy traffic,36
4 Wednesday,3.5,4 - stand still,224
4 Wednesday,4,0- free flowing,13204
4 Wednesday,4,1 - light traffic,4
4 Wednesday,4,2 - medium traffic,32.5
4 Wednesday,4,3 - heavy traffic,87
4 Wednesday,4,4 - stand still,101.5
4 Wednesday,4.5,0- free flowing,16067
4 Wednesday,4.5,1 - light traffic,6
4 Wednesday,4.5,2 - medium traffic,20
4 Wednesday,4.5,3 - heavy traffic,90
4 Wednesday,4.5,4 - stand still,35
4 Wednesday,5,0- free flowing,21400
4 Wednesday,5,1 - light traffic,16
4 Wednesday,5,2 - medium traffic,35
4 Wednesday,5,3 - heavy traffic,96
4 Wednesday,5,4 - stand still,136.5
4 Wednesday,5.5,0- free flowing,28290
4 Wednesday,5.5,1 - light traffic,6
4 Wednesday,5.5,2 - medium traffic,42.5
4 Wednesday,5.5,3 - heavy traffic,234
4 Wednesday,5.5,4 - stand still,269.5
4 Wednesday,6,0- free flowing,33534
4 Wednesday,6,1 - light traffic,4
4 Wednesday,6,2 - medium traffic,72.5
4 Wednesday,6,3 - heavy traffic,198
4 Wednesday,6,4 - stand still,325.5
4 Wednesday,6.5,0- free flowing,42446
4 Wednesday,6.5,1 - light traffic,20
4 Wednesday,6.5,2 - medium traffic,122.5
4 Wednesday,6.5,3 - heavy traffic,129
4 Wednesday,6.5,4 - stand still,283.5
4 Wednesday,7,0- free flowing,59961
4 Wednesday,7,1 - light traffic,74
4 Wednesday,7,2 - medium traffic,482.5
4 Wednesday,7,3 - heavy traffic,843
4 Wednesday,7,4 - stand still,1092
4 Wednesday,7.5,0- free flowing,98818
4 Wednesday,7.5,1 - light traffic,942
4 Wednesday,7.5,2 - medium traffic,6290
4 Wednesday,7.5,3 - heavy traffic,6093
4 Wednesday,7.5,4 - stand still,1645
4 Wednesday,8,0- free flowing,119316
4 Wednesday,8,1 - light traffic,1648
4 Wednesday,8,2 - medium traffic,10662.5
4 Wednesday,8,3 - heavy traffic,24861
4 Wednesday,8,4 - stand still,6083
4 Wednesday,8.5,0- free flowing,124022
4 Wednesday,8.5,1 - light traffic,1362
4 Wednesday,8.5,2 - medium traffic,7402.5
4 Wednesday,8.5,3 - heavy traffic,14418
4 Wednesday,8.5,4 - stand still,4515
4 Wednesday,9,0- free flowing,113522
4 Wednesday,9,1 - light traffic,736
4 Wednesday,9,2 - medium traffic,3932.5
4 Wednesday,9,3 - heavy traffic,7512
4 Wednesday,9,4 - stand still,3129
4 Wednesday,9.5,0- free flowing,106914
4 Wednesday,9.5,1 - light traffic,358
4 Wednesday,9.5,2 - medium traffic,2055
4 Wednesday,9.5,3 - heavy traffic,2409
4 Wednesday,9.5,4 - stand still,1928.5
4 Wednesday,10,0- free flowing,109721
4 Wednesday,10,1 - light traffic,210
4 Wednesday,10,2 - medium traffic,1347.5
4 Wednesday,10,3 - heavy traffic,2505
4 Wednesday,10,4 - stand still,1239
4 Wednesday,10.5,0- free flowing,111121
4 Wednesday,10.5,1 - light traffic,362
4 Wednesday,10.5,2 - medium traffic,1125
4 Wednesday,10.5,3 - heavy traffic,3156
4 Wednesday,10.5,4 - stand still,962.5
4 Wednesday,11,0- free flowing,118235
4 Wednesday,11,1 - light traffic,584
4 Wednesday,11,2 - medium traffic,2107.5
4 Wednesday,11,3 - heavy traffic,3645
4 Wednesday,11,4 - stand still,3531.5
4 Wednesday,11.5,0- free flowing,124982
4 Wednesday,11.5,1 - light traffic,930
4 Wednesday,11.5,2 - medium traffic,3437.5
4 Wednesday,11.5,3 - heavy traffic,6048
4 Wednesday,11.5,4 - stand still,4497.5
4 Wednesday,12,0- free flowing,131409
4 Wednesday,12,1 - light traffic,898
4 Wednesday,12,2 - medium traffic,5555
4 Wednesday,12,3 - heavy traffic,10062
4 Wednesday,12,4 - stand still,5127.5
4 Wednesday,12.5,0- free flowing,139240
4 Wednesday,12.5,1 - light traffic,1300
4 Wednesday,12.5,2 - medium traffic,6327.5
4 Wednesday,12.5,3 - heavy traffic,15000
4 Wednesday,12.5,4 - stand still,6118
4 Wednesday,13,0- free flowing,140648
4 Wednesday,13,1 - light traffic,1464
4 Wednesday,13,2 - medium traffic,7400
4 Wednesday,13,3 - heavy traffic,13797
4 Wednesday,13,4 - stand still,8897
4 Wednesday,13.5,0- free flowing,144058
4 Wednesday,13.5,1 - light traffic,1130
4 Wednesday,13.5,2 - medium traffic,9300
4 Wednesday,13.5,3 - heavy traffic,13881
4 Wednesday,13.5,4 - stand still,9793
4 Wednesday,14,0- free flowing,145942
4 Wednesday,14,1 - light traffic,1690
4 Wednesday,14,2 - medium traffic,10230
4 Wednesday,14,3 - heavy traffic,15273
4 Wednesday,14,4 - stand still,9040.5
4 Wednesday,14.5,0- free flowing,150700
4 Wednesday,14.5,1 - light traffic,2184
4 Wednesday,14.5,2 - medium traffic,13867.5
4 Wednesday,14.5,3 - heavy traffic,19800
4 Wednesday,14.5,4 - stand still,10717
4 Wednesday,15,0- free flowing,155508
4 Wednesday,15,1 - light traffic,4040
4 Wednesday,15,2 - medium traffic,16392.5
4 Wednesday,15,3 - heavy traffic,22272
4 Wednesday,15,4 - stand still,14448
4 Wednesday,15.5,0- free flowing,162757
4 Wednesday,15.5,1 - light traffic,4490
4 Wednesday,15.5,2 - medium traffic,21007.5
4 Wednesday,15.5,3 - heavy traffic,32424
4 Wednesday,15.5,4 - stand still,12957
4 Wednesday,16,0- free flowing,158018
4 Wednesday,16,1 - light traffic,3598
4 Wednesday,16,2 - medium traffic,29887.5
4 Wednesday,16,3 - heavy traffic,31248
4 Wednesday,16,4 - stand still,10713.5
4 Wednesday,16.5,0- free flowing,172163
4 Wednesday,16.5,1 - light traffic,2730
4 Wednesday,16.5,2 - medium traffic,32027.5
4 Wednesday,16.5,3 - heavy traffic,41481
4 Wednesday,16.5,4 - stand still,13391
4 Wednesday,17,0- free flowing,185352
4 Wednesday,17,1 - light traffic,3080
4 Wednesday,17,2 - medium traffic,29202.5
4 Wednesday,17,3 - heavy traffic,62142
4 Wednesday,17,4 - stand still,14731.5
4 Wednesday,17.5,0- free flowing,194914
4 Wednesday,17.5,1 - light traffic,4048
4 Wednesday,17.5,2 - medium traffic,23947.5
4 Wednesday,17.5,3 - heavy traffic,96111
4 Wednesday,17.5,4 - stand still,17738
4 Wednesday,18,0- free flowing,177611
4 Wednesday,18,1 - light traffic,2984
4 Wednesday,18,2 - medium traffic,21142.5
4 Wednesday,18,3 - heavy traffic,57909
4 Wednesday,18,4 - stand still,11490.5
4 Wednesday,18.5,0- free flowing,141755
4 Wednesday,18.5,1 - light traffic,1780
4 Wednesday,18.5,2 - medium traffic,17902.5
4 Wednesday,18.5,3 - heavy traffic,16347
4 Wednesday,18.5,4 - stand still,6926.5
4 Wednesday,19,0- free flowing,110300
4 Wednesday,19,1 - light traffic,1202
4 Wednesday,19,2 - medium traffic,5842.5
4 Wednesday,19,3 - heavy traffic,4734
4 Wednesday,19,4 - stand still,4728.5
4 Wednesday,19.5,0- free flowing,93513
4 Wednesday,19.5,1 - light traffic,312
4 Wednesday,19.5,2 - medium traffic,1655
4 Wednesday,19.5,3 - heavy traffic,2451
4 Wednesday,19.5,4 - stand still,1953
4 Wednesday,20,0- free flowing,80282
4 Wednesday,20,1 - light traffic,94
4 Wednesday,20,2 - medium traffic,1532.5
4 Wednesday,20,3 - heavy traffic,975
4 Wednesday,20,4 - stand still,973
4 Wednesday,20.5,0- free flowing,72367
4 Wednesday,20.5,1 - light traffic,188
4 Wednesday,20.5,2 - medium traffic,350
4 Wednesday,20.5,3 - heavy traffic,1287
4 Wednesday,20.5,4 - stand still,1526
4 Wednesday,21,0- free flowing,63334
4 Wednesday,21,1 - light traffic,126
4 Wednesday,21,2 - medium traffic,305
4 Wednesday,21,3 - heavy traffic,1194
4 Wednesday,21,4 - stand still,990.5
4 Wednesday,21.5,0- free flowing,55503
4 Wednesday,21.5,1 - light traffic,118
4 Wednesday,21.5,2 - medium traffic,592.5
4 Wednesday,21.5,3 - heavy traffic,1665
4 Wednesday,21.5,4 - stand still,1599.5
4 Wednesday,22,0- free flowing,45119
4 Wednesday,22,1 - light traffic,40
4 Wednesday,22,2 - medium traffic,265
4 Wednesday,22,3 - heavy traffic,1023
4 Wednesday,22,4 - stand still,2089.5
4 Wednesday,22.5,0- free flowing,39872
4 Wednesday,22.5,1 - light traffic,36
4 Wednesday,22.5,2 - medium traffic,277.5
4 Wednesday,22.5,3 - heavy traffic,1023
4 Wednesday,22.5,4 - stand still,1512
4 Wednesday,23,0- free flowing,36141
4 Wednesday,23,1 - light traffic,18
4 Wednesday,23,2 - medium traffic,270
4 Wednesday,23,3 - heavy traffic,927
4 Wednesday,23,4 - stand still,1235.5
4 Wednesday,23.5,0- free flowing,32810
4 Wednesday,23.5,1 - light traffic,14
4 Wednesday,23.5,2 - medium traffic,165
4 Wednesday,23.5,3 - heavy traffic,1029
4 Wednesday,23.5,4 - stand still,724.5
4 Wednesday,24,0- free flowing,27447
4 Wednesday,24,1 - light traffic,48
4 Wednesday,24,2 - medium traffic,110
4 Wednesday,24,3 - heavy traffic,420
4 Wednesday,24,4 - stand still,493.5
5 Thursday,0.5,0- free flowing,25167
5 Thursday,0.5,1 - light traffic,44
5 Thursday,0.5,2 - medium traffic,95
5 Thursday,0.5,3 - heavy traffic,456
5 Thursday,0.5,4 - stand still,486.5
5 Thursday,1,0- free flowing,21094
5 Thursday,1,1 - light traffic,28
5 Thursday,1,2 - medium traffic,67.5
5 Thursday,1,3 - heavy traffic,114
5 Thursday,1,4 - stand still,514.5
5 Thursday,1.5,0- free flowing,17135
5 Thursday,1.5,1 - light traffic,44
5 Thursday,1.5,2 - medium traffic,42.5
5 Thursday,1.5,3 - heavy traffic,135
5 Thursday,1.5,4 - stand still,252
5 Thursday,2,0- free flowing,15262
5 Thursday,2,1 - light traffic,32
5 Thursday,2,2 - medium traffic,22.5
5 Thursday,2,3 - heavy traffic,165
5 Thursday,2,4 - stand still,409.5
5 Thursday,2.5,0- free flowing,14255
5 Thursday,2.5,1 - light traffic,12
5 Thursday,2.5,2 - medium traffic,30
5 Thursday,2.5,3 - heavy traffic,72
5 Thursday,2.5,4 - stand still,196
5 Thursday,3,0- free flowing,13557
5 Thursday,3,1 - light traffic,8
5 Thursday,3,2 - medium traffic,37.5
5 Thursday,3,3 - heavy traffic,69
5 Thursday,3,4 - stand still,234.5
5 Thursday,3.5,0- free flowing,13731
5 Thursday,3.5,1 - light traffic,2
5 Thursday,3.5,2 - medium traffic,30
5 Thursday,3.5,3 - heavy traffic,126
5 Thursday,3.5,4 - stand still,364
5 Thursday,4,0- free flowing,14111
5 Thursday,4,1 - light traffic,6
5 Thursday,4,2 - medium traffic,17.5
5 Thursday,4,3 - heavy traffic,162
5 Thursday,4,4 - stand still,273
5 Thursday,4.5,0- free flowing,17149
5 Thursday,4.5,1 - light traffic,18
5 Thursday,4.5,2 - medium traffic,17.5
5 Thursday,4.5,3 - heavy traffic,111
5 Thursday,4.5,4 - stand still,322
5 Thursday,5,0- free flowing,22997
5 Thursday,5,1 - light traffic,12
5 Thursday,5,2 - medium traffic,47.5
5 Thursday,5,3 - heavy traffic,216
5 Thursday,5,4 - stand still,301
5 Thursday,5.5,0- free flowing,29075
5 Thursday,5.5,1 - light traffic,8
5 Thursday,5.5,2 - medium traffic,60
5 Thursday,5.5,3 - heavy traffic,210
5 Thursday,5.5,4 - stand still,395.5
5 Thursday,6,0- free flowing,34195
5 Thursday,6,1 - light traffic,6
5 Thursday,6,2 - medium traffic,30
5 Thursday,6,3 - heavy traffic,138
5 Thursday,6,4 - stand still,287
5 Thursday,6.5,0- free flowing,43499
5 Thursday,6.5,1 - light traffic,44
5 Thursday,6.5,2 - medium traffic,82.5
5 Thursday,6.5,3 - heavy traffic,198
5 Thursday,6.5,4 - stand still,241.5
5 Thursday,7,0- free flowing,62086
5 Thursday,7,1 - light traffic,58
5 Thursday,7,2 - medium traffic,335
5 Thursday,7,3 - heavy traffic,954
5 Thursday,7,4 - stand still,1102.5
5 Thursday,7.5,0- free flowing,98847
5 Thursday,7.5,1 - light traffic,1214
5 Thursday,7.5,2 - medium traffic,5160
5 Thursday,7.5,3 - heavy traffic,8058
5 Thursday,7.5,4 - stand still,1925
5 Thursday,8,0- free flowing,123349
5 Thursday,8,1 - light traffic,1764
5 Thursday,8,2 - medium traffic,10672.5
5 Thursday,8,3 - heavy traffic,25998
5 Thursday,8,4 - stand still,5964
5 Thursday,8.5,0- free flowing,120848
5 Thursday,8.5,1 - light traffic,1164
5 Thursday,8.5,2 - medium traffic,8347.5
5 Thursday,8.5,3 - heavy traffic,11136
5 Thursday,8.5,4 - stand still,6160
5 Thursday,9,0- free flowing,111919
5 Thursday,9,1 - light traffic,668
5 Thursday,9,2 - medium traffic,4080
5 Thursday,9,3 - heavy traffic,6897
5 Thursday,9,4 - stand still,6093.5
5 Thursday,9.5,0- free flowing,106490
5 Thursday,9.5,1 - light traffic,424
5 Thursday,9.5,2 - medium traffic,1662.5
5 Thursday,9.5,3 - heavy traffic,3387
5 Thursday,9.5,4 - stand still,6030.5
5 Thursday,10,0- free flowing,108046
5 Thursday,10,1 - light traffic,366
5 Thursday,10,2 - medium traffic,1467.5
5 Thursday,10,3 - heavy traffic,3354
5 Thursday,10,4 - stand still,5348
5 Thursday,10.5,0- free flowing,113933
5 Thursday,10.5,1 - light traffic,872
5 Thursday,10.5,2 - medium traffic,2445
5 Thursday,10.5,3 - heavy traffic,2640
5 Thursday,10.5,4 - stand still,3664.5
5 Thursday,11,0- free flowing,121668
5 Thursday,11,1 - light traffic,944
5 Thursday,11,2 - medium traffic,4847.5
5 Thursday,11,3 - heavy traffic,4113
5 Thursday,11,4 - stand still,2467.5
5 Thursday,11.5,0- free flowing,130387
5 Thursday,11.5,1 - light traffic,1134
5 Thursday,11.5,2 - medium traffic,3915
5 Thursday,11.5,3 - heavy traffic,7113
5 Thursday,11.5,4 - stand still,4326
5 Thursday,12,0- free flowing,136853
5 Thursday,12,1 - light traffic,1844
5 Thursday,12,2 - medium traffic,5455
5 Thursday,12,3 - heavy traffic,10770
5 Thursday,12,4 - stand still,6324.5
5 Thursday,12.5,0- free flowing,143168
5 Thursday,12.5,1 - light traffic,1654
5 Thursday,12.5,2 - medium traffic,8832.5
5 Thursday,12.5,3 - heavy traffic,17460
5 Thursday,12.5,4 - stand still,5901
5 Thursday,13,0- free flowing,146810
5 Thursday,13,1 - light traffic,2322
5 Thursday,13,2 - medium traffic,10152.5
5 Thursday,13,3 - heavy traffic,21150
5 Thursday,13,4 - stand still,9243.5
5 Thursday,13.5,0- free flowing,150950
5 Thursday,13.5,1 - light traffic,3146
5 Thursday,13.5,2 - medium traffic,13895
5 Thursday,13.5,3 - heavy traffic,21837
5 Thursday,13.5,4 - stand still,8011.5
5 Thursday,14,0- free flowing,147627
5 Thursday,14,1 - light traffic,3680
5 Thursday,14,2 - medium traffic,15377.5
5 Thursday,14,3 - heavy traffic,22467
5 Thursday,14,4 - stand still,8039.5
5 Thursday,14.5,0- free flowing,147627
5 Thursday,14.5,1 - light traffic,3128
5 Thursday,14.5,2 - medium traffic,20157.5
5 Thursday,14.5,3 - heavy traffic,25509
5 Thursday,14.5,4 - stand still,6954.5
5 Thursday,15,0- free flowing,159055
5 Thursday,15,1 - light traffic,3360
5 Thursday,15,2 - medium traffic,24077.5
5 Thursday,15,3 - heavy traffic,32631
5 Thursday,15,4 - stand still,7416.5
5 Thursday,15.5,0- free flowing,166169
5 Thursday,15.5,1 - light traffic,4096
5 Thursday,15.5,2 - medium traffic,32632.5
5 Thursday,15.5,3 - heavy traffic,38562
5 Thursday,15.5,4 - stand still,9992.5
5 Thursday,16,0- free flowing,167922
5 Thursday,16,1 - light traffic,3852
5 Thursday,16,2 - medium traffic,41852.5
5 Thursday,16,3 - heavy traffic,49332
5 Thursday,16,4 - stand still,14735
5 Thursday,16.5,0- free flowing,186970
5 Thursday,16.5,1 - light traffic,4160
5 Thursday,16.5,2 - medium traffic,41090
5 Thursday,16.5,3 - heavy traffic,69234
5 Thursday,16.5,4 - stand still,15911
5 Thursday,17,0- free flowing,204502
5 Thursday,17,1 - light traffic,5062
5 Thursday,17,2 - medium traffic,36347.5
5 Thursday,17,3 - heavy traffic,97506
5 Thursday,17,4 - stand still,15893.5
5 Thursday,17.5,0- free flowing,216027
5 Thursday,17.5,1 - light traffic,5684
5 Thursday,17.5,2 - medium traffic,32177.5
5 Thursday,17.5,3 - heavy traffic,132579
5 Thursday,17.5,4 - stand still,22438.5
5 Thursday,18,0- free flowing,197583
5 Thursday,18,1 - light traffic,4176
5 Thursday,18,2 - medium traffic,34840
5 Thursday,18,3 - heavy traffic,70197
5 Thursday,18,4 - stand still,14924
5 Thursday,18.5,0- free flowing,159642
5 Thursday,18.5,1 - light traffic,3216
5 Thursday,18.5,2 - medium traffic,24967.5
5 Thursday,18.5,3 - heavy traffic,20091
5 Thursday,18.5,4 - stand still,7941.5
5 Thursday,19,0- free flowing,127569
5 Thursday,19,1 - light traffic,1392
5 Thursday,19,2 - medium traffic,7010
5 Thursday,19,3 - heavy traffic,6528
5 Thursday,19,4 - stand still,3843
5 Thursday,19.5,0- free flowing,109986
5 Thursday,19.5,1 - light traffic,636
5 Thursday,19.5,2 - medium traffic,2515
5 Thursday,19.5,3 - heavy traffic,2322
5 Thursday,19.5,4 - stand still,2401
5 Thursday,20,0- free flowing,96086
5 Thursday,20,1 - light traffic,326
5 Thursday,20,2 - medium traffic,1052.5
5 Thursday,20,3 - heavy traffic,1299
5 Thursday,20,4 - stand still,1655.5
5 Thursday,20.5,0- free flowing,85681
5 Thursday,20.5,1 - light traffic,186
5 Thursday,20.5,2 - medium traffic,695
5 Thursday,20.5,3 - heavy traffic,1467
5 Thursday,20.5,4 - stand still,1757
5 Thursday,21,0- free flowing,78949
5 Thursday,21,1 - light traffic,216
5 Thursday,21,2 - medium traffic,1115
5 Thursday,21,3 - heavy traffic,1818
5 Thursday,21,4 - stand still,1774.5
5 Thursday,21.5,0- free flowing,67605
5 Thursday,21.5,1 - light traffic,240
5 Thursday,21.5,2 - medium traffic,910
5 Thursday,21.5,3 - heavy traffic,3258
5 Thursday,21.5,4 - stand still,2170
5 Thursday,22,0- free flowing,55453
5 Thursday,22,1 - light traffic,132
5 Thursday,22,2 - medium traffic,617.5
5 Thursday,22,3 - heavy traffic,2901
5 Thursday,22,4 - stand still,3024
5 Thursday,22.5,0- free flowing,46750
5 Thursday,22.5,1 - light traffic,34
5 Thursday,22.5,2 - medium traffic,450
5 Thursday,22.5,3 - heavy traffic,1497
5 Thursday,22.5,4 - stand still,5222
5 Thursday,23,0- free flowing,42731
5 Thursday,23,1 - light traffic,76
5 Thursday,23,2 - medium traffic,675
5 Thursday,23,3 - heavy traffic,1347
5 Thursday,23,4 - stand still,3790.5
5 Thursday,23.5,0- free flowing,36585
5 Thursday,23.5,1 - light traffic,34
5 Thursday,23.5,2 - medium traffic,942.5
5 Thursday,23.5,3 - heavy traffic,1218
5 Thursday,23.5,4 - stand still,1060.5
5 Thursday,24,0- free flowing,29244
5 Thursday,24,1 - light traffic,42
5 Thursday,24,2 - medium traffic,252.5
5 Thursday,24,3 - heavy traffic,756
5 Thursday,24,4 - stand still,759.5
6 Friday,0.5,0- free flowing,29783
6 Friday,0.5,1 - light traffic,22
6 Friday,0.5,2 - medium traffic,90
6 Friday,0.5,3 - heavy traffic,432
6 Friday,0.5,4 - stand still,1358
6 Friday,1,0- free flowing,25162
6 Friday,1,1 - light traffic,26
6 Friday,1,2 - medium traffic,45
6 Friday,1,3 - heavy traffic,504
6 Friday,1,4 - stand still,808.5
6 Friday,1.5,0- free flowing,22170
6 Friday,1.5,1 - light traffic,30
6 Friday,1.5,2 - medium traffic,87.5
6 Friday,1.5,3 - heavy traffic,345
6 Friday,1.5,4 - stand still,553
6 Friday,2,0- free flowing,18776
6 Friday,2,1 - light traffic,20
6 Friday,2,2 - medium traffic,70
6 Friday,2,3 - heavy traffic,153
6 Friday,2,4 - stand still,371
6 Friday,2.5,0- free flowing,17702
6 Friday,2.5,1 - light traffic,10
6 Friday,2.5,2 - medium traffic,30
6 Friday,2.5,3 - heavy traffic,180
6 Friday,2.5,4 - stand still,287
6 Friday,3,0- free flowing,16731
6 Friday,3,1 - light traffic,30
6 Friday,3,2 - medium traffic,32.5
6 Friday,3,3 - heavy traffic,177
6 Friday,3,4 - stand still,371
6 Friday,3.5,0- free flowing,16700
6 Friday,3.5,1 - light traffic,14
6 Friday,3.5,2 - medium traffic,50
6 Friday,3.5,3 - heavy traffic,87
6 Friday,3.5,4 - stand still,430.5
6 Friday,4,0- free flowing,16925
6 Friday,4,1 - light traffic,4
6 Friday,4,2 - medium traffic,37.5
6 Friday,4,3 - heavy traffic,75
6 Friday,4,4 - stand still,322
6 Friday,4.5,0- free flowing,19188
6 Friday,4.5,1 - light traffic,10
6 Friday,4.5,2 - medium traffic,42.5
6 Friday,4.5,3 - heavy traffic,120
6 Friday,4.5,4 - stand still,364
6 Friday,5,0- free flowing,23615
6 Friday,5,1 - light traffic,2
6 Friday,5,2 - medium traffic,65
6 Friday,5,3 - heavy traffic,87
6 Friday,5,4 - stand still,227.5
6 Friday,5.5,0- free flowing,29023
6 Friday,5.5,1 - light traffic,10
6 Friday,5.5,2 - medium traffic,52.5
6 Friday,5.5,3 - heavy traffic,105
6 Friday,5.5,4 - stand still,147
6 Friday,6,0- free flowing,32375
6 Friday,6,1 - light traffic,10
6 Friday,6,2 - medium traffic,32.5
6 Friday,6,3 - heavy traffic,99
6 Friday,6,4 - stand still,196
6 Friday,6.5,0- free flowing,41766
6 Friday,6.5,1 - light traffic,4
6 Friday,6.5,2 - medium traffic,30
6 Friday,6.5,3 - heavy traffic,186
6 Friday,6.5,4 - stand still,287
6 Friday,7,0- free flowing,57781
6 Friday,7,1 - light traffic,54
6 Friday,7,2 - medium traffic,240
6 Friday,7,3 - heavy traffic,591
6 Friday,7,4 - stand still,871.5
6 Friday,7.5,0- free flowing,92732
6 Friday,7.5,1 - light traffic,454
6 Friday,7.5,2 - medium traffic,2735
6 Friday,7.5,3 - heavy traffic,3204
6 Friday,7.5,4 - stand still,1865.5
6 Friday,8,0- free flowing,115800
6 Friday,8,1 - light traffic,1194
6 Friday,8,2 - medium traffic,8227.5
6 Friday,8,3 - heavy traffic,11559
6 Friday,8,4 - stand still,3843
6 Friday,8.5,0- free flowing,119495
6 Friday,8.5,1 - light traffic,856
6 Friday,8.5,2 - medium traffic,3712.5
6 Friday,8.5,3 - heavy traffic,5358
6 Friday,8.5,4 - stand still,4119.5
6 Friday,9,0- free flowing,109944
6 Friday,9,1 - light traffic,406
6 Friday,9,2 - medium traffic,1725
6 Friday,9,3 - heavy traffic,3894
6 Friday,9,4 - stand still,3885
6 Friday,9.5,0- free flowing,111993
6 Friday,9.5,1 - light traffic,260
6 Friday,9.5,2 - medium traffic,1367.5
6 Friday,9.5,3 - heavy traffic,2760
6 Friday,9.5,4 - stand still,3633
6 Friday,10,0- free flowing,118225
6 Friday,10,1 - light traffic,304
6 Friday,10,2 - medium traffic,2070
6 Friday,10,3 - heavy traffic,3612
6 Friday,10,4 - stand still,3640
6 Friday,10.5,0- free flowing,125375
6 Friday,10.5,1 - light traffic,480
6 Friday,10.5,2 - medium traffic,2915
6 Friday,10.5,3 - heavy traffic,4290
6 Friday,10.5,4 - stand still,4371.5
6 Friday,11,0- free flowing,136258
6 Friday,11,1 - light traffic,1032
6 Friday,11,2 - medium traffic,4597.5
6 Friday,11,3 - heavy traffic,8502
6 Friday,11,4 - stand still,5001.5
6 Friday,11.5,0- free flowing,150190
6 Friday,11.5,1 - light traffic,1780
6 Friday,11.5,2 - medium traffic,8370
6 Friday,11.5,3 - heavy traffic,17106
6 Friday,11.5,4 - stand still,6338.5
6 Friday,12,0- free flowing,161156
6 Friday,12,1 - light traffic,2876
6 Friday,12,2 - medium traffic,14277.5
6 Friday,12,3 - heavy traffic,27189
6 Friday,12,4 - stand still,7276.5
6 Friday,12.5,0- free flowing,167543
6 Friday,12.5,1 - light traffic,4152
6 Friday,12.5,2 - medium traffic,21290
6 Friday,12.5,3 - heavy traffic,35904
6 Friday,12.5,4 - stand still,10615.5
6 Friday,13,0- free flowing,174235
6 Friday,13,1 - light traffic,4376
6 Friday,13,2 - medium traffic,28260
6 Friday,13,3 - heavy traffic,43761
6 Friday,13,4 - stand still,15480.5
6 Friday,13.5,0- free flowing,180087
6 Friday,13.5,1 - light traffic,5800
6 Friday,13.5,2 - medium traffic,33037.5
6 Friday,13.5,3 - heavy traffic,53940
6 Friday,13.5,4 - stand still,20608
6 Friday,14,0- free flowing,186007
6 Friday,14,1 - light traffic,5428
6 Friday,14,2 - medium traffic,42457.5
6 Friday,14,3 - heavy traffic,61167
6 Friday,14,4 - stand still,21469
6 Friday,14.5,0- free flowing,189810
6 Friday,14.5,1 - light traffic,5322
6 Friday,14.5,2 - medium traffic,52797.5
6 Friday,14.5,3 - heavy traffic,68103
6 Friday,14.5,4 - stand still,22050
6 Friday,15,0- free flowing,200673
6 Friday,15,1 - light traffic,6184
6 Friday,15,2 - medium traffic,57650
6 Friday,15,3 - heavy traffic,86313
6 Friday,15,4 - stand still,20604.5
6 Friday,15.5,0- free flowing,211173
6 Friday,15.5,1 - light traffic,5338
6 Friday,15.5,2 - medium traffic,56840
6 Friday,15.5,3 - heavy traffic,111495
6 Friday,15.5,4 - stand still,28493.5
6 Friday,16,0- free flowing,221405
6 Friday,16,1 - light traffic,5164
6 Friday,16,2 - medium traffic,59517.5
6 Friday,16,3 - heavy traffic,129156
6 Friday,16,4 - stand still,37845.5
6 Friday,16.5,0- free flowing,244480
6 Friday,16.5,1 - light traffic,4932
6 Friday,16.5,2 - medium traffic,59607.5
6 Friday,16.5,3 - heavy traffic,137178
6 Friday,16.5,4 - stand still,39931.5
6 Friday,17,0- free flowing,238828
6 Friday,17,1 - light traffic,5964
6 Friday,17,2 - medium traffic,52507.5
6 Friday,17,3 - heavy traffic,144594
6 Friday,17,4 - stand still,45979.5
6 Friday,17.5,0- free flowing,240294
6 Friday,17.5,1 - light traffic,6026
6 Friday,17.5,2 - medium traffic,54690
6 Friday,17.5,3 - heavy traffic,136599
6 Friday,17.5,4 - stand still,47113.5
6 Friday,18,0- free flowing,224695
6 Friday,18,1 - light traffic,6106
6 Friday,18,2 - medium traffic,52817.5
6 Friday,18,3 - heavy traffic,85029
6 Friday,18,4 - stand still,40033
6 Friday,18.5,0- free flowing,202874
6 Friday,18.5,1 - light traffic,6012
6 Friday,18.5,2 - medium traffic,37525
6 Friday,18.5,3 - heavy traffic,46263
6 Friday,18.5,4 - stand still,33383
6 Friday,19,0- free flowing,176467
6 Friday,19,1 - light traffic,3824
6 Friday,19,2 - medium traffic,25097.5
6 Friday,19,3 - heavy traffic,25776
6 Friday,19,4 - stand still,26827.5
6 Friday,19.5,0- free flowing,159180
6 Friday,19.5,1 - light traffic,2506
6 Friday,19.5,2 - medium traffic,16242.5
6 Friday,19.5,3 - heavy traffic,19635
6 Friday,19.5,4 - stand still,18700.5
6 Friday,20,0- free flowing,138768
6 Friday,20,1 - light traffic,1506
6 Friday,20,2 - medium traffic,12737.5
6 Friday,20,3 - heavy traffic,12477
6 Friday,20,4 - stand still,12369
6 Friday,20.5,0- free flowing,125454
6 Friday,20.5,1 - light traffic,954
6 Friday,20.5,2 - medium traffic,7210
6 Friday,20.5,3 - heavy traffic,8409
6 Friday,20.5,4 - stand still,9327.5
6 Friday,21,0- free flowing,112971
6 Friday,21,1 - light traffic,582
6 Friday,21,2 - medium traffic,6645
6 Friday,21,3 - heavy traffic,9627
6 Friday,21,4 - stand still,6534.5
6 Friday,21.5,0- free flowing,102539
6 Friday,21.5,1 - light traffic,1042
6 Friday,21.5,2 - medium traffic,5440
6 Friday,21.5,3 - heavy traffic,6159
6 Friday,21.5,4 - stand still,4840.5
6 Friday,22,0- free flowing,87092
6 Friday,22,1 - light traffic,438
6 Friday,22,2 - medium traffic,3427.5
6 Friday,22,3 - heavy traffic,3240
6 Friday,22,4 - stand still,4497.5
6 Friday,22.5,0- free flowing,74146
6 Friday,22.5,1 - light traffic,580
6 Friday,22.5,2 - medium traffic,1532.5
6 Friday,22.5,3 - heavy traffic,2268
6 Friday,22.5,4 - stand still,2054.5
6 Friday,23,0- free flowing,61742
6 Friday,23,1 - light traffic,56
6 Friday,23,2 - medium traffic,130
6 Friday,23,3 - heavy traffic,573
6 Friday,23,4 - stand still,1207.5
6 Friday,23.5,0- free flowing,50048
6 Friday,23.5,1 - light traffic,8
6 Friday,23.5,2 - medium traffic,57.5
6 Friday,23.5,3 - heavy traffic,201
6 Friday,23.5,4 - stand still,857.5
6 Friday,24,0- free flowing,36284
6 Friday,24,1 - light traffic,18
6 Friday,24,2 - medium traffic,95
6 Friday,24,3 - heavy traffic,396
6 Friday,24,4 - stand still,1372
7 Saturday,0.5,0- free flowing,39652
7 Saturday,0.5,1 - light traffic,10
7 Saturday,0.5,2 - medium traffic,15
7 Saturday,0.5,3 - heavy traffic,45
7 Saturday,0.5,4 - stand still,539
7 Saturday,1,0- free flowing,33524
7 Saturday,1,1 - light traffic,8
7 Saturday,1,2 - medium traffic,20
7 Saturday,1,3 - heavy traffic,108
7 Saturday,1,4 - stand still,175
7 Saturday,1.5,0- free flowing,30290
7 Saturday,1.5,1 - light traffic,10
7 Saturday,1.5,2 - medium traffic,5
7 Saturday,1.5,3 - heavy traffic,87
7 Saturday,1.5,4 - stand still,80.5
7 Saturday,2,0- free flowing,27142
7 Saturday,2,1 - light traffic,14
7 Saturday,2,2 - medium traffic,15
7 Saturday,2,3 - heavy traffic,225
7 Saturday,2,4 - stand still,157.5
7 Saturday,2.5,0- free flowing,24093
7 Saturday,2.5,1 - light traffic,36
7 Saturday,2.5,2 - medium traffic,25
7 Saturday,2.5,3 - heavy traffic,54
7 Saturday,2.5,4 - stand still,192.5
7 Saturday,3,0- free flowing,21745
7 Saturday,3,1 - light traffic,2
7 Saturday,3,2 - medium traffic,17.5
7 Saturday,3,3 - heavy traffic,66
7 Saturday,3,4 - stand still,115.5
7 Saturday,3.5,0- free flowing,20314
7 Saturday,3.5,1 - light traffic,2
7 Saturday,3.5,2 - medium traffic,47.5
7 Saturday,3.5,3 - heavy traffic,93
7 Saturday,3.5,4 - stand still,126
7 Saturday,4,0- free flowing,19129
7 Saturday,4,1 - light traffic,22
7 Saturday,4,2 - medium traffic,7.5
7 Saturday,4,3 - heavy traffic,60
7 Saturday,4,4 - stand still,143.5
7 Saturday,4.5,0- free flowing,19136
7 Saturday,4.5,1 - light traffic,24
7 Saturday,4.5,2 - medium traffic,20
7 Saturday,4.5,3 - heavy traffic,96
7 Saturday,4.5,4 - stand still,157.5
7 Saturday,5,0- free flowing,21161
7 Saturday,5,1 - light traffic,4
7 Saturday,5,2 - medium traffic,22.5
7 Saturday,5,3 - heavy traffic,42
7 Saturday,5,4 - stand still,231
7 Saturday,5.5,0- free flowing,24565
7 Saturday,5.5,1 - light traffic,2
7 Saturday,5.5,2 - medium traffic,7.5
7 Saturday,5.5,3 - heavy traffic,54
7 Saturday,5.5,4 - stand still,308
7 Saturday,6,0- free flowing,29224
7 Saturday,6,1 - light traffic,0
7 Saturday,6,2 - medium traffic,22.5
7 Saturday,6,3 - heavy traffic,33
7 Saturday,6,4 - stand still,122.5
7 Saturday,6.5,0- free flowing,34237
7 Saturday,6.5,1 - light traffic,12
7 Saturday,6.5,2 - medium traffic,35
7 Saturday,6.5,3 - heavy traffic,150
7 Saturday,6.5,4 - stand still,199.5
7 Saturday,7,0- free flowing,37027
7 Saturday,7,1 - light traffic,24
7 Saturday,7,2 - medium traffic,57.5
7 Saturday,7,3 - heavy traffic,84
7 Saturday,7,4 - stand still,101.5
7 Saturday,7.5,0- free flowing,46201
7 Saturday,7.5,1 - light traffic,14
7 Saturday,7.5,2 - medium traffic,27.5
7 Saturday,7.5,3 - heavy traffic,264
7 Saturday,7.5,4 - stand still,182
7 Saturday,8,0- free flowing,58446
7 Saturday,8,1 - light traffic,32
7 Saturday,8,2 - medium traffic,100
7 Saturday,8,3 - heavy traffic,390
7 Saturday,8,4 - stand still,472.5
7 Saturday,8.5,0- free flowing,75948
7 Saturday,8.5,1 - light traffic,212
7 Saturday,8.5,2 - medium traffic,182.5
7 Saturday,8.5,3 - heavy traffic,762
7 Saturday,8.5,4 - stand still,882
7 Saturday,9,0- free flowing,87132
7 Saturday,9,1 - light traffic,302
7 Saturday,9,2 - medium traffic,302.5
7 Saturday,9,3 - heavy traffic,1701
7 Saturday,9,4 - stand still,1750
7 Saturday,9.5,0- free flowing,102278
7 Saturday,9.5,1 - light traffic,234
7 Saturday,9.5,2 - medium traffic,265
7 Saturday,9.5,3 - heavy traffic,2298
7 Saturday,9.5,4 - stand still,4144
7 Saturday,10,0- free flowing,117504
7 Saturday,10,1 - light traffic,490
7 Saturday,10,2 - medium traffic,1170
7 Saturday,10,3 - heavy traffic,4722
7 Saturday,10,4 - stand still,5610.5
7 Saturday,10.5,0- free flowing,129505
7 Saturday,10.5,1 - light traffic,564
7 Saturday,10.5,2 - medium traffic,2905
7 Saturday,10.5,3 - heavy traffic,7359
7 Saturday,10.5,4 - stand still,5726
7 Saturday,11,0- free flowing,140365
7 Saturday,11,1 - light traffic,706
7 Saturday,11,2 - medium traffic,4672.5
7 Saturday,11,3 - heavy traffic,13935
7 Saturday,11,4 - stand still,7588
7 Saturday,11.5,0- free flowing,151959
7 Saturday,11.5,1 - light traffic,1252
7 Saturday,11.5,2 - medium traffic,6495
7 Saturday,11.5,3 - heavy traffic,21966
7 Saturday,11.5,4 - stand still,9114
7 Saturday,12,0- free flowing,165336
7 Saturday,12,1 - light traffic,1786
7 Saturday,12,2 - medium traffic,9035
7 Saturday,12,3 - heavy traffic,26562
7 Saturday,12,4 - stand still,13811
7 Saturday,12.5,0- free flowing,177325
7 Saturday,12.5,1 - light traffic,2530
7 Saturday,12.5,2 - medium traffic,12820
7 Saturday,12.5,3 - heavy traffic,31143
7 Saturday,12.5,4 - stand still,18403
7 Saturday,13,0- free flowing,182936
7 Saturday,13,1 - light traffic,2590
7 Saturday,13,2 - medium traffic,15325
7 Saturday,13,3 - heavy traffic,36492
7 Saturday,13,4 - stand still,16632
7 Saturday,13.5,0- free flowing,181939
7 Saturday,13.5,1 - light traffic,2098
7 Saturday,13.5,2 - medium traffic,16485
7 Saturday,13.5,3 - heavy traffic,36030
7 Saturday,13.5,4 - stand still,15249.5
7 Saturday,14,0- free flowing,181781
7 Saturday,14,1 - light traffic,2180
7 Saturday,14,2 - medium traffic,15135
7 Saturday,14,3 - heavy traffic,33327
7 Saturday,14,4 - stand still,16607.5
7 Saturday,14.5,0- free flowing,177748
7 Saturday,14.5,1 - light traffic,2702
7 Saturday,14.5,2 - medium traffic,17045
7 Saturday,14.5,3 - heavy traffic,35826
7 Saturday,14.5,4 - stand still,14773.5
7 Saturday,15,0- free flowing,176433
7 Saturday,15,1 - light traffic,2460
7 Saturday,15,2 - medium traffic,18500
7 Saturday,15,3 - heavy traffic,32457
7 Saturday,15,4 - stand still,14346.5
7 Saturday,15.5,0- free flowing,175911
7 Saturday,15.5,1 - light traffic,2400
7 Saturday,15.5,2 - medium traffic,17410
7 Saturday,15.5,3 - heavy traffic,29097
7 Saturday,15.5,4 - stand still,14626.5
7 Saturday,16,0- free flowing,171011
7 Saturday,16,1 - light traffic,1908
7 Saturday,16,2 - medium traffic,14682.5
7 Saturday,16,3 - heavy traffic,27414
7 Saturday,16,4 - stand still,14518
7 Saturday,16.5,0- free flowing,166953
7 Saturday,16.5,1 - light traffic,2330
7 Saturday,16.5,2 - medium traffic,14507.5
7 Saturday,16.5,3 - heavy traffic,22359
7 Saturday,16.5,4 - stand still,11826.5
7 Saturday,17,0- free flowing,163613
7 Saturday,17,1 - light traffic,2388
7 Saturday,17,2 - medium traffic,13217.5
7 Saturday,17,3 - heavy traffic,17727
7 Saturday,17,4 - stand still,8589
7 Saturday,17.5,0- free flowing,160820
7 Saturday,17.5,1 - light traffic,1954
7 Saturday,17.5,2 - medium traffic,13787.5
7 Saturday,17.5,3 - heavy traffic,14931
7 Saturday,17.5,4 - stand still,6128.5
7 Saturday,18,0- free flowing,155661
7 Saturday,18,1 - light traffic,1922
7 Saturday,18,2 - medium traffic,9980
7 Saturday,18,3 - heavy traffic,11922
7 Saturday,18,4 - stand still,6884.5
7 Saturday,18.5,0- free flowing,146734
7 Saturday,18.5,1 - light traffic,1238
7 Saturday,18.5,2 - medium traffic,5707.5
7 Saturday,18.5,3 - heavy traffic,8940
7 Saturday,18.5,4 - stand still,6545
7 Saturday,19,0- free flowing,136408
7 Saturday,19,1 - light traffic,534
7 Saturday,19,2 - medium traffic,3580
7 Saturday,19,3 - heavy traffic,5844
7 Saturday,19,4 - stand still,5876.5
7 Saturday,19.5,0- free flowing,122528
7 Saturday,19.5,1 - light traffic,366
7 Saturday,19.5,2 - medium traffic,2830
7 Saturday,19.5,3 - heavy traffic,3468
7 Saturday,19.5,4 - stand still,4490.5
7 Saturday,20,0- free flowing,96497
7 Saturday,20,1 - light traffic,792
7 Saturday,20,2 - medium traffic,1127.5
7 Saturday,20,3 - heavy traffic,2142
7 Saturday,20,4 - stand still,3839.5
7 Saturday,20.5,0- free flowing,79468
7 Saturday,20.5,1 - light traffic,554
7 Saturday,20.5,2 - medium traffic,710
7 Saturday,20.5,3 - heavy traffic,1707
7 Saturday,20.5,4 - stand still,2131.5
7 Saturday,21,0- free flowing,85745
7 Saturday,21,1 - light traffic,70
7 Saturday,21,2 - medium traffic,172.5
7 Saturday,21,3 - heavy traffic,1467
7 Saturday,21,4 - stand still,2205
7 Saturday,21.5,0- free flowing,80654
7 Saturday,21.5,1 - light traffic,64
7 Saturday,21.5,2 - medium traffic,182.5
7 Saturday,21.5,3 - heavy traffic,969
7 Saturday,21.5,4 - stand still,1095.5
7 Saturday,22,0- free flowing,73413
7 Saturday,22,1 - light traffic,46
7 Saturday,22,2 - medium traffic,210
7 Saturday,22,3 - heavy traffic,594
7 Saturday,22,4 - stand still,759.5
7 Saturday,22.5,0- free flowing,64199
7 Saturday,22.5,1 - light traffic,16
7 Saturday,22.5,2 - medium traffic,77.5
7 Saturday,22.5,3 - heavy traffic,423
7 Saturday,22.5,4 - stand still,675.5
7 Saturday,23,0- free flowing,54085
7 Saturday,23,1 - light traffic,24
7 Saturday,23,2 - medium traffic,32.5
7 Saturday,23,3 - heavy traffic,327
7 Saturday,23,4 - stand still,315
7 Saturday,23.5,0- free flowing,45361
7 Saturday,23.5,1 - light traffic,0
7 Saturday,23.5,2 - medium traffic,42.5
7 Saturday,23.5,3 - heavy traffic,123
7 Saturday,23.5,4 - stand still,154
7 Saturday,24,0- free flowing,39637
7 Saturday,24,1 - light traffic,2
7 Saturday,24,2 - medium traffic,0
7 Saturday,24,3 - heavy traffic,153
7 Saturday,24,4 - stand still,539
