Branch Name,Report Month,Report Year,In-House Category,In-House Count,Report Date,Fiscal Year
Downtown,January,2022,Adult,371,01/01/2022 12:00:00 AM,2022
Downtown,February,2022,Adult,371,02/01/2022 12:00:00 AM,2022
Downtown,March,2022,Adult,510,03/01/2022 12:00:00 AM,2022
Downtown,April,2022,Adult,647,04/01/2022 12:00:00 AM,2022
Downtown,May,2022,Adult,429,05/01/2022 12:00:00 AM,2022
Downtown,June,2022,Adult,560,06/01/2022 12:00:00 AM,2022
Downtown,July,2021,Adult,917,07/01/2021 12:00:00 AM,2022
Downtown,August,2021,Adult,667,08/01/2021 12:00:00 AM,2022
Downtown,September,2021,Adult,695,09/01/2021 12:00:00 AM,2022
Downtown,October,2021,Adult,707,10/01/2021 12:00:00 AM,2022
Downtown,November,2021,Adult,363,11/01/2021 12:00:00 AM,2022
Downtown,December,2021,Adult,391,12/01/2021 12:00:00 AM,2022
Downtown,January,2022,AV,10,01/01/2022 12:00:00 AM,2022
Downtown,February,2022,AV,5,02/01/2022 12:00:00 AM,2022
Downtown,March,2022,AV,9,03/01/2022 12:00:00 AM,2022
Downtown,April,2022,AV,23,04/01/2022 12:00:00 AM,2022
Downtown,May,2022,AV,6,05/01/2022 12:00:00 AM,2022
Downtown,June,2022,AV,32,06/01/2022 12:00:00 AM,2022
Downtown,July,2021,AV,41,07/01/2021 12:00:00 AM,2022
Downtown,August,2021,AV,15,08/01/2021 12:00:00 AM,2022
Downtown,September,2021,AV,10,09/01/2021 12:00:00 AM,2022
Downtown,October,2021,AV,17,10/01/2021 12:00:00 AM,2022
Downtown,November,2021,AV,3,11/01/2021 12:00:00 AM,2022
Downtown,December,2021,AV,2,12/01/2021 12:00:00 AM,2022
Downtown,January,2022,Juvenile,955,01/01/2022 12:00:00 AM,2022
Downtown,February,2022,Juvenile,902,02/01/2022 12:00:00 AM,2022
Downtown,March,2022,Juvenile,1139,03/01/2022 12:00:00 AM,2022
Downtown,April,2022,Juvenile,1212,04/01/2022 12:00:00 AM,2022
Downtown,May,2022,Juvenile,1236,05/01/2022 12:00:00 AM,2022
Downtown,June,2022,Juvenile,1639,06/01/2022 12:00:00 AM,2022
Downtown,July,2021,Juvenile,1221,07/01/2021 12:00:00 AM,2022
Downtown,August,2021,Juvenile,1047,08/01/2021 12:00:00 AM,2022
Downtown,September,2021,Juvenile,846,09/01/2021 12:00:00 AM,2022
Downtown,October,2021,Juvenile,1026,10/01/2021 12:00:00 AM,2022
Downtown,November,2021,Juvenile,816,11/01/2021 12:00:00 AM,2022
Downtown,December,2021,Juvenile,800,12/01/2021 12:00:00 AM,2022
Downtown,January,2022,Teen,40,01/01/2022 12:00:00 AM,2022
Downtown,February,2022,Teen,30,02/01/2022 12:00:00 AM,2022
Downtown,March,2022,Teen,20,03/01/2022 12:00:00 AM,2022
Downtown,April,2022,Teen,27,04/01/2022 12:00:00 AM,2022
Downtown,May,2022,Teen,35,05/01/2022 12:00:00 AM,2022
Downtown,June,2022,Teen,77,06/01/2022 12:00:00 AM,2022
Downtown,July,2021,Teen,77,07/01/2021 12:00:00 AM,2022
Downtown,August,2021,Teen,59,08/01/2021 12:00:00 AM,2022
Downtown,September,2021,Teen,81,09/01/2021 12:00:00 AM,2022
Downtown,October,2021,Teen,81,10/01/2021 12:00:00 AM,2022
Downtown,November,2021,Teen,6,11/01/2021 12:00:00 AM,2022
Downtown,December,2021,Teen,15,12/01/2021 12:00:00 AM,2022
Eastgate,January,2022,Adult,27,01/01/2022 12:00:00 AM,2022
Eastgate,February,2022,Adult,22,02/01/2022 12:00:00 AM,2022
Eastgate,March,2022,Adult,52,03/01/2022 12:00:00 AM,2022
Eastgate,April,2022,Adult,71,04/01/2022 12:00:00 AM,2022
Eastgate,May,2022,Adult,38,05/01/2022 12:00:00 AM,2022
Eastgate,June,2022,Adult,43,06/01/2022 12:00:00 AM,2022
Eastgate,July,2021,Adult,30,07/01/2021 12:00:00 AM,2022
Eastgate,August,2021,Adult,39,08/01/2021 12:00:00 AM,2022
Eastgate,September,2021,Adult,22,09/01/2021 12:00:00 AM,2022
Eastgate,October,2021,Adult,17,10/01/2021 12:00:00 AM,2022
Eastgate,November,2021,Adult,32,11/01/2021 12:00:00 AM,2022
Eastgate,December,2021,Adult,9,12/01/2021 12:00:00 AM,2022
Eastgate,January,2022,AV,4,01/01/2022 12:00:00 AM,2022
Eastgate,February,2022,AV,4,02/01/2022 12:00:00 AM,2022
Eastgate,March,2022,AV,7,03/01/2022 12:00:00 AM,2022
Eastgate,April,2022,AV,2,04/01/2022 12:00:00 AM,2022
Eastgate,May,2022,AV,2,05/01/2022 12:00:00 AM,2022
Eastgate,June,2022,AV,1,06/01/2022 12:00:00 AM,2022
Eastgate,July,2021,AV,,07/01/2021 12:00:00 AM,2022
Eastgate,August,2021,AV,6,08/01/2021 12:00:00 AM,2022
Eastgate,September,2021,AV,4,09/01/2021 12:00:00 AM,2022
Eastgate,October,2021,AV,7,10/01/2021 12:00:00 AM,2022
Eastgate,November,2021,AV,10,11/01/2021 12:00:00 AM,2022
Eastgate,December,2021,AV,,12/01/2021 12:00:00 AM,2022
Eastgate,January,2022,Juvenile,198,01/01/2022 12:00:00 AM,2022
Eastgate,February,2022,Juvenile,209,02/01/2022 12:00:00 AM,2022
Eastgate,March,2022,Juvenile,198,03/01/2022 12:00:00 AM,2022
Eastgate,April,2022,Juvenile,219,04/01/2022 12:00:00 AM,2022
Eastgate,May,2022,Juvenile,155,05/01/2022 12:00:00 AM,2022
Eastgate,June,2022,Juvenile,183,06/01/2022 12:00:00 AM,2022
Eastgate,July,2021,Juvenile,165,07/01/2021 12:00:00 AM,2022
Eastgate,August,2021,Juvenile,119,08/01/2021 12:00:00 AM,2022
Eastgate,September,2021,Juvenile,88,09/01/2021 12:00:00 AM,2022
Eastgate,October,2021,Juvenile,70,10/01/2021 12:00:00 AM,2022
Eastgate,November,2021,Juvenile,83,11/01/2021 12:00:00 AM,2022
Eastgate,December,2021,Juvenile,62,12/01/2021 12:00:00 AM,2022
Eastgate,January,2022,Teen,5,01/01/2022 12:00:00 AM,2022
Eastgate,February,2022,Teen,5,02/01/2022 12:00:00 AM,2022
Eastgate,March,2022,Teen,2,03/01/2022 12:00:00 AM,2022
Eastgate,April,2022,Teen,5,04/01/2022 12:00:00 AM,2022
Eastgate,May,2022,Teen,11,05/01/2022 12:00:00 AM,2022
Eastgate,June,2022,Teen,7,06/01/2022 12:00:00 AM,2022
Eastgate,July,2021,Teen,15,07/01/2021 12:00:00 AM,2022
Eastgate,August,2021,Teen,17,08/01/2021 12:00:00 AM,2022
Eastgate,September,2021,Teen,7,09/01/2021 12:00:00 AM,2022
Eastgate,October,2021,Teen,5,10/01/2021 12:00:00 AM,2022
Eastgate,November,2021,Teen,18,11/01/2021 12:00:00 AM,2022
Eastgate,December,2021,Teen,13,12/01/2021 12:00:00 AM,2022
Northgate,January,2022,Adult,59,01/01/2022 12:00:00 AM,2022
Northgate,February,2022,Adult,64,02/01/2022 12:00:00 AM,2022
Northgate,March,2022,Adult,76,03/01/2022 12:00:00 AM,2022
Northgate,April,2022,Adult,61,04/01/2022 12:00:00 AM,2022
Northgate,May,2022,Adult,70,05/01/2022 12:00:00 AM,2022
Northgate,June,2022,Adult,60,06/01/2022 12:00:00 AM,2022
Northgate,July,2021,Adult,94,07/01/2021 12:00:00 AM,2022
Northgate,August,2021,Adult,111,08/01/2021 12:00:00 AM,2022
Northgate,September,2021,Adult,37,09/01/2021 12:00:00 AM,2022
Northgate,October,2021,Adult,34,10/01/2021 12:00:00 AM,2022
Northgate,November,2021,Adult,28,11/01/2021 12:00:00 AM,2022
Northgate,December,2021,Adult,63,12/01/2021 12:00:00 AM,2022
Northgate,January,2022,AV,3,01/01/2022 12:00:00 AM,2022
Northgate,February,2022,AV,1,02/01/2022 12:00:00 AM,2022
Northgate,March,2022,AV,3,03/01/2022 12:00:00 AM,2022
Northgate,April,2022,AV,3,04/01/2022 12:00:00 AM,2022
Northgate,May,2022,AV,4,05/01/2022 12:00:00 AM,2022
Northgate,June,2022,AV,6,06/01/2022 12:00:00 AM,2022
Northgate,July,2021,AV,16,07/01/2021 12:00:00 AM,2022
Northgate,August,2021,AV,10,08/01/2021 12:00:00 AM,2022
Northgate,September,2021,AV,9,09/01/2021 12:00:00 AM,2022
Northgate,October,2021,AV,12,10/01/2021 12:00:00 AM,2022
Northgate,November,2021,AV,8,11/01/2021 12:00:00 AM,2022
Northgate,December,2021,AV,2,12/01/2021 12:00:00 AM,2022
Northgate,January,2022,Juvenile,648,01/01/2022 12:00:00 AM,2022
Northgate,February,2022,Juvenile,596,02/01/2022 12:00:00 AM,2022
Northgate,March,2022,Juvenile,816,03/01/2022 12:00:00 AM,2022
Northgate,April,2022,Juvenile,619,04/01/2022 12:00:00 AM,2022
Northgate,May,2022,Juvenile,380,05/01/2022 12:00:00 AM,2022
Northgate,June,2022,Juvenile,910,06/01/2022 12:00:00 AM,2022
Northgate,July,2021,Juvenile,918,07/01/2021 12:00:00 AM,2022
Northgate,August,2021,Juvenile,683,08/01/2021 12:00:00 AM,2022
Northgate,September,2021,Juvenile,575,09/01/2021 12:00:00 AM,2022
Northgate,October,2021,Juvenile,600,10/01/2021 12:00:00 AM,2022
Northgate,November,2021,Juvenile,543,11/01/2021 12:00:00 AM,2022
Northgate,December,2021,Juvenile,497,12/01/2021 12:00:00 AM,2022
Northgate,January,2022,Teen,13,01/01/2022 12:00:00 AM,2022
Northgate,February,2022,Teen,21,02/01/2022 12:00:00 AM,2022
Northgate,March,2022,Teen,25,03/01/2022 12:00:00 AM,2022
Northgate,April,2022,Teen,18,04/01/2022 12:00:00 AM,2022
Northgate,May,2022,Teen,22,05/01/2022 12:00:00 AM,2022
Northgate,June,2022,Teen,45,06/01/2022 12:00:00 AM,2022
Northgate,July,2021,Teen,45,07/01/2021 12:00:00 AM,2022
Northgate,August,2021,Teen,21,08/01/2021 12:00:00 AM,2022
Northgate,September,2021,Teen,25,09/01/2021 12:00:00 AM,2022
Northgate,October,2021,Teen,15,10/01/2021 12:00:00 AM,2022
Northgate,November,2021,Teen,13,11/01/2021 12:00:00 AM,2022
Northgate,December,2021,Teen,21,12/01/2021 12:00:00 AM,2022
Avondale,January,2022,Adult,0,01/01/2022 12:00:00 AM,2022
Avondale,February,2022,Adult,0,02/01/2022 12:00:00 AM,2022
Avondale,March,2022,Adult,0,03/01/2022 12:00:00 AM,2022
Avondale,April,2022,Adult,0,04/01/2022 12:00:00 AM,2022
Avondale,May,2022,Adult,0,05/01/2022 12:00:00 AM,2022
Avondale,June,2022,Adult,0,06/01/2022 12:00:00 AM,2022
Avondale,July,2021,Adult,0,07/01/2021 12:00:00 AM,2022
Avondale,August,2021,Adult,0,08/01/2021 12:00:00 AM,2022
Avondale,September,2021,Adult,0,09/01/2021 12:00:00 AM,2022
Avondale,October,2021,Adult,0,10/01/2021 12:00:00 AM,2022
Avondale,November,2021,Adult,0,11/01/2021 12:00:00 AM,2022
Avondale,December,2021,Adult,0,12/01/2021 12:00:00 AM,2022
Avondale,January,2022,AV,0,01/01/2022 12:00:00 AM,2022
Avondale,February,2022,AV,0,02/01/2022 12:00:00 AM,2022
Avondale,March,2022,AV,0,03/01/2022 12:00:00 AM,2022
Avondale,April,2022,AV,0,04/01/2022 12:00:00 AM,2022
Avondale,May,2022,AV,0,05/01/2022 12:00:00 AM,2022
Avondale,June,2022,AV,0,06/01/2022 12:00:00 AM,2022
Avondale,July,2021,AV,0,07/01/2021 12:00:00 AM,2022
Avondale,August,2021,AV,0,08/01/2021 12:00:00 AM,2022
Avondale,September,2021,AV,0,09/01/2021 12:00:00 AM,2022
Avondale,October,2021,AV,0,10/01/2021 12:00:00 AM,2022
Avondale,November,2021,AV,0,11/01/2021 12:00:00 AM,2022
Avondale,December,2021,AV,0,12/01/2021 12:00:00 AM,2022
Avondale,January,2022,Juvenile,0,01/01/2022 12:00:00 AM,2022
Avondale,February,2022,Juvenile,0,02/01/2022 12:00:00 AM,2022
Avondale,March,2022,Juvenile,0,03/01/2022 12:00:00 AM,2022
Avondale,April,2022,Juvenile,0,04/01/2022 12:00:00 AM,2022
Avondale,May,2022,Juvenile,0,05/01/2022 12:00:00 AM,2022
Avondale,June,2022,Juvenile,0,06/01/2022 12:00:00 AM,2022
Avondale,July,2021,Juvenile,0,07/01/2021 12:00:00 AM,2022
Avondale,August,2021,Juvenile,0,08/01/2021 12:00:00 AM,2022
Avondale,September,2021,Juvenile,0,09/01/2021 12:00:00 AM,2022
Avondale,October,2021,Juvenile,0,10/01/2021 12:00:00 AM,2022
Avondale,November,2021,Juvenile,0,11/01/2021 12:00:00 AM,2022
Avondale,December,2021,Juvenile,0,12/01/2021 12:00:00 AM,2022
Avondale,January,2022,Teen,0,01/01/2022 12:00:00 AM,2022
Avondale,February,2022,Teen,0,02/01/2022 12:00:00 AM,2022
Avondale,March,2022,Teen,0,03/01/2022 12:00:00 AM,2022
Avondale,April,2022,Teen,0,04/01/2022 12:00:00 AM,2022
Avondale,May,2022,Teen,0,05/01/2022 12:00:00 AM,2022
Avondale,June,2022,Teen,0,06/01/2022 12:00:00 AM,2022
Avondale,July,2021,Teen,0,07/01/2021 12:00:00 AM,2022
Avondale,August,2021,Teen,0,08/01/2021 12:00:00 AM,2022
Avondale,September,2021,Teen,0,09/01/2021 12:00:00 AM,2022
Avondale,October,2021,Teen,0,10/01/2021 12:00:00 AM,2022
Avondale,November,2021,Teen,0,11/01/2021 12:00:00 AM,2022
Avondale,December,2021,Teen,0,12/01/2021 12:00:00 AM,2022
South Chatt,January,2022,Adult,18,01/01/2022 12:00:00 AM,2022
South Chatt,February,2022,Adult,9,02/01/2022 12:00:00 AM,2022
South Chatt,March,2022,Adult,7,03/01/2022 12:00:00 AM,2022
South Chatt,April,2022,Adult,7,04/01/2022 12:00:00 AM,2022
South Chatt,May,2022,Adult,6,05/01/2022 12:00:00 AM,2022
South Chatt,June,2022,Adult,10,06/01/2022 12:00:00 AM,2022
South Chatt,July,2021,Adult,18,07/01/2021 12:00:00 AM,2022
South Chatt,August,2021,Adult,9,08/01/2021 12:00:00 AM,2022
South Chatt,September,2021,Adult,3,09/01/2021 12:00:00 AM,2022
South Chatt,October,2021,Adult,11,10/01/2021 12:00:00 AM,2022
South Chatt,November,2021,Adult,8,11/01/2021 12:00:00 AM,2022
South Chatt,December,2021,Adult,8,12/01/2021 12:00:00 AM,2022
South Chatt,January,2022,AV,0,01/01/2022 12:00:00 AM,2022
South Chatt,February,2022,AV,2,02/01/2022 12:00:00 AM,2022
South Chatt,March,2022,AV,0,03/01/2022 12:00:00 AM,2022
South Chatt,April,2022,AV,2,04/01/2022 12:00:00 AM,2022
South Chatt,May,2022,AV,21,05/01/2022 12:00:00 AM,2022
South Chatt,June,2022,AV,0,06/01/2022 12:00:00 AM,2022
South Chatt,July,2021,AV,9,07/01/2021 12:00:00 AM,2022
South Chatt,August,2021,AV,6,08/01/2021 12:00:00 AM,2022
South Chatt,September,2021,AV,2,09/01/2021 12:00:00 AM,2022
South Chatt,October,2021,AV,1,10/01/2021 12:00:00 AM,2022
South Chatt,November,2021,AV,2,11/01/2021 12:00:00 AM,2022
South Chatt,December,2021,AV,2,12/01/2021 12:00:00 AM,2022
South Chatt,January,2022,Juvenile,274,01/01/2022 12:00:00 AM,2022
South Chatt,February,2022,Juvenile,266,02/01/2022 12:00:00 AM,2022
South Chatt,March,2022,Juvenile,173,03/01/2022 12:00:00 AM,2022
South Chatt,April,2022,Juvenile,126,04/01/2022 12:00:00 AM,2022
South Chatt,May,2022,Juvenile,127,05/01/2022 12:00:00 AM,2022
South Chatt,June,2022,Juvenile,273,06/01/2022 12:00:00 AM,2022
South Chatt,July,2021,Juvenile,411,07/01/2021 12:00:00 AM,2022
South Chatt,August,2021,Juvenile,248,08/01/2021 12:00:00 AM,2022
South Chatt,September,2021,Juvenile,253,09/01/2021 12:00:00 AM,2022
South Chatt,October,2021,Juvenile,261,10/01/2021 12:00:00 AM,2022
South Chatt,November,2021,Juvenile,156,11/01/2021 12:00:00 AM,2022
South Chatt,December,2021,Juvenile,168,12/01/2021 12:00:00 AM,2022
South Chatt,January,2022,Teen,3,01/01/2022 12:00:00 AM,2022
South Chatt,February,2022,Teen,8,02/01/2022 12:00:00 AM,2022
South Chatt,March,2022,Teen,3,03/01/2022 12:00:00 AM,2022
South Chatt,April,2022,Teen,12,04/01/2022 12:00:00 AM,2022
South Chatt,May,2022,Teen,0,05/01/2022 12:00:00 AM,2022
South Chatt,June,2022,Teen,7,06/01/2022 12:00:00 AM,2022
South Chatt,July,2021,Teen,15,07/01/2021 12:00:00 AM,2022
South Chatt,August,2021,Teen,4,08/01/2021 12:00:00 AM,2022
South Chatt,September,2021,Teen,15,09/01/2021 12:00:00 AM,2022
South Chatt,October,2021,Teen,9,10/01/2021 12:00:00 AM,2022
South Chatt,November,2021,Teen,1,11/01/2021 12:00:00 AM,2022
South Chatt,December,2021,Teen,3,12/01/2021 12:00:00 AM,2022
Avondale,July,2022,Adult,73,07/01/2022 12:00:00 AM,2023
Avondale,July,2022,AV,24,07/01/2022 12:00:00 AM,2023
Avondale,July,2022,Juvenile,53,07/01/2022 12:00:00 AM,2023
Avondale,July,2022,Teen,19,07/01/2022 12:00:00 AM,2023
Avondale,August,2022,Adult,79,08/01/2022 12:00:00 AM,2023
Avondale,August,2022,AV,36,08/01/2022 12:00:00 AM,2023
Avondale,August,2022,Juvenile,104,08/01/2022 12:00:00 AM,2023
Avondale,August,2022,Teen,31,08/01/2022 12:00:00 AM,2023
Avondale,September,2022,Adult,,09/01/2022 12:00:00 AM,2023
Avondale,September,2022,AV,,09/01/2022 12:00:00 AM,2023
Avondale,September,2022,Juvenile,,09/01/2022 12:00:00 AM,2023
Avondale,September,2022,Teen,,09/01/2022 12:00:00 AM,2023
Avondale,October,2022,Adult,,10/01/2022 12:00:00 AM,2023
Avondale,October,2022,AV,,10/01/2022 12:00:00 AM,2023
Avondale,October,2022,Juvenile,,10/01/2022 12:00:00 AM,2023
Avondale,October,2022,Teen,,10/01/2022 12:00:00 AM,2023
Avondale,November,2022,Adult,,11/01/2022 12:00:00 AM,2023
Avondale,November,2022,AV,,11/01/2022 12:00:00 AM,2023
Avondale,November,2022,Juvenile,,11/01/2022 12:00:00 AM,2023
Avondale,November,2022,Teen,,11/01/2022 12:00:00 AM,2023
Avondale,December,2022,Adult,,12/01/2022 12:00:00 AM,2023
Avondale,December,2022,AV,,12/01/2022 12:00:00 AM,2023
Avondale,December,2022,Juvenile,,12/01/2022 12:00:00 AM,2023
Avondale,December,2022,Teen,,12/01/2022 12:00:00 AM,2023
Avondale,January,2023,Adult,,01/01/2023 12:00:00 AM,2023
Avondale,January,2023,AV,,01/01/2023 12:00:00 AM,2023
Avondale,January,2023,Juvenile,,01/01/2023 12:00:00 AM,2023
Avondale,January,2023,Teen,,01/01/2023 12:00:00 AM,2023
Avondale,February,2023,Adult,,02/01/2023 12:00:00 AM,2023
Avondale,February,2023,AV,,02/01/2023 12:00:00 AM,2023
Avondale,February,2023,Juvenile,,02/01/2023 12:00:00 AM,2023
Avondale,February,2023,Teen,,02/01/2023 12:00:00 AM,2023
Avondale,March,2023,Adult,,03/01/2023 12:00:00 AM,2023
Avondale,March,2023,AV,,03/01/2023 12:00:00 AM,2023
Avondale,March,2023,Juvenile,,03/01/2023 12:00:00 AM,2023
Avondale,March,2023,Teen,,03/01/2023 12:00:00 AM,2023
Avondale,April,2023,Adult,,04/01/2023 12:00:00 AM,2023
Avondale,April,2023,AV,,04/01/2023 12:00:00 AM,2023
Avondale,April,2023,Juvenile,,04/01/2023 12:00:00 AM,2023
Avondale,April,2023,Teen,,04/01/2023 12:00:00 AM,2023
Avondale,May,2023,Adult,,05/01/2023 12:00:00 AM,2023
Avondale,May,2023,AV,,05/01/2023 12:00:00 AM,2023
Avondale,May,2023,Juvenile,,05/01/2023 12:00:00 AM,2023
Avondale,May,2023,Teen,,05/01/2023 12:00:00 AM,2023
Avondale,June,2023,Adult,,06/01/2023 12:00:00 AM,2023
Avondale,June,2023,AV,,06/01/2023 12:00:00 AM,2023
Avondale,June,2023,Juvenile,,06/01/2023 12:00:00 AM,2023
Avondale,June,2023,Teen,,06/01/2023 12:00:00 AM,2023
Digital,July,2022,Hoopla: Audiobooks,3356,07/01/2022 12:00:00 AM,2023
Digital,July,2022,Hoopla: Comics,244,07/01/2022 12:00:00 AM,2023
Digital,July,2022,Hoopla: Ebook,1520,07/01/2022 12:00:00 AM,2023
Digital,July,2022,Hoopla: Movies/TV,427,07/01/2022 12:00:00 AM,2023
Digital,July,2022,Hoopla: Music,79,07/01/2022 12:00:00 AM,2023
Digital,July,2022,Overdrive Audio,8729,07/01/2022 12:00:00 AM,2023
Digital,July,2022,Overdrive Ebook,9034,07/01/2022 12:00:00 AM,2023
Digital,August,2022,Hoopla: Audiobooks,3743,08/01/2022 12:00:00 AM,2023
Digital,August,2022,Hoopla: Comics,398,08/01/2022 12:00:00 AM,2023
Digital,August,2022,Hoopla: Ebook,1520,08/01/2022 12:00:00 AM,2023
Digital,August,2022,Hoopla: Movies/TV,673,08/01/2022 12:00:00 AM,2023
Digital,August,2022,Hoopla: Music,79,08/01/2022 12:00:00 AM,2023
Digital,August,2022,Overdrive Audio,9042,08/01/2022 12:00:00 AM,2023
Digital,August,2022,Overdrive Ebook,8770,08/01/2022 12:00:00 AM,2023
Digital,September,2022,Hoopla: Audiobooks,,09/01/2022 12:00:00 AM,2023
Digital,September,2022,Hoopla: Comics,,09/01/2022 12:00:00 AM,2023
Digital,September,2022,Hoopla: Ebook,,09/01/2022 12:00:00 AM,2023
Digital,September,2022,Hoopla: Movies/TV,,09/01/2022 12:00:00 AM,2023
Digital,September,2022,Hoopla: Music,,09/01/2022 12:00:00 AM,2023
Digital,September,2022,Overdrive Audio,,09/01/2022 12:00:00 AM,2023
Digital,September,2022,Overdrive Ebook,,09/01/2022 12:00:00 AM,2023
Digital,October,2022,Hoopla: Audiobooks,,10/01/2022 12:00:00 AM,2023
Digital,October,2022,Hoopla: Comics,,10/01/2022 12:00:00 AM,2023
Digital,October,2022,Hoopla: Ebook,,10/01/2022 12:00:00 AM,2023
Digital,October,2022,Hoopla: Movies/TV,,10/01/2022 12:00:00 AM,2023
Digital,October,2022,Hoopla: Music,,10/01/2022 12:00:00 AM,2023
Digital,October,2022,Overdrive Audio,,10/01/2022 12:00:00 AM,2023
Digital,October,2022,Overdrive Ebook,,10/01/2022 12:00:00 AM,2023
Digital,November,2022,Hoopla: Audiobooks,,11/01/2022 12:00:00 AM,2023
Digital,November,2022,Hoopla: Comics,,11/01/2022 12:00:00 AM,2023
Digital,November,2022,Hoopla: Ebook,,11/01/2022 12:00:00 AM,2023
Digital,November,2022,Hoopla: Movies/TV,,11/01/2022 12:00:00 AM,2023
Digital,November,2022,Hoopla: Music,,11/01/2022 12:00:00 AM,2023
Digital,November,2022,Overdrive Audio,,11/01/2022 12:00:00 AM,2023
Digital,November,2022,Overdrive Ebook,,11/01/2022 12:00:00 AM,2023
Digital,December,2022,Hoopla: Audiobooks,,12/01/2022 12:00:00 AM,2023
Digital,December,2022,Hoopla: Comics,,12/01/2022 12:00:00 AM,2023
Digital,December,2022,Hoopla: Ebook,,12/01/2022 12:00:00 AM,2023
Digital,December,2022,Hoopla: Movies/TV,,12/01/2022 12:00:00 AM,2023
Digital,December,2022,Hoopla: Music,,12/01/2022 12:00:00 AM,2023
Digital,December,2022,Overdrive Audio,,12/01/2022 12:00:00 AM,2023
Digital,December,2022,Overdrive Ebook,,12/01/2022 12:00:00 AM,2023
Digital,January,2023,Hoopla: Audiobooks,,01/01/2023 12:00:00 AM,2023
Digital,January,2023,Hoopla: Comics,,01/01/2023 12:00:00 AM,2023
Digital,January,2023,Hoopla: Ebook,,01/01/2023 12:00:00 AM,2023
Digital,January,2023,Hoopla: Movies/TV,,01/01/2023 12:00:00 AM,2023
Digital,January,2023,Hoopla: Music,,01/01/2023 12:00:00 AM,2023
Digital,January,2023,Overdrive Audio,,01/01/2023 12:00:00 AM,2023
Digital,January,2023,Overdrive Ebook,,01/01/2023 12:00:00 AM,2023
Digital,February,2023,Hoopla: Audiobooks,,02/01/2023 12:00:00 AM,2023
Digital,February,2023,Hoopla: Comics,,02/01/2023 12:00:00 AM,2023
Digital,February,2023,Hoopla: Ebook,,02/01/2023 12:00:00 AM,2023
Digital,February,2023,Hoopla: Movies/TV,,02/01/2023 12:00:00 AM,2023
Digital,February,2023,Hoopla: Music,,02/01/2023 12:00:00 AM,2023
Digital,February,2023,Overdrive Audio,,02/01/2023 12:00:00 AM,2023
Digital,February,2023,Overdrive Ebook,,02/01/2023 12:00:00 AM,2023
Digital,March,2023,Hoopla: Audiobooks,,03/01/2023 12:00:00 AM,2023
Digital,March,2023,Hoopla: Comics,,03/01/2023 12:00:00 AM,2023
Digital,March,2023,Hoopla: Ebook,,03/01/2023 12:00:00 AM,2023
Digital,March,2023,Hoopla: Movies/TV,,03/01/2023 12:00:00 AM,2023
Digital,March,2023,Hoopla: Music,,03/01/2023 12:00:00 AM,2023
Digital,March,2023,Overdrive Audio,,03/01/2023 12:00:00 AM,2023
Digital,March,2023,Overdrive Ebook,,03/01/2023 12:00:00 AM,2023
Digital,April,2023,Hoopla: Audiobooks,,04/01/2023 12:00:00 AM,2023
Digital,April,2023,Hoopla: Comics,,04/01/2023 12:00:00 AM,2023
Digital,April,2023,Hoopla: Ebook,,04/01/2023 12:00:00 AM,2023
Digital,April,2023,Hoopla: Movies/TV,,04/01/2023 12:00:00 AM,2023
Digital,April,2023,Hoopla: Music,,04/01/2023 12:00:00 AM,2023
Digital,April,2023,Overdrive Audio,,04/01/2023 12:00:00 AM,2023
Digital,April,2023,Overdrive Ebook,,04/01/2023 12:00:00 AM,2023
Digital,May,2023,Hoopla: Audiobooks,,05/01/2023 12:00:00 AM,2023
Digital,May,2023,Hoopla: Comics,,05/01/2023 12:00:00 AM,2023
Digital,May,2023,Hoopla: Ebook,,05/01/2023 12:00:00 AM,2023
Digital,May,2023,Hoopla: Movies/TV,,05/01/2023 12:00:00 AM,2023
Digital,May,2023,Hoopla: Music,,05/01/2023 12:00:00 AM,2023
Digital,May,2023,Overdrive Audio,,05/01/2023 12:00:00 AM,2023
Digital,May,2023,Overdrive Ebook,,05/01/2023 12:00:00 AM,2023
Digital,June,2023,Hoopla: Audiobooks,,06/01/2023 12:00:00 AM,2023
Digital,June,2023,Hoopla: Comics,,06/01/2023 12:00:00 AM,2023
Digital,June,2023,Hoopla: Ebook,,06/01/2023 12:00:00 AM,2023
Digital,June,2023,Hoopla: Movies/TV,,06/01/2023 12:00:00 AM,2023
Digital,June,2023,Hoopla: Music,,06/01/2023 12:00:00 AM,2023
Digital,June,2023,Overdrive Audio,,06/01/2023 12:00:00 AM,2023
Digital,June,2023,Overdrive Ebook,,06/01/2023 12:00:00 AM,2023
Downtown,July,2022,Adult,9300,07/01/2022 12:00:00 AM,2023
Downtown,July,2022,AV,2559,07/01/2022 12:00:00 AM,2023
Downtown,July,2022,Juvenile,25486,07/01/2022 12:00:00 AM,2023
Downtown,July,2022,Teen,2477,07/01/2022 12:00:00 AM,2023
Downtown,August,2022,Adult,9328,08/01/2022 12:00:00 AM,2023
Downtown,August,2022,AV,2602,08/01/2022 12:00:00 AM,2023
Downtown,August,2022,Juvenile,24000,08/01/2022 12:00:00 AM,2023
Downtown,August,2022,Teen,2045,08/01/2022 12:00:00 AM,2023
Downtown,September,2022,Adult,,09/01/2022 12:00:00 AM,2023
Downtown,September,2022,AV,,09/01/2022 12:00:00 AM,2023
Downtown,September,2022,Juvenile,,09/01/2022 12:00:00 AM,2023
Downtown,September,2022,Teen,,09/01/2022 12:00:00 AM,2023
Downtown,October,2022,Adult,,10/01/2022 12:00:00 AM,2023
Downtown,October,2022,AV,,10/01/2022 12:00:00 AM,2023
Downtown,October,2022,Juvenile,,10/01/2022 12:00:00 AM,2023
Downtown,October,2022,Teen,,10/01/2022 12:00:00 AM,2023
Downtown,November,2022,Adult,,11/01/2022 12:00:00 AM,2023
Downtown,November,2022,AV,,11/01/2022 12:00:00 AM,2023
Downtown,November,2022,Juvenile,,11/01/2022 12:00:00 AM,2023
Downtown,November,2022,Teen,,11/01/2022 12:00:00 AM,2023
Downtown,December,2022,Adult,,12/01/2022 12:00:00 AM,2023
Downtown,December,2022,AV,,12/01/2022 12:00:00 AM,2023
Downtown,December,2022,Juvenile,,12/01/2022 12:00:00 AM,2023
Downtown,December,2022,Teen,,12/01/2022 12:00:00 AM,2023
Downtown,January,2023,Adult,,01/01/2023 12:00:00 AM,2023
Downtown,January,2023,AV,,01/01/2023 12:00:00 AM,2023
Downtown,January,2023,Juvenile,,01/01/2023 12:00:00 AM,2023
Downtown,January,2023,Teen,,01/01/2023 12:00:00 AM,2023
Downtown,February,2023,Adult,,02/01/2023 12:00:00 AM,2023
Downtown,February,2023,AV,,02/01/2023 12:00:00 AM,2023
Downtown,February,2023,Juvenile,,02/01/2023 12:00:00 AM,2023
Downtown,February,2023,Teen,,02/01/2023 12:00:00 AM,2023
Downtown,March,2023,Adult,,03/01/2023 12:00:00 AM,2023
Downtown,March,2023,AV,,03/01/2023 12:00:00 AM,2023
Downtown,March,2023,Juvenile,,03/01/2023 12:00:00 AM,2023
Downtown,March,2023,Teen,,03/01/2023 12:00:00 AM,2023
Downtown,April,2023,Adult,,04/01/2023 12:00:00 AM,2023
Downtown,April,2023,AV,,04/01/2023 12:00:00 AM,2023
Downtown,April,2023,Juvenile,,04/01/2023 12:00:00 AM,2023
Downtown,April,2023,Teen,,04/01/2023 12:00:00 AM,2023
Downtown,May,2023,Adult,,05/01/2023 12:00:00 AM,2023
Downtown,May,2023,AV,,05/01/2023 12:00:00 AM,2023
Downtown,May,2023,Juvenile,,05/01/2023 12:00:00 AM,2023
Downtown,May,2023,Teen,,05/01/2023 12:00:00 AM,2023
Downtown,June,2023,Adult,,06/01/2023 12:00:00 AM,2023
Downtown,June,2023,AV,,06/01/2023 12:00:00 AM,2023
Downtown,June,2023,Juvenile,,06/01/2023 12:00:00 AM,2023
Downtown,June,2023,Teen,,06/01/2023 12:00:00 AM,2023
Eastgate,July,2022,Adult,3033,07/01/2022 12:00:00 AM,2023
Eastgate,July,2022,AV,1155,07/01/2022 12:00:00 AM,2023
Eastgate,July,2022,Juvenile,6854,07/01/2022 12:00:00 AM,2023
Eastgate,July,2022,Teen,617,07/01/2022 12:00:00 AM,2023
Eastgate,August,2022,Adult,3152,08/01/2022 12:00:00 AM,2023
Eastgate,August,2022,AV,1178,08/01/2022 12:00:00 AM,2023
Eastgate,August,2022,Juvenile,6969,08/01/2022 12:00:00 AM,2023
Eastgate,August,2022,Teen,462,08/01/2022 12:00:00 AM,2023
Eastgate,September,2022,Adult,,09/01/2022 12:00:00 AM,2023
Eastgate,September,2022,AV,,09/01/2022 12:00:00 AM,2023
Eastgate,September,2022,Juvenile,,09/01/2022 12:00:00 AM,2023
Eastgate,September,2022,Teen,,09/01/2022 12:00:00 AM,2023
Eastgate,October,2022,Adult,,10/01/2022 12:00:00 AM,2023
Eastgate,October,2022,AV,,10/01/2022 12:00:00 AM,2023
Eastgate,October,2022,Juvenile,,10/01/2022 12:00:00 AM,2023
Eastgate,October,2022,Teen,,10/01/2022 12:00:00 AM,2023
Eastgate,November,2022,Adult,,11/01/2022 12:00:00 AM,2023
Eastgate,November,2022,AV,,11/01/2022 12:00:00 AM,2023
Eastgate,November,2022,Juvenile,,11/01/2022 12:00:00 AM,2023
Eastgate,November,2022,Teen,,11/01/2022 12:00:00 AM,2023
Eastgate,December,2022,Adult,,12/01/2022 12:00:00 AM,2023
Eastgate,December,2022,AV,,12/01/2022 12:00:00 AM,2023
Eastgate,December,2022,Juvenile,,12/01/2022 12:00:00 AM,2023
Eastgate,December,2022,Teen,,12/01/2022 12:00:00 AM,2023
Eastgate,January,2023,Adult,,01/01/2023 12:00:00 AM,2023
Eastgate,January,2023,AV,,01/01/2023 12:00:00 AM,2023
Eastgate,January,2023,Juvenile,,01/01/2023 12:00:00 AM,2023
Eastgate,January,2023,Teen,,01/01/2023 12:00:00 AM,2023
Eastgate,February,2023,Adult,,02/01/2023 12:00:00 AM,2023
Eastgate,February,2023,AV,,02/01/2023 12:00:00 AM,2023
Eastgate,February,2023,Juvenile,,02/01/2023 12:00:00 AM,2023
Eastgate,February,2023,Teen,,02/01/2023 12:00:00 AM,2023
Eastgate,March,2023,Adult,,03/01/2023 12:00:00 AM,2023
Eastgate,March,2023,AV,,03/01/2023 12:00:00 AM,2023
Eastgate,March,2023,Juvenile,,03/01/2023 12:00:00 AM,2023
Eastgate,March,2023,Teen,,03/01/2023 12:00:00 AM,2023
Eastgate,April,2023,Adult,,04/01/2023 12:00:00 AM,2023
Eastgate,April,2023,AV,,04/01/2023 12:00:00 AM,2023
Eastgate,April,2023,Juvenile,,04/01/2023 12:00:00 AM,2023
Eastgate,April,2023,Teen,,04/01/2023 12:00:00 AM,2023
Eastgate,May,2023,Adult,,05/01/2023 12:00:00 AM,2023
Eastgate,May,2023,AV,,05/01/2023 12:00:00 AM,2023
Eastgate,May,2023,Juvenile,,05/01/2023 12:00:00 AM,2023
Eastgate,May,2023,Teen,,05/01/2023 12:00:00 AM,2023
Eastgate,June,2023,Adult,,06/01/2023 12:00:00 AM,2023
Eastgate,June,2023,AV,,06/01/2023 12:00:00 AM,2023
Eastgate,June,2023,Juvenile,,06/01/2023 12:00:00 AM,2023
Eastgate,June,2023,Teen,,06/01/2023 12:00:00 AM,2023
Northgate,July,2022,Adult,6682,07/01/2022 12:00:00 AM,2023
Northgate,July,2022,AV,1995,07/01/2022 12:00:00 AM,2023
Northgate,July,2022,Juvenile,12214,07/01/2022 12:00:00 AM,2023
Northgate,July,2022,Teen,1315,07/01/2022 12:00:00 AM,2023
Northgate,August,2022,Adult,7004,08/01/2022 12:00:00 AM,2023
Northgate,August,2022,AV,2085,08/01/2022 12:00:00 AM,2023
Northgate,August,2022,Juvenile,12618,08/01/2022 12:00:00 AM,2023
Northgate,August,2022,Teen,1276,08/01/2022 12:00:00 AM,2023
Northgate,September,2022,Adult,,09/01/2022 12:00:00 AM,2023
Northgate,September,2022,AV,,09/01/2022 12:00:00 AM,2023
Northgate,September,2022,Juvenile,,09/01/2022 12:00:00 AM,2023
Northgate,September,2022,Teen,,09/01/2022 12:00:00 AM,2023
Northgate,October,2022,Adult,,10/01/2022 12:00:00 AM,2023
Northgate,October,2022,AV,,10/01/2022 12:00:00 AM,2023
Northgate,October,2022,Juvenile,,10/01/2022 12:00:00 AM,2023
Northgate,October,2022,Teen,,10/01/2022 12:00:00 AM,2023
Northgate,November,2022,Adult,,11/01/2022 12:00:00 AM,2023
Northgate,November,2022,AV,,11/01/2022 12:00:00 AM,2023
Northgate,November,2022,Juvenile,,11/01/2022 12:00:00 AM,2023
Northgate,November,2022,Teen,,11/01/2022 12:00:00 AM,2023
Northgate,December,2022,Adult,,12/01/2022 12:00:00 AM,2023
Northgate,December,2022,AV,,12/01/2022 12:00:00 AM,2023
Northgate,December,2022,Juvenile,,12/01/2022 12:00:00 AM,2023
Northgate,December,2022,Teen,,12/01/2022 12:00:00 AM,2023
Northgate,January,2023,Adult,,01/01/2023 12:00:00 AM,2023
Northgate,January,2023,AV,,01/01/2023 12:00:00 AM,2023
Northgate,January,2023,Juvenile,,01/01/2023 12:00:00 AM,2023
Northgate,January,2023,Teen,,01/01/2023 12:00:00 AM,2023
Northgate,February,2023,Adult,,02/01/2023 12:00:00 AM,2023
Northgate,February,2023,AV,,02/01/2023 12:00:00 AM,2023
Northgate,February,2023,Juvenile,,02/01/2023 12:00:00 AM,2023
Northgate,February,2023,Teen,,02/01/2023 12:00:00 AM,2023
Northgate,March,2023,Adult,,03/01/2023 12:00:00 AM,2023
Northgate,March,2023,AV,,03/01/2023 12:00:00 AM,2023
Northgate,March,2023,Juvenile,,03/01/2023 12:00:00 AM,2023
Northgate,March,2023,Teen,,03/01/2023 12:00:00 AM,2023
Northgate,April,2023,Adult,,04/01/2023 12:00:00 AM,2023
Northgate,April,2023,AV,,04/01/2023 12:00:00 AM,2023
Northgate,April,2023,Juvenile,,04/01/2023 12:00:00 AM,2023
Northgate,April,2023,Teen,,04/01/2023 12:00:00 AM,2023
Northgate,May,2023,Adult,,05/01/2023 12:00:00 AM,2023
Northgate,May,2023,AV,,05/01/2023 12:00:00 AM,2023
Northgate,May,2023,Juvenile,,05/01/2023 12:00:00 AM,2023
Northgate,May,2023,Teen,,05/01/2023 12:00:00 AM,2023
Northgate,June,2023,Adult,,06/01/2023 12:00:00 AM,2023
Northgate,June,2023,AV,,06/01/2023 12:00:00 AM,2023
Northgate,June,2023,Juvenile,,06/01/2023 12:00:00 AM,2023
Northgate,June,2023,Teen,,06/01/2023 12:00:00 AM,2023
South Chatt,July,2022,Adult,1204,07/01/2022 12:00:00 AM,2023
South Chatt,July,2022,AV,526,07/01/2022 12:00:00 AM,2023
South Chatt,July,2022,Juvenile,3655,07/01/2022 12:00:00 AM,2023
South Chatt,July,2022,Teen,206,07/01/2022 12:00:00 AM,2023
South Chatt,August,2022,Adult,1333,08/01/2022 12:00:00 AM,2023
South Chatt,August,2022,AV,526,08/01/2022 12:00:00 AM,2023
South Chatt,August,2022,Juvenile,4131,08/01/2022 12:00:00 AM,2023
South Chatt,August,2022,Teen,234,08/01/2022 12:00:00 AM,2023
South Chatt,September,2022,Adult,,09/01/2022 12:00:00 AM,2023
South Chatt,September,2022,AV,,09/01/2022 12:00:00 AM,2023
South Chatt,September,2022,Juvenile,,09/01/2022 12:00:00 AM,2023
South Chatt,September,2022,Teen,,09/01/2022 12:00:00 AM,2023
South Chatt,October,2022,Adult,,10/01/2022 12:00:00 AM,2023
South Chatt,October,2022,AV,,10/01/2022 12:00:00 AM,2023
South Chatt,October,2022,Juvenile,,10/01/2022 12:00:00 AM,2023
South Chatt,October,2022,Teen,,10/01/2022 12:00:00 AM,2023
South Chatt,November,2022,Adult,,11/01/2022 12:00:00 AM,2023
South Chatt,November,2022,AV,,11/01/2022 12:00:00 AM,2023
South Chatt,November,2022,Juvenile,,11/01/2022 12:00:00 AM,2023
South Chatt,November,2022,Teen,,11/01/2022 12:00:00 AM,2023
South Chatt,December,2022,Adult,,12/01/2022 12:00:00 AM,2023
South Chatt,December,2022,AV,,12/01/2022 12:00:00 AM,2023
South Chatt,December,2022,Juvenile,,12/01/2022 12:00:00 AM,2023
South Chatt,December,2022,Teen,,12/01/2022 12:00:00 AM,2023
South Chatt,January,2023,Adult,,01/01/2023 12:00:00 AM,2023
South Chatt,January,2023,AV,,01/01/2023 12:00:00 AM,2023
South Chatt,January,2023,Juvenile,,01/01/2023 12:00:00 AM,2023
South Chatt,January,2023,Teen,,01/01/2023 12:00:00 AM,2023
South Chatt,February,2023,Adult,,02/01/2023 12:00:00 AM,2023
South Chatt,February,2023,AV,,02/01/2023 12:00:00 AM,2023
South Chatt,February,2023,Juvenile,,02/01/2023 12:00:00 AM,2023
South Chatt,February,2023,Teen,,02/01/2023 12:00:00 AM,2023
South Chatt,March,2023,Adult,,03/01/2023 12:00:00 AM,2023
South Chatt,March,2023,AV,,03/01/2023 12:00:00 AM,2023
South Chatt,March,2023,Juvenile,,03/01/2023 12:00:00 AM,2023
South Chatt,March,2023,Teen,,03/01/2023 12:00:00 AM,2023
South Chatt,April,2023,Adult,,04/01/2023 12:00:00 AM,2023
South Chatt,April,2023,AV,,04/01/2023 12:00:00 AM,2023
South Chatt,April,2023,Juvenile,,04/01/2023 12:00:00 AM,2023
South Chatt,April,2023,Teen,,04/01/2023 12:00:00 AM,2023
South Chatt,May,2023,Adult,,05/01/2023 12:00:00 AM,2023
South Chatt,May,2023,AV,,05/01/2023 12:00:00 AM,2023
South Chatt,May,2023,Juvenile,,05/01/2023 12:00:00 AM,2023
South Chatt,May,2023,Teen,,05/01/2023 12:00:00 AM,2023
South Chatt,June,2023,Adult,,06/01/2023 12:00:00 AM,2023
South Chatt,June,2023,AV,,06/01/2023 12:00:00 AM,2023
South Chatt,June,2023,Juvenile,,06/01/2023 12:00:00 AM,2023
South Chatt,June,2023,Teen,,06/01/2023 12:00:00 AM,2023
