Dataset Title,Department,Division,Data Steward Email Address,Contents,System of Record,Contains Sensitive Data,Sensitive Data Comments,Data Quality,Data Value,Data Accessibility,Internal Priority Score,Workflow Status,Workflow Status Comment,Published Link (description),Published Link
311 enrolled addresses,Mayor's Offce,Operations,lhenley@chattanooga.gov,,,,,,,,0,1 - identify datasets,,,
% of vendor invoices paid within 30 days,Purchasing,Purchasing,woodward@chattanooga.gov,"The percentage of invoices paid to vendors within 30 days of invoice date, fiscal year to date.",Oracle Reporting - Not Yet Actively Available,No,Finance is finalizing this Oracle report - not yet released,5,10,5,20,1 - identify datasets,,,
15 minute energy usage for all city owned smart meters,Public Works,General Services,cbohannon@chattanooga.gov,"Utility usage on a building and individual equipment level, hours of operation, run-times and equipment specific information",enteliWeb,No,,10,5,10,25,9 - loading,,,
2040 CHCNGA Historical Revenue Analysis,Regional Planning Agency,Strategic Long Range Planning,mdtaylor@chattanooga.gov,Compilation of the historic expenditures for all the TPO jurisdictions and their anticipated revenue for building the projected revenue of the 2040 Transportation Plan,Excel,No,,0,5,10,15,1 - identify datasets,,,
311 call center data,Mayor's Offce,Operations,lhenley@chattanooga.gov,311 call center performance data.,TASKE,Yes,May contain phone numbers of citizens. We can bypass by replacing phone numbers with unique ids.,10,5,5,20,12 - publication,,,
311 service requests,Mayor's Offce,Operations,lhenley@chattanooga.gov,All 311 service requests from the start of the program in 2003 to the current date.,Motorola CSR,Yes,May contain information on person requesting and their email. We can bypass this concern by only releasing the service requests without the requester's infor.,10,10,10,30,12 - publication,,,
Abandoned Properties Mapping,Economic and Community Development,Land Development Office,asammons@chattanooga.gov,Mapping properties with crime overlays,Excel Spreadsheet and CPD report,,,,,,0,,,,
Abatement Report,Economic and Community Development,Land Development Office,asammons@chattanooga.gov,Number of properties abated and the associated cost,Excel Spreadsheet,,,,,,0,,,,
Accounts payable,Finance,Accounts Payable,bwyatt@chattanooga.gov,Contains all supplier payment information,Oracle,Yes,May contain taxpayer identification numbers,10,10,10,30,,,,
Addressing point GIS file,Public Works,Engineering,kristenj@hamiltontn.gov,Record of address points in GIS,ESRI SDE,No,,5,10,10,25,12 - publication,,,
Adopted 2040 RTP Roadway Transit Bike Ped Project List,Regional Planning Agency,Strategic Long Range Planning,mdtaylor@chattanooga.gov,Three separate files of the funded transportation plan project lists,ArcGIS layer,No,,10,10,10,30,1 - identify datasets,,,
Adult Arrest Data,Police,Sessions Court,Hamilton County SO,Adult arrest data,Hamilton County SO,No,Some arrest data will contain victim information that could be sensitive based on the nature of  the offense committed.,5,5,5,15,1 - identify datasets,,,
"Air Quality Emissions Data for Conformity Modeling of Particulate Matter, and Greenhouse Gases",Regional Planning Agency,Strategic Long Range Planning,mdtaylor@chattanooga.gov,Model package that provides current federally approved inputs to determine mobile source emissions calculations for Particulate Matter and Greenhouse Gases,Environmental Protection Agency's Motor Vehicle Emissions Simulator,No,,10,10,0,20,1 - identify datasets,,,
All Permit Contractors Information,Economic and Community Development,Land Development Office,ghilbert@chattanooga.gov,Contractor information for each permit within the City of Chattanooga,Accela,,,,,,0,12 - publication,,,https://data.chattlibrary.org/Government/All-Permit-Contractors-Information/pr4n-wt8t
All Permit Inspector,Economic and Community Development,Land Development Office,ghilbert@chattanooga.gov,Inspection history information for each permits within the City of Chattanooga,Accela,,,,,,0,12 - publication,,,https://data.chattlibrary.org/Government/All-Permit-Inspector/irjb-uw2h
All Permits,Economic and Community Development,Land Development Office,ghilbert@chattanooga.gov,All permits within the City of Chattanooga,Accela,,,,,,0,12 - publication,,,https://data.chattlibrary.org/Government/All-Permits/tfyc-kggg
All Permits Status History,Economic and Community Development,Land Development Office,ghilbert@chattanooga.gov,Status history information for each permits within the City of Chattanooga,Accela,,,,,,0,12 - publication,,,https://data.chattlibrary.org/Government/All-Permits-Status-History/2y2g-46ri
Alley Rehab,Public Works,City Wide Services,pclark@chattanooga.gov,Square footage of alleys rehabbed,Excel Spreadsheet,No,,5,5,5,15,7 - extraction,,,
Annual Biosolids Performance Report,Public Works,Waste Resources,kstyers@chattanooga.gov,Record of annual biosolids performance indicators.,Online at:  http://www.chattanooga.gov/images/citymedia/publicworks/publicworksimages/Biosolids/2014PerformanceReport.pdf,No,,10,10,10,30,12 - publication,,,
Asphalt Apron,Public Works,City Wide Services,pclark@chattanooga.gov,Square footage of asphalt aprons installed,Excel Spreadsheet,No,,5,5,5,15,7 - extraction,,,
Asphalt Berm,Public Works,City Wide Services,pclark@chattanooga.gov,Linear footage of asphalt berm installed,Excel Spreadsheet,No,,5,5,5,15,7 - extraction,,,
Automated People Counters (APC) data for each line for each bus showing where people are getting on and off the bus.,CARTA,Administration/IT,anniepowell@gocarta.org,report of boardings and alightings by route and stop,pdf report,No,,5,,,5,1 - identify datasets,,,
Average Speed and occupancy,CDOT,CDOT - TE,ttrotter@chattanooga.gov,Average Speed and occupancy on various roadways throughout the City,SNAP Server,No,,10,10,5,25,1 - identify datasets,,,
Berm Removed,Public Works,City Wide Services,pclark@chattanooga.gov,Linear footage of berm removed,Excel Spreadsheet,No,,5,5,5,15,7 - extraction,,,
Bicycle facilities,CDOT,CDOT - TE,bgtaylor@chattanooga.gov,map layer of bike lanes and routes,GIS,No,,10,10,5,25,1 - identify datasets,,,
Big Transit Scenario,Regional Planning Agency,Strategic Long Range Planning,mdtaylor@chattanooga.gov,Anlaysis conducted to evaluate performance of the system if more and advance transit options were considered to address transportation problems,ArcGIS layer,No,,5,10,10,25,1 - identify datasets,,,
Bike Chattanooga real time system usage,CDOT,CDOT - TE,bgtaylor@chattanooga.gov,real time dock/bike feed,web feed,No,,10,5,10,25,12 - publication,,,https://data.chattlibrary.org/Transportation/Bike-Chattanooga-Real-Time-Station-Feed/54w5-89mf
Bike Chattanooga station locations,CDOT,CDOT - TE,bgtaylor@chattanooga.gov,list of sites,map,No,,10,10,10,30,12 - publication,Automation not yet setup for this dataset,,https://data.chattlibrary.org/Transportation/Bike-Chattanooga-Stations/49pq-4t5w
Bike Chattanooga trip data,CDOT,CDOT - TE,bgtaylor@chattanooga.gov,monthly stats on usage,Excel,No,,10,10,10,30,12 - publication,,,https://data.chattlibrary.org/Transportation/Bike-Chattanooga-Trip-Data/8yba-nwv8
Biological Sampling,Public Works,Water Quality,rrobinson@chattanooga.gov,Number of samples collected,Excel Spreadsheet,No,,10,10,5,25,,,,
Blighted Property Abatement Work Orders,Public Works,City Wide Services,hstrickland@chattanooga.gov,Record of work performed by CWS on City/County owned property and private property abatements.,CityWorks,No,,5,5,5,15,7 - extraction,,,
Body Cams,Police,N/A,Does not exist,Does not exist,Does not exist,Yes,,0,0,0,0,1 - identify datasets,,,
Building energy usage,Public Works,General Services,cbohannon@chattanooga.gov,"Utility Usage, cost, building sf, meter information, location, hours of operation",EPA's Portfolio Manager,No,,10,10,10,30,1 - identify datasets,,,
Building footprint GIS file,Public Works,Engineering,kristenj@hamiltontn.gov,Record of building footprints in GIS,ESRI SDE,No,,10,10,10,30,10 - internal review,,,
Business license,Finance,Treasury,tlee@chattanooga.gov,Business Licenses and Permits,Accela,No,,5,5,10,20,12 - publication,,,https://data.chattlibrary.org/Economy/Business-License/cxem-8hbr
Bypasses and Connectors Scenario,Regional Planning Agency,Strategic Long Range Planning,mdtaylor@chattanooga.gov,Analysis conducted to evaluate performance of the system if only by-passes and connectors were used to address transportation problems,ArcGIS layer,No,,5,5,10,20,1 - identify datasets,,,
Capital budget,Finance,Budget,smwhite@chattanooga.gov,Detail of the city's capital budget.  If we pull from Oracle will miss key information.,Spreadsheet,No,,5,10,5,20,12 - publication,,,https://data.chattlibrary.org/Government/Chattanooga-Capital-Budget/6tnv-v5ia
Capital Improvement Program Budget,Public Works,Waste Resources,mpatrick@chattanooga.gov,Record of 5-year outlook budget information for capital inprovement projects,PIMS/Excel Spreadsheet,No,,10,10,10,30,12 - publication,,,
Capital Improvement Program Status,Public Works,Waste Resources,mpatrick@chattanooga.gov,Record of all pertinent information including budget and schedule data for all capital improvement projects to fiscal year 2030 for the division.,PIMS/Excel Spreadsheet,No,,10,10,10,30,12 - publication,,,
Carousel Ridership,Public Works,Parks,drjohnson@chattanooga.gov,hourly ridership and totals,Excel Spreadsheet,No,,10,5,10,25,,,,
Catch basins cleaned,Public Works,City Wide Services,pclark@chattanooga.gov,Number of catch basins cleaned,Excel Spreadsheet,No,,5,5,5,15,7 - extraction,,,
Catch basins repaired,Public Works,City Wide Services,pclark@chattanooga.gov,Number of catch basins repaired,Excel Spreadsheet,No,,5,5,5,15,7 - extraction,,,
CFD Demographics study,Fire,Fire,srmiller@chattanooga.gov,"Refers to study performed bi-annually to determine the current demographics of departmental personnel; breaks down the department's makeup through ethnicity and gender, identifying each per rank; also provides percentages for reporting",FDM; spreadsheet,Yes,"While public record, this information is primarily used internally to help ensure diversity is maintained",10,10,0,20,,,,
CFD Organizational chart,Fire,Fire,srmiller@chattanooga.gov,Refers to a functional organizational chart to provide a visual representation of all department personnel; identifies division and position of each individual and also has additional information regarding the skills/certifications of each individual,Spreadsheet,Yes,Only used internally; the department doesn't make it a practice to inform the public about the location of each employee,10,10,0,20,3 - internally prioritize,,,
CFD Phonelist,Fire,Fire,srmiller@chattanooga.gov,Refers to list of important phone numbers for members of day shift and other pertinent agencies; provided to Hamilton County 911,Spreadsheet,Yes,For internal use only; entails home phone numbers,10,0,0,10,,,,
Chattanooga2040rtp,Regional Planning Agency,Strategic Long Range Planning,mdtaylor@chattanooga.gov,Original project database from which projects were entered and ranked with notes; this file is the base of the other funded project GIS layers,Access,No,,10,10,0,20,1 - identify datasets,,,
Circs,Library,Library,rwichtman@lib.chattanooga.gov,"Circulation statistics of item checkouts, who checked out the item, and where the item was checked out.",Polaris (SQL Server 2008),Yes,Depends on level of detail desired. Raw contains PII.,10,10,5,25,,,,
Citations,CIty Courts,Court,reswafford@chattanooga.gov,"Citations are received from the Police Services Center and entered into the Incode system.  A citation contains the violations, the defendant's personal information, vehicle information and location of incident.",Incode,Yes,Citations contain social security numbers and driver license numbers of defendant.,10,10,5,25,12 - publication,Data on the portal but needs to be automated to be updated lately,,https://data.chattlibrary.org/Public-Safety/Traffic-Citations-By-Location-2012-To-2014/wnd5-ss2z
City limits GIS file,Public Works,Engineering,kristenj@hamiltontn.gov,Record of City limits in GIS,ESRI SDE,No,,10,10,10,30,12 - publication,,,
City property damage forms and records,Fire,Fire Safety,cokelley@chattanooga.gov,Refers to any damage sustained to any city property,Spreadsheet,Yes,Primarily for internal use,5,5,0,10,,,,
Code Violation Complaints by Council District,Economic and Community Development,Land Development Office,asammons@chattanooga.gov,Percentage of  Code Violation Complaints by City Council District,CityView,,,,,,0,,,,
Code Violations,Economic and Community Development,Neighborhood Services,asammons@chattanooga.gov,Code violations within the City of Chattanooga,CityView,,,,,,0,12 - publication,,,https://data.chattlibrary.org/Public-Safety/Code-Violations/qkb7-wdta
Collections,CIty Courts,Court,reswafford@chattanooga.gov,"Fines/fees are paid at the City Court Clerk's office, online at www.chattanooga.gov/pay fine, or by U.S. mail.",Incode,No,,10,5,5,20,1 - identify datasets,,,
Community engagement,Mayor's Offce,Policy,,,SmartVan,Yes,,,,,0,,,,
Complaint Inspection Report,Economic and Community Development,Land Development Office,asammons@chattanooga.gov,"Number of complaints, cases completed, both initiated by 311 or by inspector",CityView,,,,,,0,,,,
Complete 75% of Work Orders within 20 Days,CDOT,CDOT - TE,bgtaylor@chattanooga.gov,Traffic Operation's rate of completing work orders within 20 days,Excel,No,,10,10,10,30,1 - identify datasets,,,
Compliance without Court activity,Economic and Community Development,Land Development Office,asammons@chattanooga.gov,Percentage of cases resolved without using court (saving resources),CityView,,,,,,0,,,,
Concrete curb installed,Public Works,City Wide Services,pclark@chattanooga.gov,Linear footage of concrete curb installed,Excel Spreadsheet,No,,5,5,5,15,7 - extraction,,,
Concrete curb repaired,Public Works,City Wide Services,pclark@chattanooga.gov,Linear footage of concrete curb repaired,Excel Spreadsheet,No,,5,5,5,15,7 - extraction,,,
Concrete curb replaced,Public Works,City Wide Services,pclark@chattanooga.gov,Linear footage of concrete curb replaced,Excel Spreadsheet,No,,5,5,5,15,7 - extraction,,,
Consent Decree Annual Report,Public Works,Waste Resources,mpatrick@chattanooga.gov,Record of performance of Consent Decree projects to reduce sanitary sewer overflows including trend analysis,Excel Spreadsheet AND ALSO Consent Decree annual reports which are published online at: http://www.chattanooga.gov/public-works/interceptor-sewer/consent-decree/44-public-works/1050-consent-decree-document-repository,No,,10,10,10,30,12 - publication,,,http://www.chattanooga.gov/public-works/interceptor-sewer/consent-decree/44-public-works/1050-consent-decree-document-repository
Consent Decree Program Financial Status,Public Works,Waste Resources,mpatrick@chattanooga.gov,Record of financial status information for each project in the Consent Decree Program,PIMS/Excel Spreadsheet,No,,10,10,10,30,12 - publication,,,
Consent Decree Program General Information,Public Works,Waste Resources,mpatrick@chattanooga.gov,Record of pertinent information for each project in the Consent Decree Program,Consent Decree Program General Information is published online at:  http://www.chattanooga.gov/public-works/interceptor-sewer/consent-decree/44-public-works/1050-consent-decree-document-repository,No,,10,10,10,30,12 - publication,,,
Consent Decree Program Key Performance Indicators,Public Works,Waste Resources,mpatrick@chattanooga.gov,Record of overall program performance and trending data for the Consent Decree Program,PIMS/Excel Spreadsheet,No,,10,10,10,30,12 - publication,,,
Consent Decree Program Schedule Status,Public Works,Waste Resources,mpatrick@chattanooga.gov,Record of schedule status information for each project in the Consent Decree Program,PIMS/Excel Spreadsheet,No,,10,10,10,30,12 - publication,,,
Consent Decree Semi-Annual Work Progress Report,Public Works,Waste Resources,mpatrick@chattanooga.gov,Record of semi-annual progress of Consent Decree projects including narrative progess description and a detailed schedule update in Gantt format,Semi-Annual Progress Reports are published online at:  http://www.chattanooga.gov/public-works/interceptor-sewer/consent-decree/44-public-works/1050-consent-decree-document-repository,No,,10,10,10,30,12 - publication,,,http://www.chattanooga.gov/public-works/interceptor-sewer/consent-decree/44-public-works/1050-consent-decree-document-repository
Construction Daily Sheets,Public Works,City Wide Services,gbaxter@chattanooga.gov,Record of work performed by crew foreman,CityWorks,No,,5,5,5,,7 - extraction,,,
Construction Trip Sheets,Public Works,City Wide Services,gbaxter@chattanooga.gov,Record of work performed by driver,CityWorks,No,,10,10,10,,7 - extraction,,,
Construction Work Orders,Public Works,City Wide Services,kfranklin@chattanooga.gov,Record of work performed by city road constrcution and water quality crews,CityWorks,No,,10,10,10,30,7 - extraction,,,
Contracts,Finance,Administration/Payables/Budget,sappleberry@chattanooga.gov,All City Contracts,spreadsheet on sharedrive,No,,10,10,5,25,,,,
Core campus building energy usage over time,Public Works,General Services,cbohannon@chattanooga.gov,"Utility Usage, cost, building sf, meter information, location, hours of operation",EPA's Portfolio Manager,No,,10,10,10,30,3 - internally prioritize,,,
Corrective Maintenance Work Orders,Public Works,Waste Resources,chicks@chattanooga.gov,"Record of corrective  maintenance work orders issued for all of the Interceptor Sewer System including, but not limited to, pump stations, combined sewer overflow facilities and all of the Moccasin Bend Wastewater Treatment Plant grounds and treatment system.",CityWorks,No,,10,10,10,30,3 - internally prioritize,,,
Cost per purchase order,Purchasing,Purchasing,woodward@chattanooga.gov,"The Purchasing administrative cost, per purchase order production, fiscal year to date.",Oracle Reporting,No,,10,10,5,25,1 - identify datasets,,,
Countywide Comprehensive Plan Development Intensity Levels,Regional Planning Agency,Research & Analysis,ylee@chattanooga.gov,Recently development assesment of development potential based on existing and planned transportation infrastructure,ArcGIS layer,No,,5,10,10,25,1 - identify datasets,,,
Countywide E911 calls,Office of Performance Management and Open Data,N/A,tmoreland@chattanooga.gov,Basic information about E911 calls for all calls that come into the E911 center for Hamilton County,,Yes,Addresses of E911 calls.,10,10,10,30,12 - publication,,,
Court Docket,CIty Courts,Court,reswafford@chattanooga.gov,"There are generally 5 or 6 court dockets daily except for Friday when there are 3.  The docket contains the citation number, the name of the defendant, and the violation.  It is arranged alphabetically by defendant name.",Incode,Yes,,10,10,10,30,1 - identify datasets,,,
Crash data,Police,State of Tennessee,State of Tennessee,Crash data,Titan,No,,10,10,5,25,1 - identify datasets,,,
Crash Reduction rate of 50% at targeted intersections,CDOT,CDOT - TE,bgtaylor@chattanooga.gov,list of before and after studies,Excel,No,,5,10,10,25,1 - identify datasets,,,
Critical Transportation Assets in the CHCNGA TPO Region,Regional Planning Agency,Strategic Long Range Planning,mdtaylor@chattanooga.gov,"Assessment of the critical and most vulnerable transportation assets relative to climate change, extreme weather events, and resiliency issues for transportation reliability",ArcGIS layer,No,,10,10,10,30,1 - identify datasets,,,
Cross drains cleaned,Public Works,City Wide Services,pclark@chattanooga.gov,Number of cross drains cleaned,Excel Spreadsheet,No,,5,5,5,15,7 - extraction,,,
Culverts cleaned,Public Works,City Wide Services,pclark@chattanooga.gov,Number of culverts cleaned,Excel Spreadsheet,No,,5,5,5,15,7 - extraction,,,
Culverts repaired,Public Works,City Wide Services,pclark@chattanooga.gov,Number of culverts repaired,Excel Spreadsheet,No,,5,5,5,15,7 - extraction,,,
Curb inlets cleaned,Public Works,City Wide Services,pclark@chattanooga.gov,Number of curb inlets cleaned,Excel Spreadsheet,No,,5,5,5,15,7 - extraction,,,
Curb inlets repaired,Public Works,City Wide Services,pclark@chattanooga.gov,Number of curb inlets repaired,Excel Spreadsheet,No,,5,5,5,15,7 - extraction,,,
Customer Invoices,Public Works,City Wide Services,cwilson@chattanooga.gov,Record of financial activity by account,WasteWORKS,Yes,Contains billing information,10,10,10,30,7 - extraction,,,
Customer Service,CIty Courts,Court,reswafford@chattanooga.gov,Two cashiers plus a backup help customers who walk  into the office.,Survey,No,,5,5,5,15,1 - identify datasets,,,
Dash Cams,Police,CPD Technology,sghazi@chattanooga.gov,police dash cam video,Arbitrator,Yes,,10,10,5,25,1 - identify datasets,,,
Data inventory,Office of Performance Management and Open Data,N/A,tmoreland@chattanooga.gov,Inventory of all data housed or maintained by the city of Chattanooga,Spreadsheet,Yes,May contain system of record information that would be useful for hackers. This information can be removed when published to the public.,5,10,5,20,7 - extraction,,,
Debt,Finance,Accounting/Administration,jpedginski@chattanooga.gov,"inventory of all indebtedness/bond document,etc","Disc, Transcripts; spreadsheets",No,,10,10,10,30,,,,
Demolition Report,Economic and Community Development,Land Development Office,asammons@chattanooga.gov,Number of dangerous structions demolished and the associated cost,Excel Spreadsheet,,,,,,0,,,,
Distribution of Bridges Based on Deficiency Status,Regional Planning Agency,Strategic Long Range Planning,mdtaylor@chattanooga.gov,Assessment conducted for bridge condition,ArcGIS layer,No,,5,10,10,25,1 - identify datasets,,,
Ditches cleaned,Public Works,City Wide Services,pclark@chattanooga.gov,Linear footage of ditches cleaned,Excel Spreadsheet,No,,5,5,5,15,7 - extraction,,,
Ditches repaired,Public Works,City Wide Services,pclark@chattanooga.gov,Linear footage of ditches repaired,Excel Spreadsheet,No,,5,5,5,15,7 - extraction,,,
Door Count,Library,Library,rwichtman@lib.chattanooga.gov,Number of people who have walked in and out of library locations,Excel Spreadsheet,No,,5,10,10,25,,,,
Driveway tiles cleaned,Public Works,City Wide Services,pclark@chattanooga.gov,Number of driveway tiles cleaned,Excel Spreadsheet,No,,5,5,5,15,7 - extraction,,,
e911 Calls for Services,Police,City IT,,,E911 CAD,Yes,May be able to identify folks if you combine with police  incident data,,,,,12 - publication,,,https://data.chattlibrary.org/Public-Safety/Hamilton-County-E911-Active-Calls/hy6d-xcyb
E911 Zones,Police,City IT,City IT,,ESRI SDE,No,,5,5,10,20,10 - internal review,,,
Emergency trip sheets,Public Works,City Wide Services,ghyde@chattanooga.gov,Written record of work performed by driver,Manual Log Sheet,No,,5,10,0,15,7,,,
Emissions Compared to Disadvantaged Areas,Regional Planning Agency,Strategic Long Range Planning,mdtaylor@chattanooga.gov,Air quality emissions analysis relative to disadvantaged communities,ArcGIS layer,No,,10,10,10,30,1 - identify datasets,,,
Employee Benefits Information,Human Resources,HR Benefits,mgreen@chattanooga.gov,"New Hire benefits and Annual Open enrollment infomation: employee benefits selections, dependents information, beneficiary designations.",Oracle,Yes,,5,5,0,10,3 - internally prioritize,,,
Employee Information,Human Resources,HR Admin,ssiener@chattanooga.gov,"Contains organizational data as well as employee personal information such as DOB, EEO specific data and salary.",Oracle,Yes,HR Internal Use Only,10,10,10,30,6 - exploration,,,
Exempt Nonexempt for IAC,Regional Planning Agency,Strategic Long Range Planning,mdtaylor@chattanooga.gov,Designtation of all Needs Plan projects as either exempt or non-exempt for air quality conformity purposes. This was reviewed by and agreed upon by the interagency consultation committee.,Excel,No,,10,5,10,25,1 - identify datasets,,,
Existing Peak Congestion 2010,Regional Planning Agency,Strategic Long Range Planning,mdtaylor@chattanooga.gov,Current congestion analysis,ArcGIS layer,No,,5,5,10,20,1 - identify datasets,,,
Field Screening,Public Works,Water Quality,Rrobinson@chattanooga.gov,Number of points inspected,Access database and GIS,No,,10,10,5,25,,,,
Fire districts service areas,Fire,Fire,rherron@chattanooga.gov,fire district service areas,ESRI SDE,,,5,5,0,10,12 - publication,,,
Fire hose records,Fire,Fire Training,phyman@chattanooga.gov,Refers to testing records to ensure fire hose meets NFPA standards for pressure testing,Hard copy,,,5,5,0,10,,,,
Fire hydrant inspection records,Fire,Fire Prevention Bureau,rherron@chattanooga.gov,Refers to bi-annual inspection of all public hydrants within the city limits; to ensure operation,FDM,,,10,5,0,15,3 - internally prioritize,,,
Fire incidents details,Fire,Fire,ctibbs@chattanooga.gov,Contains multiple records for each incident with responding unit and response time,FDM,,,10,10,5,25,10 - internal review,https://data.chattlibrary.org/Public-Safety/Fire-Incidents-Detailed/6bf4-knwk,,
Fire incidents summary,Fire,Fire,ctibbs@chattanooga.gov,Contains a single records for each incident,FDM,,,,,,,10 - internal review,https://data.chattlibrary.org/Public-Safety/Fire-Incidents/a4ce-ifiy,,
Fire inspection reports,Fire,Fire Prevention Bureau,srmiller@chattanooga.gov,"Refers to formal inspection reports performed by the Fire Marshal's Office; entails violations, corrections, and dated information pertaining to an individual property","FDM; hard copy reports, letters and information kept in a file",,,10,10,5,25,3 - internally prioritize,,,
Fire inspector activity report,Fire,Fire Prevention Bureau,srmiller@chattanooga.gov,Refers to daily/monthly activity per inspector,Spreadsheet,,,10,10,5,25,9 - loading,,,
Fire Inspector certification records,Fire,Fire Prevention Bureau,wmatlock@chattanooga.gov,Refers to records kept to ensure all certified inspectors maintain required CEU's for recertification,Spreadsheet,,,5,5,0,,,,,
Fire investigator records,Fire,Fire Prevention Bureau,amoore@chattanooga.gov,"Refers to records, documents, evidence collection, and witness/suspect interviews regarding fire investigations",FDM; spreadsheet; and hard copy,Yes,Fire investigation evidence and witness information are kept confidential,10,10,0,20,,,,
Fire plans review records,Fire,Fire Prevention Bureau,wmatlock@chattanooga.gov,Refers to records pertaining to all fire plans and fire systems reviews,FDM; Accela,,,10,10,0,,,,,
Fire stations,Fire,Fire,rherron@chattanooga.gov,location of fire stations,ESRI SDE,,,5,5,0,10,10 - internal review,https://data.chattlibrary.org/dataset/Fire-Stations/2d9j-x6fx,,
Fire training records,Fire,Fire Training,wandrews@chattanooga.gov,"Entails all records regarding the training of personnel, including EMS, Fire, Rescue, In-Service, Multi-company drills, Station Schools, etc.; also responsible for retaining certification and licensure records for all fire department personnel; required for ISO evaluation",FDM,,,10,10,5,25,3 - internally prioritize,,,
Fiscally Constrained Roadway Transit Bike Ped Projects Disadvantaged Areas,Regional Planning Agency,Strategic Long Range Planning,mdtaylor@chattanooga.gov,"Funded roadway, bicycle, and pedestrian projects in the 2040 Transportation Plan compared against disadvantaged areas",ArcGIS layer,No,,5,10,10,25,1 - identify datasets,,,
Fiscally Constrained Roadway Transit Bike Ped Projects Environmental Considerations,Regional Planning Agency,Strategic Long Range Planning,mdtaylor@chattanooga.gov,"Comparison of the funded transit, bicycle, pedestrian, and reoadway projects against environmentally sensitive areas",ArcGIS layer,No,,5,5,10,20,1 - identify datasets,,,
Fixed assets,Finance,Accounting,smart@chattanooga.gov,Contains information of all capitalized assets of the city,Oracle,No,,10,5,10,25,,,,
Fixed-asset inventory,Fire,Logistics & Technology,ctibbs@chattanooga.gov,"Refers to all fixed assets (apparatus, office equipment, fire stations, etc.)",Spreadsheet,,,5,10,0,15,,,,
Fleet management data,Public Works,Fleet,kiesche@chattanooga.gov,"Vehicle purchase, use, maintenance and repair information, lease rates, payments, replacement, and vehicle specific data such as vehicle operating cost per mile",RTA Fleet Management,Yes,Contains data regarding Police vehicles and operation (ie Narcotics and un-marked vehicles),10,10,10,30,1 - identify datasets,,,
Freedom of Information Act (FOIA) requests,City Attorney's Office,,,This dataset contains the list of the freedom of information requests processed by the City of Chattanooga.,FOIA View,Yes,,10,5,0,15,1 - identify datasets,Currently no systematic way to download data from FOIAView,,
Fuel usage,Public Works,Fleet,kiesche@chattanooga.gov,"Scheduled maintenance intervals, fuel usage, and fueling history, employee fuel access privileges",RTA Fleet Management and PetroVend,Yes,Contains data regarding Police vehicles and operation (ie Narcotics and un-marked vehicles),10,10,10,30,1 - identify datasets,,,
FY Funding Allocation Percentage,CARTA,Administration,anniepowell@gocarta.org,graph of CARTA's annual funding allocation as a percentage,pdf,No,,10,,,10,1 - identify datasets,,,
General ledger,Finance,Accounting,smart@chattanooga.gov,Contains all financial transactions of the city,Oracle,No,,10,10,10,30,,,,
"General Transit Feed Specification (GTFS) for the route structure, stop locations and schedule of operation.",CARTA,Administration/IT,anniepowell@gocarta.org,"GTFS files which include bus stop listing, schedule information and shape of routes",www.gocarta.org/#developers,No,,10,,,10,1 - identify datasets,,,
Grade Rail Crossings Chattanooga Region,Regional Planning Agency,Strategic Long Range Planning,mdtaylor@chattanooga.gov,Assessment of safety parameter associated with at-grade railroad crossings,ArcGIS layer,No,,5,10,10,25,1 - identify datasets,,,
Graffit Removed,Public Works,City Wide Services,pclark@chattanooga.gov,Square footage of graffti removed,Excel Spreadsheet,No,,5,5,5,15,7 - extraction,,,
Guardrail Installed,Public Works,City Wide Services,pclark@chattanooga.gov,Linear footage of guardrail installed,Excel Spreadsheet,No,,5,5,5,15,7 - extraction,,,
Guardrail Posts Installed,Public Works,City Wide Services,pclark@chattanooga.gov,Number of guardrail posts installed,Excel Spreadsheet,No,,5,5,5,15,7 - extraction,,,
Healthy Places Used in Accessibility Analysis,Regional Planning Agency,Strategic Long Range Planning,mdtaylor@chattanooga.gov,Analysis of accessibility to basic goods and services,ArcGIS layer,No,,5,10,10,25,1 - identify datasets,,,
Historic helpdesk ticket data,Information Technology,Operations,kkitchen@chattanooga.gov,Legacy IT service request information,SysAid,Yes,"Contains use-supplied descriptions and comments which may or may not contain information related open court cases, active investigations, sensitive employee information, or data that could compromise the City's network security.  Manual redaction would be needed.",5,5,,10,10 - internal review,,,
Illicit Discharges,Public Works,Water Quality,rrobinson@chattanooga.gov,Number of illicit discharge cases resolved,WQ Database,Yes,,10,10,10,30,,,,
Impervious surface area GIS file,Public Works,Engineering,jhendrix@chattanooga.gov,Record of impervious surface area in GIS,ESRI SDE,No,,5,10,10,25,12 - publication,,,
In-house Checkin,Library,Library,rwichtman@lib.chattanooga.gov,Information about items as they are checked back into the library such patron who borrowed item and staff member who checked in item.,Polaris (SQL Server 2008),Yes,Depends on level of detail desired. Raw contains PII.,10,10,5,25,,,,
Industrial and Municipal Inspections,Public Works,Water Quality,dgreen@chattanooga.gov,Sites inspected. Status.,Excel Spreadsheet,No,,10,10,10,30,5 - scheduled,,,
Intelligent Transportation System (ITS) Architecture,Regional Planning Agency,Research & Analysis,ylee@chattanooga.gov,Current ITS planned infrastructure accomodations and implementation packages,TurboArchitecture,No,,10,5,0,15,1 - identify datasets,,,
Interlibrary Loan,Library,Library,rwichtman@lib.chattanooga.gov,Patron's contact info and item desired by patron from another library.,"Librarian records patron contact information. After patron returns item, contact info is destroyed. Only counts are kept.",No,,10,10,5,25,,,,
Investment Activity,Finance,Treasury,tlee@chattanooga.gov,"Institution, investment type, purchase date; maturity date",Investment module and spreadsheet,Yes,"Depending on the spreadsheet used, it could have bank account information",5,10,5,30,,,,
ITS Analysis Corridors,Regional Planning Agency,Strategic Long Range Planning,mdtaylor@chattanooga.gov,Using the national IDAS software corridors were evaluated for ITS applicability,ArcGIS layer,No,,10,5,10,25,1 - identify datasets,,,
Jira helpdesk ticket data,Information Technology,Operations,kkitchen@chattanooga.gov,Current IT service request information,Jira,Yes,"Contains use-supplied descriptions and comments which may or may not contain information related open court cases, active investigations, sensitive employee information, or data that could compromise the City's network security. Manual redaction would be needed.",,,,0,1 - identify datasets,,,
Judgments,CIty Courts,Court,reswafford@chattanooga.gov,Dispositions for cases are entered into the Incode system and on the final docket.,Incode,No,,10,10,10,30,1 - identify datasets,,,
Juvenile Arrest Data,Police,Juvenile Court,Juvenile Detention Unit,Juvenile arrest data,Juvenile court,Yes,,5,5,0,10,1 - identify datasets,,,
Land use,Regional Planning Agency,Research & Analysis,ylee@chattanooga.gov,Existing land use by parcel,ESRI SDE,No,,0,5,10,15,1 - identify datasets,,,
Lane miles treated,CDOT,CDOT - DE,etate@chattanooga.gov,Street miles index,MicroPaver,No,,10,10,5,25,3 - internally prioritize,,,
Lexia learning program,Youth and Family Development,Education,jmckinney@chattanooga.gov,,Lexia,Yes,,,,,0,,,,
Library Events,Library,Library,rwichtman@lib.chattanooga.gov,"Contains event stats (name of event, attendence stats)",Excel,No,,10,10,5,25,,,,
Listing of past plans,Regional Planning Agency,Research & Analysis,ylee@chattanooga.gov,"Adopted land use plans, policies and studies",ESRI Shape File,No,,5,10,10,25,1 - identify datasets,,,
Livability Corridor Results,Regional Planning Agency,Strategic Long Range Planning,mdtaylor@chattanooga.gov,"These corridors are those moving people and goods throughout communities and often through or near residential areas; they are aligned with the Scale 2 of the performance framework and are expected to have sensitive associated with their design, support transit, and offer where feasible sidewalk and bicycle facilties",ArcGIS layer,No,,5,10,10,25,1 - identify datasets,,,
Lunch & Learn Events,Human Resources,HR Wellness,sbenjamin@chattanooga.gov,Monthly events hostsed in the WellAdvantage Center.  Attendees must RSVP to participate.,Outlook Calendar/Excel Spreadsheet,No,,10,5,5,15,3 - internally prioritize,,,
Manholes cleaned,Public Works,City Wide Services,pclark@chattanooga.gov,Number of manholes cleaned,Excel Spreadsheet,No,,5,5,5,15,7 - extraction,,,
Material Owned,Library,Library,rwichtman@lib.chattanooga.gov,Information about the items owned by the library. Location of item and who has used the item.,Polaris (SQL Server 2008),Yes,Depends on level of detail desired. Raw contains PII.,10,10,5,25,,,,
Miles Mowed by Tractor,Public Works,City Wide Services,kfranklin@chattanooga.gov,Miles of grass mowed by tractors,Excel Spreadsheet,No,,5,5,5,15,7 - extraction,,,
Mobility Corridor Results,Regional Planning Agency,Strategic Long Range Planning,mdtaylor@chattanooga.gov,"Corridors functioning to move people and goods most effectively in the region, these have the highest traffic volumes and are aligned with Scale 3 of the performance framework.",ArcGIS layer,No,,10,10,10,30,1 - identify datasets,,,
Monthly Combined Sewer Overflow Report,Public Works,Waste Resources,mwebb@chattanooga.gov,Record of monthly combined sewer overflows.,Excel Spreadsheet AND ALSO Consent Decree quarterly reports which are published online at http://www.chattanooga.gov/public-works/interceptor-sewer/consent-decree/44-public-works/1050-consent-decree-document-repository,No,,10,10,10,30,12 - publication,,,
Monthly executive reports,Finance,Accounting,smart@chattanooga.gov,Overal General Fund budget to actual status and year to year,Massaged report from Oracle,No,,10,10,5,25,,,,
Monthly Ridership by Route,CARTA,Administration,anniepowell@gocarta.org,monthly ridership by route,excel,No,,10,,,10,1 - identify datasets,,,
Monthly Sanitary Sewer Overflow Report,Public Works,Waste Resources,sbarbee@chattanooga.gov,Record of monthly sanitary sewer overflows.,Excel Spreadsheet AND ALSO Consent Decree quarterly reports which are published online at http://www.chattanooga.gov/public-works/interceptor-sewer/consent-decree/44-public-works/1050-consent-decree-document-repository,No,,10,10,10,30,12 - publication,,,
Monthly Stats,Library,Library,rwichtman@lib.chattanooga.gov,"Contains circulation stats,  number of materials owned, door counts for each library branch.",Aggregate from various databases into Excel spreadsheet,No,,10,10,10,30,,,,
Municipal Sampling,Public Works,Water Quality,rrobinson@chattanooga.gov,Number of samples collected,Excel Spreadsheet,No,,10,10,5,25,,,,
Needs Plan evaluation and project prioritization,Regional Planning Agency,Strategic Long Range Planning,mdtaylor@chattanooga.gov,Several files used for the performance measures and prioritization of projects at each of the three community to region performance scales.,Excel,No,,5,10,5,20,1 - identify datasets,,,
New catch basins,Public Works,City Wide Services,pclark@chattanooga.gov,Number of new catch basins installed,Excel Spreadsheet,No,,5,5,5,15,7 - extraction,,,
New culverts,Public Works,City Wide Services,pclark@chattanooga.gov,Number of new culverts installed,Excel Spreadsheet,No,,5,5,5,15,7 - extraction,,,
New curb inlets,Public Works,City Wide Services,pclark@chattanooga.gov,Number of new curb inlets installed,Excel Spreadsheet,No,,5,5,5,15,7 - extraction,,,
Notification log,Library,Library,rwichtman@lib.chattanooga.gov,"Contains who has been contacted about their holds at the library, who has received notifications about overdue books.",Polaris (SQL Server 2008),Yes,Depends on level of detail desired. Raw contains PII.,10,10,5,25,,,,
Number of feet of street lines painted,CDOT,CDOT - TE,bgtaylor@chattanooga.gov,running total,a number,No,,5,5,0,10,1 - identify datasets,,,
Number of Suppliers,Purchasing,Purchasing,woodward@chattanooga.gov,The number of suppliers registered with the Purchasing division.,Spreadsheet,Yes,If actual parts of list are published - vendor contact information,10,10,5,25,1 - identify datasets,,,
Occupational health and safety records,Fire,Fire Safety,cokelley@chattanooga.gov,"Refers to any information regarding work-related illnesses or injuries; includes ""First Report of Injury""; includes annual physical and ability test completion",Spreadsheet,Yes,HIPPA,10,10,0,20,,,,
Officer complaint Data,Police,Internal Affairs,pbacon@chattanooga.gov,complaint data,Blue Team,Yes,,10,10,10,30,1 - identify datasets,,,
On Job Injury,Human Resources,HR Wellness,sbenjamin@chattanooga.gov,"Reports recordable injuries including injury date, days lost per injury, injury types.  Preventable injuries.",Excel Spreadsheet,Yes,,10,5,5,15,6 - exploration,,,
Operating budget,Finance,Budget,fforshee@chattanooga.gov,Detail of city's operating budget - original budget only.  Any amendments would lose results area information.,Spreadsheet used to upload to Oracle,No,,5,10,5,20,12 - publication,,,https://data.chattlibrary.org/Government/Chattanooga-Operating-Budget/4xcm-j4rx
Overtime Sheets,Public Works,City Wide Services,mmeeks@chattanooga.gov,Daily sheet of logged overtime,Manual Log Sheet,No,,10,10,10,30,,,,
Parcel with assessor data GIS file,Public Works,Engineering,kristenj@hamiltontn.gov,Record of Parcel in Assessor Data GIS File,ESRI SDE,No,,10,10,10,30,12 - publication,,,
Park Reservations and Permits,Public Works,Parks,drjohnson@chattanooga.gov,fees collected for park reservations and permits,Excel Spreadsheet,No,,10,10,5,25,,,,
Park Service Requests and Work Order,Public Works,Parks,drjohnson@chattanooga.gov,service requests received and work orders issued and processed,Excel Spreadsheet,No,,5,10,5,20,,,,
Partcipation,Youth and Family Development,Education,jmckinney@chattanooga.gov,,RecordTrack?,Yes,,,,,0,,,,
Participation Log,Public Works,City Wide Services,jsilvers@chattanooga.gov,Written record of site participants,Excel Spreadsheet,No,,5,5,5,15,9 - loading,,,
Paving Condition Index,CDOT,CDOT - DE,etate@chattanooga.gov,Street condition index,MicroPaver,No,,10,5,5,20,3 - internally prioritize,Data map does not match redistricted Districts. MicroPaver has not been updated; the update is manual.,,
Paving Miles,CDOT,CDOT - DE,etate@chattanooga.gov,City street miles,Excel,No,,10,10,5,25,1 - identify datasets,,,
Payroll,Finance,Payroll,gduffey@chattanooga.gov,Payroll info for employees on City Payroll,Oracle,Yes,"Social Security Account numbers, garnishments, employee deductions,",10,10,10,30,,,,
Peak Period Congestion 2040,Regional Planning Agency,Strategic Long Range Planning,mdtaylor@chattanooga.gov,Future congestion analysis,ArcGIS layer,No,,5,5,10,20,1 - identify datasets,,,
Personal health and safety records,Fire,Fire Safety,cokelley@chattanooga.gov,"Refers to any extended, personal information regarding illnesses or injuries (occurring outside of work)",Spreadsheet,Yes,HIPPA,10,10,0,20,,,,
Personal Leave Sheets (pinks),Public Works,City Wide Services,mmeeks@chattanooga.gov,Request for leave,Manual Sheet Entry,No,,10,10,10,30,,,,
Phone Calls,CIty Courts,Court,reswafford@chattanooga.gov,Court staff answers and responds to numerous phone calls daily.  Staff also take calls from the bench while court is in session when documentation is needed.,TASKE,No,,10,5,5,20,1 - identify datasets,,,
Photo enforcement fixed camera locations,CDOT,CDOT - TE,kdoyle@chattanooga.gov,list of camera sites,Excel,No,,10,10,10,30,1 - identify datasets,,,
Photo enforcement statistics,CDOT,CDOT - TE,kdoyle@chattanooga.gov,citation history,Excel,No,,10,5,10,25,1 - identify datasets,,,
PILOTs,Finance,Treasury,tlee@chattanooga.gov,"Contracts, inventory, collections",spreadsheet,No,,5,10,10,25,12 - publication,,,https://data.chattlibrary.org/Economy/PILOT-Agreements/nkyi-3pzf
Pipe Installed,Public Works,City Wide Services,pclark@chattanooga.gov,Linear footage of pipe installed,Excel Spreadsheet,No,,5,5,5,15,7 - extraction,,,
Police districts,Police,City IT,City IT,,ESRI SDE,No,,5,5,10,20,10 - internal review,,,
Police incident reports,Police,CPD Records,rgibbens@chattanooga.gov,detailed police reports,Vision RMS & FOIA View,Yes,,10,10,10,30,1 - identify datasets,,,
Sidewalks installed,Public Works,City Wide Services,pclark@chattanooga.gov,Square footage of sidewalk installed,Excel Spreadsheet,No,,5,5,5,15,7 - extraction,,,
Police incidents,Police,CPD Records,rgibbens@chattanooga.gov,Police blotter query pulling data from vision RMS,Vision RMS,Yes,address converted to block address and lat longs randomly offset by 300 ft,10,10,10,30,12 - publication,,,https://data.chattlibrary.org/Public-Safety/Police-Incident-Data/jstk-5mri
Police Stations,Police,City IT,City IT,,ESRI SDE,No,,5,5,10,20,10 - internal review,,,
Potholes Filled,Public Works,City Wide Services,pclark@chattanooga.gov,Number of potholes filled,Excel Spreadsheet,No,,5,5,5,15,12 - publication,,,
Prevailing speed reduction at targeted corridors (NTMP),CDOT,CDOT - TE,bgtaylor@chattanooga.gov,list of before and after studies,Excel,No,,10,10,10,30,1 - identify datasets,,,
Preventive Maintenance Work Orders,Public Works,Waste Resources,chicks@chattanooga.gov,"Record of routine preventive maintenance work orders issued for all of the Interceptor Sewer System including, but not limited to, pump stations, combined sewer overflow facilities and all of the Moccasin Bend Wastewater Treatment Plant grounds and treatment system.",CityWorks,No,,10,10,10,30,5 - scheduled,,,
Private/Municipal BMP Inspections,Public Works,Water Quality,dgreen@chattanooga.gov,Sites inspected. Status.,Excel Spreadsheet,No,,10,10,10,30,,,,
Property Maintenance Compliance,Economic and Community Development,Land Development Office,asammons@chattanooga.gov,Number of properties that had violations that  were brought into compliance,CityView,,,,,,0,,,,
Property Taxes,Finance,Treasury,tlee@chattanooga.gov,Detail of Real & Personal Property including PILOTS,Currently a spreadsheet; hope to have this in MSGovern in January 2017,No,,10,10,5,25,,,,
Proximity card usage to open doors on city owned facilities,Public Works,General Services,mfolsom@chattanooga.gov,"Employee access privileges, access history, building schedules",Card Access 3000,Yes,Contains employee data,10,10,5,25,1 - identify datasets,,,
Public education records,Fire,Fire Prevention Bureau,srmiller@chattanooga.gov,Refers to reports pertaining to public education and engagement events,FDM; spreadsheet,,,10,10,5,,,,,
Purchase Orders,Purchasing,Purchasing,woodward@chattanooga.gov,"The number of purchase orders processed through Purchasing, fiscal year to date",Oracle Reporting,No,,10,10,5,25,1 - identify datasets,,,
Radio Log,Public Works,City Wide Services,kmountjoy@chattanooga.gov cstevenson@chattanooga.gov,Daily log of driver call ins via radio traffic,Manual Log Sheet,No,,10,5,0,15,7 - extraction,,,
Railroads GIS file,Public Works,Engineering,kristenj@hamiltontn.gov,Record of railroads in GIS,ESRI SDE,No,,10,10,10,30,12 - publication,,,
Real Time bus location,CARTA,Administration/IT,anniepowell@gocarta.org,location of buses in real time,http://bustracker.gocarta.org/bustime/home.jsp,No,,10,,,10,1 - identify datasets,,,
Recruitment - Hiring Activities,Human Resources,HR Admin,ssiener@chattanooga.gov,"Job postings for both internal and external opportunities from approved requisitions. Applicant tracking, review, referrals of most qualified applicants for interview.  Selection for hire and approval.  Number of promotions from within and new hires.",Neogov,Yes,Contains applicant personal data.,10,10,5,20,6 - exploration,,,
Registered Borrowers,Library,Library,rwichtman@lib.chattanooga.gov,Information about people who have a library card.,Polaris (SQL Server 2008),Yes,Depends on level of detail desired. Raw contains PII.,10,10,5,25,,,,
Requisition Lifecycle,Human Resources,HR Admin,ssiener@chattanooga.gov,"Personnel requisitions detail information regarding job specification, funding, from origination to approval.",Neogov,Yes,Not all requisitions received result in job posting.  This information is for HR internal use only.,10,10,5,25,6 - exploration,,,
Requisition Requests,Purchasing,Purchasing,woodward@chattanooga.gov,The number of requisition requests received by Purchasing - fiscal year to date.,Oracle Reporting,No,,10,10,5,25,1 - identify datasets,,,
Response time,Police,Hamilton County 911,Hamilton County 911,dispatched call data,E911 CAD,Yes,,5,5,10,20,1 - identify datasets,,,
Retirement Statistics,Human Resources,HR Admin,ssiener@chattanooga.gov,"Retirement record: Early retirement age 55+, regular retirement age 62+ or Rule of 80 (age + years of service).  Length of service at retirement.",Oracle and Excel Spreadsheet,Yes,,10,5,0,10,3 - internally prioritize,,,
Roundabout and Traffic Circle locations,CDOT,CDOT - TE,vanwinkle@chattanooga.gov,map layer of roundabouts and traffic circles,GIS,No,,10,10,10,30,1 - identify datasets,,,
ROW Abandonment applications,CDOT,CDOT - DE,bsutton@chattanooga.gov,City abandonment applications,Word,Yes,"names, address",10,5,5,20,1 - identify datasets,CDOT reviews prior to PC recommendation; CDOT presents to Council for action. The recordation of ROW Abandonment occurs in DPW after the Council action.,,
Scale Tickets,Public Works,City Wide Services,jsilvers@chattanooga.gov; cwilson@chattanooga.gov,Record of material collected / disposed,Excel Spreadsheet,No,,10,10,10,30,9 - loading,,,
SCORE,Public Works,Water Quality,rrobinson@chattanooga.gov,Number of segments inspected,Access database and GIS,No,,10,10,5,25,,,,
Self Contained Breathing Apparatus (SCBA) fit-test records,Fire,Logistics & Technology,ctibbs@chattanooga.gov,Refers to records pertaining to the fit-testing of SCBA masks per sworn individual,Fit-pro software; printable report available,,,5,5,0,10,,,,
Service requests,Public Works,City Wide Services,cwilson@chattanooga.gov,Record of citizen issue and City response,CityWorks,No,,10,10,10,30,12 - publication,,,
"Service requests, WQ Engineering",Public Works,Water Quality,gjackson@chattanooga.gov,Record of citizen issue and City response,CityWorks,No,,10,5,10,25,6 - exploration,,,
Sidewalk Connectivity Potential,CDOT,CDOT - DE,,Pedestrian Improvement Plan,GIS,No,,5,10,10,25,1 - identify datasets,,,http://www.chattanooga.gov/bicycle-implementation-plan/61-transportation/1542-bip
Sidewalks repaired,Public Works,City Wide Services,pclark@chattanooga.gov,Square footage of sidewalk repaired,Excel Spreadsheet,No,,5,5,5,15,7 - extraction,,,
Sign inventory and replacement status,CDOT,CDOT - TE,bgtaylor@chattanooga.gov,location and condition of traffic signs,3M Asset Management,No,,10,10,5,25,1 - identify datasets,,,
SLAP,Public Works,Water Quality,dgreen@chattanooga.gov,Sites inspected. Status.,Database,No,,10,10,10,30,,,,
SME (Sensitive Minor Equipment),Fire,Logistics & Technology,ctibbs@chattanooga.gov,"Refers to small, sensitive item (mattresses, staplers, etc.)",Report from WASP Inventory Management System,,,5,5,0,10,,,,
Special Event Permits,CDOT,CDOT - TO,jsusman@chattanooga.gov,includes all events applied for that require street closures starting back in 2014,Excel,No,,10,10,10,30,1 - identify datasets,,,
Speed Cushions Installed,Public Works,City Wide Services,pclark@chattanooga.gov,Number of speed cushions installed,Excel Spreadsheet,No,,5,5,5,15,7 - extraction,,,
Speed hump locations,CDOT,CDOT - TE,bgtaylor@chattanooga.gov,map layer of speed humps,GIS,No,,10,10,10,30,1 - identify datasets,,,
Spending,Finance,Accounting,smart@chattanooga.gov,Open Checkbook  data,Oracle,Yes,Could have taxpayer ID depending on the view used to pull data,10,10,10,30,12 - publication,,,https://data.chattlibrary.org/Government/Spending-by-the-City-of-Chattanooga/s8pp-ah5n
Square Footage Mowed,Public Works,City Wide Services,kfranklin@chattanooga.gov,Square footage of grass mowed,Excel Spreadsheet,No,,5,5,5,15,7 - extraction,,,
Staffing reports,Fire,Fire,ctibbs@chattanooga.gov,Refers to a report derived from FDM to assist Battalion Chiefs and staff managers to ensure adequate staffing throughout the city on all shifts,FDM,,,5,5,5,15,,,,
State Street Aid Bills,Public Works,City Wide Services,gbaxter@chattanooga.gov,Record of dollar amounts reimbursed by the State,Excel Spreadsheet,No,,10,10,5,,7 - extraction,,,
Static Bus Schedules,CARTA,Administration/IT,anniepowell@gocarta.org,published bus schedules,http://www.gocarta.org/#routes,No,,10,,,10,8 - transformation,,,
Storm drains cleaned,Public Works,City Wide Services,pclark@chattanooga.gov,Number of storm drains cleaned,Excel Spreadsheet,No,,5,5,5,15,7 - extraction,,,
Street centerline GIS file,Public Works,Engineering,kristenj@hamiltontn.gov,Record of Street Centerline in GIS,ESRI SDE,No,,10,10,10,30,12 - publication,,,
Street Milled,Public Works,City Wide Services,pclark@chattanooga.gov,Square footage of streets milled,Excel Spreadsheet,No,,5,5,5,15,7 - extraction,,,
Street Paved or Patched,Public Works,City Wide Services,pclark@chattanooga.gov,Square footage of streets paved or patched,Excel Spreadsheet,No,,5,5,5,15,7 - extraction,,,
Street Rehabbed,Public Works,City Wide Services,pclark@chattanooga.gov,Square footage of streets rehabbed,Excel Spreadsheet,No,,5,5,5,15,7 - extraction,,,
Structures inspected,Public Works,City Wide Services,pclark@chattanooga.gov,Number of storm sturctures inspected,Excel Spreadsheet,No,,5,5,5,15,7 - extraction,,,
Structures labeled,Public Works,City Wide Services,pclark@chattanooga.gov,Number of storm structures labeled,Excel Spreadsheet,No,,5,5,5,15,7 - extraction,,,
Surface Graded,Public Works,City Wide Services,pclark@chattanooga.gov,Square footage of surface graded,Excel Spreadsheet,No,,5,5,5,15,7 - extraction,,,
Surface parking GIS file,Public Works,Engineering,kristenj@hamiltontn.gov,Record of surface parking in GIS,ESRI SDE,No,,5,10,10,25,12 - publication,,,
Temporary use of right of way applications,CDOT,CDOT - DE,kdoyle@chattanooga.gov,City temp use agreements,Word,Yes,"name, address",10,5,5,20,,CDOT processes the application and presents to Council for action. DPW records the decision in the GIS layer; not CDOT.,,
Timely invoice payments,Finance,Accounts Payable,bwyatt@chattanooga.gov,Provides information abut the timliness of invoice payments to vendors,Spreadsheet derived from Oracle,No,,10,5,5,20,,,,
Tires transported from illegal dumping,Public Works,City Wide Services,ghyde@chattanooga.gov,Number of trailers transported,Accounts payable records,no,,10,10,5,25,7 - extraction,,,
TMDLs,Public Works,Water Quality,rrobinson@chattanooga.gov,Number of samples collected,Excel Spreadsheet,No,,10,10,5,25,,,,
Topsoil,Public Works,City Wide Services,pclark@chattanooga.gov,Square footage of topsoil used,Excel Spreadsheet,No,,5,5,5,15,7 - extraction,,,
TPO Area Bicycle Pedestrian Transit Gap Analyses,Regional Planning Agency,Strategic Long Range Planning,mdtaylor@chattanooga.gov,"Three separate files of analysis conducted to determine gaps in bicycle, pedestrian and transit infrastruture",ArcGIS layer,No,,5,10,10,25,1 - identify datasets,,,
TPO's Transportation Improvement Program Project List,Regional Planning Agency,Strategic Long Range Planning,mdtaylor@chattanooga.gov,Programmed projects anticipated for immediate federal funding in the next four years,Access,No,,5,10,10,25,1 - identify datasets,,,
Traffic Citation Data,Police,City Court,City Court,traffic citation data,City Court,No,,5,5,5,15,6 - exploration,Data on the portal but needs to be automated to be updated lately,,https://data.chattlibrary.org/Public-Safety/Traffic-Citations-By-Location-2012-To-2014/wnd5-ss2z
Traffic Signal Timing,CDOT,CDOT - TE,ttrotter@chattanooga.gov,timing parameters for signalized intersections,TACTICs produces a report in Crystal reports and adobe.,No,,5,5,5,15,1 - identify datasets,,,
Traffic speeds and volume counts,CDOT,CDOT - TE,bgtaylor@chattanooga.gov,speed and volume studies,Highway Data Management software,No,,10,10,5,25,1 - identify datasets,,,
Transit Bicycle Pedestrian Accessibility for Disadvantaged Populations,Regional Planning Agency,Strategic Long Range Planning,mdtaylor@chattanooga.gov,Assessment of access to affordable transportation options,ArcGIS layer,No,,5,10,10,25,1 - identify datasets,,,
Travel demand model,Regional Planning Agency,Research & Analysis,ylee@chattanooga.gov,Current street network and planned street network with traffic volume and transit conditions,TransCAD,Yes,"The network is based on proprietary data, we might not be able to share that with the public.",10,5,5,20,1 - identify datasets,,,
Trees planted,Public Works,City Wide Services,ghyde@chattanooga.gov,Annual tree plantings,Excell Spreadsheet,No,,10,5,5,20,7 - extraction,,,
Trip Sheets,Public Works,City Wide Services,jsilvers@chattanooga.gov,Written record of work performed by driver,Excel Spreadsheet,No,,5,5,5,15,,,,
Turnover Statistics,Human Resources,HR Admin,ssiener@chattanooga.gov,"Contains information on FTE employee separation: probationary dismissal, resignation or retirement.  First year new hire turnover rate.  3 year new hire turnover rate.",Oracle,No,,10,5,5,15,10 - internal review,,,
Use of force data,Police,Internal Affairs,pbacon@chattanooga.gov,use of force data,Blue Team,Yes,,10,10,10,30,1 - identify datasets,,,
Utilities Billings,Finance,Treasury,tlee@chattanooga.gov,Detail transaction for ISS and WQ billings,MS Govern,No,No,10,10,10,30,,,,
Various Public Surveys for Plans,Regional Planning Agency,Strategic Long Range Planning,mdtaylor@chattanooga.gov,"Public input surveys have been conducted for the Regional Transportation Plan, Multimodal Transportation Center Study, and the countywide Comprehensive Plan: Renewing Our Vision",Survey Monkey/Excel/ArcGIS,No,,5,5,5,15,1 - identify datasets,,,
Vehicle Pedestrian Incidents in Disadvantaged Areas,Regional Planning Agency,Strategic Long Range Planning,mdtaylor@chattanooga.gov,Bike Pedestrian incident comparison with disadvantaged profile,ArcGIS layer,No,,5,10,10,25,1 - identify datasets,,,
Water Quality Credits,Public Works,Water Quality,dgreen@chattanooga.gov,Sites and Status,Excel Spreadsheet/Database,No,,10,10,10,30,,,,
Watershed Characterization Sampling,Public Works,Water Quality,rrobinson@chattanooga.gov,Number of samples collected,Excel Spreadsheet,No,,10,10,5,25,,,,
Website analytics,Information Technology,Applications,rellis@chattanooga.gov,"Web site traffic (hits, unique visits, most-visited pages, browser popularity, etc.)",Google Analytics,No,,,,,0,1 - identify datasets,,,
Website Analytics,Library,Library,rwichtman@lib.chattanooga.gov,chattlibrary.org and library catalog Google Analytics,Google Analytics,No,,10,10,10,30,,,,
WellAdvantage Center,Human Resources,HR Wellness,sbenjamin@chattanooga.gov,Number of registered users (employees/retirees and eligible family members). Participation/Visits records.,Excel Spreadsheet,No,,10,5,5,20,1 - identify datasets,,,
Wet-Weather Sampling,Public Works,Water Quality,rrobinson@chattanooga.gov,Number of samples collected,Excel Spreadsheet,No,,10,10,5,25,,,,
Work orders,Public Works,City Wide Services,cwilson@chattanooga.gov,Record of citizen issue and City response,CityWorks,No,,10,10,10,30,12 - publication,,,
WPA cleaned,Public Works,City Wide Services,pclark@chattanooga.gov,Linear footage of WPA ditches cleaned,Excel Spreadsheet,No,,5,5,5,15,7 - extraction,,,
Zoning cases,Regional Planning Agency,Development Services,glhaynes@chattanooga.gov,Requests for zoning change applications,ESRI SDE,No,,10,10,10,30,1 - identify datasets,,,
Zoning GIS file,Regional Planning Agency,Development Services,glhaynes@chattanooga.gov,Current zoning,ESRI SDE,No,,10,10,10,30,10 - internal review,,,
Annual Biosolids Fact Sheet,Public Works,Waste Resources,kstyers@chattanooga.gov,Record of annual biosolids fact sheet.,Online at:  http://www.chattanooga.gov/public-works/interceptor-sewer/biosolids-management-system ,No,,10,10,10,30,12 - publication,,,
Annual Biosolids Audit,Public Works,Waste Resources,kstyers@chattanooga.gov,Record of annual biosolids audit.,Online at:  http://www.chattanooga.gov/public-works/interceptor-sewer/biosolids-management-system ,No,,10,10,10,30,12 - publication,,,
