name,@type,@lat,@lon,addr:full,addr:housenumber,addr:unit,addr:street,addr:city,addr:postcode,opening_hours,amenity,shop,brand:wikidata,payment:ebt,payment:snap,payment:wic,point
Food City,node,35.1061396,-85.2711735,,,,,,,,,supermarket,Q16981107,,,,POINT (-85.2711735 35.1061396)
Publix,node,35.1473504,-85.2072757,,5928,112,Hixson Pike,Hixson,37343-4839,Mo-Su 07:00-22:00,,supermarket,Q672170,,,,POINT (-85.2072757 35.1473504)
Asian Market,node,35.0448253,-85.1663824,,6933,500,Lee Highway,Chattanooga,37421,10:00-21:00,,supermarket,,,,,POINT (-85.1663824 35.0448253)
Walmart Supercenter,way,35.0157337,-85.3765512,3550 Cummings Hwy,3550,,Cummings Highway,Chattanooga,37419,24/7,,supermarket,Q483551,,,,POINT (-85.3765512 35.0157337)
Publix,way,35.0437903,-85.1500023,,7326,,McCutcheon Road,Chattanooga,37421,07:00-22:00,,supermarket,Q672170,,,,POINT (-85.1500023 35.0437903)
Walmart Supercenter,way,35.1530072,-85.2452701,5764 Highway 153,5764,,Highway 153,Hixson,37343,24/7,,supermarket,Q483551,,,,POINT (-85.2452701 35.1530072)
Food City,node,35.0099223,-85.3262254,,,,,,,,,supermarket,Q16981107,,,,POINT (-85.3262254 35.0099223)
Food City,way,35.044799,-85.1643605,,,,,,,,,supermarket,,,,,POINT (-85.1643605 35.044799)
Publix,way,35.0905947,-85.0643332,,5958,168,Snow Hill Road,Ooltewah,37363-7834,Mo-Su 07:00-22:00,,supermarket,Q672170,,,,POINT (-85.0643332 35.0905947)
Carneceria LOA #7,node,35.0372672,-85.311061,,,,,,,,,supermarket,,,,,POINT (-85.311061 35.0372672)
Food City,node,35.0986323,-85.3292909,,,,Signal Mountain Boulevard,Chattanooga,37405,,,supermarket,Q16981107,,,,POINT (-85.3292909 35.0986323)
Food City,way,35.086589,-85.061208,,,,,,,,,supermarket,Q16981107,,,,POINT (-85.061208 35.086589)
The Fresh Market,way,35.038465,-85.1488928,,,,,,,,,supermarket,Q7735265,,,,POINT (-85.1488928 35.038465)
Walmart Supercenter,way,35.0944645,-85.3319283,501 Signal Mountain Rd,501,,Signal Mountain Road,Chattanooga,37405,24/7,,supermarket,Q483551,,,,POINT (-85.3319283 35.0944645)
ALDI,way,35.0180744,-85.204131,,5706,,Lee Highway,Chattanooga,37421,"Mo, We, Fr-Su 09:00-20:00, Tu, Th 08:30-20:00",,supermarket,Q41171672,true,true,false,POINT (-85.204131 35.0180744)
Walmart Neighborhood Market,node,35.115368,-85.262699,3901 Hixson Pike Suite 181,3901,,Hixson Pike,Chattanooga,37415,24/7,,supermarket,Q483551,,,,POINT (-85.262699 35.115368)
United Grocery Outlet,node,35.0871142,-85.188584,,4758,,Highway 58,,,,,supermarket,Q23074318,,,,POINT (-85.188584 35.0871142)
ALDI,way,35.0977082,-85.3257258,,637,,Mundy Street,Chattanooga,37405,"Mo, We, Fr-Su 09:00-20:00, Tu, Th 08:30-20:00",,supermarket,Q41171672,true,true,false,POINT (-85.3257258 35.0977082)
Main Street Market,node,35.0348466,-85.3033251,,,,,,,,marketplace,,,,,,POINT (-85.3033251 35.0348466)
Publix,way,35.0650768,-85.3083981,,400,,North Market Street,Chattanooga,37405-4433,Mo-Su 07:00-22:00,,supermarket,Q672170,,,,POINT (-85.3083981 35.0650768)
Super Carniceria Loa,way,35.0217296,-85.1981683,,400,,Chickamauga Road,Chattanooga,37421,,,supermarket,,,,,POINT (-85.1981683 35.0217296)
Trader Joe's,node,35.0328677,-85.1545251,,2111,,Gunbarrel Road,Chattanooga,37421,Mo-Su 09:00-21:00,,supermarket,Q688825,,,,POINT (-85.1545251 35.0328677)
Food City,way,35.119709,-85.2914998,,,,Dayton Boulevard,,,,,supermarket,Q16981107,,,,POINT (-85.2914998 35.119709)
Food City,way,35.0836831,-85.1976349,,4510,,Highway 58,,,,,supermarket,Q16981107,,,,POINT (-85.1976349 35.0836831)
Save-A-Lot,node,35.0918635,-85.3108049,,,,Dayton Boulevard,red bank,37405,,,supermarket,Q7427972,,,,POINT (-85.3108049 35.0918635)
Whole Foods Market,node,35.0632254,-85.3144362,,301,,Manufacturers Road,Chattanooga,37405,Mo-Su 08:00-21:00,,supermarket,Q1809448,,,,POINT (-85.3144362 35.0632254)
ALDI,way,35.0332994,-85.1512558,,2020,154,Gunbarrel Road,Chattanooga,37421,"Mo, We, Fr-Su 09:00-20:00, Tu, Th 08:30-20:00",,supermarket,Q41171672,true,true,false,POINT (-85.1512558 35.0332994)
Hibbits Sports,node,35.1548297,-85.245638,,,,,,,,marketplace,,,,,,POINT (-85.245638 35.1548297)
Walmart Neighborhood Market,way,35.0054424,-85.14917,8101 East Brainerd Rd,8101,,East Brainerd Road,Chattanooga,37421,Mo-Su 06:00-24:00,,supermarket,Q483551,,,,POINT (-85.14917 35.0054424)
India Bazar,node,35.0435686,-85.1634903,,,,,,,,,supermarket,,,,,POINT (-85.1634903 35.0435686)
Publix,node,35.014959,-85.3255214,,3535,,Broad Street,Chattanooga,37409,Mo-Su 07:00-22:00,,supermarket,Q672170,,,,POINT (-85.3255214 35.014959)
Food City,way,35.1449199,-85.2204432,,,,,,,,,supermarket,Q16981107,,,,POINT (-85.2204432 35.1449199)
Save-A-Lot,node,35.0430841,-85.1673549,,6901,,Lee Highway,Chattanooga,37421,,,supermarket,Q7427972,,,,POINT (-85.1673549 35.0430841)
Janta Farmers Market,way,35.0346377,-85.1777728,,6500,,Lee Highway,Chattanooga,,09:30-20:30,,supermarket,,,,,POINT (-85.1777728 35.0346377)
O'Dells Deli,way,35.02031,-85.3671793,,,,,,,,marketplace,,,,,,POINT (-85.3671793 35.02031)
Food City,way,35.008116,-85.1547664,,7804,,East Brainerd Road,Chattanooga,37421,,,supermarket,Q16981107,,,,POINT (-85.1547664 35.008116)
Main Street Meats,node,35.0352293,-85.3045576,,217,,East Main Street,Chattanooga,37408,11:00-19:00,,butcher,,,,,POINT (-85.3045576 35.0352293)
Publix,way,34.9991533,-85.1339152,,8644,,East Brainerd Road,Chattanooga,37421,Mo-Su 07:00-22:00,,supermarket,Q672170,,,,POINT (-85.1339152 34.9991533)
ALDI,way,35.1437389,-85.2474645,,5510,1,Highway 153,Hixson,37343,"Mo, We, Fr-Su 09:00-20:00, Tu, Th 08:30-20:00",,supermarket,Q41171672,true,true,false,POINT (-85.2474645 35.1437389)
Walmart Supercenter,way,35.0299942,-85.1530712,,2020,,Gunbarrel Road,Chattanooga,37421,24/7,,supermarket,,,,,POINT (-85.1530712 35.0299942)
Antique Shop,node,35.1853918,-85.2457131,,,,,,,,marketplace,,,,,,POINT (-85.2457131 35.1853918)
Food City,node,35.0206569,-85.2885835,,,,,,,,,supermarket,Q16981107,,,,POINT (-85.2885835 35.0206569)
