Timestamp,Year,Month,Clients Served (intakes),Training and Awareness Events,LAP (Screened in),LAP (Svs),LAP (reported strangulation)
12/31/2022 03:03:58 PM,2022,January-December,826,,429,,298
12/30/2023 03:37:34 PM,2023,January-December,1033,,401,,266
01/31/2024 03:38:03 PM,2024,January,57,7,31,,27
02/29/2024 03:38:33 PM,2024,February,123,14,35,8,28
03/31/2024 03:41:37 PM,2024,March,96,25,,,
04/30/2024 03:42:45 PM,2024,April,114,23,,,
05/31/2024 03:44:10 PM,2024,May,96,21,37,10,21
06/30/2024 03:44:38 PM,2024,June,57,20,26,10,21
07/31/2024 03:03:58 PM,2024,July,114,16,28,6,21
08/31/2024 03:37:34 PM,2024,August,114,16,,,
08/30/2024 03:38:03 PM,2024,September,106,30,,,
10/31/2024 03:38:33 PM,2024,October,,38,,,
11/30/2024 03:41:37 PM,2024,November,,25,,,
