Service Request Key,Created Date,Due At,Completed At,On Time Indicator,Department,Request Type,Description,Request Type Code,Status Code,Intake Form,Actual Days to Complete - Working,SLA FY 2019,isPublic,Council District,PublicLocation
16025165,09/27/2024 08:13:28 AM,10/04/2024 08:13:28 AM,09/30/2024 09:46:46 AM,Yes,,Flooding,"The drainage grate is flooding and back up, the pipe is sticking up out of the ground, they did work about 5 or 6 months ago and the truck got stuck and collapse the pipe.",EMERGENCY,O-CLOSED,gov.publicstuff.com,1,3,yes,7,POINT (-85.285272039 34.999918905)
16026427,09/27/2024 09:02:28 AM,10/04/2024 09:02:28 AM,09/27/2024 09:54:42 AM,Yes,,Flooding,States there's a drain on the corner and one across the street.,EMERGENCY,O-CLOSED,gov.publicstuff.com,0,3,yes,8,POINT (-85.288031355 35.026630743)
16030785,09/27/2024 11:45:52 AM,10/04/2024 11:45:52 AM,10/02/2024 01:10:05 PM,Yes,,Flooding,Severe flooding in yards on south side of Vance Circle. has become worse since wetlands paved over behind even numbered houses.,EMERGENCY,O-CLOSED,Android,3,3,yes,6,POINT (-85.190444548 35.036226226)
16033822,09/27/2024 01:43:57 PM,10/04/2024 01:43:57 PM,09/30/2024 12:21:31 PM,Yes,,Flooding,SR#16032943 submitted for the flood arms. Road is flooded and the flood arms are not functioning to inform drivers,EMERGENCY,O-CLOSED,gov.publicstuff.com,1,3,yes,6,POINT (-85.171314812 35.002680434)
16035200,09/27/2024 02:37:04 PM,10/21/2024 02:37:04 PM,10/09/2024 07:54:02 AM,Yes,,Flooding,Side walk storm drain is clogged. Bus stop is flooded.,EMERGENCY,O-CLOSED,iOS,8,3,yes,7,POINT (-85.309602622 35.049261393)
16045476,09/29/2024 01:41:36 AM,10/07/2024 01:41:36 AM,09/30/2024 01:33:30 PM,Yes,,Flooding,It s not flooding. It s a Constant leak going down hill. . This leak been happening for over a month.  When it starts getting below freezing this entire street will be iced over if this is not fixed before hand.,EMERGENCY,O-CLOSED,Iframe,1,3,yes,9,POINT (-85.246632532 35.064444371)
16045857,09/29/2024 10:28:51 AM,10/25/2024 10:28:51 AM,10/21/2024 06:36:21 AM,Yes,,Flooding,Leaves and dirt stuck in the street drain,EMERGENCY,O-CLOSED,iOS,16,3,yes,4,POINT (-85.151534 35.002726)
16028490,09/27/2024 10:16:54 AM,10/04/2024 10:16:54 AM,09/27/2024 03:13:01 PM,Yes,,Flooding,"Flooding beginning near the railroad tracks on Wilson Rd, near Rossville Blvd. Possible sewage backup too?",EMERGENCY,O-CLOSED,iOS,0,3,no,7,
16026407,09/27/2024 09:02:00 AM,10/04/2024 09:02:00 AM,09/27/2024 03:11:13 PM,Yes,,Flooding,"This is an ongoing problem, street is flooded in the corner and retention pond is full in Jefferson Park.  We are requesting a meeting with the city.",EMERGENCY,O-CLOSED,Iframe,0,3,yes,7,POINT (-85.299978198 35.030418785)
16027312,09/27/2024 09:34:04 AM,10/04/2024 09:34:04 AM,10/04/2024 12:37:20 PM,No,,Flooding,,EMERGENCY,O-CLOSED,iOS,5,3,yes,5,POINT (-85.229678 35.015718)
