Day of Week,Time Half Hour,Traffic Level,Traffic Flow
1 Sunday,0.5,0- free flowing,38001
1 Sunday,0.5,1 - light traffic,22
1 Sunday,0.5,2 - medium traffic,2.5
1 Sunday,0.5,3 - heavy traffic,63
1 Sunday,0.5,4 - stand still,122.5
1 Sunday,1,0- free flowing,33924
1 Sunday,1,1 - light traffic,8
1 Sunday,1,2 - medium traffic,7.5
1 Sunday,1,3 - heavy traffic,84
1 Sunday,1,4 - stand still,108.5
1 Sunday,1.5,0- free flowing,29167
1 Sunday,1.5,1 - light traffic,8
1 Sunday,1.5,2 - medium traffic,5
1 Sunday,1.5,3 - heavy traffic,33
1 Sunday,1.5,4 - stand still,63
1 Sunday,2,0- free flowing,23862
1 Sunday,2,1 - light traffic,6
1 Sunday,2,2 - medium traffic,10
1 Sunday,2,3 - heavy traffic,36
1 Sunday,2,4 - stand still,49
1 Sunday,2.5,0- free flowing,20479
1 Sunday,2.5,1 - light traffic,2
1 Sunday,2.5,2 - medium traffic,0
1 Sunday,2.5,3 - heavy traffic,60
1 Sunday,2.5,4 - stand still,49
1 Sunday,3,0- free flowing,18836
1 Sunday,3,1 - light traffic,2
1 Sunday,3,2 - medium traffic,5
1 Sunday,3,3 - heavy traffic,27
1 Sunday,3,4 - stand still,73.5
1 Sunday,3.5,0- free flowing,16927
1 Sunday,3.5,1 - light traffic,4
1 Sunday,3.5,2 - medium traffic,10
1 Sunday,3.5,3 - heavy traffic,33
1 Sunday,3.5,4 - stand still,28
1 Sunday,4,0- free flowing,14640
1 Sunday,4,1 - light traffic,6
1 Sunday,4,2 - medium traffic,10
1 Sunday,4,3 - heavy traffic,54
1 Sunday,4,4 - stand still,28
1 Sunday,4.5,0- free flowing,14221
1 Sunday,4.5,1 - light traffic,12
1 Sunday,4.5,2 - medium traffic,7.5
1 Sunday,4.5,3 - heavy traffic,18
1 Sunday,4.5,4 - stand still,122.5
1 Sunday,5,0- free flowing,15279
1 Sunday,5,1 - light traffic,14
1 Sunday,5,2 - medium traffic,15
1 Sunday,5,3 - heavy traffic,48
1 Sunday,5,4 - stand still,94.5
1 Sunday,5.5,0- free flowing,17559
1 Sunday,5.5,1 - light traffic,12
1 Sunday,5.5,2 - medium traffic,5
1 Sunday,5.5,3 - heavy traffic,51
1 Sunday,5.5,4 - stand still,49
1 Sunday,6,0- free flowing,21310
1 Sunday,6,1 - light traffic,2
1 Sunday,6,2 - medium traffic,20
1 Sunday,6,3 - heavy traffic,81
1 Sunday,6,4 - stand still,360.5
1 Sunday,6.5,0- free flowing,27232
1 Sunday,6.5,1 - light traffic,8
1 Sunday,6.5,2 - medium traffic,12.5
1 Sunday,6.5,3 - heavy traffic,72
1 Sunday,6.5,4 - stand still,70
1 Sunday,7,0- free flowing,29874
1 Sunday,7,1 - light traffic,12
1 Sunday,7,2 - medium traffic,17.5
1 Sunday,7,3 - heavy traffic,90
1 Sunday,7,4 - stand still,140
1 Sunday,7.5,0- free flowing,33461
1 Sunday,7.5,1 - light traffic,8
1 Sunday,7.5,2 - medium traffic,45
1 Sunday,7.5,3 - heavy traffic,159
1 Sunday,7.5,4 - stand still,402.5
1 Sunday,8,0- free flowing,37818
1 Sunday,8,1 - light traffic,4
1 Sunday,8,2 - medium traffic,110
1 Sunday,8,3 - heavy traffic,102
1 Sunday,8,4 - stand still,1361.5
1 Sunday,8.5,0- free flowing,47578
1 Sunday,8.5,1 - light traffic,8
1 Sunday,8.5,2 - medium traffic,62.5
1 Sunday,8.5,3 - heavy traffic,318
1 Sunday,8.5,4 - stand still,2450
1 Sunday,9,0- free flowing,63103
1 Sunday,9,1 - light traffic,28
1 Sunday,9,2 - medium traffic,410
1 Sunday,9,3 - heavy traffic,438
1 Sunday,9,4 - stand still,2541
1 Sunday,9.5,0- free flowing,78233
1 Sunday,9.5,1 - light traffic,48
1 Sunday,9.5,2 - medium traffic,420
1 Sunday,9.5,3 - heavy traffic,1350
1 Sunday,9.5,4 - stand still,2411.5
1 Sunday,10,0- free flowing,87582
1 Sunday,10,1 - light traffic,46
1 Sunday,10,2 - medium traffic,322.5
1 Sunday,10,3 - heavy traffic,2172
1 Sunday,10,4 - stand still,3990
1 Sunday,10.5,0- free flowing,113785
1 Sunday,10.5,1 - light traffic,308
1 Sunday,10.5,2 - medium traffic,1020
1 Sunday,10.5,3 - heavy traffic,3696
1 Sunday,10.5,4 - stand still,7024.5
1 Sunday,11,0- free flowing,131108
1 Sunday,11,1 - light traffic,606
1 Sunday,11,2 - medium traffic,2842.5
1 Sunday,11,3 - heavy traffic,7515
1 Sunday,11,4 - stand still,7833
1 Sunday,11.5,0- free flowing,139049
1 Sunday,11.5,1 - light traffic,626
1 Sunday,11.5,2 - medium traffic,3830
1 Sunday,11.5,3 - heavy traffic,12558
1 Sunday,11.5,4 - stand still,9936.5
1 Sunday,12,0- free flowing,153332
1 Sunday,12,1 - light traffic,1398
1 Sunday,12,2 - medium traffic,5995
1 Sunday,12,3 - heavy traffic,18690
1 Sunday,12,4 - stand still,12390
1 Sunday,12.5,0- free flowing,171492
1 Sunday,12.5,1 - light traffic,3036
1 Sunday,12.5,2 - medium traffic,9732.5
1 Sunday,12.5,3 - heavy traffic,27726
1 Sunday,12.5,4 - stand still,13636
1 Sunday,13,0- free flowing,180717
1 Sunday,13,1 - light traffic,4710
1 Sunday,13,2 - medium traffic,20210
1 Sunday,13,3 - heavy traffic,36834
1 Sunday,13,4 - stand still,18536
1 Sunday,13.5,0- free flowing,181612
1 Sunday,13.5,1 - light traffic,4964
1 Sunday,13.5,2 - medium traffic,29887.5
1 Sunday,13.5,3 - heavy traffic,38796
1 Sunday,13.5,4 - stand still,19264
1 Sunday,14,0- free flowing,183457
1 Sunday,14,1 - light traffic,4850
1 Sunday,14,2 - medium traffic,30042.5
1 Sunday,14,3 - heavy traffic,42372
1 Sunday,14,4 - stand still,24881.5
1 Sunday,14.5,0- free flowing,184243
1 Sunday,14.5,1 - light traffic,4866
1 Sunday,14.5,2 - medium traffic,30967.5
1 Sunday,14.5,3 - heavy traffic,48645
1 Sunday,14.5,4 - stand still,26768
1 Sunday,15,0- free flowing,189077
1 Sunday,15,1 - light traffic,4382
1 Sunday,15,2 - medium traffic,30565
1 Sunday,15,3 - heavy traffic,51417
1 Sunday,15,4 - stand still,26183.5
1 Sunday,15.5,0- free flowing,186075
1 Sunday,15.5,1 - light traffic,3864
1 Sunday,15.5,2 - medium traffic,30915
1 Sunday,15.5,3 - heavy traffic,48780
1 Sunday,15.5,4 - stand still,24458
1 Sunday,16,0- free flowing,183653
1 Sunday,16,1 - light traffic,3990
1 Sunday,16,2 - medium traffic,33752.5
1 Sunday,16,3 - heavy traffic,46818
1 Sunday,16,4 - stand still,21248.5
1 Sunday,16.5,0- free flowing,180187
1 Sunday,16.5,1 - light traffic,3452
1 Sunday,16.5,2 - medium traffic,37097.5
1 Sunday,16.5,3 - heavy traffic,41589
1 Sunday,16.5,4 - stand still,19446
1 Sunday,17,0- free flowing,175328
1 Sunday,17,1 - light traffic,4506
1 Sunday,17,2 - medium traffic,32332.5
1 Sunday,17,3 - heavy traffic,37407
1 Sunday,17,4 - stand still,15753.5
1 Sunday,17.5,0- free flowing,166054
1 Sunday,17.5,1 - light traffic,3184
1 Sunday,17.5,2 - medium traffic,23510
1 Sunday,17.5,3 - heavy traffic,32067
1 Sunday,17.5,4 - stand still,14892.5
1 Sunday,18,0- free flowing,155580
1 Sunday,18,1 - light traffic,2068
1 Sunday,18,2 - medium traffic,18920
1 Sunday,18,3 - heavy traffic,22569
1 Sunday,18,4 - stand still,11210.5
1 Sunday,18.5,0- free flowing,143798
1 Sunday,18.5,1 - light traffic,2016
1 Sunday,18.5,2 - medium traffic,13272.5
1 Sunday,18.5,3 - heavy traffic,17325
1 Sunday,18.5,4 - stand still,6968.5
1 Sunday,19,0- free flowing,126843
1 Sunday,19,1 - light traffic,1010
1 Sunday,19,2 - medium traffic,9410
1 Sunday,19,3 - heavy traffic,11631
1 Sunday,19,4 - stand still,6993
1 Sunday,19.5,0- free flowing,115677
1 Sunday,19.5,1 - light traffic,786
1 Sunday,19.5,2 - medium traffic,4705
1 Sunday,19.5,3 - heavy traffic,9804
1 Sunday,19.5,4 - stand still,6426
1 Sunday,20,0- free flowing,99141
1 Sunday,20,1 - light traffic,768
1 Sunday,20,2 - medium traffic,4740
1 Sunday,20,3 - heavy traffic,4245
1 Sunday,20,4 - stand still,3388
1 Sunday,20.5,0- free flowing,89055
1 Sunday,20.5,1 - light traffic,438
1 Sunday,20.5,2 - medium traffic,2572.5
1 Sunday,20.5,3 - heavy traffic,2601
1 Sunday,20.5,4 - stand still,2737
1 Sunday,21,0- free flowing,77450
1 Sunday,21,1 - light traffic,434
1 Sunday,21,2 - medium traffic,1320
1 Sunday,21,3 - heavy traffic,2109
1 Sunday,21,4 - stand still,1862
1 Sunday,21.5,0- free flowing,66668
1 Sunday,21.5,1 - light traffic,218
1 Sunday,21.5,2 - medium traffic,807.5
1 Sunday,21.5,3 - heavy traffic,1872
1 Sunday,21.5,4 - stand still,3374
1 Sunday,22,0- free flowing,57212
1 Sunday,22,1 - light traffic,228
1 Sunday,22,2 - medium traffic,460
1 Sunday,22,3 - heavy traffic,1029
1 Sunday,22,4 - stand still,2383.5
1 Sunday,22.5,0- free flowing,47834
1 Sunday,22.5,1 - light traffic,158
1 Sunday,22.5,2 - medium traffic,382.5
1 Sunday,22.5,3 - heavy traffic,696
1 Sunday,22.5,4 - stand still,2257.5
1 Sunday,23,0- free flowing,40591
1 Sunday,23,1 - light traffic,130
1 Sunday,23,2 - medium traffic,370
1 Sunday,23,3 - heavy traffic,450
1 Sunday,23,4 - stand still,2418.5
1 Sunday,23.5,0- free flowing,34785
1 Sunday,23.5,1 - light traffic,60
1 Sunday,23.5,2 - medium traffic,170
1 Sunday,23.5,3 - heavy traffic,279
1 Sunday,23.5,4 - stand still,1673
1 Sunday,24,0- free flowing,39087
1 Sunday,24,1 - light traffic,28
1 Sunday,24,2 - medium traffic,112.5
1 Sunday,24,3 - heavy traffic,237
1 Sunday,24,4 - stand still,644
2 Monday,0.5,0- free flowing,26437
2 Monday,0.5,1 - light traffic,32
2 Monday,0.5,2 - medium traffic,50
2 Monday,0.5,3 - heavy traffic,144
2 Monday,0.5,4 - stand still,416.5
2 Monday,1,0- free flowing,22706
2 Monday,1,1 - light traffic,36
2 Monday,1,2 - medium traffic,25
2 Monday,1,3 - heavy traffic,81
2 Monday,1,4 - stand still,329
2 Monday,1.5,0- free flowing,19563
2 Monday,1.5,1 - light traffic,24
2 Monday,1.5,2 - medium traffic,15
2 Monday,1.5,3 - heavy traffic,69
2 Monday,1.5,4 - stand still,301
2 Monday,2,0- free flowing,17203
2 Monday,2,1 - light traffic,22
2 Monday,2,2 - medium traffic,30
2 Monday,2,3 - heavy traffic,69
2 Monday,2,4 - stand still,420
2 Monday,2.5,0- free flowing,15598
2 Monday,2.5,1 - light traffic,26
2 Monday,2.5,2 - medium traffic,22.5
2 Monday,2.5,3 - heavy traffic,93
2 Monday,2.5,4 - stand still,252
2 Monday,3,0- free flowing,13559
2 Monday,3,1 - light traffic,10
2 Monday,3,2 - medium traffic,20
2 Monday,3,3 - heavy traffic,78
2 Monday,3,4 - stand still,63
2 Monday,3.5,0- free flowing,13138
2 Monday,3.5,1 - light traffic,14
2 Monday,3.5,2 - medium traffic,27.5
2 Monday,3.5,3 - heavy traffic,39
2 Monday,3.5,4 - stand still,94.5
2 Monday,4,0- free flowing,14427
2 Monday,4,1 - light traffic,14
2 Monday,4,2 - medium traffic,55
2 Monday,4,3 - heavy traffic,45
2 Monday,4,4 - stand still,126
2 Monday,4.5,0- free flowing,16703
2 Monday,4.5,1 - light traffic,6
2 Monday,4.5,2 - medium traffic,20
2 Monday,4.5,3 - heavy traffic,39
2 Monday,4.5,4 - stand still,136.5
2 Monday,5,0- free flowing,22404
2 Monday,5,1 - light traffic,16
2 Monday,5,2 - medium traffic,10
2 Monday,5,3 - heavy traffic,60
2 Monday,5,4 - stand still,91
2 Monday,5.5,0- free flowing,29008
2 Monday,5.5,1 - light traffic,6
2 Monday,5.5,2 - medium traffic,35
2 Monday,5.5,3 - heavy traffic,120
2 Monday,5.5,4 - stand still,171.5
2 Monday,6,0- free flowing,33074
2 Monday,6,1 - light traffic,8
2 Monday,6,2 - medium traffic,22.5
2 Monday,6,3 - heavy traffic,165
2 Monday,6,4 - stand still,392
2 Monday,6.5,0- free flowing,42938
2 Monday,6.5,1 - light traffic,6
2 Monday,6.5,2 - medium traffic,72.5
2 Monday,6.5,3 - heavy traffic,369
2 Monday,6.5,4 - stand still,714
2 Monday,7,0- free flowing,60736
2 Monday,7,1 - light traffic,62
2 Monday,7,2 - medium traffic,487.5
2 Monday,7,3 - heavy traffic,1068
2 Monday,7,4 - stand still,2313.5
2 Monday,7.5,0- free flowing,96976
2 Monday,7.5,1 - light traffic,604
2 Monday,7.5,2 - medium traffic,2782.5
2 Monday,7.5,3 - heavy traffic,4446
2 Monday,7.5,4 - stand still,3780
2 Monday,8,0- free flowing,117280
2 Monday,8,1 - light traffic,1356
2 Monday,8,2 - medium traffic,7942.5
2 Monday,8,3 - heavy traffic,18021
2 Monday,8,4 - stand still,7182
2 Monday,8.5,0- free flowing,123886
2 Monday,8.5,1 - light traffic,882
2 Monday,8.5,2 - medium traffic,5927.5
2 Monday,8.5,3 - heavy traffic,10896
2 Monday,8.5,4 - stand still,7577.5
2 Monday,9,0- free flowing,116560
2 Monday,9,1 - light traffic,680
2 Monday,9,2 - medium traffic,3262.5
2 Monday,9,3 - heavy traffic,4557
2 Monday,9,4 - stand still,4760
2 Monday,9.5,0- free flowing,110918
2 Monday,9.5,1 - light traffic,134
2 Monday,9.5,2 - medium traffic,517.5
2 Monday,9.5,3 - heavy traffic,2478
2 Monday,9.5,4 - stand still,2149
2 Monday,10,0- free flowing,116145
2 Monday,10,1 - light traffic,158
2 Monday,10,2 - medium traffic,380
2 Monday,10,3 - heavy traffic,1362
2 Monday,10,4 - stand still,1862
2 Monday,10.5,0- free flowing,121857
2 Monday,10.5,1 - light traffic,88
2 Monday,10.5,2 - medium traffic,257.5
2 Monday,10.5,3 - heavy traffic,1044
2 Monday,10.5,4 - stand still,1459.5
2 Monday,11,0- free flowing,131003
2 Monday,11,1 - light traffic,180
2 Monday,11,2 - medium traffic,805
2 Monday,11,3 - heavy traffic,1836
2 Monday,11,4 - stand still,1375.5
2 Monday,11.5,0- free flowing,138080
2 Monday,11.5,1 - light traffic,556
2 Monday,11.5,2 - medium traffic,1550
2 Monday,11.5,3 - heavy traffic,4281
2 Monday,11.5,4 - stand still,1935.5
2 Monday,12,0- free flowing,144521
2 Monday,12,1 - light traffic,744
2 Monday,12,2 - medium traffic,2422.5
2 Monday,12,3 - heavy traffic,9627
2 Monday,12,4 - stand still,3930.5
2 Monday,12.5,0- free flowing,151771
2 Monday,12.5,1 - light traffic,1074
2 Monday,12.5,2 - medium traffic,3950
2 Monday,12.5,3 - heavy traffic,14394
2 Monday,12.5,4 - stand still,6279
2 Monday,13,0- free flowing,160147
2 Monday,13,1 - light traffic,1204
2 Monday,13,2 - medium traffic,7062.5
2 Monday,13,3 - heavy traffic,17160
2 Monday,13,4 - stand still,7185.5
2 Monday,13.5,0- free flowing,162985
2 Monday,13.5,1 - light traffic,1870
2 Monday,13.5,2 - medium traffic,9177.5
2 Monday,13.5,3 - heavy traffic,19185
2 Monday,13.5,4 - stand still,7630
2 Monday,14,0- free flowing,164029
2 Monday,14,1 - light traffic,1386
2 Monday,14,2 - medium traffic,11937.5
2 Monday,14,3 - heavy traffic,19278
2 Monday,14,4 - stand still,6825
2 Monday,14.5,0- free flowing,167166
2 Monday,14.5,1 - light traffic,2358
2 Monday,14.5,2 - medium traffic,12727.5
2 Monday,14.5,3 - heavy traffic,24909
2 Monday,14.5,4 - stand still,6699
2 Monday,15,0- free flowing,174159
2 Monday,15,1 - light traffic,2530
2 Monday,15,2 - medium traffic,13182.5
2 Monday,15,3 - heavy traffic,31575
2 Monday,15,4 - stand still,5103
2 Monday,15.5,0- free flowing,177181
2 Monday,15.5,1 - light traffic,2946
2 Monday,15.5,2 - medium traffic,18482.5
2 Monday,15.5,3 - heavy traffic,31722
2 Monday,15.5,4 - stand still,8547
2 Monday,16,0- free flowing,175907
2 Monday,16,1 - light traffic,2998
2 Monday,16,2 - medium traffic,25430
2 Monday,16,3 - heavy traffic,28935
2 Monday,16,4 - stand still,10332
2 Monday,16.5,0- free flowing,187567
2 Monday,16.5,1 - light traffic,2518
2 Monday,16.5,2 - medium traffic,27427.5
2 Monday,16.5,3 - heavy traffic,35082
2 Monday,16.5,4 - stand still,8207.5
2 Monday,17,0- free flowing,202069
2 Monday,17,1 - light traffic,2740
2 Monday,17,2 - medium traffic,29165
2 Monday,17,3 - heavy traffic,48729
2 Monday,17,4 - stand still,8498
2 Monday,17.5,0- free flowing,210732
2 Monday,17.5,1 - light traffic,3396
2 Monday,17.5,2 - medium traffic,31395
2 Monday,17.5,3 - heavy traffic,70518
2 Monday,17.5,4 - stand still,14175
2 Monday,18,0- free flowing,182833
2 Monday,18,1 - light traffic,2956
2 Monday,18,2 - medium traffic,21290
2 Monday,18,3 - heavy traffic,37191
2 Monday,18,4 - stand still,9751
2 Monday,18.5,0- free flowing,148673
2 Monday,18.5,1 - light traffic,1438
2 Monday,18.5,2 - medium traffic,9207.5
2 Monday,18.5,3 - heavy traffic,8937
2 Monday,18.5,4 - stand still,4322.5
2 Monday,19,0- free flowing,117063
2 Monday,19,1 - light traffic,508
2 Monday,19,2 - medium traffic,1955
2 Monday,19,3 - heavy traffic,2640
2 Monday,19,4 - stand still,2387
2 Monday,19.5,0- free flowing,99813
2 Monday,19.5,1 - light traffic,306
2 Monday,19.5,2 - medium traffic,497.5
2 Monday,19.5,3 - heavy traffic,1065
2 Monday,19.5,4 - stand still,2905
2 Monday,20,0- free flowing,86745
2 Monday,20,1 - light traffic,90
2 Monday,20,2 - medium traffic,462.5
2 Monday,20,3 - heavy traffic,504
2 Monday,20,4 - stand still,2236.5
2 Monday,20.5,0- free flowing,76470
2 Monday,20.5,1 - light traffic,224
2 Monday,20.5,2 - medium traffic,275
2 Monday,20.5,3 - heavy traffic,648
2 Monday,20.5,4 - stand still,1417.5
2 Monday,21,0- free flowing,66408
2 Monday,21,1 - light traffic,204
2 Monday,21,2 - medium traffic,135
2 Monday,21,3 - heavy traffic,666
2 Monday,21,4 - stand still,605.5
2 Monday,21.5,0- free flowing,57613
2 Monday,21.5,1 - light traffic,78
2 Monday,21.5,2 - medium traffic,285
2 Monday,21.5,3 - heavy traffic,1200
2 Monday,21.5,4 - stand still,1760.5
2 Monday,22,0- free flowing,48200
2 Monday,22,1 - light traffic,36
2 Monday,22,2 - medium traffic,77.5
2 Monday,22,3 - heavy traffic,975
2 Monday,22,4 - stand still,2667
2 Monday,22.5,0- free flowing,41291
2 Monday,22.5,1 - light traffic,20
2 Monday,22.5,2 - medium traffic,137.5
2 Monday,22.5,3 - heavy traffic,696
2 Monday,22.5,4 - stand still,1435
2 Monday,23,0- free flowing,36444
2 Monday,23,1 - light traffic,26
2 Monday,23,2 - medium traffic,230
2 Monday,23,3 - heavy traffic,672
2 Monday,23,4 - stand still,966
2 Monday,23.5,0- free flowing,33167
2 Monday,23.5,1 - light traffic,44
2 Monday,23.5,2 - medium traffic,162.5
2 Monday,23.5,3 - heavy traffic,552
2 Monday,23.5,4 - stand still,1372
2 Monday,24,0- free flowing,30578
2 Monday,24,1 - light traffic,58
2 Monday,24,2 - medium traffic,117.5
2 Monday,24,3 - heavy traffic,195
2 Monday,24,4 - stand still,1641.5
3 Tuesday,0.5,0- free flowing,24520
3 Tuesday,0.5,1 - light traffic,22
3 Tuesday,0.5,2 - medium traffic,72.5
3 Tuesday,0.5,3 - heavy traffic,189
3 Tuesday,0.5,4 - stand still,1267
3 Tuesday,1,0- free flowing,20666
3 Tuesday,1,1 - light traffic,56
3 Tuesday,1,2 - medium traffic,35
3 Tuesday,1,3 - heavy traffic,198
3 Tuesday,1,4 - stand still,903
3 Tuesday,1.5,0- free flowing,17123
3 Tuesday,1.5,1 - light traffic,26
3 Tuesday,1.5,2 - medium traffic,35
3 Tuesday,1.5,3 - heavy traffic,84
3 Tuesday,1.5,4 - stand still,521.5
3 Tuesday,2,0- free flowing,15072
3 Tuesday,2,1 - light traffic,48
3 Tuesday,2,2 - medium traffic,12.5
3 Tuesday,2,3 - heavy traffic,126
3 Tuesday,2,4 - stand still,360.5
3 Tuesday,2.5,0- free flowing,13777
3 Tuesday,2.5,1 - light traffic,40
3 Tuesday,2.5,2 - medium traffic,15
3 Tuesday,2.5,3 - heavy traffic,90
3 Tuesday,2.5,4 - stand still,451.5
3 Tuesday,3,0- free flowing,12917
3 Tuesday,3,1 - light traffic,8
3 Tuesday,3,2 - medium traffic,30
3 Tuesday,3,3 - heavy traffic,90
3 Tuesday,3,4 - stand still,192.5
3 Tuesday,3.5,0- free flowing,13185
3 Tuesday,3.5,1 - light traffic,16
3 Tuesday,3.5,2 - medium traffic,15
3 Tuesday,3.5,3 - heavy traffic,78
3 Tuesday,3.5,4 - stand still,126
3 Tuesday,4,0- free flowing,13997
3 Tuesday,4,1 - light traffic,14
3 Tuesday,4,2 - medium traffic,20
3 Tuesday,4,3 - heavy traffic,66
3 Tuesday,4,4 - stand still,192.5
3 Tuesday,4.5,0- free flowing,16431
3 Tuesday,4.5,1 - light traffic,14
3 Tuesday,4.5,2 - medium traffic,15
3 Tuesday,4.5,3 - heavy traffic,105
3 Tuesday,4.5,4 - stand still,182
3 Tuesday,5,0- free flowing,23033
3 Tuesday,5,1 - light traffic,10
3 Tuesday,5,2 - medium traffic,30
3 Tuesday,5,3 - heavy traffic,87
3 Tuesday,5,4 - stand still,231
3 Tuesday,5.5,0- free flowing,30600
3 Tuesday,5.5,1 - light traffic,20
3 Tuesday,5.5,2 - medium traffic,17.5
3 Tuesday,5.5,3 - heavy traffic,117
3 Tuesday,5.5,4 - stand still,301
3 Tuesday,6,0- free flowing,36881
3 Tuesday,6,1 - light traffic,12
3 Tuesday,6,2 - medium traffic,15
3 Tuesday,6,3 - heavy traffic,135
3 Tuesday,6,4 - stand still,143.5
3 Tuesday,6.5,0- free flowing,46191
3 Tuesday,6.5,1 - light traffic,8
3 Tuesday,6.5,2 - medium traffic,75
3 Tuesday,6.5,3 - heavy traffic,213
3 Tuesday,6.5,4 - stand still,350
3 Tuesday,7,0- free flowing,68288
3 Tuesday,7,1 - light traffic,62
3 Tuesday,7,2 - medium traffic,320
3 Tuesday,7,3 - heavy traffic,930
3 Tuesday,7,4 - stand still,1046.5
3 Tuesday,7.5,0- free flowing,112008
3 Tuesday,7.5,1 - light traffic,1070
3 Tuesday,7.5,2 - medium traffic,5865
3 Tuesday,7.5,3 - heavy traffic,7770
3 Tuesday,7.5,4 - stand still,2649.5
3 Tuesday,8,0- free flowing,131614
3 Tuesday,8,1 - light traffic,1372
3 Tuesday,8,2 - medium traffic,11605
3 Tuesday,8,3 - heavy traffic,26640
3 Tuesday,8,4 - stand still,6422.5
3 Tuesday,8.5,0- free flowing,132769
3 Tuesday,8.5,1 - light traffic,1296
3 Tuesday,8.5,2 - medium traffic,7367.5
3 Tuesday,8.5,3 - heavy traffic,12564
3 Tuesday,8.5,4 - stand still,3678.5
3 Tuesday,9,0- free flowing,117677
3 Tuesday,9,1 - light traffic,740
3 Tuesday,9,2 - medium traffic,3582.5
3 Tuesday,9,3 - heavy traffic,6126
3 Tuesday,9,4 - stand still,4301.5
3 Tuesday,9.5,0- free flowing,108063
3 Tuesday,9.5,1 - light traffic,198
3 Tuesday,9.5,2 - medium traffic,1190
3 Tuesday,9.5,3 - heavy traffic,2919
3 Tuesday,9.5,4 - stand still,3010
3 Tuesday,10,0- free flowing,110078
3 Tuesday,10,1 - light traffic,166
3 Tuesday,10,2 - medium traffic,595
3 Tuesday,10,3 - heavy traffic,2256
3 Tuesday,10,4 - stand still,1578.5
3 Tuesday,10.5,0- free flowing,112288
3 Tuesday,10.5,1 - light traffic,174
3 Tuesday,10.5,2 - medium traffic,655
3 Tuesday,10.5,3 - heavy traffic,1644
3 Tuesday,10.5,4 - stand still,1309
3 Tuesday,11,0- free flowing,118326
3 Tuesday,11,1 - light traffic,120
3 Tuesday,11,2 - medium traffic,612.5
3 Tuesday,11,3 - heavy traffic,3639
3 Tuesday,11,4 - stand still,1988
3 Tuesday,11.5,0- free flowing,125125
3 Tuesday,11.5,1 - light traffic,258
3 Tuesday,11.5,2 - medium traffic,1012.5
3 Tuesday,11.5,3 - heavy traffic,4875
3 Tuesday,11.5,4 - stand still,2338
3 Tuesday,12,0- free flowing,129600
3 Tuesday,12,1 - light traffic,458
3 Tuesday,12,2 - medium traffic,1845
3 Tuesday,12,3 - heavy traffic,6531
3 Tuesday,12,4 - stand still,2495.5
3 Tuesday,12.5,0- free flowing,138118
3 Tuesday,12.5,1 - light traffic,854
3 Tuesday,12.5,2 - medium traffic,3062.5
3 Tuesday,12.5,3 - heavy traffic,8538
3 Tuesday,12.5,4 - stand still,2467.5
3 Tuesday,13,0- free flowing,140187
3 Tuesday,13,1 - light traffic,1010
3 Tuesday,13,2 - medium traffic,4440
3 Tuesday,13,3 - heavy traffic,11751
3 Tuesday,13,4 - stand still,3790.5
3 Tuesday,13.5,0- free flowing,138701
3 Tuesday,13.5,1 - light traffic,890
3 Tuesday,13.5,2 - medium traffic,5692.5
3 Tuesday,13.5,3 - heavy traffic,14853
3 Tuesday,13.5,4 - stand still,3881.5
3 Tuesday,14,0- free flowing,132103
3 Tuesday,14,1 - light traffic,1416
3 Tuesday,14,2 - medium traffic,6235
3 Tuesday,14,3 - heavy traffic,15534
3 Tuesday,14,4 - stand still,5078.5
3 Tuesday,14.5,0- free flowing,142229
3 Tuesday,14.5,1 - light traffic,1788
3 Tuesday,14.5,2 - medium traffic,7477.5
3 Tuesday,14.5,3 - heavy traffic,17235
3 Tuesday,14.5,4 - stand still,6275.5
3 Tuesday,15,0- free flowing,154068
3 Tuesday,15,1 - light traffic,1702
3 Tuesday,15,2 - medium traffic,9722.5
3 Tuesday,15,3 - heavy traffic,17625
3 Tuesday,15,4 - stand still,8414
3 Tuesday,15.5,0- free flowing,161159
3 Tuesday,15.5,1 - light traffic,3758
3 Tuesday,15.5,2 - medium traffic,14712.5
3 Tuesday,15.5,3 - heavy traffic,17775
3 Tuesday,15.5,4 - stand still,9593.5
3 Tuesday,16,0- free flowing,164646
3 Tuesday,16,1 - light traffic,2998
3 Tuesday,16,2 - medium traffic,25220
3 Tuesday,16,3 - heavy traffic,22035
3 Tuesday,16,4 - stand still,10206
3 Tuesday,16.5,0- free flowing,177785
3 Tuesday,16.5,1 - light traffic,2052
3 Tuesday,16.5,2 - medium traffic,29525
3 Tuesday,16.5,3 - heavy traffic,29733
3 Tuesday,16.5,4 - stand still,11382
3 Tuesday,17,0- free flowing,185823
3 Tuesday,17,1 - light traffic,2618
3 Tuesday,17,2 - medium traffic,29287.5
3 Tuesday,17,3 - heavy traffic,41940
3 Tuesday,17,4 - stand still,13877.5
3 Tuesday,17.5,0- free flowing,197340
3 Tuesday,17.5,1 - light traffic,4052
3 Tuesday,17.5,2 - medium traffic,26555
3 Tuesday,17.5,3 - heavy traffic,74430
3 Tuesday,17.5,4 - stand still,22232
3 Tuesday,18,0- free flowing,174685
3 Tuesday,18,1 - light traffic,2348
3 Tuesday,18,2 - medium traffic,22192.5
3 Tuesday,18,3 - heavy traffic,39429
3 Tuesday,18,4 - stand still,11830
3 Tuesday,18.5,0- free flowing,144711
3 Tuesday,18.5,1 - light traffic,1598
3 Tuesday,18.5,2 - medium traffic,13362.5
3 Tuesday,18.5,3 - heavy traffic,11673
3 Tuesday,18.5,4 - stand still,6552
3 Tuesday,19,0- free flowing,111571
3 Tuesday,19,1 - light traffic,860
3 Tuesday,19,2 - medium traffic,2055
3 Tuesday,19,3 - heavy traffic,4806
3 Tuesday,19,4 - stand still,4294.5
3 Tuesday,19.5,0- free flowing,94336
3 Tuesday,19.5,1 - light traffic,402
3 Tuesday,19.5,2 - medium traffic,1230
3 Tuesday,19.5,3 - heavy traffic,1716
3 Tuesday,19.5,4 - stand still,2954
3 Tuesday,20,0- free flowing,80389
3 Tuesday,20,1 - light traffic,422
3 Tuesday,20,2 - medium traffic,590
3 Tuesday,20,3 - heavy traffic,948
3 Tuesday,20,4 - stand still,1704.5
3 Tuesday,20.5,0- free flowing,71544
3 Tuesday,20.5,1 - light traffic,212
3 Tuesday,20.5,2 - medium traffic,272.5
3 Tuesday,20.5,3 - heavy traffic,792
3 Tuesday,20.5,4 - stand still,1267
3 Tuesday,21,0- free flowing,63145
3 Tuesday,21,1 - light traffic,340
3 Tuesday,21,2 - medium traffic,357.5
3 Tuesday,21,3 - heavy traffic,891
3 Tuesday,21,4 - stand still,1351
3 Tuesday,21.5,0- free flowing,54187
3 Tuesday,21.5,1 - light traffic,90
3 Tuesday,21.5,2 - medium traffic,187.5
3 Tuesday,21.5,3 - heavy traffic,1359
3 Tuesday,21.5,4 - stand still,2348.5
3 Tuesday,22,0- free flowing,44978
3 Tuesday,22,1 - light traffic,30
3 Tuesday,22,2 - medium traffic,285
3 Tuesday,22,3 - heavy traffic,975
3 Tuesday,22,4 - stand still,2733.5
3 Tuesday,22.5,0- free flowing,40666
3 Tuesday,22.5,1 - light traffic,20
3 Tuesday,22.5,2 - medium traffic,227.5
3 Tuesday,22.5,3 - heavy traffic,876
3 Tuesday,22.5,4 - stand still,1858.5
3 Tuesday,23,0- free flowing,36263
3 Tuesday,23,1 - light traffic,32
3 Tuesday,23,2 - medium traffic,220
3 Tuesday,23,3 - heavy traffic,957
3 Tuesday,23,4 - stand still,1470
3 Tuesday,23.5,0- free flowing,32545
3 Tuesday,23.5,1 - light traffic,20
3 Tuesday,23.5,2 - medium traffic,242.5
3 Tuesday,23.5,3 - heavy traffic,663
3 Tuesday,23.5,4 - stand still,710.5
3 Tuesday,24,0- free flowing,27514
3 Tuesday,24,1 - light traffic,48
3 Tuesday,24,2 - medium traffic,92.5
3 Tuesday,24,3 - heavy traffic,294
3 Tuesday,24,4 - stand still,815.5
4 Wednesday,0.5,0- free flowing,23854
4 Wednesday,0.5,1 - light traffic,44
4 Wednesday,0.5,2 - medium traffic,62.5
4 Wednesday,0.5,3 - heavy traffic,144
4 Wednesday,0.5,4 - stand still,378
4 Wednesday,1,0- free flowing,19889
4 Wednesday,1,1 - light traffic,40
4 Wednesday,1,2 - medium traffic,52.5
4 Wednesday,1,3 - heavy traffic,126
4 Wednesday,1,4 - stand still,462
4 Wednesday,1.5,0- free flowing,16584
4 Wednesday,1.5,1 - light traffic,42
4 Wednesday,1.5,2 - medium traffic,50
4 Wednesday,1.5,3 - heavy traffic,99
4 Wednesday,1.5,4 - stand still,357
4 Wednesday,2,0- free flowing,14360
4 Wednesday,2,1 - light traffic,28
4 Wednesday,2,2 - medium traffic,22.5
4 Wednesday,2,3 - heavy traffic,72
4 Wednesday,2,4 - stand still,224
4 Wednesday,2.5,0- free flowing,13310
4 Wednesday,2.5,1 - light traffic,16
4 Wednesday,2.5,2 - medium traffic,15
4 Wednesday,2.5,3 - heavy traffic,36
4 Wednesday,2.5,4 - stand still,304.5
4 Wednesday,3,0- free flowing,12831
4 Wednesday,3,1 - light traffic,16
4 Wednesday,3,2 - medium traffic,20
4 Wednesday,3,3 - heavy traffic,48
4 Wednesday,3,4 - stand still,210
4 Wednesday,3.5,0- free flowing,12496
4 Wednesday,3.5,1 - light traffic,16
4 Wednesday,3.5,2 - medium traffic,40
4 Wednesday,3.5,3 - heavy traffic,36
4 Wednesday,3.5,4 - stand still,280
4 Wednesday,4,0- free flowing,13567
4 Wednesday,4,1 - light traffic,6
4 Wednesday,4,2 - medium traffic,35
4 Wednesday,4,3 - heavy traffic,87
4 Wednesday,4,4 - stand still,140
4 Wednesday,4.5,0- free flowing,16522
4 Wednesday,4.5,1 - light traffic,8
4 Wednesday,4.5,2 - medium traffic,20
4 Wednesday,4.5,3 - heavy traffic,105
4 Wednesday,4.5,4 - stand still,35
4 Wednesday,5,0- free flowing,21953
4 Wednesday,5,1 - light traffic,22
4 Wednesday,5,2 - medium traffic,35
4 Wednesday,5,3 - heavy traffic,96
4 Wednesday,5,4 - stand still,136.5
4 Wednesday,5.5,0- free flowing,29117
4 Wednesday,5.5,1 - light traffic,8
4 Wednesday,5.5,2 - medium traffic,42.5
4 Wednesday,5.5,3 - heavy traffic,240
4 Wednesday,5.5,4 - stand still,280
4 Wednesday,6,0- free flowing,34574
4 Wednesday,6,1 - light traffic,8
4 Wednesday,6,2 - medium traffic,72.5
4 Wednesday,6,3 - heavy traffic,198
4 Wednesday,6,4 - stand still,325.5
4 Wednesday,6.5,0- free flowing,44081
4 Wednesday,6.5,1 - light traffic,24
4 Wednesday,6.5,2 - medium traffic,122.5
4 Wednesday,6.5,3 - heavy traffic,129
4 Wednesday,6.5,4 - stand still,290.5
4 Wednesday,7,0- free flowing,62341
4 Wednesday,7,1 - light traffic,74
4 Wednesday,7,2 - medium traffic,487.5
4 Wednesday,7,3 - heavy traffic,852
4 Wednesday,7,4 - stand still,1095.5
4 Wednesday,7.5,0- free flowing,102856
4 Wednesday,7.5,1 - light traffic,958
4 Wednesday,7.5,2 - medium traffic,6322.5
4 Wednesday,7.5,3 - heavy traffic,6111
4 Wednesday,7.5,4 - stand still,1648.5
4 Wednesday,8,0- free flowing,123570
4 Wednesday,8,1 - light traffic,1734
4 Wednesday,8,2 - medium traffic,10825
4 Wednesday,8,3 - heavy traffic,25290
4 Wednesday,8,4 - stand still,6118
4 Wednesday,8.5,0- free flowing,128174
4 Wednesday,8.5,1 - light traffic,1432
4 Wednesday,8.5,2 - medium traffic,7490
4 Wednesday,8.5,3 - heavy traffic,14517
4 Wednesday,8.5,4 - stand still,4882.5
4 Wednesday,9,0- free flowing,117369
4 Wednesday,9,1 - light traffic,740
4 Wednesday,9,2 - medium traffic,3967.5
4 Wednesday,9,3 - heavy traffic,7572
4 Wednesday,9,4 - stand still,3629.5
4 Wednesday,9.5,0- free flowing,110756
4 Wednesday,9.5,1 - light traffic,362
4 Wednesday,9.5,2 - medium traffic,2072.5
4 Wednesday,9.5,3 - heavy traffic,2520
4 Wednesday,9.5,4 - stand still,2191
4 Wednesday,10,0- free flowing,113578
4 Wednesday,10,1 - light traffic,214
4 Wednesday,10,2 - medium traffic,1365
4 Wednesday,10,3 - heavy traffic,2706
4 Wednesday,10,4 - stand still,1249.5
4 Wednesday,10.5,0- free flowing,115204
4 Wednesday,10.5,1 - light traffic,378
4 Wednesday,10.5,2 - medium traffic,1162.5
4 Wednesday,10.5,3 - heavy traffic,3357
4 Wednesday,10.5,4 - stand still,1113
4 Wednesday,11,0- free flowing,122506
4 Wednesday,11,1 - light traffic,690
4 Wednesday,11,2 - medium traffic,2157.5
4 Wednesday,11,3 - heavy traffic,3930
4 Wednesday,11,4 - stand still,4074
4 Wednesday,11.5,0- free flowing,129598
4 Wednesday,11.5,1 - light traffic,1052
4 Wednesday,11.5,2 - medium traffic,3615
4 Wednesday,11.5,3 - heavy traffic,6561
4 Wednesday,11.5,4 - stand still,4837
4 Wednesday,12,0- free flowing,136049
4 Wednesday,12,1 - light traffic,950
4 Wednesday,12,2 - medium traffic,6077.5
4 Wednesday,12,3 - heavy traffic,10602
4 Wednesday,12,4 - stand still,5155.5
4 Wednesday,12.5,0- free flowing,144233
4 Wednesday,12.5,1 - light traffic,1340
4 Wednesday,12.5,2 - medium traffic,6892.5
4 Wednesday,12.5,3 - heavy traffic,15900
4 Wednesday,12.5,4 - stand still,6184.5
4 Wednesday,13,0- free flowing,145859
4 Wednesday,13,1 - light traffic,1534
4 Wednesday,13,2 - medium traffic,7855
4 Wednesday,13,3 - heavy traffic,14886
4 Wednesday,13,4 - stand still,8998.5
4 Wednesday,13.5,0- free flowing,149149
4 Wednesday,13.5,1 - light traffic,1272
4 Wednesday,13.5,2 - medium traffic,9655
4 Wednesday,13.5,3 - heavy traffic,15153
4 Wednesday,13.5,4 - stand still,9856
4 Wednesday,14,0- free flowing,150305
4 Wednesday,14,1 - light traffic,1808
4 Wednesday,14,2 - medium traffic,10575
4 Wednesday,14,3 - heavy traffic,16707
4 Wednesday,14,4 - stand still,9072
4 Wednesday,14.5,0- free flowing,155164
4 Wednesday,14.5,1 - light traffic,2294
4 Wednesday,14.5,2 - medium traffic,14567.5
4 Wednesday,14.5,3 - heavy traffic,20721
4 Wednesday,14.5,4 - stand still,11315.5
4 Wednesday,15,0- free flowing,161055
4 Wednesday,15,1 - light traffic,4104
4 Wednesday,15,2 - medium traffic,17150
4 Wednesday,15,3 - heavy traffic,23229
4 Wednesday,15,4 - stand still,14941.5
4 Wednesday,15.5,0- free flowing,168609
4 Wednesday,15.5,1 - light traffic,4608
4 Wednesday,15.5,2 - medium traffic,21465
4 Wednesday,15.5,3 - heavy traffic,33504
4 Wednesday,15.5,4 - stand still,13429.5
4 Wednesday,16,0- free flowing,163917
4 Wednesday,16,1 - light traffic,3662
4 Wednesday,16,2 - medium traffic,30410
4 Wednesday,16,3 - heavy traffic,32538
4 Wednesday,16,4 - stand still,11172
4 Wednesday,16.5,0- free flowing,178383
4 Wednesday,16.5,1 - light traffic,2778
4 Wednesday,16.5,2 - medium traffic,33127.5
4 Wednesday,16.5,3 - heavy traffic,42822
4 Wednesday,16.5,4 - stand still,13524
4 Wednesday,17,0- free flowing,191780
4 Wednesday,17,1 - light traffic,3178
4 Wednesday,17,2 - medium traffic,30615
4 Wednesday,17,3 - heavy traffic,63939
4 Wednesday,17,4 - stand still,15137.5
4 Wednesday,17.5,0- free flowing,201636
4 Wednesday,17.5,1 - light traffic,4120
4 Wednesday,17.5,2 - medium traffic,25025
4 Wednesday,17.5,3 - heavy traffic,98502
4 Wednesday,17.5,4 - stand still,19162.5
4 Wednesday,18,0- free flowing,183687
4 Wednesday,18,1 - light traffic,3100
4 Wednesday,18,2 - medium traffic,22130
4 Wednesday,18,3 - heavy traffic,59568
4 Wednesday,18,4 - stand still,11732
4 Wednesday,18.5,0- free flowing,146750
4 Wednesday,18.5,1 - light traffic,1898
4 Wednesday,18.5,2 - medium traffic,18497.5
4 Wednesday,18.5,3 - heavy traffic,17055
4 Wednesday,18.5,4 - stand still,7178.5
4 Wednesday,19,0- free flowing,114038
4 Wednesday,19,1 - light traffic,1222
4 Wednesday,19,2 - medium traffic,5997.5
4 Wednesday,19,3 - heavy traffic,5112
4 Wednesday,19,4 - stand still,4854.5
4 Wednesday,19.5,0- free flowing,96713
4 Wednesday,19.5,1 - light traffic,314
4 Wednesday,19.5,2 - medium traffic,1675
4 Wednesday,19.5,3 - heavy traffic,2730
4 Wednesday,19.5,4 - stand still,1953
4 Wednesday,20,0- free flowing,82469
4 Wednesday,20,1 - light traffic,98
4 Wednesday,20,2 - medium traffic,1672.5
4 Wednesday,20,3 - heavy traffic,975
4 Wednesday,20,4 - stand still,973
4 Wednesday,20.5,0- free flowing,74370
4 Wednesday,20.5,1 - light traffic,192
4 Wednesday,20.5,2 - medium traffic,355
4 Wednesday,20.5,3 - heavy traffic,1287
4 Wednesday,20.5,4 - stand still,1526
4 Wednesday,21,0- free flowing,65490
4 Wednesday,21,1 - light traffic,130
4 Wednesday,21,2 - medium traffic,305
4 Wednesday,21,3 - heavy traffic,1194
4 Wednesday,21,4 - stand still,997.5
4 Wednesday,21.5,0- free flowing,57524
4 Wednesday,21.5,1 - light traffic,120
4 Wednesday,21.5,2 - medium traffic,612.5
4 Wednesday,21.5,3 - heavy traffic,1884
4 Wednesday,21.5,4 - stand still,1841
4 Wednesday,22,0- free flowing,46653
4 Wednesday,22,1 - light traffic,44
4 Wednesday,22,2 - medium traffic,290
4 Wednesday,22,3 - heavy traffic,1095
4 Wednesday,22,4 - stand still,2257.5
4 Wednesday,22.5,0- free flowing,41071
4 Wednesday,22.5,1 - light traffic,40
4 Wednesday,22.5,2 - medium traffic,332.5
4 Wednesday,22.5,3 - heavy traffic,1032
4 Wednesday,22.5,4 - stand still,1708
4 Wednesday,23,0- free flowing,37115
4 Wednesday,23,1 - light traffic,32
4 Wednesday,23,2 - medium traffic,287.5
4 Wednesday,23,3 - heavy traffic,960
4 Wednesday,23,4 - stand still,1421
4 Wednesday,23.5,0- free flowing,33600
4 Wednesday,23.5,1 - light traffic,22
4 Wednesday,23.5,2 - medium traffic,212.5
4 Wednesday,23.5,3 - heavy traffic,1101
4 Wednesday,23.5,4 - stand still,871.5
4 Wednesday,24,0- free flowing,28102
4 Wednesday,24,1 - light traffic,50
4 Wednesday,24,2 - medium traffic,112.5
4 Wednesday,24,3 - heavy traffic,501
4 Wednesday,24,4 - stand still,637
5 Thursday,0.5,0- free flowing,25785
5 Thursday,0.5,1 - light traffic,46
5 Thursday,0.5,2 - medium traffic,110
5 Thursday,0.5,3 - heavy traffic,465
5 Thursday,0.5,4 - stand still,563.5
5 Thursday,1,0- free flowing,21546
5 Thursday,1,1 - light traffic,32
5 Thursday,1,2 - medium traffic,72.5
5 Thursday,1,3 - heavy traffic,129
5 Thursday,1,4 - stand still,577.5
5 Thursday,1.5,0- free flowing,17505
5 Thursday,1.5,1 - light traffic,46
5 Thursday,1.5,2 - medium traffic,45
5 Thursday,1.5,3 - heavy traffic,135
5 Thursday,1.5,4 - stand still,287
5 Thursday,2,0- free flowing,15594
5 Thursday,2,1 - light traffic,34
5 Thursday,2,2 - medium traffic,32.5
5 Thursday,2,3 - heavy traffic,165
5 Thursday,2,4 - stand still,430.5
5 Thursday,2.5,0- free flowing,14565
5 Thursday,2.5,1 - light traffic,12
5 Thursday,2.5,2 - medium traffic,30
5 Thursday,2.5,3 - heavy traffic,81
5 Thursday,2.5,4 - stand still,203
5 Thursday,3,0- free flowing,13859
5 Thursday,3,1 - light traffic,10
5 Thursday,3,2 - medium traffic,42.5
5 Thursday,3,3 - heavy traffic,84
5 Thursday,3,4 - stand still,238
5 Thursday,3.5,0- free flowing,14044
5 Thursday,3.5,1 - light traffic,6
5 Thursday,3.5,2 - medium traffic,30
5 Thursday,3.5,3 - heavy traffic,132
5 Thursday,3.5,4 - stand still,385
5 Thursday,4,0- free flowing,14456
5 Thursday,4,1 - light traffic,8
5 Thursday,4,2 - medium traffic,22.5
5 Thursday,4,3 - heavy traffic,168
5 Thursday,4,4 - stand still,287
5 Thursday,4.5,0- free flowing,17597
5 Thursday,4.5,1 - light traffic,20
5 Thursday,4.5,2 - medium traffic,17.5
5 Thursday,4.5,3 - heavy traffic,111
5 Thursday,4.5,4 - stand still,329
5 Thursday,5,0- free flowing,23566
5 Thursday,5,1 - light traffic,14
5 Thursday,5,2 - medium traffic,47.5
5 Thursday,5,3 - heavy traffic,219
5 Thursday,5,4 - stand still,311.5
5 Thursday,5.5,0- free flowing,29899
5 Thursday,5.5,1 - light traffic,10
5 Thursday,5.5,2 - medium traffic,60
5 Thursday,5.5,3 - heavy traffic,210
5 Thursday,5.5,4 - stand still,402.5
5 Thursday,6,0- free flowing,35234
5 Thursday,6,1 - light traffic,10
5 Thursday,6,2 - medium traffic,30
5 Thursday,6,3 - heavy traffic,138
5 Thursday,6,4 - stand still,290.5
5 Thursday,6.5,0- free flowing,45175
5 Thursday,6.5,1 - light traffic,48
5 Thursday,6.5,2 - medium traffic,82.5
5 Thursday,6.5,3 - heavy traffic,198
5 Thursday,6.5,4 - stand still,245
5 Thursday,7,0- free flowing,64467
5 Thursday,7,1 - light traffic,60
5 Thursday,7,2 - medium traffic,337.5
5 Thursday,7,3 - heavy traffic,960
5 Thursday,7,4 - stand still,1113
5 Thursday,7.5,0- free flowing,102925
5 Thursday,7.5,1 - light traffic,1216
5 Thursday,7.5,2 - medium traffic,5220
5 Thursday,7.5,3 - heavy traffic,8064
5 Thursday,7.5,4 - stand still,1939
5 Thursday,8,0- free flowing,127802
5 Thursday,8,1 - light traffic,1786
5 Thursday,8,2 - medium traffic,10900
5 Thursday,8,3 - heavy traffic,26343
5 Thursday,8,4 - stand still,6016.5
5 Thursday,8.5,0- free flowing,125221
5 Thursday,8.5,1 - light traffic,1218
5 Thursday,8.5,2 - medium traffic,8390
5 Thursday,8.5,3 - heavy traffic,11274
5 Thursday,8.5,4 - stand still,6289.5
5 Thursday,9,0- free flowing,115889
5 Thursday,9,1 - light traffic,678
5 Thursday,9,2 - medium traffic,4130
5 Thursday,9,3 - heavy traffic,6957
5 Thursday,9,4 - stand still,6167
5 Thursday,9.5,0- free flowing,110392
5 Thursday,9.5,1 - light traffic,442
5 Thursday,9.5,2 - medium traffic,1667.5
5 Thursday,9.5,3 - heavy traffic,3390
5 Thursday,9.5,4 - stand still,6041
5 Thursday,10,0- free flowing,112101
5 Thursday,10,1 - light traffic,370
5 Thursday,10,2 - medium traffic,1475
5 Thursday,10,3 - heavy traffic,3363
5 Thursday,10,4 - stand still,5365.5
5 Thursday,10.5,0- free flowing,118167
5 Thursday,10.5,1 - light traffic,904
5 Thursday,10.5,2 - medium traffic,2450
5 Thursday,10.5,3 - heavy traffic,2802
5 Thursday,10.5,4 - stand still,3713.5
5 Thursday,11,0- free flowing,126046
5 Thursday,11,1 - light traffic,970
5 Thursday,11,2 - medium traffic,5000
5 Thursday,11,3 - heavy traffic,4479
5 Thursday,11,4 - stand still,2513
5 Thursday,11.5,0- free flowing,135185
5 Thursday,11.5,1 - light traffic,1198
5 Thursday,11.5,2 - medium traffic,4280
5 Thursday,11.5,3 - heavy traffic,7359
5 Thursday,11.5,4 - stand still,4459
5 Thursday,12,0- free flowing,141919
5 Thursday,12,1 - light traffic,1900
5 Thursday,12,2 - medium traffic,6062.5
5 Thursday,12,3 - heavy traffic,11292
5 Thursday,12,4 - stand still,6457.5
5 Thursday,12.5,0- free flowing,148571
5 Thursday,12.5,1 - light traffic,1732
5 Thursday,12.5,2 - medium traffic,9592.5
5 Thursday,12.5,3 - heavy traffic,17868
5 Thursday,12.5,4 - stand still,5953.5
5 Thursday,13,0- free flowing,152369
5 Thursday,13,1 - light traffic,2448
5 Thursday,13,2 - medium traffic,10677.5
5 Thursday,13,3 - heavy traffic,21783
5 Thursday,13,4 - stand still,9383.5
5 Thursday,13.5,0- free flowing,156577
5 Thursday,13.5,1 - light traffic,3190
5 Thursday,13.5,2 - medium traffic,14410
5 Thursday,13.5,3 - heavy traffic,22413
5 Thursday,13.5,4 - stand still,8372
5 Thursday,14,0- free flowing,152996
5 Thursday,14,1 - light traffic,3754
5 Thursday,14,2 - medium traffic,16135
5 Thursday,14,3 - heavy traffic,22860
5 Thursday,14,4 - stand still,8120
5 Thursday,14.5,0- free flowing,153062
5 Thursday,14.5,1 - light traffic,3252
5 Thursday,14.5,2 - medium traffic,20977.5
5 Thursday,14.5,3 - heavy traffic,26577
5 Thursday,14.5,4 - stand still,6989.5
5 Thursday,15,0- free flowing,165087
5 Thursday,15,1 - light traffic,3516
5 Thursday,15,2 - medium traffic,24822.5
5 Thursday,15,3 - heavy traffic,33753
5 Thursday,15,4 - stand still,7441
5 Thursday,15.5,0- free flowing,172471
5 Thursday,15.5,1 - light traffic,4156
5 Thursday,15.5,2 - medium traffic,33365
5 Thursday,15.5,3 - heavy traffic,40008
5 Thursday,15.5,4 - stand still,10069.5
5 Thursday,16,0- free flowing,174087
5 Thursday,16,1 - light traffic,3908
5 Thursday,16,2 - medium traffic,42717.5
5 Thursday,16,3 - heavy traffic,51444
5 Thursday,16,4 - stand still,14917
5 Thursday,16.5,0- free flowing,193492
5 Thursday,16.5,1 - light traffic,4334
5 Thursday,16.5,2 - medium traffic,42172.5
5 Thursday,16.5,3 - heavy traffic,71250
5 Thursday,16.5,4 - stand still,16033.5
5 Thursday,17,0- free flowing,211133
5 Thursday,17,1 - light traffic,5200
5 Thursday,17,2 - medium traffic,37590
5 Thursday,17,3 - heavy traffic,99696
5 Thursday,17,4 - stand still,15998.5
5 Thursday,17.5,0- free flowing,223148
5 Thursday,17.5,1 - light traffic,5828
5 Thursday,17.5,2 - medium traffic,33485
5 Thursday,17.5,3 - heavy traffic,135498
5 Thursday,17.5,4 - stand still,22676.5
5 Thursday,18,0- free flowing,203790
5 Thursday,18,1 - light traffic,4334
5 Thursday,18,2 - medium traffic,35465
5 Thursday,18,3 - heavy traffic,71829
5 Thursday,18,4 - stand still,15540
5 Thursday,18.5,0- free flowing,164769
5 Thursday,18.5,1 - light traffic,3384
5 Thursday,18.5,2 - medium traffic,25732.5
5 Thursday,18.5,3 - heavy traffic,20580
5 Thursday,18.5,4 - stand still,8127
5 Thursday,19,0- free flowing,131703
5 Thursday,19,1 - light traffic,1422
5 Thursday,19,2 - medium traffic,7450
5 Thursday,19,3 - heavy traffic,6759
5 Thursday,19,4 - stand still,3948
5 Thursday,19.5,0- free flowing,113596
5 Thursday,19.5,1 - light traffic,642
5 Thursday,19.5,2 - medium traffic,2640
5 Thursday,19.5,3 - heavy traffic,2325
5 Thursday,19.5,4 - stand still,2593.5
5 Thursday,20,0- free flowing,99068
5 Thursday,20,1 - light traffic,338
5 Thursday,20,2 - medium traffic,1110
5 Thursday,20,3 - heavy traffic,1305
5 Thursday,20,4 - stand still,1662.5
5 Thursday,20.5,0- free flowing,88411
5 Thursday,20.5,1 - light traffic,188
5 Thursday,20.5,2 - medium traffic,695
5 Thursday,20.5,3 - heavy traffic,1467
5 Thursday,20.5,4 - stand still,1760.5
5 Thursday,21,0- free flowing,81339
5 Thursday,21,1 - light traffic,218
5 Thursday,21,2 - medium traffic,1122.5
5 Thursday,21,3 - heavy traffic,1821
5 Thursday,21,4 - stand still,1781.5
5 Thursday,21.5,0- free flowing,69621
5 Thursday,21.5,1 - light traffic,250
5 Thursday,21.5,2 - medium traffic,930
5 Thursday,21.5,3 - heavy traffic,3420
5 Thursday,21.5,4 - stand still,2695
5 Thursday,22,0- free flowing,57202
5 Thursday,22,1 - light traffic,138
5 Thursday,22,2 - medium traffic,642.5
5 Thursday,22,3 - heavy traffic,2964
5 Thursday,22,4 - stand still,3549
5 Thursday,22.5,0- free flowing,48203
5 Thursday,22.5,1 - light traffic,40
5 Thursday,22.5,2 - medium traffic,487.5
5 Thursday,22.5,3 - heavy traffic,1530
5 Thursday,22.5,4 - stand still,5519.5
5 Thursday,23,0- free flowing,43935
5 Thursday,23,1 - light traffic,90
5 Thursday,23,2 - medium traffic,700
5 Thursday,23,3 - heavy traffic,1371
5 Thursday,23,4 - stand still,4053
5 Thursday,23.5,0- free flowing,37509
5 Thursday,23.5,1 - light traffic,38
5 Thursday,23.5,2 - medium traffic,955
5 Thursday,23.5,3 - heavy traffic,1263
5 Thursday,23.5,4 - stand still,1225
5 Thursday,24,0- free flowing,29918
5 Thursday,24,1 - light traffic,48
5 Thursday,24,2 - medium traffic,260
5 Thursday,24,3 - heavy traffic,786
5 Thursday,24,4 - stand still,857.5
6 Friday,0.5,0- free flowing,30435
6 Friday,0.5,1 - light traffic,26
6 Friday,0.5,2 - medium traffic,92.5
6 Friday,0.5,3 - heavy traffic,456
6 Friday,0.5,4 - stand still,1473.5
6 Friday,1,0- free flowing,25760
6 Friday,1,1 - light traffic,28
6 Friday,1,2 - medium traffic,47.5
6 Friday,1,3 - heavy traffic,519
6 Friday,1,4 - stand still,903
6 Friday,1.5,0- free flowing,22629
6 Friday,1.5,1 - light traffic,36
6 Friday,1.5,2 - medium traffic,100
6 Friday,1.5,3 - heavy traffic,357
6 Friday,1.5,4 - stand still,591.5
6 Friday,2,0- free flowing,19111
6 Friday,2,1 - light traffic,20
6 Friday,2,2 - medium traffic,70
6 Friday,2,3 - heavy traffic,171
6 Friday,2,4 - stand still,385
6 Friday,2.5,0- free flowing,18055
6 Friday,2.5,1 - light traffic,14
6 Friday,2.5,2 - medium traffic,30
6 Friday,2.5,3 - heavy traffic,213
6 Friday,2.5,4 - stand still,290.5
6 Friday,3,0- free flowing,17109
6 Friday,3,1 - light traffic,30
6 Friday,3,2 - medium traffic,40
6 Friday,3,3 - heavy traffic,180
6 Friday,3,4 - stand still,427
6 Friday,3.5,0- free flowing,17018
6 Friday,3.5,1 - light traffic,16
6 Friday,3.5,2 - medium traffic,52.5
6 Friday,3.5,3 - heavy traffic,87
6 Friday,3.5,4 - stand still,437.5
6 Friday,4,0- free flowing,17245
6 Friday,4,1 - light traffic,8
6 Friday,4,2 - medium traffic,37.5
6 Friday,4,3 - heavy traffic,75
6 Friday,4,4 - stand still,325.5
6 Friday,4.5,0- free flowing,19572
6 Friday,4.5,1 - light traffic,14
6 Friday,4.5,2 - medium traffic,42.5
6 Friday,4.5,3 - heavy traffic,120
6 Friday,4.5,4 - stand still,364
6 Friday,5,0- free flowing,24198
6 Friday,5,1 - light traffic,2
6 Friday,5,2 - medium traffic,65
6 Friday,5,3 - heavy traffic,99
6 Friday,5,4 - stand still,259
6 Friday,5.5,0- free flowing,29880
6 Friday,5.5,1 - light traffic,14
6 Friday,5.5,2 - medium traffic,52.5
6 Friday,5.5,3 - heavy traffic,105
6 Friday,5.5,4 - stand still,192.5
6 Friday,6,0- free flowing,33398
6 Friday,6,1 - light traffic,14
6 Friday,6,2 - medium traffic,32.5
6 Friday,6,3 - heavy traffic,99
6 Friday,6,4 - stand still,196
6 Friday,6.5,0- free flowing,43284
6 Friday,6.5,1 - light traffic,6
6 Friday,6.5,2 - medium traffic,30
6 Friday,6.5,3 - heavy traffic,186
6 Friday,6.5,4 - stand still,290.5
6 Friday,7,0- free flowing,59962
6 Friday,7,1 - light traffic,58
6 Friday,7,2 - medium traffic,240
6 Friday,7,3 - heavy traffic,591
6 Friday,7,4 - stand still,889
6 Friday,7.5,0- free flowing,96364
6 Friday,7.5,1 - light traffic,460
6 Friday,7.5,2 - medium traffic,2735
6 Friday,7.5,3 - heavy traffic,3210
6 Friday,7.5,4 - stand still,1893.5
6 Friday,8,0- free flowing,120094
6 Friday,8,1 - light traffic,1214
6 Friday,8,2 - medium traffic,8325
6 Friday,8,3 - heavy traffic,11715
6 Friday,8,4 - stand still,3885
6 Friday,8.5,0- free flowing,123656
6 Friday,8.5,1 - light traffic,860
6 Friday,8.5,2 - medium traffic,3720
6 Friday,8.5,3 - heavy traffic,5427
6 Friday,8.5,4 - stand still,4298
6 Friday,9,0- free flowing,113771
6 Friday,9,1 - light traffic,430
6 Friday,9,2 - medium traffic,1810
6 Friday,9,3 - heavy traffic,3921
6 Friday,9,4 - stand still,3895.5
6 Friday,9.5,0- free flowing,115932
6 Friday,9.5,1 - light traffic,264
6 Friday,9.5,2 - medium traffic,1437.5
6 Friday,9.5,3 - heavy traffic,2910
6 Friday,9.5,4 - stand still,3888.5
6 Friday,10,0- free flowing,122703
6 Friday,10,1 - light traffic,332
6 Friday,10,2 - medium traffic,2122.5
6 Friday,10,3 - heavy traffic,3963
6 Friday,10,4 - stand still,3685.5
6 Friday,10.5,0- free flowing,129956
6 Friday,10.5,1 - light traffic,492
6 Friday,10.5,2 - medium traffic,3325
6 Friday,10.5,3 - heavy traffic,4332
6 Friday,10.5,4 - stand still,4392.5
6 Friday,11,0- free flowing,141127
6 Friday,11,1 - light traffic,1100
6 Friday,11,2 - medium traffic,5005
6 Friday,11,3 - heavy traffic,8772
6 Friday,11,4 - stand still,5022.5
6 Friday,11.5,0- free flowing,155321
6 Friday,11.5,1 - light traffic,1870
6 Friday,11.5,2 - medium traffic,8952.5
6 Friday,11.5,3 - heavy traffic,17661
6 Friday,11.5,4 - stand still,6370
6 Friday,12,0- free flowing,166752
6 Friday,12,1 - light traffic,3026
6 Friday,12,2 - medium traffic,15125
6 Friday,12,3 - heavy traffic,28044
6 Friday,12,4 - stand still,7336
6 Friday,12.5,0- free flowing,173483
6 Friday,12.5,1 - light traffic,4264
6 Friday,12.5,2 - medium traffic,21735
6 Friday,12.5,3 - heavy traffic,37677
6 Friday,12.5,4 - stand still,10934
6 Friday,13,0- free flowing,180302
6 Friday,13,1 - light traffic,4592
6 Friday,13,2 - medium traffic,28812.5
6 Friday,13,3 - heavy traffic,45819
6 Friday,13,4 - stand still,15813
6 Friday,13.5,0- free flowing,186234
6 Friday,13.5,1 - light traffic,6008
6 Friday,13.5,2 - medium traffic,33607.5
6 Friday,13.5,3 - heavy traffic,56076
6 Friday,13.5,4 - stand still,20951
6 Friday,14,0- free flowing,192046
6 Friday,14,1 - light traffic,5468
6 Friday,14,2 - medium traffic,43412.5
6 Friday,14,3 - heavy traffic,63078
6 Friday,14,4 - stand still,22106
6 Friday,14.5,0- free flowing,196085
6 Friday,14.5,1 - light traffic,5496
6 Friday,14.5,2 - medium traffic,53692.5
6 Friday,14.5,3 - heavy traffic,70227
6 Friday,14.5,4 - stand still,22130.5
6 Friday,15,0- free flowing,206922
6 Friday,15,1 - light traffic,6360
6 Friday,15,2 - medium traffic,58830
6 Friday,15,3 - heavy traffic,88710
6 Friday,15,4 - stand still,20779.5
6 Friday,15.5,0- free flowing,217771
6 Friday,15.5,1 - light traffic,5518
6 Friday,15.5,2 - medium traffic,58245
6 Friday,15.5,3 - heavy traffic,114012
6 Friday,15.5,4 - stand still,28665
6 Friday,16,0- free flowing,228212
6 Friday,16,1 - light traffic,5428
6 Friday,16,2 - medium traffic,60777.5
6 Friday,16,3 - heavy traffic,131556
6 Friday,16,4 - stand still,38241
6 Friday,16.5,0- free flowing,251549
6 Friday,16.5,1 - light traffic,5122
6 Friday,16.5,2 - medium traffic,61125
6 Friday,16.5,3 - heavy traffic,139395
6 Friday,16.5,4 - stand still,40061
6 Friday,17,0- free flowing,245775
6 Friday,17,1 - light traffic,6264
6 Friday,17,2 - medium traffic,53977.5
6 Friday,17,3 - heavy traffic,147102
6 Friday,17,4 - stand still,46102
6 Friday,17.5,0- free flowing,247369
6 Friday,17.5,1 - light traffic,6244
6 Friday,17.5,2 - medium traffic,56225
6 Friday,17.5,3 - heavy traffic,138531
6 Friday,17.5,4 - stand still,47491.5
6 Friday,18,0- free flowing,231129
6 Friday,18,1 - light traffic,6334
6 Friday,18,2 - medium traffic,53770
6 Friday,18,3 - heavy traffic,86460
6 Friday,18,4 - stand still,40481
6 Friday,18.5,0- free flowing,208852
6 Friday,18.5,1 - light traffic,6130
6 Friday,18.5,2 - medium traffic,38272.5
6 Friday,18.5,3 - heavy traffic,47514
6 Friday,18.5,4 - stand still,33600
6 Friday,19,0- free flowing,181537
6 Friday,19,1 - light traffic,3874
6 Friday,19,2 - medium traffic,25320
6 Friday,19,3 - heavy traffic,26442
6 Friday,19,4 - stand still,27485.5
6 Friday,19.5,0- free flowing,163578
6 Friday,19.5,1 - light traffic,2568
6 Friday,19.5,2 - medium traffic,16352.5
6 Friday,19.5,3 - heavy traffic,19806
6 Friday,19.5,4 - stand still,19442.5
6 Friday,20,0- free flowing,142534
6 Friday,20,1 - light traffic,1510
6 Friday,20,2 - medium traffic,12742.5
6 Friday,20,3 - heavy traffic,12546
6 Friday,20,4 - stand still,13002.5
6 Friday,20.5,0- free flowing,128846
6 Friday,20.5,1 - light traffic,972
6 Friday,20.5,2 - medium traffic,7232.5
6 Friday,20.5,3 - heavy traffic,8466
6 Friday,20.5,4 - stand still,9929.5
6 Friday,21,0- free flowing,115965
6 Friday,21,1 - light traffic,586
6 Friday,21,2 - medium traffic,6655
6 Friday,21,3 - heavy traffic,9648
6 Friday,21,4 - stand still,7014
6 Friday,21.5,0- free flowing,105305
6 Friday,21.5,1 - light traffic,1074
6 Friday,21.5,2 - medium traffic,5477.5
6 Friday,21.5,3 - heavy traffic,6219
6 Friday,21.5,4 - stand still,5036.5
6 Friday,22,0- free flowing,89279
6 Friday,22,1 - light traffic,444
6 Friday,22,2 - medium traffic,3427.5
6 Friday,22,3 - heavy traffic,3267
6 Friday,22,4 - stand still,4504.5
6 Friday,22.5,0- free flowing,76044
6 Friday,22.5,1 - light traffic,588
6 Friday,22.5,2 - medium traffic,1535
6 Friday,22.5,3 - heavy traffic,2304
6 Friday,22.5,4 - stand still,2054.5
6 Friday,23,0- free flowing,63298
6 Friday,23,1 - light traffic,58
6 Friday,23,2 - medium traffic,130
6 Friday,23,3 - heavy traffic,573
6 Friday,23,4 - stand still,1207.5
6 Friday,23.5,0- free flowing,51293
6 Friday,23.5,1 - light traffic,12
6 Friday,23.5,2 - medium traffic,57.5
6 Friday,23.5,3 - heavy traffic,201
6 Friday,23.5,4 - stand still,864.5
6 Friday,24,0- free flowing,37042
6 Friday,24,1 - light traffic,20
6 Friday,24,2 - medium traffic,105
6 Friday,24,3 - heavy traffic,441
6 Friday,24,4 - stand still,1435
7 Saturday,0.5,0- free flowing,40467
7 Saturday,0.5,1 - light traffic,18
7 Saturday,0.5,2 - medium traffic,15
7 Saturday,0.5,3 - heavy traffic,45
7 Saturday,0.5,4 - stand still,539
7 Saturday,1,0- free flowing,34191
7 Saturday,1,1 - light traffic,14
7 Saturday,1,2 - medium traffic,20
7 Saturday,1,3 - heavy traffic,108
7 Saturday,1,4 - stand still,182
7 Saturday,1.5,0- free flowing,30859
7 Saturday,1.5,1 - light traffic,16
7 Saturday,1.5,2 - medium traffic,7.5
7 Saturday,1.5,3 - heavy traffic,87
7 Saturday,1.5,4 - stand still,84
7 Saturday,2,0- free flowing,27687
7 Saturday,2,1 - light traffic,14
7 Saturday,2,2 - medium traffic,15
7 Saturday,2,3 - heavy traffic,225
7 Saturday,2,4 - stand still,157.5
7 Saturday,2.5,0- free flowing,24538
7 Saturday,2.5,1 - light traffic,38
7 Saturday,2.5,2 - medium traffic,25
7 Saturday,2.5,3 - heavy traffic,54
7 Saturday,2.5,4 - stand still,196
7 Saturday,3,0- free flowing,22156
7 Saturday,3,1 - light traffic,2
7 Saturday,3,2 - medium traffic,17.5
7 Saturday,3,3 - heavy traffic,66
7 Saturday,3,4 - stand still,122.5
7 Saturday,3.5,0- free flowing,20651
7 Saturday,3.5,1 - light traffic,2
7 Saturday,3.5,2 - medium traffic,47.5
7 Saturday,3.5,3 - heavy traffic,93
7 Saturday,3.5,4 - stand still,126
7 Saturday,4,0- free flowing,19479
7 Saturday,4,1 - light traffic,24
7 Saturday,4,2 - medium traffic,7.5
7 Saturday,4,3 - heavy traffic,60
7 Saturday,4,4 - stand still,150.5
7 Saturday,4.5,0- free flowing,19548
7 Saturday,4.5,1 - light traffic,26
7 Saturday,4.5,2 - medium traffic,20
7 Saturday,4.5,3 - heavy traffic,96
7 Saturday,4.5,4 - stand still,161
7 Saturday,5,0- free flowing,21588
7 Saturday,5,1 - light traffic,6
7 Saturday,5,2 - medium traffic,22.5
7 Saturday,5,3 - heavy traffic,42
7 Saturday,5,4 - stand still,238
7 Saturday,5.5,0- free flowing,25173
7 Saturday,5.5,1 - light traffic,4
7 Saturday,5.5,2 - medium traffic,7.5
7 Saturday,5.5,3 - heavy traffic,54
7 Saturday,5.5,4 - stand still,311.5
7 Saturday,6,0- free flowing,29883
7 Saturday,6,1 - light traffic,6
7 Saturday,6,2 - medium traffic,22.5
7 Saturday,6,3 - heavy traffic,33
7 Saturday,6,4 - stand still,122.5
7 Saturday,6.5,0- free flowing,35140
7 Saturday,6.5,1 - light traffic,18
7 Saturday,6.5,2 - medium traffic,35
7 Saturday,6.5,3 - heavy traffic,150
7 Saturday,6.5,4 - stand still,199.5
7 Saturday,7,0- free flowing,38099
7 Saturday,7,1 - light traffic,26
7 Saturday,7,2 - medium traffic,57.5
7 Saturday,7,3 - heavy traffic,84
7 Saturday,7,4 - stand still,108.5
7 Saturday,7.5,0- free flowing,47566
7 Saturday,7.5,1 - light traffic,16
7 Saturday,7.5,2 - medium traffic,27.5
7 Saturday,7.5,3 - heavy traffic,264
7 Saturday,7.5,4 - stand still,189
7 Saturday,8,0- free flowing,60145
7 Saturday,8,1 - light traffic,38
7 Saturday,8,2 - medium traffic,100
7 Saturday,8,3 - heavy traffic,390
7 Saturday,8,4 - stand still,479.5
7 Saturday,8.5,0- free flowing,78280
7 Saturday,8.5,1 - light traffic,212
7 Saturday,8.5,2 - medium traffic,182.5
7 Saturday,8.5,3 - heavy traffic,774
7 Saturday,8.5,4 - stand still,899.5
7 Saturday,9,0- free flowing,89783
7 Saturday,9,1 - light traffic,306
7 Saturday,9,2 - medium traffic,307.5
7 Saturday,9,3 - heavy traffic,1701
7 Saturday,9,4 - stand still,1757
7 Saturday,9.5,0- free flowing,105598
7 Saturday,9.5,1 - light traffic,240
7 Saturday,9.5,2 - medium traffic,265
7 Saturday,9.5,3 - heavy traffic,2301
7 Saturday,9.5,4 - stand still,4144
7 Saturday,10,0- free flowing,121480
7 Saturday,10,1 - light traffic,494
7 Saturday,10,2 - medium traffic,1172.5
7 Saturday,10,3 - heavy traffic,4722
7 Saturday,10,4 - stand still,5614
7 Saturday,10.5,0- free flowing,134111
7 Saturday,10.5,1 - light traffic,576
7 Saturday,10.5,2 - medium traffic,2955
7 Saturday,10.5,3 - heavy traffic,7395
7 Saturday,10.5,4 - stand still,5876.5
7 Saturday,11,0- free flowing,145406
7 Saturday,11,1 - light traffic,724
7 Saturday,11,2 - medium traffic,4725
7 Saturday,11,3 - heavy traffic,14112
7 Saturday,11,4 - stand still,7605.5
7 Saturday,11.5,0- free flowing,157292
7 Saturday,11.5,1 - light traffic,1258
7 Saturday,11.5,2 - medium traffic,6547.5
7 Saturday,11.5,3 - heavy traffic,22185
7 Saturday,11.5,4 - stand still,9131.5
7 Saturday,12,0- free flowing,170924
7 Saturday,12,1 - light traffic,1838
7 Saturday,12,2 - medium traffic,9355
7 Saturday,12,3 - heavy traffic,26943
7 Saturday,12,4 - stand still,13863.5
7 Saturday,12.5,0- free flowing,183223
7 Saturday,12.5,1 - light traffic,2592
7 Saturday,12.5,2 - medium traffic,13445
7 Saturday,12.5,3 - heavy traffic,31698
7 Saturday,12.5,4 - stand still,18501
7 Saturday,13,0- free flowing,189011
7 Saturday,13,1 - light traffic,2674
7 Saturday,13,2 - medium traffic,15572.5
7 Saturday,13,3 - heavy traffic,37479
7 Saturday,13,4 - stand still,16982
7 Saturday,13.5,0- free flowing,188145
7 Saturday,13.5,1 - light traffic,2114
7 Saturday,13.5,2 - medium traffic,16872.5
7 Saturday,13.5,3 - heavy traffic,37245
7 Saturday,13.5,4 - stand still,15536.5
7 Saturday,14,0- free flowing,187036
7 Saturday,14,1 - light traffic,2230
7 Saturday,14,2 - medium traffic,15592.5
7 Saturday,14,3 - heavy traffic,34629
7 Saturday,14,4 - stand still,16765
7 Saturday,14.5,0- free flowing,183534
7 Saturday,14.5,1 - light traffic,2818
7 Saturday,14.5,2 - medium traffic,17447.5
7 Saturday,14.5,3 - heavy traffic,37239
7 Saturday,14.5,4 - stand still,15102.5
7 Saturday,15,0- free flowing,182162
7 Saturday,15,1 - light traffic,2568
7 Saturday,15,2 - medium traffic,19112.5
7 Saturday,15,3 - heavy traffic,33039
7 Saturday,15,4 - stand still,15221.5
7 Saturday,15.5,0- free flowing,181792
7 Saturday,15.5,1 - light traffic,2510
7 Saturday,15.5,2 - medium traffic,17855
7 Saturday,15.5,3 - heavy traffic,29808
7 Saturday,15.5,4 - stand still,15092
7 Saturday,16,0- free flowing,176638
7 Saturday,16,1 - light traffic,1996
7 Saturday,16,2 - medium traffic,14955
7 Saturday,16,3 - heavy traffic,27951
7 Saturday,16,4 - stand still,14679
7 Saturday,16.5,0- free flowing,172517
7 Saturday,16.5,1 - light traffic,2376
7 Saturday,16.5,2 - medium traffic,14850
7 Saturday,16.5,3 - heavy traffic,22524
7 Saturday,16.5,4 - stand still,11886
7 Saturday,17,0- free flowing,168053
7 Saturday,17,1 - light traffic,2434
7 Saturday,17,2 - medium traffic,13340
7 Saturday,17,3 - heavy traffic,18006
7 Saturday,17,4 - stand still,8634.5
7 Saturday,17.5,0- free flowing,165049
7 Saturday,17.5,1 - light traffic,1984
7 Saturday,17.5,2 - medium traffic,13910
7 Saturday,17.5,3 - heavy traffic,15033
7 Saturday,17.5,4 - stand still,6135.5
7 Saturday,18,0- free flowing,160769
7 Saturday,18,1 - light traffic,1922
7 Saturday,18,2 - medium traffic,10062.5
7 Saturday,18,3 - heavy traffic,12069
7 Saturday,18,4 - stand still,6909
7 Saturday,18.5,0- free flowing,151559
7 Saturday,18.5,1 - light traffic,1246
7 Saturday,18.5,2 - medium traffic,5767.5
7 Saturday,18.5,3 - heavy traffic,9003
7 Saturday,18.5,4 - stand still,6562.5
7 Saturday,19,0- free flowing,140594
7 Saturday,19,1 - light traffic,538
7 Saturday,19,2 - medium traffic,3610
7 Saturday,19,3 - heavy traffic,5853
7 Saturday,19,4 - stand still,5876.5
7 Saturday,19.5,0- free flowing,126201
7 Saturday,19.5,1 - light traffic,374
7 Saturday,19.5,2 - medium traffic,2835
7 Saturday,19.5,3 - heavy traffic,3471
7 Saturday,19.5,4 - stand still,4494
7 Saturday,20,0- free flowing,99726
7 Saturday,20,1 - light traffic,796
7 Saturday,20,2 - medium traffic,1135
7 Saturday,20,3 - heavy traffic,2157
7 Saturday,20,4 - stand still,3843
7 Saturday,20.5,0- free flowing,82289
7 Saturday,20.5,1 - light traffic,558
7 Saturday,20.5,2 - medium traffic,715
7 Saturday,20.5,3 - heavy traffic,1707
7 Saturday,20.5,4 - stand still,2156
7 Saturday,21,0- free flowing,88304
7 Saturday,21,1 - light traffic,74
7 Saturday,21,2 - medium traffic,172.5
7 Saturday,21,3 - heavy traffic,1467
7 Saturday,21,4 - stand still,2212
7 Saturday,21.5,0- free flowing,82899
7 Saturday,21.5,1 - light traffic,66
7 Saturday,21.5,2 - medium traffic,190
7 Saturday,21.5,3 - heavy traffic,969
7 Saturday,21.5,4 - stand still,1099
7 Saturday,22,0- free flowing,75416
7 Saturday,22,1 - light traffic,46
7 Saturday,22,2 - medium traffic,210
7 Saturday,22,3 - heavy traffic,594
7 Saturday,22,4 - stand still,766.5
7 Saturday,22.5,0- free flowing,66161
7 Saturday,22.5,1 - light traffic,18
7 Saturday,22.5,2 - medium traffic,80
7 Saturday,22.5,3 - heavy traffic,423
7 Saturday,22.5,4 - stand still,679
7 Saturday,23,0- free flowing,55651
7 Saturday,23,1 - light traffic,24
7 Saturday,23,2 - medium traffic,35
7 Saturday,23,3 - heavy traffic,327
7 Saturday,23,4 - stand still,318.5
7 Saturday,23.5,0- free flowing,46674
7 Saturday,23.5,1 - light traffic,2
7 Saturday,23.5,2 - medium traffic,42.5
7 Saturday,23.5,3 - heavy traffic,123
7 Saturday,23.5,4 - stand still,164.5
7 Saturday,24,0- free flowing,40635
7 Saturday,24,1 - light traffic,2
7 Saturday,24,2 - medium traffic,0
7 Saturday,24,3 - heavy traffic,153
7 Saturday,24,4 - stand still,549.5
