Day of Week,Time Half Hour,Traffic Level,Traffic Flow
1 Sunday,0.5,0- free flowing,40908
1 Sunday,0.5,1 - light traffic,22
1 Sunday,0.5,2 - medium traffic,2.5
1 Sunday,0.5,3 - heavy traffic,66
1 Sunday,0.5,4 - stand still,147
1 Sunday,1,0- free flowing,36290
1 Sunday,1,1 - light traffic,14
1 Sunday,1,2 - medium traffic,10
1 Sunday,1,3 - heavy traffic,99
1 Sunday,1,4 - stand still,108.5
1 Sunday,1.5,0- free flowing,31082
1 Sunday,1.5,1 - light traffic,8
1 Sunday,1.5,2 - medium traffic,5
1 Sunday,1.5,3 - heavy traffic,51
1 Sunday,1.5,4 - stand still,63
1 Sunday,2,0- free flowing,25405
1 Sunday,2,1 - light traffic,10
1 Sunday,2,2 - medium traffic,12.5
1 Sunday,2,3 - heavy traffic,36
1 Sunday,2,4 - stand still,66.5
1 Sunday,2.5,0- free flowing,21804
1 Sunday,2.5,1 - light traffic,2
1 Sunday,2.5,2 - medium traffic,0
1 Sunday,2.5,3 - heavy traffic,63
1 Sunday,2.5,4 - stand still,52.5
1 Sunday,3,0- free flowing,20240
1 Sunday,3,1 - light traffic,2
1 Sunday,3,2 - medium traffic,5
1 Sunday,3,3 - heavy traffic,30
1 Sunday,3,4 - stand still,77
1 Sunday,3.5,0- free flowing,17989
1 Sunday,3.5,1 - light traffic,4
1 Sunday,3.5,2 - medium traffic,10
1 Sunday,3.5,3 - heavy traffic,36
1 Sunday,3.5,4 - stand still,31.5
1 Sunday,4,0- free flowing,15619
1 Sunday,4,1 - light traffic,6
1 Sunday,4,2 - medium traffic,12.5
1 Sunday,4,3 - heavy traffic,54
1 Sunday,4,4 - stand still,28
1 Sunday,4.5,0- free flowing,15280
1 Sunday,4.5,1 - light traffic,12
1 Sunday,4.5,2 - medium traffic,7.5
1 Sunday,4.5,3 - heavy traffic,18
1 Sunday,4.5,4 - stand still,126
1 Sunday,5,0- free flowing,16280
1 Sunday,5,1 - light traffic,14
1 Sunday,5,2 - medium traffic,15
1 Sunday,5,3 - heavy traffic,51
1 Sunday,5,4 - stand still,98
1 Sunday,5.5,0- free flowing,18948
1 Sunday,5.5,1 - light traffic,14
1 Sunday,5.5,2 - medium traffic,5
1 Sunday,5.5,3 - heavy traffic,54
1 Sunday,5.5,4 - stand still,52.5
1 Sunday,6,0- free flowing,22941
1 Sunday,6,1 - light traffic,4
1 Sunday,6,2 - medium traffic,20
1 Sunday,6,3 - heavy traffic,84
1 Sunday,6,4 - stand still,360.5
1 Sunday,6.5,0- free flowing,29214
1 Sunday,6.5,1 - light traffic,10
1 Sunday,6.5,2 - medium traffic,12.5
1 Sunday,6.5,3 - heavy traffic,72
1 Sunday,6.5,4 - stand still,70
1 Sunday,7,0- free flowing,32351
1 Sunday,7,1 - light traffic,14
1 Sunday,7,2 - medium traffic,17.5
1 Sunday,7,3 - heavy traffic,90
1 Sunday,7,4 - stand still,140
1 Sunday,7.5,0- free flowing,36829
1 Sunday,7.5,1 - light traffic,8
1 Sunday,7.5,2 - medium traffic,45
1 Sunday,7.5,3 - heavy traffic,162
1 Sunday,7.5,4 - stand still,402.5
1 Sunday,8,0- free flowing,41478
1 Sunday,8,1 - light traffic,4
1 Sunday,8,2 - medium traffic,110
1 Sunday,8,3 - heavy traffic,102
1 Sunday,8,4 - stand still,1435
1 Sunday,8.5,0- free flowing,52530
1 Sunday,8.5,1 - light traffic,8
1 Sunday,8.5,2 - medium traffic,62.5
1 Sunday,8.5,3 - heavy traffic,318
1 Sunday,8.5,4 - stand still,2453.5
1 Sunday,9,0- free flowing,68542
1 Sunday,9,1 - light traffic,30
1 Sunday,9,2 - medium traffic,412.5
1 Sunday,9,3 - heavy traffic,441
1 Sunday,9,4 - stand still,2558.5
1 Sunday,9.5,0- free flowing,84931
1 Sunday,9.5,1 - light traffic,50
1 Sunday,9.5,2 - medium traffic,435
1 Sunday,9.5,3 - heavy traffic,1362
1 Sunday,9.5,4 - stand still,2415
1 Sunday,10,0- free flowing,96966
1 Sunday,10,1 - light traffic,52
1 Sunday,10,2 - medium traffic,340
1 Sunday,10,3 - heavy traffic,2268
1 Sunday,10,4 - stand still,4014.5
1 Sunday,10.5,0- free flowing,125776
1 Sunday,10.5,1 - light traffic,310
1 Sunday,10.5,2 - medium traffic,1047.5
1 Sunday,10.5,3 - heavy traffic,4020
1 Sunday,10.5,4 - stand still,7049
1 Sunday,11,0- free flowing,143979
1 Sunday,11,1 - light traffic,628
1 Sunday,11,2 - medium traffic,2882.5
1 Sunday,11,3 - heavy traffic,8154
1 Sunday,11,4 - stand still,7948.5
1 Sunday,11.5,0- free flowing,151204
1 Sunday,11.5,1 - light traffic,658
1 Sunday,11.5,2 - medium traffic,3920
1 Sunday,11.5,3 - heavy traffic,13461
1 Sunday,11.5,4 - stand still,10059
1 Sunday,12,0- free flowing,166987
1 Sunday,12,1 - light traffic,1456
1 Sunday,12,2 - medium traffic,6132.5
1 Sunday,12,3 - heavy traffic,19611
1 Sunday,12,4 - stand still,12467
1 Sunday,12.5,0- free flowing,185568
1 Sunday,12.5,1 - light traffic,3138
1 Sunday,12.5,2 - medium traffic,9990
1 Sunday,12.5,3 - heavy traffic,28752
1 Sunday,12.5,4 - stand still,13814.5
1 Sunday,13,0- free flowing,195355
1 Sunday,13,1 - light traffic,4864
1 Sunday,13,2 - medium traffic,21102.5
1 Sunday,13,3 - heavy traffic,40050
1 Sunday,13,4 - stand still,19306
1 Sunday,13.5,0- free flowing,192464
1 Sunday,13.5,1 - light traffic,5066
1 Sunday,13.5,2 - medium traffic,30927.5
1 Sunday,13.5,3 - heavy traffic,40497
1 Sunday,13.5,4 - stand still,19838
1 Sunday,14,0- free flowing,195583
1 Sunday,14,1 - light traffic,5118
1 Sunday,14,2 - medium traffic,31487.5
1 Sunday,14,3 - heavy traffic,43755
1 Sunday,14,4 - stand still,25298
1 Sunday,14.5,0- free flowing,194961
1 Sunday,14.5,1 - light traffic,5106
1 Sunday,14.5,2 - medium traffic,32067.5
1 Sunday,14.5,3 - heavy traffic,50112
1 Sunday,14.5,4 - stand still,27184.5
1 Sunday,15,0- free flowing,201732
1 Sunday,15,1 - light traffic,4588
1 Sunday,15,2 - medium traffic,32912.5
1 Sunday,15,3 - heavy traffic,52821
1 Sunday,15,4 - stand still,26859
1 Sunday,15.5,0- free flowing,197510
1 Sunday,15.5,1 - light traffic,4068
1 Sunday,15.5,2 - medium traffic,32895
1 Sunday,15.5,3 - heavy traffic,49809
1 Sunday,15.5,4 - stand still,24997
1 Sunday,16,0- free flowing,195101
1 Sunday,16,1 - light traffic,4164
1 Sunday,16,2 - medium traffic,35395
1 Sunday,16,3 - heavy traffic,48186
1 Sunday,16,4 - stand still,21759.5
1 Sunday,16.5,0- free flowing,192167
1 Sunday,16.5,1 - light traffic,3732
1 Sunday,16.5,2 - medium traffic,38792.5
1 Sunday,16.5,3 - heavy traffic,42885
1 Sunday,16.5,4 - stand still,19838
1 Sunday,17,0- free flowing,189287
1 Sunday,17,1 - light traffic,4842
1 Sunday,17,2 - medium traffic,33637.5
1 Sunday,17,3 - heavy traffic,39312
1 Sunday,17,4 - stand still,15946
1 Sunday,17.5,0- free flowing,179791
1 Sunday,17.5,1 - light traffic,3338
1 Sunday,17.5,2 - medium traffic,24575
1 Sunday,17.5,3 - heavy traffic,33297
1 Sunday,17.5,4 - stand still,15816.5
1 Sunday,18,0- free flowing,165833
1 Sunday,18,1 - light traffic,2588
1 Sunday,18,2 - medium traffic,19650
1 Sunday,18,3 - heavy traffic,23448
1 Sunday,18,4 - stand still,11319
1 Sunday,18.5,0- free flowing,155593
1 Sunday,18.5,1 - light traffic,2154
1 Sunday,18.5,2 - medium traffic,13722.5
1 Sunday,18.5,3 - heavy traffic,18120
1 Sunday,18.5,4 - stand still,7143.5
1 Sunday,19,0- free flowing,136861
1 Sunday,19,1 - light traffic,1014
1 Sunday,19,2 - medium traffic,9615
1 Sunday,19,3 - heavy traffic,11736
1 Sunday,19,4 - stand still,6993
1 Sunday,19.5,0- free flowing,126139
1 Sunday,19.5,1 - light traffic,810
1 Sunday,19.5,2 - medium traffic,4750
1 Sunday,19.5,3 - heavy traffic,9852
1 Sunday,19.5,4 - stand still,6429.5
1 Sunday,20,0- free flowing,106872
1 Sunday,20,1 - light traffic,770
1 Sunday,20,2 - medium traffic,4747.5
1 Sunday,20,3 - heavy traffic,4245
1 Sunday,20,4 - stand still,3395
1 Sunday,20.5,0- free flowing,96693
1 Sunday,20.5,1 - light traffic,440
1 Sunday,20.5,2 - medium traffic,2572.5
1 Sunday,20.5,3 - heavy traffic,2637
1 Sunday,20.5,4 - stand still,2744
1 Sunday,21,0- free flowing,84772
1 Sunday,21,1 - light traffic,454
1 Sunday,21,2 - medium traffic,1322.5
1 Sunday,21,3 - heavy traffic,2112
1 Sunday,21,4 - stand still,1925
1 Sunday,21.5,0- free flowing,72099
1 Sunday,21.5,1 - light traffic,220
1 Sunday,21.5,2 - medium traffic,872.5
1 Sunday,21.5,3 - heavy traffic,2016
1 Sunday,21.5,4 - stand still,3549
1 Sunday,22,0- free flowing,61124
1 Sunday,22,1 - light traffic,228
1 Sunday,22,2 - medium traffic,465
1 Sunday,22,3 - heavy traffic,1197
1 Sunday,22,4 - stand still,2534
1 Sunday,22.5,0- free flowing,50916
1 Sunday,22.5,1 - light traffic,158
1 Sunday,22.5,2 - medium traffic,382.5
1 Sunday,22.5,3 - heavy traffic,783
1 Sunday,22.5,4 - stand still,2376.5
1 Sunday,23,0- free flowing,42647
1 Sunday,23,1 - light traffic,150
1 Sunday,23,2 - medium traffic,370
1 Sunday,23,3 - heavy traffic,537
1 Sunday,23,4 - stand still,2425.5
1 Sunday,23.5,0- free flowing,36406
1 Sunday,23.5,1 - light traffic,64
1 Sunday,23.5,2 - medium traffic,170
1 Sunday,23.5,3 - heavy traffic,279
1 Sunday,23.5,4 - stand still,1708
1 Sunday,24,0- free flowing,42399
1 Sunday,24,1 - light traffic,32
1 Sunday,24,2 - medium traffic,112.5
1 Sunday,24,3 - heavy traffic,237
1 Sunday,24,4 - stand still,647.5
2 Monday,0.5,0- free flowing,27729
2 Monday,0.5,1 - light traffic,34
2 Monday,0.5,2 - medium traffic,50
2 Monday,0.5,3 - heavy traffic,144
2 Monday,0.5,4 - stand still,416.5
2 Monday,1,0- free flowing,23741
2 Monday,1,1 - light traffic,36
2 Monday,1,2 - medium traffic,25
2 Monday,1,3 - heavy traffic,81
2 Monday,1,4 - stand still,329
2 Monday,1.5,0- free flowing,20440
2 Monday,1.5,1 - light traffic,26
2 Monday,1.5,2 - medium traffic,15
2 Monday,1.5,3 - heavy traffic,69
2 Monday,1.5,4 - stand still,301
2 Monday,2,0- free flowing,18068
2 Monday,2,1 - light traffic,22
2 Monday,2,2 - medium traffic,47.5
2 Monday,2,3 - heavy traffic,69
2 Monday,2,4 - stand still,437.5
2 Monday,2.5,0- free flowing,16380
2 Monday,2.5,1 - light traffic,28
2 Monday,2.5,2 - medium traffic,25
2 Monday,2.5,3 - heavy traffic,93
2 Monday,2.5,4 - stand still,252
2 Monday,3,0- free flowing,14391
2 Monday,3,1 - light traffic,10
2 Monday,3,2 - medium traffic,20
2 Monday,3,3 - heavy traffic,78
2 Monday,3,4 - stand still,63
2 Monday,3.5,0- free flowing,14073
2 Monday,3.5,1 - light traffic,14
2 Monday,3.5,2 - medium traffic,27.5
2 Monday,3.5,3 - heavy traffic,39
2 Monday,3.5,4 - stand still,94.5
2 Monday,4,0- free flowing,15523
2 Monday,4,1 - light traffic,16
2 Monday,4,2 - medium traffic,55
2 Monday,4,3 - heavy traffic,45
2 Monday,4,4 - stand still,126
2 Monday,4.5,0- free flowing,18348
2 Monday,4.5,1 - light traffic,14
2 Monday,4.5,2 - medium traffic,20
2 Monday,4.5,3 - heavy traffic,39
2 Monday,4.5,4 - stand still,136.5
2 Monday,5,0- free flowing,24625
2 Monday,5,1 - light traffic,16
2 Monday,5,2 - medium traffic,10
2 Monday,5,3 - heavy traffic,60
2 Monday,5,4 - stand still,91
2 Monday,5.5,0- free flowing,32009
2 Monday,5.5,1 - light traffic,6
2 Monday,5.5,2 - medium traffic,40
2 Monday,5.5,3 - heavy traffic,132
2 Monday,5.5,4 - stand still,171.5
2 Monday,6,0- free flowing,37011
2 Monday,6,1 - light traffic,10
2 Monday,6,2 - medium traffic,22.5
2 Monday,6,3 - heavy traffic,165
2 Monday,6,4 - stand still,392
2 Monday,6.5,0- free flowing,48859
2 Monday,6.5,1 - light traffic,6
2 Monday,6.5,2 - medium traffic,72.5
2 Monday,6.5,3 - heavy traffic,372
2 Monday,6.5,4 - stand still,717.5
2 Monday,7,0- free flowing,68249
2 Monday,7,1 - light traffic,78
2 Monday,7,2 - medium traffic,512.5
2 Monday,7,3 - heavy traffic,1131
2 Monday,7,4 - stand still,2320.5
2 Monday,7.5,0- free flowing,109127
2 Monday,7.5,1 - light traffic,730
2 Monday,7.5,2 - medium traffic,3042.5
2 Monday,7.5,3 - heavy traffic,4809
2 Monday,7.5,4 - stand still,3843
2 Monday,8,0- free flowing,129402
2 Monday,8,1 - light traffic,1420
2 Monday,8,2 - medium traffic,9000
2 Monday,8,3 - heavy traffic,19029
2 Monday,8,4 - stand still,7444.5
2 Monday,8.5,0- free flowing,134840
2 Monday,8.5,1 - light traffic,986
2 Monday,8.5,2 - medium traffic,6112.5
2 Monday,8.5,3 - heavy traffic,11376
2 Monday,8.5,4 - stand still,7668.5
2 Monday,9,0- free flowing,125488
2 Monday,9,1 - light traffic,712
2 Monday,9,2 - medium traffic,3355
2 Monday,9,3 - heavy traffic,4695
2 Monday,9,4 - stand still,4795
2 Monday,9.5,0- free flowing,120758
2 Monday,9.5,1 - light traffic,146
2 Monday,9.5,2 - medium traffic,520
2 Monday,9.5,3 - heavy traffic,2508
2 Monday,9.5,4 - stand still,2320.5
2 Monday,10,0- free flowing,124676
2 Monday,10,1 - light traffic,170
2 Monday,10,2 - medium traffic,392.5
2 Monday,10,3 - heavy traffic,1449
2 Monday,10,4 - stand still,1872.5
2 Monday,10.5,0- free flowing,129777
2 Monday,10.5,1 - light traffic,120
2 Monday,10.5,2 - medium traffic,267.5
2 Monday,10.5,3 - heavy traffic,1053
2 Monday,10.5,4 - stand still,1463
2 Monday,11,0- free flowing,141039
2 Monday,11,1 - light traffic,196
2 Monday,11,2 - medium traffic,900
2 Monday,11,3 - heavy traffic,1890
2 Monday,11,4 - stand still,1669.5
2 Monday,11.5,0- free flowing,146021
2 Monday,11.5,1 - light traffic,578
2 Monday,11.5,2 - medium traffic,1587.5
2 Monday,11.5,3 - heavy traffic,4293
2 Monday,11.5,4 - stand still,1935.5
2 Monday,12,0- free flowing,153281
2 Monday,12,1 - light traffic,746
2 Monday,12,2 - medium traffic,2450
2 Monday,12,3 - heavy traffic,9744
2 Monday,12,4 - stand still,3948
2 Monday,12.5,0- free flowing,161077
2 Monday,12.5,1 - light traffic,1106
2 Monday,12.5,2 - medium traffic,4102.5
2 Monday,12.5,3 - heavy traffic,14739
2 Monday,12.5,4 - stand still,6300
2 Monday,13,0- free flowing,170267
2 Monday,13,1 - light traffic,1358
2 Monday,13,2 - medium traffic,7337.5
2 Monday,13,3 - heavy traffic,17673
2 Monday,13,4 - stand still,7196
2 Monday,13.5,0- free flowing,174016
2 Monday,13.5,1 - light traffic,1906
2 Monday,13.5,2 - medium traffic,9477.5
2 Monday,13.5,3 - heavy traffic,19698
2 Monday,13.5,4 - stand still,7668.5
2 Monday,14,0- free flowing,172972
2 Monday,14,1 - light traffic,1432
2 Monday,14,2 - medium traffic,12490
2 Monday,14,3 - heavy traffic,19728
2 Monday,14,4 - stand still,7017.5
2 Monday,14.5,0- free flowing,175240
2 Monday,14.5,1 - light traffic,2394
2 Monday,14.5,2 - medium traffic,13030
2 Monday,14.5,3 - heavy traffic,25242
2 Monday,14.5,4 - stand still,6727
2 Monday,15,0- free flowing,183735
2 Monday,15,1 - light traffic,2578
2 Monday,15,2 - medium traffic,13655
2 Monday,15,3 - heavy traffic,32556
2 Monday,15,4 - stand still,5449.5
2 Monday,15.5,0- free flowing,191121
2 Monday,15.5,1 - light traffic,3150
2 Monday,15.5,2 - medium traffic,19445
2 Monday,15.5,3 - heavy traffic,33141
2 Monday,15.5,4 - stand still,8879.5
2 Monday,16,0- free flowing,189797
2 Monday,16,1 - light traffic,3230
2 Monday,16,2 - medium traffic,26595
2 Monday,16,3 - heavy traffic,30897
2 Monday,16,4 - stand still,10496.5
2 Monday,16.5,0- free flowing,203616
2 Monday,16.5,1 - light traffic,2696
2 Monday,16.5,2 - medium traffic,29102.5
2 Monday,16.5,3 - heavy traffic,36756
2 Monday,16.5,4 - stand still,8361.5
2 Monday,17,0- free flowing,216315
2 Monday,17,1 - light traffic,2854
2 Monday,17,2 - medium traffic,30827.5
2 Monday,17,3 - heavy traffic,50253
2 Monday,17,4 - stand still,8921.5
2 Monday,17.5,0- free flowing,227313
2 Monday,17.5,1 - light traffic,3626
2 Monday,17.5,2 - medium traffic,33352.5
2 Monday,17.5,3 - heavy traffic,73227
2 Monday,17.5,4 - stand still,14602
2 Monday,18,0- free flowing,193864
2 Monday,18,1 - light traffic,3058
2 Monday,18,2 - medium traffic,21780
2 Monday,18,3 - heavy traffic,37743
2 Monday,18,4 - stand still,10153.5
2 Monday,18.5,0- free flowing,160359
2 Monday,18.5,1 - light traffic,1446
2 Monday,18.5,2 - medium traffic,9255
2 Monday,18.5,3 - heavy traffic,9024
2 Monday,18.5,4 - stand still,4424
2 Monday,19,0- free flowing,126448
2 Monday,19,1 - light traffic,510
2 Monday,19,2 - medium traffic,1957.5
2 Monday,19,3 - heavy traffic,2652
2 Monday,19,4 - stand still,2534
2 Monday,19.5,0- free flowing,108290
2 Monday,19.5,1 - light traffic,308
2 Monday,19.5,2 - medium traffic,502.5
2 Monday,19.5,3 - heavy traffic,1080
2 Monday,19.5,4 - stand still,3013.5
2 Monday,20,0- free flowing,94512
2 Monday,20,1 - light traffic,98
2 Monday,20,2 - medium traffic,467.5
2 Monday,20,3 - heavy traffic,519
2 Monday,20,4 - stand still,2355.5
2 Monday,20.5,0- free flowing,82793
2 Monday,20.5,1 - light traffic,226
2 Monday,20.5,2 - medium traffic,307.5
2 Monday,20.5,3 - heavy traffic,669
2 Monday,20.5,4 - stand still,1417.5
2 Monday,21,0- free flowing,72822
2 Monday,21,1 - light traffic,206
2 Monday,21,2 - medium traffic,157.5
2 Monday,21,3 - heavy traffic,717
2 Monday,21,4 - stand still,686
2 Monday,21.5,0- free flowing,63128
2 Monday,21.5,1 - light traffic,84
2 Monday,21.5,2 - medium traffic,365
2 Monday,21.5,3 - heavy traffic,1242
2 Monday,21.5,4 - stand still,1977.5
2 Monday,22,0- free flowing,52258
2 Monday,22,1 - light traffic,48
2 Monday,22,2 - medium traffic,85
2 Monday,22,3 - heavy traffic,1086
2 Monday,22,4 - stand still,2793
2 Monday,22.5,0- free flowing,44574
2 Monday,22.5,1 - light traffic,22
2 Monday,22.5,2 - medium traffic,167.5
2 Monday,22.5,3 - heavy traffic,756
2 Monday,22.5,4 - stand still,1522.5
2 Monday,23,0- free flowing,39155
2 Monday,23,1 - light traffic,30
2 Monday,23,2 - medium traffic,280
2 Monday,23,3 - heavy traffic,672
2 Monday,23,4 - stand still,1018.5
2 Monday,23.5,0- free flowing,35103
2 Monday,23.5,1 - light traffic,48
2 Monday,23.5,2 - medium traffic,172.5
2 Monday,23.5,3 - heavy traffic,552
2 Monday,23.5,4 - stand still,1393
2 Monday,24,0- free flowing,32075
2 Monday,24,1 - light traffic,58
2 Monday,24,2 - medium traffic,117.5
2 Monday,24,3 - heavy traffic,222
2 Monday,24,4 - stand still,1641.5
3 Tuesday,0.5,0- free flowing,25975
3 Tuesday,0.5,1 - light traffic,24
3 Tuesday,0.5,2 - medium traffic,72.5
3 Tuesday,0.5,3 - heavy traffic,264
3 Tuesday,0.5,4 - stand still,1267
3 Tuesday,1,0- free flowing,21886
3 Tuesday,1,1 - light traffic,56
3 Tuesday,1,2 - medium traffic,35
3 Tuesday,1,3 - heavy traffic,279
3 Tuesday,1,4 - stand still,903
3 Tuesday,1.5,0- free flowing,18042
3 Tuesday,1.5,1 - light traffic,28
3 Tuesday,1.5,2 - medium traffic,35
3 Tuesday,1.5,3 - heavy traffic,84
3 Tuesday,1.5,4 - stand still,521.5
3 Tuesday,2,0- free flowing,15972
3 Tuesday,2,1 - light traffic,48
3 Tuesday,2,2 - medium traffic,32.5
3 Tuesday,2,3 - heavy traffic,141
3 Tuesday,2,4 - stand still,360.5
3 Tuesday,2.5,0- free flowing,14585
3 Tuesday,2.5,1 - light traffic,40
3 Tuesday,2.5,2 - medium traffic,20
3 Tuesday,2.5,3 - heavy traffic,90
3 Tuesday,2.5,4 - stand still,451.5
3 Tuesday,3,0- free flowing,13806
3 Tuesday,3,1 - light traffic,10
3 Tuesday,3,2 - medium traffic,30
3 Tuesday,3,3 - heavy traffic,90
3 Tuesday,3,4 - stand still,192.5
3 Tuesday,3.5,0- free flowing,14090
3 Tuesday,3.5,1 - light traffic,16
3 Tuesday,3.5,2 - medium traffic,15
3 Tuesday,3.5,3 - heavy traffic,78
3 Tuesday,3.5,4 - stand still,126
3 Tuesday,4,0- free flowing,15125
3 Tuesday,4,1 - light traffic,16
3 Tuesday,4,2 - medium traffic,20
3 Tuesday,4,3 - heavy traffic,66
3 Tuesday,4,4 - stand still,192.5
3 Tuesday,4.5,0- free flowing,17819
3 Tuesday,4.5,1 - light traffic,16
3 Tuesday,4.5,2 - medium traffic,15
3 Tuesday,4.5,3 - heavy traffic,105
3 Tuesday,4.5,4 - stand still,182
3 Tuesday,5,0- free flowing,25124
3 Tuesday,5,1 - light traffic,10
3 Tuesday,5,2 - medium traffic,30
3 Tuesday,5,3 - heavy traffic,90
3 Tuesday,5,4 - stand still,231
3 Tuesday,5.5,0- free flowing,34097
3 Tuesday,5.5,1 - light traffic,20
3 Tuesday,5.5,2 - medium traffic,20
3 Tuesday,5.5,3 - heavy traffic,138
3 Tuesday,5.5,4 - stand still,301
3 Tuesday,6,0- free flowing,41379
3 Tuesday,6,1 - light traffic,12
3 Tuesday,6,2 - medium traffic,17.5
3 Tuesday,6,3 - heavy traffic,144
3 Tuesday,6,4 - stand still,143.5
3 Tuesday,6.5,0- free flowing,53395
3 Tuesday,6.5,1 - light traffic,8
3 Tuesday,6.5,2 - medium traffic,75
3 Tuesday,6.5,3 - heavy traffic,213
3 Tuesday,6.5,4 - stand still,350
3 Tuesday,7,0- free flowing,79059
3 Tuesday,7,1 - light traffic,76
3 Tuesday,7,2 - medium traffic,380
3 Tuesday,7,3 - heavy traffic,1056
3 Tuesday,7,4 - stand still,1064
3 Tuesday,7.5,0- free flowing,126973
3 Tuesday,7.5,1 - light traffic,1318
3 Tuesday,7.5,2 - medium traffic,6792.5
3 Tuesday,7.5,3 - heavy traffic,8688
3 Tuesday,7.5,4 - stand still,2894.5
3 Tuesday,8,0- free flowing,147065
3 Tuesday,8,1 - light traffic,1466
3 Tuesday,8,2 - medium traffic,13267.5
3 Tuesday,8,3 - heavy traffic,28785
3 Tuesday,8,4 - stand still,7140
3 Tuesday,8.5,0- free flowing,148079
3 Tuesday,8.5,1 - light traffic,1498
3 Tuesday,8.5,2 - medium traffic,8075
3 Tuesday,8.5,3 - heavy traffic,14181
3 Tuesday,8.5,4 - stand still,4326
3 Tuesday,9,0- free flowing,129668
3 Tuesday,9,1 - light traffic,828
3 Tuesday,9,2 - medium traffic,3835
3 Tuesday,9,3 - heavy traffic,6759
3 Tuesday,9,4 - stand still,4910.5
3 Tuesday,9.5,0- free flowing,118709
3 Tuesday,9.5,1 - light traffic,208
3 Tuesday,9.5,2 - medium traffic,1305
3 Tuesday,9.5,3 - heavy traffic,3234
3 Tuesday,9.5,4 - stand still,3584
3 Tuesday,10,0- free flowing,120692
3 Tuesday,10,1 - light traffic,176
3 Tuesday,10,2 - medium traffic,632.5
3 Tuesday,10,3 - heavy traffic,2415
3 Tuesday,10,4 - stand still,1946
3 Tuesday,10.5,0- free flowing,122929
3 Tuesday,10.5,1 - light traffic,188
3 Tuesday,10.5,2 - medium traffic,712.5
3 Tuesday,10.5,3 - heavy traffic,1716
3 Tuesday,10.5,4 - stand still,1799
3 Tuesday,11,0- free flowing,128780
3 Tuesday,11,1 - light traffic,150
3 Tuesday,11,2 - medium traffic,677.5
3 Tuesday,11,3 - heavy traffic,3921
3 Tuesday,11,4 - stand still,2282
3 Tuesday,11.5,0- free flowing,134920
3 Tuesday,11.5,1 - light traffic,276
3 Tuesday,11.5,2 - medium traffic,1092.5
3 Tuesday,11.5,3 - heavy traffic,5121
3 Tuesday,11.5,4 - stand still,2719.5
3 Tuesday,12,0- free flowing,141992
3 Tuesday,12,1 - light traffic,504
3 Tuesday,12,2 - medium traffic,2157.5
3 Tuesday,12,3 - heavy traffic,7023
3 Tuesday,12,4 - stand still,2558.5
3 Tuesday,12.5,0- free flowing,151073
3 Tuesday,12.5,1 - light traffic,972
3 Tuesday,12.5,2 - medium traffic,3295
3 Tuesday,12.5,3 - heavy traffic,8922
3 Tuesday,12.5,4 - stand still,2933
3 Tuesday,13,0- free flowing,150182
3 Tuesday,13,1 - light traffic,1064
3 Tuesday,13,2 - medium traffic,4745
3 Tuesday,13,3 - heavy traffic,12060
3 Tuesday,13,4 - stand still,3801
3 Tuesday,13.5,0- free flowing,150603
3 Tuesday,13.5,1 - light traffic,1012
3 Tuesday,13.5,2 - medium traffic,6082.5
3 Tuesday,13.5,3 - heavy traffic,15675
3 Tuesday,13.5,4 - stand still,4487
3 Tuesday,14,0- free flowing,143016
3 Tuesday,14,1 - light traffic,1576
3 Tuesday,14,2 - medium traffic,6522.5
3 Tuesday,14,3 - heavy traffic,15933
3 Tuesday,14,4 - stand still,5796
3 Tuesday,14.5,0- free flowing,155456
3 Tuesday,14.5,1 - light traffic,1856
3 Tuesday,14.5,2 - medium traffic,7800
3 Tuesday,14.5,3 - heavy traffic,18138
3 Tuesday,14.5,4 - stand still,6919.5
3 Tuesday,15,0- free flowing,163956
3 Tuesday,15,1 - light traffic,1756
3 Tuesday,15,2 - medium traffic,10377.5
3 Tuesday,15,3 - heavy traffic,18393
3 Tuesday,15,4 - stand still,8858.5
3 Tuesday,15.5,0- free flowing,173147
3 Tuesday,15.5,1 - light traffic,3916
3 Tuesday,15.5,2 - medium traffic,15415
3 Tuesday,15.5,3 - heavy traffic,18981
3 Tuesday,15.5,4 - stand still,10003
3 Tuesday,16,0- free flowing,176709
3 Tuesday,16,1 - light traffic,3182
3 Tuesday,16,2 - medium traffic,26337.5
3 Tuesday,16,3 - heavy traffic,24036
3 Tuesday,16,4 - stand still,10468.5
3 Tuesday,16.5,0- free flowing,192159
3 Tuesday,16.5,1 - light traffic,2194
3 Tuesday,16.5,2 - medium traffic,30967.5
3 Tuesday,16.5,3 - heavy traffic,32208
3 Tuesday,16.5,4 - stand still,12323.5
3 Tuesday,17,0- free flowing,202628
3 Tuesday,17,1 - light traffic,2918
3 Tuesday,17,2 - medium traffic,31657.5
3 Tuesday,17,3 - heavy traffic,45090
3 Tuesday,17,4 - stand still,14504
3 Tuesday,17.5,0- free flowing,213481
3 Tuesday,17.5,1 - light traffic,4266
3 Tuesday,17.5,2 - medium traffic,29130
3 Tuesday,17.5,3 - heavy traffic,79065
3 Tuesday,17.5,4 - stand still,22897
3 Tuesday,18,0- free flowing,186291
3 Tuesday,18,1 - light traffic,2434
3 Tuesday,18,2 - medium traffic,23405
3 Tuesday,18,3 - heavy traffic,41079
3 Tuesday,18,4 - stand still,12061
3 Tuesday,18.5,0- free flowing,155414
3 Tuesday,18.5,1 - light traffic,1700
3 Tuesday,18.5,2 - medium traffic,13707.5
3 Tuesday,18.5,3 - heavy traffic,11847
3 Tuesday,18.5,4 - stand still,6615
3 Tuesday,19,0- free flowing,119936
3 Tuesday,19,1 - light traffic,876
3 Tuesday,19,2 - medium traffic,2082.5
3 Tuesday,19,3 - heavy traffic,4863
3 Tuesday,19,4 - stand still,4319
3 Tuesday,19.5,0- free flowing,101409
3 Tuesday,19.5,1 - light traffic,402
3 Tuesday,19.5,2 - medium traffic,1255
3 Tuesday,19.5,3 - heavy traffic,1899
3 Tuesday,19.5,4 - stand still,2978.5
3 Tuesday,20,0- free flowing,85980
3 Tuesday,20,1 - light traffic,426
3 Tuesday,20,2 - medium traffic,602.5
3 Tuesday,20,3 - heavy traffic,948
3 Tuesday,20,4 - stand still,1771
3 Tuesday,20.5,0- free flowing,76514
3 Tuesday,20.5,1 - light traffic,214
3 Tuesday,20.5,2 - medium traffic,280
3 Tuesday,20.5,3 - heavy traffic,804
3 Tuesday,20.5,4 - stand still,1323
3 Tuesday,21,0- free flowing,68431
3 Tuesday,21,1 - light traffic,352
3 Tuesday,21,2 - medium traffic,427.5
3 Tuesday,21,3 - heavy traffic,924
3 Tuesday,21,4 - stand still,1403.5
3 Tuesday,21.5,0- free flowing,58488
3 Tuesday,21.5,1 - light traffic,98
3 Tuesday,21.5,2 - medium traffic,210
3 Tuesday,21.5,3 - heavy traffic,1545
3 Tuesday,21.5,4 - stand still,2425.5
3 Tuesday,22,0- free flowing,47977
3 Tuesday,22,1 - light traffic,32
3 Tuesday,22,2 - medium traffic,285
3 Tuesday,22,3 - heavy traffic,1107
3 Tuesday,22,4 - stand still,2751
3 Tuesday,22.5,0- free flowing,43733
3 Tuesday,22.5,1 - light traffic,24
3 Tuesday,22.5,2 - medium traffic,252.5
3 Tuesday,22.5,3 - heavy traffic,1035
3 Tuesday,22.5,4 - stand still,1960
3 Tuesday,23,0- free flowing,38830
3 Tuesday,23,1 - light traffic,32
3 Tuesday,23,2 - medium traffic,220
3 Tuesday,23,3 - heavy traffic,969
3 Tuesday,23,4 - stand still,1571.5
3 Tuesday,23.5,0- free flowing,34513
3 Tuesday,23.5,1 - light traffic,20
3 Tuesday,23.5,2 - medium traffic,250
3 Tuesday,23.5,3 - heavy traffic,669
3 Tuesday,23.5,4 - stand still,749
3 Tuesday,24,0- free flowing,29212
3 Tuesday,24,1 - light traffic,48
3 Tuesday,24,2 - medium traffic,95
3 Tuesday,24,3 - heavy traffic,405
3 Tuesday,24,4 - stand still,819
4 Wednesday,0.5,0- free flowing,25065
4 Wednesday,0.5,1 - light traffic,46
4 Wednesday,0.5,2 - medium traffic,62.5
4 Wednesday,0.5,3 - heavy traffic,159
4 Wednesday,0.5,4 - stand still,392
4 Wednesday,1,0- free flowing,21028
4 Wednesday,1,1 - light traffic,42
4 Wednesday,1,2 - medium traffic,52.5
4 Wednesday,1,3 - heavy traffic,138
4 Wednesday,1,4 - stand still,462
4 Wednesday,1.5,0- free flowing,17487
4 Wednesday,1.5,1 - light traffic,42
4 Wednesday,1.5,2 - medium traffic,52.5
4 Wednesday,1.5,3 - heavy traffic,99
4 Wednesday,1.5,4 - stand still,360.5
4 Wednesday,2,0- free flowing,15241
4 Wednesday,2,1 - light traffic,28
4 Wednesday,2,2 - medium traffic,22.5
4 Wednesday,2,3 - heavy traffic,72
4 Wednesday,2,4 - stand still,224
4 Wednesday,2.5,0- free flowing,14086
4 Wednesday,2.5,1 - light traffic,16
4 Wednesday,2.5,2 - medium traffic,15
4 Wednesday,2.5,3 - heavy traffic,39
4 Wednesday,2.5,4 - stand still,308
4 Wednesday,3,0- free flowing,13738
4 Wednesday,3,1 - light traffic,16
4 Wednesday,3,2 - medium traffic,20
4 Wednesday,3,3 - heavy traffic,48
4 Wednesday,3,4 - stand still,210
4 Wednesday,3.5,0- free flowing,13398
4 Wednesday,3.5,1 - light traffic,18
4 Wednesday,3.5,2 - medium traffic,42.5
4 Wednesday,3.5,3 - heavy traffic,36
4 Wednesday,3.5,4 - stand still,297.5
4 Wednesday,4,0- free flowing,14756
4 Wednesday,4,1 - light traffic,6
4 Wednesday,4,2 - medium traffic,35
4 Wednesday,4,3 - heavy traffic,87
4 Wednesday,4,4 - stand still,143.5
4 Wednesday,4.5,0- free flowing,18104
4 Wednesday,4.5,1 - light traffic,8
4 Wednesday,4.5,2 - medium traffic,20
4 Wednesday,4.5,3 - heavy traffic,105
4 Wednesday,4.5,4 - stand still,35
4 Wednesday,5,0- free flowing,24020
4 Wednesday,5,1 - light traffic,26
4 Wednesday,5,2 - medium traffic,35
4 Wednesday,5,3 - heavy traffic,99
4 Wednesday,5,4 - stand still,164.5
4 Wednesday,5.5,0- free flowing,32373
4 Wednesday,5.5,1 - light traffic,8
4 Wednesday,5.5,2 - medium traffic,42.5
4 Wednesday,5.5,3 - heavy traffic,252
4 Wednesday,5.5,4 - stand still,336
4 Wednesday,6,0- free flowing,38879
4 Wednesday,6,1 - light traffic,10
4 Wednesday,6,2 - medium traffic,75
4 Wednesday,6,3 - heavy traffic,219
4 Wednesday,6,4 - stand still,381.5
4 Wednesday,6.5,0- free flowing,51148
4 Wednesday,6.5,1 - light traffic,26
4 Wednesday,6.5,2 - medium traffic,122.5
4 Wednesday,6.5,3 - heavy traffic,237
4 Wednesday,6.5,4 - stand still,483
4 Wednesday,7,0- free flowing,73684
4 Wednesday,7,1 - light traffic,82
4 Wednesday,7,2 - medium traffic,545
4 Wednesday,7,3 - heavy traffic,1038
4 Wednesday,7,4 - stand still,1295
4 Wednesday,7.5,0- free flowing,117894
4 Wednesday,7.5,1 - light traffic,1196
4 Wednesday,7.5,2 - medium traffic,7472.5
4 Wednesday,7.5,3 - heavy traffic,6936
4 Wednesday,7.5,4 - stand still,1988
4 Wednesday,8,0- free flowing,141448
4 Wednesday,8,1 - light traffic,1906
4 Wednesday,8,2 - medium traffic,12815
4 Wednesday,8,3 - heavy traffic,27978
4 Wednesday,8,4 - stand still,7290.5
4 Wednesday,8.5,0- free flowing,144801
4 Wednesday,8.5,1 - light traffic,1620
4 Wednesday,8.5,2 - medium traffic,8277.5
4 Wednesday,8.5,3 - heavy traffic,16113
4 Wednesday,8.5,4 - stand still,5764.5
4 Wednesday,9,0- free flowing,128604
4 Wednesday,9,1 - light traffic,900
4 Wednesday,9,2 - medium traffic,4227.5
4 Wednesday,9,3 - heavy traffic,8409
4 Wednesday,9,4 - stand still,4182.5
4 Wednesday,9.5,0- free flowing,121568
4 Wednesday,9.5,1 - light traffic,436
4 Wednesday,9.5,2 - medium traffic,2182.5
4 Wednesday,9.5,3 - heavy traffic,2688
4 Wednesday,9.5,4 - stand still,2639
4 Wednesday,10,0- free flowing,123489
4 Wednesday,10,1 - light traffic,298
4 Wednesday,10,2 - medium traffic,1467.5
4 Wednesday,10,3 - heavy traffic,2808
4 Wednesday,10,4 - stand still,1463
4 Wednesday,10.5,0- free flowing,125578
4 Wednesday,10.5,1 - light traffic,406
4 Wednesday,10.5,2 - medium traffic,1185
4 Wednesday,10.5,3 - heavy traffic,3402
4 Wednesday,10.5,4 - stand still,1221.5
4 Wednesday,11,0- free flowing,133416
4 Wednesday,11,1 - light traffic,714
4 Wednesday,11,2 - medium traffic,2215
4 Wednesday,11,3 - heavy traffic,3978
4 Wednesday,11,4 - stand still,4256
4 Wednesday,11.5,0- free flowing,141247
4 Wednesday,11.5,1 - light traffic,1084
4 Wednesday,11.5,2 - medium traffic,3907.5
4 Wednesday,11.5,3 - heavy traffic,6642
4 Wednesday,11.5,4 - stand still,5124
4 Wednesday,12,0- free flowing,149374
4 Wednesday,12,1 - light traffic,994
4 Wednesday,12,2 - medium traffic,6397.5
4 Wednesday,12,3 - heavy traffic,11031
4 Wednesday,12,4 - stand still,5995.5
4 Wednesday,12.5,0- free flowing,159209
4 Wednesday,12.5,1 - light traffic,1430
4 Wednesday,12.5,2 - medium traffic,7485
4 Wednesday,12.5,3 - heavy traffic,16944
4 Wednesday,12.5,4 - stand still,6776
4 Wednesday,13,0- free flowing,158857
4 Wednesday,13,1 - light traffic,1664
4 Wednesday,13,2 - medium traffic,8360
4 Wednesday,13,3 - heavy traffic,15762
4 Wednesday,13,4 - stand still,9632
4 Wednesday,13.5,0- free flowing,163271
4 Wednesday,13.5,1 - light traffic,1472
4 Wednesday,13.5,2 - medium traffic,10242.5
4 Wednesday,13.5,3 - heavy traffic,16083
4 Wednesday,13.5,4 - stand still,10234
4 Wednesday,14,0- free flowing,164306
4 Wednesday,14,1 - light traffic,1870
4 Wednesday,14,2 - medium traffic,11500
4 Wednesday,14,3 - heavy traffic,17430
4 Wednesday,14,4 - stand still,9642.5
4 Wednesday,14.5,0- free flowing,168911
4 Wednesday,14.5,1 - light traffic,2488
4 Wednesday,14.5,2 - medium traffic,15670
4 Wednesday,14.5,3 - heavy traffic,22269
4 Wednesday,14.5,4 - stand still,11658.5
4 Wednesday,15,0- free flowing,175442
4 Wednesday,15,1 - light traffic,4320
4 Wednesday,15,2 - medium traffic,18375
4 Wednesday,15,3 - heavy traffic,25533
4 Wednesday,15,4 - stand still,15501.5
4 Wednesday,15.5,0- free flowing,183782
4 Wednesday,15.5,1 - light traffic,4892
4 Wednesday,15.5,2 - medium traffic,23037.5
4 Wednesday,15.5,3 - heavy traffic,36156
4 Wednesday,15.5,4 - stand still,13569.5
4 Wednesday,16,0- free flowing,177382
4 Wednesday,16,1 - light traffic,3788
4 Wednesday,16,2 - medium traffic,31585
4 Wednesday,16,3 - heavy traffic,35532
4 Wednesday,16,4 - stand still,11963
4 Wednesday,16.5,0- free flowing,195474
4 Wednesday,16.5,1 - light traffic,3052
4 Wednesday,16.5,2 - medium traffic,34962.5
4 Wednesday,16.5,3 - heavy traffic,47085
4 Wednesday,16.5,4 - stand still,15291.5
4 Wednesday,17,0- free flowing,208296
4 Wednesday,17,1 - light traffic,3482
4 Wednesday,17,2 - medium traffic,32405
4 Wednesday,17,3 - heavy traffic,69051
4 Wednesday,17,4 - stand still,17468.5
4 Wednesday,17.5,0- free flowing,220976
4 Wednesday,17.5,1 - light traffic,4402
4 Wednesday,17.5,2 - medium traffic,27367.5
4 Wednesday,17.5,3 - heavy traffic,106692
4 Wednesday,17.5,4 - stand still,21185.5
4 Wednesday,18,0- free flowing,194200
4 Wednesday,18,1 - light traffic,3220
4 Wednesday,18,2 - medium traffic,23537.5
4 Wednesday,18,3 - heavy traffic,61422
4 Wednesday,18,4 - stand still,12565
4 Wednesday,18.5,0- free flowing,156135
4 Wednesday,18.5,1 - light traffic,2058
4 Wednesday,18.5,2 - medium traffic,18830
4 Wednesday,18.5,3 - heavy traffic,17454
4 Wednesday,18.5,4 - stand still,7591.5
4 Wednesday,19,0- free flowing,121930
4 Wednesday,19,1 - light traffic,1230
4 Wednesday,19,2 - medium traffic,6010
4 Wednesday,19,3 - heavy traffic,5259
4 Wednesday,19,4 - stand still,5173
4 Wednesday,19.5,0- free flowing,102821
4 Wednesday,19.5,1 - light traffic,314
4 Wednesday,19.5,2 - medium traffic,1720
4 Wednesday,19.5,3 - heavy traffic,2979
4 Wednesday,19.5,4 - stand still,1974
4 Wednesday,20,0- free flowing,89030
4 Wednesday,20,1 - light traffic,108
4 Wednesday,20,2 - medium traffic,1807.5
4 Wednesday,20,3 - heavy traffic,975
4 Wednesday,20,4 - stand still,980
4 Wednesday,20.5,0- free flowing,79569
4 Wednesday,20.5,1 - light traffic,196
4 Wednesday,20.5,2 - medium traffic,360
4 Wednesday,20.5,3 - heavy traffic,1296
4 Wednesday,20.5,4 - stand still,1809.5
4 Wednesday,21,0- free flowing,71024
4 Wednesday,21,1 - light traffic,142
4 Wednesday,21,2 - medium traffic,330
4 Wednesday,21,3 - heavy traffic,1218
4 Wednesday,21,4 - stand still,1256.5
4 Wednesday,21.5,0- free flowing,63109
4 Wednesday,21.5,1 - light traffic,142
4 Wednesday,21.5,2 - medium traffic,660
4 Wednesday,21.5,3 - heavy traffic,1980
4 Wednesday,21.5,4 - stand still,2481.5
4 Wednesday,22,0- free flowing,51047
4 Wednesday,22,1 - light traffic,48
4 Wednesday,22,2 - medium traffic,337.5
4 Wednesday,22,3 - heavy traffic,1233
4 Wednesday,22,4 - stand still,2789.5
4 Wednesday,22.5,0- free flowing,44472
4 Wednesday,22.5,1 - light traffic,48
4 Wednesday,22.5,2 - medium traffic,377.5
4 Wednesday,22.5,3 - heavy traffic,1143
4 Wednesday,22.5,4 - stand still,2124.5
4 Wednesday,23,0- free flowing,40220
4 Wednesday,23,1 - light traffic,60
4 Wednesday,23,2 - medium traffic,307.5
4 Wednesday,23,3 - heavy traffic,1080
4 Wednesday,23,4 - stand still,1648.5
4 Wednesday,23.5,0- free flowing,36019
4 Wednesday,23.5,1 - light traffic,28
4 Wednesday,23.5,2 - medium traffic,237.5
4 Wednesday,23.5,3 - heavy traffic,1170
4 Wednesday,23.5,4 - stand still,1050
4 Wednesday,24,0- free flowing,29693
4 Wednesday,24,1 - light traffic,50
4 Wednesday,24,2 - medium traffic,122.5
4 Wednesday,24,3 - heavy traffic,504
4 Wednesday,24,4 - stand still,651
5 Thursday,0.5,0- free flowing,27461
5 Thursday,0.5,1 - light traffic,46
5 Thursday,0.5,2 - medium traffic,110
5 Thursday,0.5,3 - heavy traffic,465
5 Thursday,0.5,4 - stand still,675.5
5 Thursday,1,0- free flowing,22904
5 Thursday,1,1 - light traffic,32
5 Thursday,1,2 - medium traffic,75
5 Thursday,1,3 - heavy traffic,144
5 Thursday,1,4 - stand still,626.5
5 Thursday,1.5,0- free flowing,18660
5 Thursday,1.5,1 - light traffic,46
5 Thursday,1.5,2 - medium traffic,45
5 Thursday,1.5,3 - heavy traffic,135
5 Thursday,1.5,4 - stand still,336
5 Thursday,2,0- free flowing,16634
5 Thursday,2,1 - light traffic,34
5 Thursday,2,2 - medium traffic,32.5
5 Thursday,2,3 - heavy traffic,168
5 Thursday,2,4 - stand still,486.5
5 Thursday,2.5,0- free flowing,15592
5 Thursday,2.5,1 - light traffic,12
5 Thursday,2.5,2 - medium traffic,30
5 Thursday,2.5,3 - heavy traffic,84
5 Thursday,2.5,4 - stand still,273
5 Thursday,3,0- free flowing,14870
5 Thursday,3,1 - light traffic,16
5 Thursday,3,2 - medium traffic,42.5
5 Thursday,3,3 - heavy traffic,84
5 Thursday,3,4 - stand still,308
5 Thursday,3.5,0- free flowing,15105
5 Thursday,3.5,1 - light traffic,6
5 Thursday,3.5,2 - medium traffic,50
5 Thursday,3.5,3 - heavy traffic,144
5 Thursday,3.5,4 - stand still,385
5 Thursday,4,0- free flowing,15614
5 Thursday,4,1 - light traffic,8
5 Thursday,4,2 - medium traffic,22.5
5 Thursday,4,3 - heavy traffic,177
5 Thursday,4,4 - stand still,357
5 Thursday,4.5,0- free flowing,19179
5 Thursday,4.5,1 - light traffic,22
5 Thursday,4.5,2 - medium traffic,25
5 Thursday,4.5,3 - heavy traffic,129
5 Thursday,4.5,4 - stand still,378
5 Thursday,5,0- free flowing,25577
5 Thursday,5,1 - light traffic,16
5 Thursday,5,2 - medium traffic,50
5 Thursday,5,3 - heavy traffic,273
5 Thursday,5,4 - stand still,378
5 Thursday,5.5,0- free flowing,33037
5 Thursday,5.5,1 - light traffic,10
5 Thursday,5.5,2 - medium traffic,62.5
5 Thursday,5.5,3 - heavy traffic,258
5 Thursday,5.5,4 - stand still,483
5 Thursday,6,0- free flowing,39065
5 Thursday,6,1 - light traffic,22
5 Thursday,6,2 - medium traffic,35
5 Thursday,6,3 - heavy traffic,225
5 Thursday,6,4 - stand still,392
5 Thursday,6.5,0- free flowing,50999
5 Thursday,6.5,1 - light traffic,48
5 Thursday,6.5,2 - medium traffic,82.5
5 Thursday,6.5,3 - heavy traffic,249
5 Thursday,6.5,4 - stand still,315
5 Thursday,7,0- free flowing,73694
5 Thursday,7,1 - light traffic,80
5 Thursday,7,2 - medium traffic,392.5
5 Thursday,7,3 - heavy traffic,1272
5 Thursday,7,4 - stand still,1207.5
5 Thursday,7.5,0- free flowing,116522
5 Thursday,7.5,1 - light traffic,1376
5 Thursday,7.5,2 - medium traffic,6085
5 Thursday,7.5,3 - heavy traffic,8709
5 Thursday,7.5,4 - stand still,2236.5
5 Thursday,8,0- free flowing,142672
5 Thursday,8,1 - light traffic,1884
5 Thursday,8,2 - medium traffic,12390
5 Thursday,8,3 - heavy traffic,28176
5 Thursday,8,4 - stand still,6485.5
5 Thursday,8.5,0- free flowing,136176
5 Thursday,8.5,1 - light traffic,1328
5 Thursday,8.5,2 - medium traffic,8612.5
5 Thursday,8.5,3 - heavy traffic,12147
5 Thursday,8.5,4 - stand still,6632.5
5 Thursday,9,0- free flowing,125239
5 Thursday,9,1 - light traffic,706
5 Thursday,9,2 - medium traffic,4357.5
5 Thursday,9,3 - heavy traffic,7314
5 Thursday,9,4 - stand still,6419
5 Thursday,9.5,0- free flowing,120787
5 Thursday,9.5,1 - light traffic,470
5 Thursday,9.5,2 - medium traffic,1725
5 Thursday,9.5,3 - heavy traffic,3564
5 Thursday,9.5,4 - stand still,6258
5 Thursday,10,0- free flowing,121242
5 Thursday,10,1 - light traffic,380
5 Thursday,10,2 - medium traffic,1542.5
5 Thursday,10,3 - heavy traffic,3855
5 Thursday,10,4 - stand still,5484.5
5 Thursday,10.5,0- free flowing,128918
5 Thursday,10.5,1 - light traffic,958
5 Thursday,10.5,2 - medium traffic,2570
5 Thursday,10.5,3 - heavy traffic,2976
5 Thursday,10.5,4 - stand still,4522
5 Thursday,11,0- free flowing,136889
5 Thursday,11,1 - light traffic,976
5 Thursday,11,2 - medium traffic,5122.5
5 Thursday,11,3 - heavy traffic,4722
5 Thursday,11,4 - stand still,3412.5
5 Thursday,11.5,0- free flowing,146564
5 Thursday,11.5,1 - light traffic,1310
5 Thursday,11.5,2 - medium traffic,4490
5 Thursday,11.5,3 - heavy traffic,8142
5 Thursday,11.5,4 - stand still,5085.5
5 Thursday,12,0- free flowing,153288
5 Thursday,12,1 - light traffic,1990
5 Thursday,12,2 - medium traffic,6397.5
5 Thursday,12,3 - heavy traffic,11691
5 Thursday,12,4 - stand still,7189
5 Thursday,12.5,0- free flowing,163741
5 Thursday,12.5,1 - light traffic,1818
5 Thursday,12.5,2 - medium traffic,10280
5 Thursday,12.5,3 - heavy traffic,18618
5 Thursday,12.5,4 - stand still,6895
5 Thursday,13,0- free flowing,167460
5 Thursday,13,1 - light traffic,2634
5 Thursday,13,2 - medium traffic,11600
5 Thursday,13,3 - heavy traffic,22992
5 Thursday,13,4 - stand still,10073
5 Thursday,13.5,0- free flowing,169435
5 Thursday,13.5,1 - light traffic,3380
5 Thursday,13.5,2 - medium traffic,15407.5
5 Thursday,13.5,3 - heavy traffic,24000
5 Thursday,13.5,4 - stand still,9012.5
5 Thursday,14,0- free flowing,167001
5 Thursday,14,1 - light traffic,4038
5 Thursday,14,2 - medium traffic,17032.5
5 Thursday,14,3 - heavy traffic,24576
5 Thursday,14,4 - stand still,8991.5
5 Thursday,14.5,0- free flowing,166717
5 Thursday,14.5,1 - light traffic,3386
5 Thursday,14.5,2 - medium traffic,22042.5
5 Thursday,14.5,3 - heavy traffic,28077
5 Thursday,14.5,4 - stand still,7665
5 Thursday,15,0- free flowing,179415
5 Thursday,15,1 - light traffic,3710
5 Thursday,15,2 - medium traffic,26957.5
5 Thursday,15,3 - heavy traffic,36135
5 Thursday,15,4 - stand still,7749
5 Thursday,15.5,0- free flowing,189233
5 Thursday,15.5,1 - light traffic,4566
5 Thursday,15.5,2 - medium traffic,35202.5
5 Thursday,15.5,3 - heavy traffic,44619
5 Thursday,15.5,4 - stand still,10780
5 Thursday,16,0- free flowing,189586
5 Thursday,16,1 - light traffic,4186
5 Thursday,16,2 - medium traffic,44962.5
5 Thursday,16,3 - heavy traffic,56433
5 Thursday,16,4 - stand still,16250.5
5 Thursday,16.5,0- free flowing,210397
5 Thursday,16.5,1 - light traffic,4650
5 Thursday,16.5,2 - medium traffic,44465
5 Thursday,16.5,3 - heavy traffic,76323
5 Thursday,16.5,4 - stand still,18109
5 Thursday,17,0- free flowing,225074
5 Thursday,17,1 - light traffic,5482
5 Thursday,17,2 - medium traffic,39290
5 Thursday,17,3 - heavy traffic,104580
5 Thursday,17,4 - stand still,17132.5
5 Thursday,17.5,0- free flowing,235708
5 Thursday,17.5,1 - light traffic,6038
5 Thursday,17.5,2 - medium traffic,35375
5 Thursday,17.5,3 - heavy traffic,140043
5 Thursday,17.5,4 - stand still,24269
5 Thursday,18,0- free flowing,216306
5 Thursday,18,1 - light traffic,4462
5 Thursday,18,2 - medium traffic,37455
5 Thursday,18,3 - heavy traffic,74028
5 Thursday,18,4 - stand still,16810.5
5 Thursday,18.5,0- free flowing,176208
5 Thursday,18.5,1 - light traffic,3558
5 Thursday,18.5,2 - medium traffic,26675
5 Thursday,18.5,3 - heavy traffic,21570
5 Thursday,18.5,4 - stand still,9173.5
5 Thursday,19,0- free flowing,140928
5 Thursday,19,1 - light traffic,1510
5 Thursday,19,2 - medium traffic,7605
5 Thursday,19,3 - heavy traffic,7338
5 Thursday,19,4 - stand still,4546.5
5 Thursday,19.5,0- free flowing,120550
5 Thursday,19.5,1 - light traffic,658
5 Thursday,19.5,2 - medium traffic,2667.5
5 Thursday,19.5,3 - heavy traffic,2400
5 Thursday,19.5,4 - stand still,3010
5 Thursday,20,0- free flowing,105143
5 Thursday,20,1 - light traffic,352
5 Thursday,20,2 - medium traffic,1120
5 Thursday,20,3 - heavy traffic,1398
5 Thursday,20,4 - stand still,1669.5
5 Thursday,20.5,0- free flowing,93626
5 Thursday,20.5,1 - light traffic,192
5 Thursday,20.5,2 - medium traffic,715
5 Thursday,20.5,3 - heavy traffic,1548
5 Thursday,20.5,4 - stand still,1760.5
5 Thursday,21,0- free flowing,87220
5 Thursday,21,1 - light traffic,226
5 Thursday,21,2 - medium traffic,1125
5 Thursday,21,3 - heavy traffic,1935
5 Thursday,21,4 - stand still,1904
5 Thursday,21.5,0- free flowing,75049
5 Thursday,21.5,1 - light traffic,254
5 Thursday,21.5,2 - medium traffic,997.5
5 Thursday,21.5,3 - heavy traffic,3483
5 Thursday,21.5,4 - stand still,2943.5
5 Thursday,22,0- free flowing,61367
5 Thursday,22,1 - light traffic,142
5 Thursday,22,2 - medium traffic,707.5
5 Thursday,22,3 - heavy traffic,3039
5 Thursday,22,4 - stand still,3836
5 Thursday,22.5,0- free flowing,52827
5 Thursday,22.5,1 - light traffic,48
5 Thursday,22.5,2 - medium traffic,500
5 Thursday,22.5,3 - heavy traffic,1695
5 Thursday,22.5,4 - stand still,5687.5
5 Thursday,23,0- free flowing,47518
5 Thursday,23,1 - light traffic,94
5 Thursday,23,2 - medium traffic,717.5
5 Thursday,23,3 - heavy traffic,1512
5 Thursday,23,4 - stand still,4137
5 Thursday,23.5,0- free flowing,40533
5 Thursday,23.5,1 - light traffic,40
5 Thursday,23.5,2 - medium traffic,972.5
5 Thursday,23.5,3 - heavy traffic,1326
5 Thursday,23.5,4 - stand still,1302
5 Thursday,24,0- free flowing,31834
5 Thursday,24,1 - light traffic,50
5 Thursday,24,2 - medium traffic,267.5
5 Thursday,24,3 - heavy traffic,825
5 Thursday,24,4 - stand still,903
6 Friday,0.5,0- free flowing,32459
6 Friday,0.5,1 - light traffic,30
6 Friday,0.5,2 - medium traffic,102.5
6 Friday,0.5,3 - heavy traffic,462
6 Friday,0.5,4 - stand still,1484
6 Friday,1,0- free flowing,27468
6 Friday,1,1 - light traffic,30
6 Friday,1,2 - medium traffic,47.5
6 Friday,1,3 - heavy traffic,528
6 Friday,1,4 - stand still,966
6 Friday,1.5,0- free flowing,23966
6 Friday,1.5,1 - light traffic,38
6 Friday,1.5,2 - medium traffic,100
6 Friday,1.5,3 - heavy traffic,357
6 Friday,1.5,4 - stand still,630
6 Friday,2,0- free flowing,20401
6 Friday,2,1 - light traffic,22
6 Friday,2,2 - medium traffic,70
6 Friday,2,3 - heavy traffic,171
6 Friday,2,4 - stand still,385
6 Friday,2.5,0- free flowing,19259
6 Friday,2.5,1 - light traffic,14
6 Friday,2.5,2 - medium traffic,30
6 Friday,2.5,3 - heavy traffic,219
6 Friday,2.5,4 - stand still,290.5
6 Friday,3,0- free flowing,18355
6 Friday,3,1 - light traffic,30
6 Friday,3,2 - medium traffic,40
6 Friday,3,3 - heavy traffic,180
6 Friday,3,4 - stand still,483
6 Friday,3.5,0- free flowing,18355
6 Friday,3.5,1 - light traffic,16
6 Friday,3.5,2 - medium traffic,52.5
6 Friday,3.5,3 - heavy traffic,93
6 Friday,3.5,4 - stand still,518
6 Friday,4,0- free flowing,18633
6 Friday,4,1 - light traffic,8
6 Friday,4,2 - medium traffic,40
6 Friday,4,3 - heavy traffic,78
6 Friday,4,4 - stand still,346.5
6 Friday,4.5,0- free flowing,21262
6 Friday,4.5,1 - light traffic,14
6 Friday,4.5,2 - medium traffic,42.5
6 Friday,4.5,3 - heavy traffic,132
6 Friday,4.5,4 - stand still,367.5
6 Friday,5,0- free flowing,26192
6 Friday,5,1 - light traffic,2
6 Friday,5,2 - medium traffic,65
6 Friday,5,3 - heavy traffic,105
6 Friday,5,4 - stand still,259
6 Friday,5.5,0- free flowing,32963
6 Friday,5.5,1 - light traffic,16
6 Friday,5.5,2 - medium traffic,52.5
6 Friday,5.5,3 - heavy traffic,108
6 Friday,5.5,4 - stand still,192.5
6 Friday,6,0- free flowing,37010
6 Friday,6,1 - light traffic,16
6 Friday,6,2 - medium traffic,35
6 Friday,6,3 - heavy traffic,102
6 Friday,6,4 - stand still,196
6 Friday,6.5,0- free flowing,49119
6 Friday,6.5,1 - light traffic,6
6 Friday,6.5,2 - medium traffic,32.5
6 Friday,6.5,3 - heavy traffic,189
6 Friday,6.5,4 - stand still,290.5
6 Friday,7,0- free flowing,68918
6 Friday,7,1 - light traffic,62
6 Friday,7,2 - medium traffic,265
6 Friday,7,3 - heavy traffic,708
6 Friday,7,4 - stand still,920.5
6 Friday,7.5,0- free flowing,107046
6 Friday,7.5,1 - light traffic,632
6 Friday,7.5,2 - medium traffic,3017.5
6 Friday,7.5,3 - heavy traffic,3426
6 Friday,7.5,4 - stand still,2145.5
6 Friday,8,0- free flowing,133732
6 Friday,8,1 - light traffic,1330
6 Friday,8,2 - medium traffic,9140
6 Friday,8,3 - heavy traffic,12843
6 Friday,8,4 - stand still,4910.5
6 Friday,8.5,0- free flowing,135227
6 Friday,8.5,1 - light traffic,878
6 Friday,8.5,2 - medium traffic,3922.5
6 Friday,8.5,3 - heavy traffic,6195
6 Friday,8.5,4 - stand still,5124
6 Friday,9,0- free flowing,123772
6 Friday,9,1 - light traffic,478
6 Friday,9,2 - medium traffic,1895
6 Friday,9,3 - heavy traffic,4233
6 Friday,9,4 - stand still,4221
6 Friday,9.5,0- free flowing,124545
6 Friday,9.5,1 - light traffic,282
6 Friday,9.5,2 - medium traffic,1442.5
6 Friday,9.5,3 - heavy traffic,3066
6 Friday,9.5,4 - stand still,4130
6 Friday,10,0- free flowing,129721
6 Friday,10,1 - light traffic,338
6 Friday,10,2 - medium traffic,2245
6 Friday,10,3 - heavy traffic,4047
6 Friday,10,4 - stand still,3930.5
6 Friday,10.5,0- free flowing,138183
6 Friday,10.5,1 - light traffic,528
6 Friday,10.5,2 - medium traffic,3350
6 Friday,10.5,3 - heavy traffic,4467
6 Friday,10.5,4 - stand still,4595.5
6 Friday,11,0- free flowing,148662
6 Friday,11,1 - light traffic,1140
6 Friday,11,2 - medium traffic,5105
6 Friday,11,3 - heavy traffic,8823
6 Friday,11,4 - stand still,5029.5
6 Friday,11.5,0- free flowing,164653
6 Friday,11.5,1 - light traffic,2010
6 Friday,11.5,2 - medium traffic,9172.5
6 Friday,11.5,3 - heavy traffic,18186
6 Friday,11.5,4 - stand still,6422.5
6 Friday,12,0- free flowing,175528
6 Friday,12,1 - light traffic,3218
6 Friday,12,2 - medium traffic,15485
6 Friday,12,3 - heavy traffic,28842
6 Friday,12,4 - stand still,7409.5
6 Friday,12.5,0- free flowing,181464
6 Friday,12.5,1 - light traffic,4370
6 Friday,12.5,2 - medium traffic,22250
6 Friday,12.5,3 - heavy traffic,38190
6 Friday,12.5,4 - stand still,10993.5
6 Friday,13,0- free flowing,194831
6 Friday,13,1 - light traffic,4812
6 Friday,13,2 - medium traffic,30715
6 Friday,13,3 - heavy traffic,48336
6 Friday,13,4 - stand still,15900.5
6 Friday,13.5,0- free flowing,198404
6 Friday,13.5,1 - light traffic,6286
6 Friday,13.5,2 - medium traffic,35452.5
6 Friday,13.5,3 - heavy traffic,58263
6 Friday,13.5,4 - stand still,20993
6 Friday,14,0- free flowing,204362
6 Friday,14,1 - light traffic,5820
6 Friday,14,2 - medium traffic,45197.5
6 Friday,14,3 - heavy traffic,66291
6 Friday,14,4 - stand still,22176
6 Friday,14.5,0- free flowing,207994
6 Friday,14.5,1 - light traffic,5718
6 Friday,14.5,2 - medium traffic,55702.5
6 Friday,14.5,3 - heavy traffic,73629
6 Friday,14.5,4 - stand still,22288
6 Friday,15,0- free flowing,219094
6 Friday,15,1 - light traffic,6718
6 Friday,15,2 - medium traffic,61185
6 Friday,15,3 - heavy traffic,92838
6 Friday,15,4 - stand still,21360.5
6 Friday,15.5,0- free flowing,232042
6 Friday,15.5,1 - light traffic,5756
6 Friday,15.5,2 - medium traffic,60477.5
6 Friday,15.5,3 - heavy traffic,120216
6 Friday,15.5,4 - stand still,30201.5
6 Friday,16,0- free flowing,243233
6 Friday,16,1 - light traffic,5848
6 Friday,16,2 - medium traffic,63035
6 Friday,16,3 - heavy traffic,138291
6 Friday,16,4 - stand still,39319
6 Friday,16.5,0- free flowing,266968
6 Friday,16.5,1 - light traffic,5482
6 Friday,16.5,2 - medium traffic,63252.5
6 Friday,16.5,3 - heavy traffic,146763
6 Friday,16.5,4 - stand still,41436.5
6 Friday,17,0- free flowing,260081
6 Friday,17,1 - light traffic,6504
6 Friday,17,2 - medium traffic,56085
6 Friday,17,3 - heavy traffic,152934
6 Friday,17,4 - stand still,47271
6 Friday,17.5,0- free flowing,261532
6 Friday,17.5,1 - light traffic,6516
6 Friday,17.5,2 - medium traffic,58147.5
6 Friday,17.5,3 - heavy traffic,144129
6 Friday,17.5,4 - stand still,49147
6 Friday,18,0- free flowing,242767
6 Friday,18,1 - light traffic,6510
6 Friday,18,2 - medium traffic,55347.5
6 Friday,18,3 - heavy traffic,89223
6 Friday,18,4 - stand still,41317.5
6 Friday,18.5,0- free flowing,221281
6 Friday,18.5,1 - light traffic,6370
6 Friday,18.5,2 - medium traffic,39697.5
6 Friday,18.5,3 - heavy traffic,49041
6 Friday,18.5,4 - stand still,33992
6 Friday,19,0- free flowing,191233
6 Friday,19,1 - light traffic,4042
6 Friday,19,2 - medium traffic,25720
6 Friday,19,3 - heavy traffic,26853
6 Friday,19,4 - stand still,27741
6 Friday,19.5,0- free flowing,172040
6 Friday,19.5,1 - light traffic,2622
6 Friday,19.5,2 - medium traffic,16570
6 Friday,19.5,3 - heavy traffic,20010
6 Friday,19.5,4 - stand still,19778.5
6 Friday,20,0- free flowing,149853
6 Friday,20,1 - light traffic,1518
6 Friday,20,2 - medium traffic,12777.5
6 Friday,20,3 - heavy traffic,13005
6 Friday,20,4 - stand still,13016.5
6 Friday,20.5,0- free flowing,136180
6 Friday,20.5,1 - light traffic,1006
6 Friday,20.5,2 - medium traffic,7247.5
6 Friday,20.5,3 - heavy traffic,8652
6 Friday,20.5,4 - stand still,9940
6 Friday,21,0- free flowing,123844
6 Friday,21,1 - light traffic,608
6 Friday,21,2 - medium traffic,6692.5
6 Friday,21,3 - heavy traffic,9708
6 Friday,21,4 - stand still,7143.5
6 Friday,21.5,0- free flowing,113561
6 Friday,21.5,1 - light traffic,1104
6 Friday,21.5,2 - medium traffic,5507.5
6 Friday,21.5,3 - heavy traffic,6267
6 Friday,21.5,4 - stand still,5190.5
6 Friday,22,0- free flowing,95633
6 Friday,22,1 - light traffic,460
6 Friday,22,2 - medium traffic,3487.5
6 Friday,22,3 - heavy traffic,3333
6 Friday,22,4 - stand still,4504.5
6 Friday,22.5,0- free flowing,82761
6 Friday,22.5,1 - light traffic,594
6 Friday,22.5,2 - medium traffic,1625
6 Friday,22.5,3 - heavy traffic,2418
6 Friday,22.5,4 - stand still,2075.5
6 Friday,23,0- free flowing,68598
6 Friday,23,1 - light traffic,62
6 Friday,23,2 - medium traffic,180
6 Friday,23,3 - heavy traffic,606
6 Friday,23,4 - stand still,1218
6 Friday,23.5,0- free flowing,55446
6 Friday,23.5,1 - light traffic,34
6 Friday,23.5,2 - medium traffic,60
6 Friday,23.5,3 - heavy traffic,204
6 Friday,23.5,4 - stand still,864.5
6 Friday,24,0- free flowing,39389
6 Friday,24,1 - light traffic,24
6 Friday,24,2 - medium traffic,142.5
6 Friday,24,3 - heavy traffic,447
6 Friday,24,4 - stand still,1522.5
7 Saturday,0.5,0- free flowing,45179
7 Saturday,0.5,1 - light traffic,22
7 Saturday,0.5,2 - medium traffic,17.5
7 Saturday,0.5,3 - heavy traffic,54
7 Saturday,0.5,4 - stand still,542.5
7 Saturday,1,0- free flowing,36723
7 Saturday,1,1 - light traffic,14
7 Saturday,1,2 - medium traffic,20
7 Saturday,1,3 - heavy traffic,111
7 Saturday,1,4 - stand still,182
7 Saturday,1.5,0- free flowing,32882
7 Saturday,1.5,1 - light traffic,16
7 Saturday,1.5,2 - medium traffic,15
7 Saturday,1.5,3 - heavy traffic,90
7 Saturday,1.5,4 - stand still,143.5
7 Saturday,2,0- free flowing,29496
7 Saturday,2,1 - light traffic,16
7 Saturday,2,2 - medium traffic,22.5
7 Saturday,2,3 - heavy traffic,225
7 Saturday,2,4 - stand still,213.5
7 Saturday,2.5,0- free flowing,26173
7 Saturday,2.5,1 - light traffic,38
7 Saturday,2.5,2 - medium traffic,25
7 Saturday,2.5,3 - heavy traffic,60
7 Saturday,2.5,4 - stand still,206.5
7 Saturday,3,0- free flowing,23651
7 Saturday,3,1 - light traffic,2
7 Saturday,3,2 - medium traffic,17.5
7 Saturday,3,3 - heavy traffic,69
7 Saturday,3,4 - stand still,182
7 Saturday,3.5,0- free flowing,22149
7 Saturday,3.5,1 - light traffic,4
7 Saturday,3.5,2 - medium traffic,50
7 Saturday,3.5,3 - heavy traffic,93
7 Saturday,3.5,4 - stand still,154
7 Saturday,4,0- free flowing,20802
7 Saturday,4,1 - light traffic,24
7 Saturday,4,2 - medium traffic,7.5
7 Saturday,4,3 - heavy traffic,60
7 Saturday,4,4 - stand still,154
7 Saturday,4.5,0- free flowing,20816
7 Saturday,4.5,1 - light traffic,26
7 Saturday,4.5,2 - medium traffic,22.5
7 Saturday,4.5,3 - heavy traffic,96
7 Saturday,4.5,4 - stand still,178.5
7 Saturday,5,0- free flowing,22991
7 Saturday,5,1 - light traffic,8
7 Saturday,5,2 - medium traffic,22.5
7 Saturday,5,3 - heavy traffic,45
7 Saturday,5,4 - stand still,238
7 Saturday,5.5,0- free flowing,27234
7 Saturday,5.5,1 - light traffic,6
7 Saturday,5.5,2 - medium traffic,7.5
7 Saturday,5.5,3 - heavy traffic,57
7 Saturday,5.5,4 - stand still,311.5
7 Saturday,6,0- free flowing,32403
7 Saturday,6,1 - light traffic,8
7 Saturday,6,2 - medium traffic,25
7 Saturday,6,3 - heavy traffic,33
7 Saturday,6,4 - stand still,122.5
7 Saturday,6.5,0- free flowing,38494
7 Saturday,6.5,1 - light traffic,18
7 Saturday,6.5,2 - medium traffic,37.5
7 Saturday,6.5,3 - heavy traffic,156
7 Saturday,6.5,4 - stand still,234.5
7 Saturday,7,0- free flowing,42248
7 Saturday,7,1 - light traffic,28
7 Saturday,7,2 - medium traffic,65
7 Saturday,7,3 - heavy traffic,96
7 Saturday,7,4 - stand still,115.5
7 Saturday,7.5,0- free flowing,52383
7 Saturday,7.5,1 - light traffic,20
7 Saturday,7.5,2 - medium traffic,27.5
7 Saturday,7.5,3 - heavy traffic,279
7 Saturday,7.5,4 - stand still,189
7 Saturday,8,0- free flowing,66828
7 Saturday,8,1 - light traffic,44
7 Saturday,8,2 - medium traffic,105
7 Saturday,8,3 - heavy traffic,420
7 Saturday,8,4 - stand still,479.5
7 Saturday,8.5,0- free flowing,85795
7 Saturday,8.5,1 - light traffic,230
7 Saturday,8.5,2 - medium traffic,182.5
7 Saturday,8.5,3 - heavy traffic,792
7 Saturday,8.5,4 - stand still,945
7 Saturday,9,0- free flowing,97507
7 Saturday,9,1 - light traffic,312
7 Saturday,9,2 - medium traffic,307.5
7 Saturday,9,3 - heavy traffic,1716
7 Saturday,9,4 - stand still,1757
7 Saturday,9.5,0- free flowing,113145
7 Saturday,9.5,1 - light traffic,242
7 Saturday,9.5,2 - medium traffic,282.5
7 Saturday,9.5,3 - heavy traffic,2307
7 Saturday,9.5,4 - stand still,4144
7 Saturday,10,0- free flowing,131316
7 Saturday,10,1 - light traffic,532
7 Saturday,10,2 - medium traffic,1190
7 Saturday,10,3 - heavy traffic,4770
7 Saturday,10,4 - stand still,5617.5
7 Saturday,10.5,0- free flowing,144743
7 Saturday,10.5,1 - light traffic,594
7 Saturday,10.5,2 - medium traffic,3040
7 Saturday,10.5,3 - heavy traffic,7701
7 Saturday,10.5,4 - stand still,5915
7 Saturday,11,0- free flowing,157151
7 Saturday,11,1 - light traffic,746
7 Saturday,11,2 - medium traffic,4742.5
7 Saturday,11,3 - heavy traffic,14658
7 Saturday,11,4 - stand still,7721
7 Saturday,11.5,0- free flowing,169795
7 Saturday,11.5,1 - light traffic,1444
7 Saturday,11.5,2 - medium traffic,6782.5
7 Saturday,11.5,3 - heavy traffic,22986
7 Saturday,11.5,4 - stand still,9166.5
7 Saturday,12,0- free flowing,182766
7 Saturday,12,1 - light traffic,1942
7 Saturday,12,2 - medium traffic,9792.5
7 Saturday,12,3 - heavy traffic,27711
7 Saturday,12,4 - stand still,14378
7 Saturday,12.5,0- free flowing,194343
7 Saturday,12.5,1 - light traffic,2824
7 Saturday,12.5,2 - medium traffic,13817.5
7 Saturday,12.5,3 - heavy traffic,32715
7 Saturday,12.5,4 - stand still,18952.5
7 Saturday,13,0- free flowing,200199
7 Saturday,13,1 - light traffic,2944
7 Saturday,13,2 - medium traffic,16312.5
7 Saturday,13,3 - heavy traffic,38448
7 Saturday,13,4 - stand still,17335.5
7 Saturday,13.5,0- free flowing,199153
7 Saturday,13.5,1 - light traffic,2298
7 Saturday,13.5,2 - medium traffic,17532.5
7 Saturday,13.5,3 - heavy traffic,38307
7 Saturday,13.5,4 - stand still,15711.5
7 Saturday,14,0- free flowing,197779
7 Saturday,14,1 - light traffic,2308
7 Saturday,14,2 - medium traffic,16292.5
7 Saturday,14,3 - heavy traffic,35724
7 Saturday,14,4 - stand still,17006.5
7 Saturday,14.5,0- free flowing,194348
7 Saturday,14.5,1 - light traffic,3032
7 Saturday,14.5,2 - medium traffic,18215
7 Saturday,14.5,3 - heavy traffic,37857
7 Saturday,14.5,4 - stand still,15225
7 Saturday,15,0- free flowing,194042
7 Saturday,15,1 - light traffic,2804
7 Saturday,15,2 - medium traffic,19820
7 Saturday,15,3 - heavy traffic,34161
7 Saturday,15,4 - stand still,15676.5
7 Saturday,15.5,0- free flowing,193542
7 Saturday,15.5,1 - light traffic,2702
7 Saturday,15.5,2 - medium traffic,18645
7 Saturday,15.5,3 - heavy traffic,30849
7 Saturday,15.5,4 - stand still,15239
7 Saturday,16,0- free flowing,190779
7 Saturday,16,1 - light traffic,2102
7 Saturday,16,2 - medium traffic,15887.5
7 Saturday,16,3 - heavy traffic,29673
7 Saturday,16,4 - stand still,15155
7 Saturday,16.5,0- free flowing,186395
7 Saturday,16.5,1 - light traffic,2442
7 Saturday,16.5,2 - medium traffic,15827.5
7 Saturday,16.5,3 - heavy traffic,23970
7 Saturday,16.5,4 - stand still,12316.5
7 Saturday,17,0- free flowing,181540
7 Saturday,17,1 - light traffic,2554
7 Saturday,17,2 - medium traffic,14130
7 Saturday,17,3 - heavy traffic,19104
7 Saturday,17,4 - stand still,9380
7 Saturday,17.5,0- free flowing,178340
7 Saturday,17.5,1 - light traffic,2044
7 Saturday,17.5,2 - medium traffic,14777.5
7 Saturday,17.5,3 - heavy traffic,16191
7 Saturday,17.5,4 - stand still,6741
7 Saturday,18,0- free flowing,170835
7 Saturday,18,1 - light traffic,1948
7 Saturday,18,2 - medium traffic,10330
7 Saturday,18,3 - heavy traffic,12525
7 Saturday,18,4 - stand still,7210
7 Saturday,18.5,0- free flowing,161786
7 Saturday,18.5,1 - light traffic,1260
7 Saturday,18.5,2 - medium traffic,6022.5
7 Saturday,18.5,3 - heavy traffic,9351
7 Saturday,18.5,4 - stand still,6601
7 Saturday,19,0- free flowing,150640
7 Saturday,19,1 - light traffic,550
7 Saturday,19,2 - medium traffic,3792.5
7 Saturday,19,3 - heavy traffic,6156
7 Saturday,19,4 - stand still,5929
7 Saturday,19.5,0- free flowing,134958
7 Saturday,19.5,1 - light traffic,410
7 Saturday,19.5,2 - medium traffic,2960
7 Saturday,19.5,3 - heavy traffic,3606
7 Saturday,19.5,4 - stand still,4494
7 Saturday,20,0- free flowing,107407
7 Saturday,20,1 - light traffic,814
7 Saturday,20,2 - medium traffic,1162.5
7 Saturday,20,3 - heavy traffic,2220
7 Saturday,20,4 - stand still,4189.5
7 Saturday,20.5,0- free flowing,89314
7 Saturday,20.5,1 - light traffic,560
7 Saturday,20.5,2 - medium traffic,732.5
7 Saturday,20.5,3 - heavy traffic,1809
7 Saturday,20.5,4 - stand still,2299.5
7 Saturday,21,0- free flowing,95283
7 Saturday,21,1 - light traffic,84
7 Saturday,21,2 - medium traffic,205
7 Saturday,21,3 - heavy traffic,1467
7 Saturday,21,4 - stand still,2215.5
7 Saturday,21.5,0- free flowing,89744
7 Saturday,21.5,1 - light traffic,68
7 Saturday,21.5,2 - medium traffic,200
7 Saturday,21.5,3 - heavy traffic,981
7 Saturday,21.5,4 - stand still,1102.5
7 Saturday,22,0- free flowing,80888
7 Saturday,22,1 - light traffic,48
7 Saturday,22,2 - medium traffic,220
7 Saturday,22,3 - heavy traffic,597
7 Saturday,22,4 - stand still,766.5
7 Saturday,22.5,0- free flowing,72036
7 Saturday,22.5,1 - light traffic,22
7 Saturday,22.5,2 - medium traffic,90
7 Saturday,22.5,3 - heavy traffic,426
7 Saturday,22.5,4 - stand still,714
7 Saturday,23,0- free flowing,60754
7 Saturday,23,1 - light traffic,28
7 Saturday,23,2 - medium traffic,37.5
7 Saturday,23,3 - heavy traffic,336
7 Saturday,23,4 - stand still,332.5
7 Saturday,23.5,0- free flowing,51139
7 Saturday,23.5,1 - light traffic,2
7 Saturday,23.5,2 - medium traffic,57.5
7 Saturday,23.5,3 - heavy traffic,123
7 Saturday,23.5,4 - stand still,185.5
7 Saturday,24,0- free flowing,41826
7 Saturday,24,1 - light traffic,2
7 Saturday,24,2 - medium traffic,2.5
7 Saturday,24,3 - heavy traffic,159
7 Saturday,24,4 - stand still,549.5
