Day of Week,Time Half Hour,Traffic Level,Traffic Flow
1 Sunday,0.5,0- free flowing,40398
1 Sunday,0.5,1 - light traffic,22
1 Sunday,0.5,2 - medium traffic,2.5
1 Sunday,0.5,3 - heavy traffic,66
1 Sunday,0.5,4 - stand still,147
1 Sunday,1,0- free flowing,35882
1 Sunday,1,1 - light traffic,14
1 Sunday,1,2 - medium traffic,10
1 Sunday,1,3 - heavy traffic,99
1 Sunday,1,4 - stand still,108.5
1 Sunday,1.5,0- free flowing,30772
1 Sunday,1.5,1 - light traffic,8
1 Sunday,1.5,2 - medium traffic,5
1 Sunday,1.5,3 - heavy traffic,33
1 Sunday,1.5,4 - stand still,63
1 Sunday,2,0- free flowing,25130
1 Sunday,2,1 - light traffic,8
1 Sunday,2,2 - medium traffic,12.5
1 Sunday,2,3 - heavy traffic,36
1 Sunday,2,4 - stand still,49
1 Sunday,2.5,0- free flowing,21569
1 Sunday,2.5,1 - light traffic,2
1 Sunday,2.5,2 - medium traffic,0
1 Sunday,2.5,3 - heavy traffic,60
1 Sunday,2.5,4 - stand still,49
1 Sunday,3,0- free flowing,19937
1 Sunday,3,1 - light traffic,2
1 Sunday,3,2 - medium traffic,5
1 Sunday,3,3 - heavy traffic,30
1 Sunday,3,4 - stand still,77
1 Sunday,3.5,0- free flowing,17749
1 Sunday,3.5,1 - light traffic,4
1 Sunday,3.5,2 - medium traffic,10
1 Sunday,3.5,3 - heavy traffic,36
1 Sunday,3.5,4 - stand still,31.5
1 Sunday,4,0- free flowing,15392
1 Sunday,4,1 - light traffic,6
1 Sunday,4,2 - medium traffic,12.5
1 Sunday,4,3 - heavy traffic,54
1 Sunday,4,4 - stand still,28
1 Sunday,4.5,0- free flowing,15014
1 Sunday,4.5,1 - light traffic,12
1 Sunday,4.5,2 - medium traffic,7.5
1 Sunday,4.5,3 - heavy traffic,18
1 Sunday,4.5,4 - stand still,126
1 Sunday,5,0- free flowing,16012
1 Sunday,5,1 - light traffic,14
1 Sunday,5,2 - medium traffic,15
1 Sunday,5,3 - heavy traffic,51
1 Sunday,5,4 - stand still,98
1 Sunday,5.5,0- free flowing,18579
1 Sunday,5.5,1 - light traffic,14
1 Sunday,5.5,2 - medium traffic,5
1 Sunday,5.5,3 - heavy traffic,54
1 Sunday,5.5,4 - stand still,52.5
1 Sunday,6,0- free flowing,22546
1 Sunday,6,1 - light traffic,4
1 Sunday,6,2 - medium traffic,20
1 Sunday,6,3 - heavy traffic,81
1 Sunday,6,4 - stand still,360.5
1 Sunday,6.5,0- free flowing,28782
1 Sunday,6.5,1 - light traffic,10
1 Sunday,6.5,2 - medium traffic,12.5
1 Sunday,6.5,3 - heavy traffic,72
1 Sunday,6.5,4 - stand still,70
1 Sunday,7,0- free flowing,31797
1 Sunday,7,1 - light traffic,14
1 Sunday,7,2 - medium traffic,17.5
1 Sunday,7,3 - heavy traffic,90
1 Sunday,7,4 - stand still,140
1 Sunday,7.5,0- free flowing,36063
1 Sunday,7.5,1 - light traffic,8
1 Sunday,7.5,2 - medium traffic,45
1 Sunday,7.5,3 - heavy traffic,162
1 Sunday,7.5,4 - stand still,402.5
1 Sunday,8,0- free flowing,40588
1 Sunday,8,1 - light traffic,4
1 Sunday,8,2 - medium traffic,110
1 Sunday,8,3 - heavy traffic,102
1 Sunday,8,4 - stand still,1361.5
1 Sunday,8.5,0- free flowing,51362
1 Sunday,8.5,1 - light traffic,8
1 Sunday,8.5,2 - medium traffic,62.5
1 Sunday,8.5,3 - heavy traffic,318
1 Sunday,8.5,4 - stand still,2453.5
1 Sunday,9,0- free flowing,67512
1 Sunday,9,1 - light traffic,30
1 Sunday,9,2 - medium traffic,412.5
1 Sunday,9,3 - heavy traffic,441
1 Sunday,9,4 - stand still,2555
1 Sunday,9.5,0- free flowing,83705
1 Sunday,9.5,1 - light traffic,50
1 Sunday,9.5,2 - medium traffic,422.5
1 Sunday,9.5,3 - heavy traffic,1356
1 Sunday,9.5,4 - stand still,2415
1 Sunday,10,0- free flowing,95532
1 Sunday,10,1 - light traffic,50
1 Sunday,10,2 - medium traffic,340
1 Sunday,10,3 - heavy traffic,2268
1 Sunday,10,4 - stand still,4014.5
1 Sunday,10.5,0- free flowing,123243
1 Sunday,10.5,1 - light traffic,308
1 Sunday,10.5,2 - medium traffic,1025
1 Sunday,10.5,3 - heavy traffic,3963
1 Sunday,10.5,4 - stand still,7049
1 Sunday,11,0- free flowing,140182
1 Sunday,11,1 - light traffic,608
1 Sunday,11,2 - medium traffic,2852.5
1 Sunday,11,3 - heavy traffic,8034
1 Sunday,11,4 - stand still,7941.5
1 Sunday,11.5,0- free flowing,147320
1 Sunday,11.5,1 - light traffic,646
1 Sunday,11.5,2 - medium traffic,3910
1 Sunday,11.5,3 - heavy traffic,13260
1 Sunday,11.5,4 - stand still,10013.5
1 Sunday,12,0- free flowing,162716
1 Sunday,12,1 - light traffic,1452
1 Sunday,12,2 - medium traffic,6130
1 Sunday,12,3 - heavy traffic,19383
1 Sunday,12,4 - stand still,12442.5
1 Sunday,12.5,0- free flowing,182062
1 Sunday,12.5,1 - light traffic,3088
1 Sunday,12.5,2 - medium traffic,9922.5
1 Sunday,12.5,3 - heavy traffic,28191
1 Sunday,12.5,4 - stand still,13772.5
1 Sunday,13,0- free flowing,191602
1 Sunday,13,1 - light traffic,4788
1 Sunday,13,2 - medium traffic,20862.5
1 Sunday,13,3 - heavy traffic,39429
1 Sunday,13,4 - stand still,18837
1 Sunday,13.5,0- free flowing,189994
1 Sunday,13.5,1 - light traffic,5054
1 Sunday,13.5,2 - medium traffic,30637.5
1 Sunday,13.5,3 - heavy traffic,40014
1 Sunday,13.5,4 - stand still,19575.5
1 Sunday,14,0- free flowing,191932
1 Sunday,14,1 - light traffic,4964
1 Sunday,14,2 - medium traffic,30817.5
1 Sunday,14,3 - heavy traffic,43365
1 Sunday,14,4 - stand still,25217.5
1 Sunday,14.5,0- free flowing,192573
1 Sunday,14.5,1 - light traffic,5008
1 Sunday,14.5,2 - medium traffic,31585
1 Sunday,14.5,3 - heavy traffic,49632
1 Sunday,14.5,4 - stand still,27125
1 Sunday,15,0- free flowing,198326
1 Sunday,15,1 - light traffic,4524
1 Sunday,15,2 - medium traffic,32097.5
1 Sunday,15,3 - heavy traffic,52395
1 Sunday,15,4 - stand still,26859
1 Sunday,15.5,0- free flowing,194128
1 Sunday,15.5,1 - light traffic,4030
1 Sunday,15.5,2 - medium traffic,31907.5
1 Sunday,15.5,3 - heavy traffic,49554
1 Sunday,15.5,4 - stand still,24990
1 Sunday,16,0- free flowing,191790
1 Sunday,16,1 - light traffic,4106
1 Sunday,16,2 - medium traffic,34700
1 Sunday,16,3 - heavy traffic,47913
1 Sunday,16,4 - stand still,21532
1 Sunday,16.5,0- free flowing,188857
1 Sunday,16.5,1 - light traffic,3494
1 Sunday,16.5,2 - medium traffic,38322.5
1 Sunday,16.5,3 - heavy traffic,42441
1 Sunday,16.5,4 - stand still,19792.5
1 Sunday,17,0- free flowing,186060
1 Sunday,17,1 - light traffic,4670
1 Sunday,17,2 - medium traffic,33335
1 Sunday,17,3 - heavy traffic,38811
1 Sunday,17,4 - stand still,15911
1 Sunday,17.5,0- free flowing,176515
1 Sunday,17.5,1 - light traffic,3336
1 Sunday,17.5,2 - medium traffic,24300
1 Sunday,17.5,3 - heavy traffic,32970
1 Sunday,17.5,4 - stand still,15816.5
1 Sunday,18,0- free flowing,163868
1 Sunday,18,1 - light traffic,2418
1 Sunday,18,2 - medium traffic,19542.5
1 Sunday,18,3 - heavy traffic,23265
1 Sunday,18,4 - stand still,11294.5
1 Sunday,18.5,0- free flowing,152793
1 Sunday,18.5,1 - light traffic,2052
1 Sunday,18.5,2 - medium traffic,13557.5
1 Sunday,18.5,3 - heavy traffic,17754
1 Sunday,18.5,4 - stand still,7143.5
1 Sunday,19,0- free flowing,134344
1 Sunday,19,1 - light traffic,1014
1 Sunday,19,2 - medium traffic,9590
1 Sunday,19,3 - heavy traffic,11733
1 Sunday,19,4 - stand still,6993
1 Sunday,19.5,0- free flowing,123904
1 Sunday,19.5,1 - light traffic,808
1 Sunday,19.5,2 - medium traffic,4732.5
1 Sunday,19.5,3 - heavy traffic,9852
1 Sunday,19.5,4 - stand still,6429.5
1 Sunday,20,0- free flowing,105567
1 Sunday,20,1 - light traffic,770
1 Sunday,20,2 - medium traffic,4747.5
1 Sunday,20,3 - heavy traffic,4245
1 Sunday,20,4 - stand still,3395
1 Sunday,20.5,0- free flowing,95480
1 Sunday,20.5,1 - light traffic,438
1 Sunday,20.5,2 - medium traffic,2572.5
1 Sunday,20.5,3 - heavy traffic,2637
1 Sunday,20.5,4 - stand still,2744
1 Sunday,21,0- free flowing,83711
1 Sunday,21,1 - light traffic,452
1 Sunday,21,2 - medium traffic,1322.5
1 Sunday,21,3 - heavy traffic,2112
1 Sunday,21,4 - stand still,1925
1 Sunday,21.5,0- free flowing,71181
1 Sunday,21.5,1 - light traffic,220
1 Sunday,21.5,2 - medium traffic,860
1 Sunday,21.5,3 - heavy traffic,2016
1 Sunday,21.5,4 - stand still,3517.5
1 Sunday,22,0- free flowing,60419
1 Sunday,22,1 - light traffic,228
1 Sunday,22,2 - medium traffic,465
1 Sunday,22,3 - heavy traffic,1173
1 Sunday,22,4 - stand still,2485
1 Sunday,22.5,0- free flowing,50335
1 Sunday,22.5,1 - light traffic,158
1 Sunday,22.5,2 - medium traffic,382.5
1 Sunday,22.5,3 - heavy traffic,771
1 Sunday,22.5,4 - stand still,2278.5
1 Sunday,23,0- free flowing,42428
1 Sunday,23,1 - light traffic,150
1 Sunday,23,2 - medium traffic,370
1 Sunday,23,3 - heavy traffic,489
1 Sunday,23,4 - stand still,2418.5
1 Sunday,23.5,0- free flowing,36224
1 Sunday,23.5,1 - light traffic,64
1 Sunday,23.5,2 - medium traffic,170
1 Sunday,23.5,3 - heavy traffic,279
1 Sunday,23.5,4 - stand still,1673
1 Sunday,24,0- free flowing,41767
1 Sunday,24,1 - light traffic,32
1 Sunday,24,2 - medium traffic,112.5
1 Sunday,24,3 - heavy traffic,237
1 Sunday,24,4 - stand still,647.5
2 Monday,0.5,0- free flowing,27359
2 Monday,0.5,1 - light traffic,34
2 Monday,0.5,2 - medium traffic,50
2 Monday,0.5,3 - heavy traffic,144
2 Monday,0.5,4 - stand still,416.5
2 Monday,1,0- free flowing,23438
2 Monday,1,1 - light traffic,36
2 Monday,1,2 - medium traffic,25
2 Monday,1,3 - heavy traffic,81
2 Monday,1,4 - stand still,329
2 Monday,1.5,0- free flowing,20180
2 Monday,1.5,1 - light traffic,26
2 Monday,1.5,2 - medium traffic,15
2 Monday,1.5,3 - heavy traffic,69
2 Monday,1.5,4 - stand still,301
2 Monday,2,0- free flowing,17886
2 Monday,2,1 - light traffic,22
2 Monday,2,2 - medium traffic,47.5
2 Monday,2,3 - heavy traffic,69
2 Monday,2,4 - stand still,437.5
2 Monday,2.5,0- free flowing,16207
2 Monday,2.5,1 - light traffic,28
2 Monday,2.5,2 - medium traffic,25
2 Monday,2.5,3 - heavy traffic,93
2 Monday,2.5,4 - stand still,252
2 Monday,3,0- free flowing,14181
2 Monday,3,1 - light traffic,10
2 Monday,3,2 - medium traffic,20
2 Monday,3,3 - heavy traffic,78
2 Monday,3,4 - stand still,63
2 Monday,3.5,0- free flowing,13810
2 Monday,3.5,1 - light traffic,14
2 Monday,3.5,2 - medium traffic,27.5
2 Monday,3.5,3 - heavy traffic,39
2 Monday,3.5,4 - stand still,94.5
2 Monday,4,0- free flowing,15247
2 Monday,4,1 - light traffic,16
2 Monday,4,2 - medium traffic,55
2 Monday,4,3 - heavy traffic,45
2 Monday,4,4 - stand still,126
2 Monday,4.5,0- free flowing,17997
2 Monday,4.5,1 - light traffic,8
2 Monday,4.5,2 - medium traffic,20
2 Monday,4.5,3 - heavy traffic,39
2 Monday,4.5,4 - stand still,136.5
2 Monday,5,0- free flowing,24141
2 Monday,5,1 - light traffic,16
2 Monday,5,2 - medium traffic,10
2 Monday,5,3 - heavy traffic,60
2 Monday,5,4 - stand still,91
2 Monday,5.5,0- free flowing,31292
2 Monday,5.5,1 - light traffic,6
2 Monday,5.5,2 - medium traffic,35
2 Monday,5.5,3 - heavy traffic,123
2 Monday,5.5,4 - stand still,171.5
2 Monday,6,0- free flowing,36077
2 Monday,6,1 - light traffic,10
2 Monday,6,2 - medium traffic,22.5
2 Monday,6,3 - heavy traffic,165
2 Monday,6,4 - stand still,392
2 Monday,6.5,0- free flowing,47523
2 Monday,6.5,1 - light traffic,6
2 Monday,6.5,2 - medium traffic,72.5
2 Monday,6.5,3 - heavy traffic,372
2 Monday,6.5,4 - stand still,717.5
2 Monday,7,0- free flowing,66249
2 Monday,7,1 - light traffic,62
2 Monday,7,2 - medium traffic,492.5
2 Monday,7,3 - heavy traffic,1113
2 Monday,7,4 - stand still,2320.5
2 Monday,7.5,0- free flowing,106002
2 Monday,7.5,1 - light traffic,660
2 Monday,7.5,2 - medium traffic,2960
2 Monday,7.5,3 - heavy traffic,4689
2 Monday,7.5,4 - stand still,3808
2 Monday,8,0- free flowing,126688
2 Monday,8,1 - light traffic,1406
2 Monday,8,2 - medium traffic,8817.5
2 Monday,8,3 - heavy traffic,18759
2 Monday,8,4 - stand still,7388.5
2 Monday,8.5,0- free flowing,132254
2 Monday,8.5,1 - light traffic,986
2 Monday,8.5,2 - medium traffic,6070
2 Monday,8.5,3 - heavy traffic,11223
2 Monday,8.5,4 - stand still,7651
2 Monday,9,0- free flowing,124212
2 Monday,9,1 - light traffic,710
2 Monday,9,2 - medium traffic,3355
2 Monday,9,3 - heavy traffic,4599
2 Monday,9,4 - stand still,4784.5
2 Monday,9.5,0- free flowing,119521
2 Monday,9.5,1 - light traffic,142
2 Monday,9.5,2 - medium traffic,517.5
2 Monday,9.5,3 - heavy traffic,2496
2 Monday,9.5,4 - stand still,2320.5
2 Monday,10,0- free flowing,122415
2 Monday,10,1 - light traffic,158
2 Monday,10,2 - medium traffic,382.5
2 Monday,10,3 - heavy traffic,1446
2 Monday,10,4 - stand still,1862
2 Monday,10.5,0- free flowing,128227
2 Monday,10.5,1 - light traffic,92
2 Monday,10.5,2 - medium traffic,267.5
2 Monday,10.5,3 - heavy traffic,1053
2 Monday,10.5,4 - stand still,1463
2 Monday,11,0- free flowing,138470
2 Monday,11,1 - light traffic,196
2 Monday,11,2 - medium traffic,895
2 Monday,11,3 - heavy traffic,1887
2 Monday,11,4 - stand still,1669.5
2 Monday,11.5,0- free flowing,144211
2 Monday,11.5,1 - light traffic,564
2 Monday,11.5,2 - medium traffic,1565
2 Monday,11.5,3 - heavy traffic,4290
2 Monday,11.5,4 - stand still,1935.5
2 Monday,12,0- free flowing,151276
2 Monday,12,1 - light traffic,746
2 Monday,12,2 - medium traffic,2447.5
2 Monday,12,3 - heavy traffic,9672
2 Monday,12,4 - stand still,3930.5
2 Monday,12.5,0- free flowing,158837
2 Monday,12.5,1 - light traffic,1094
2 Monday,12.5,2 - medium traffic,4087.5
2 Monday,12.5,3 - heavy traffic,14643
2 Monday,12.5,4 - stand still,6300
2 Monday,13,0- free flowing,168060
2 Monday,13,1 - light traffic,1248
2 Monday,13,2 - medium traffic,7240
2 Monday,13,3 - heavy traffic,17538
2 Monday,13,4 - stand still,7189
2 Monday,13.5,0- free flowing,171865
2 Monday,13.5,1 - light traffic,1888
2 Monday,13.5,2 - medium traffic,9385
2 Monday,13.5,3 - heavy traffic,19356
2 Monday,13.5,4 - stand still,7637
2 Monday,14,0- free flowing,170861
2 Monday,14,1 - light traffic,1424
2 Monday,14,2 - medium traffic,12187.5
2 Monday,14,3 - heavy traffic,19437
2 Monday,14,4 - stand still,6860
2 Monday,14.5,0- free flowing,174202
2 Monday,14.5,1 - light traffic,2390
2 Monday,14.5,2 - medium traffic,12952.5
2 Monday,14.5,3 - heavy traffic,25224
2 Monday,14.5,4 - stand still,6727
2 Monday,15,0- free flowing,182632
2 Monday,15,1 - light traffic,2568
2 Monday,15,2 - medium traffic,13607.5
2 Monday,15,3 - heavy traffic,32508
2 Monday,15,4 - stand still,5439
2 Monday,15.5,0- free flowing,188928
2 Monday,15.5,1 - light traffic,3150
2 Monday,15.5,2 - medium traffic,19187.5
2 Monday,15.5,3 - heavy traffic,32760
2 Monday,15.5,4 - stand still,8858.5
2 Monday,16,0- free flowing,187693
2 Monday,16,1 - light traffic,3226
2 Monday,16,2 - medium traffic,26307.5
2 Monday,16,3 - heavy traffic,30612
2 Monday,16,4 - stand still,10493
2 Monday,16.5,0- free flowing,200131
2 Monday,16.5,1 - light traffic,2558
2 Monday,16.5,2 - medium traffic,28862.5
2 Monday,16.5,3 - heavy traffic,36249
2 Monday,16.5,4 - stand still,8347.5
2 Monday,17,0- free flowing,214006
2 Monday,17,1 - light traffic,2854
2 Monday,17,2 - medium traffic,30685
2 Monday,17,3 - heavy traffic,49980
2 Monday,17,4 - stand still,8921.5
2 Monday,17.5,0- free flowing,223628
2 Monday,17.5,1 - light traffic,3588
2 Monday,17.5,2 - medium traffic,33182.5
2 Monday,17.5,3 - heavy traffic,72372
2 Monday,17.5,4 - stand still,14525
2 Monday,18,0- free flowing,191604
2 Monday,18,1 - light traffic,3052
2 Monday,18,2 - medium traffic,21702.5
2 Monday,18,3 - heavy traffic,37707
2 Monday,18,4 - stand still,10059
2 Monday,18.5,0- free flowing,157758
2 Monday,18.5,1 - light traffic,1442
2 Monday,18.5,2 - medium traffic,9255
2 Monday,18.5,3 - heavy traffic,9021
2 Monday,18.5,4 - stand still,4424
2 Monday,19,0- free flowing,124329
2 Monday,19,1 - light traffic,510
2 Monday,19,2 - medium traffic,1957.5
2 Monday,19,3 - heavy traffic,2652
2 Monday,19,4 - stand still,2534
2 Monday,19.5,0- free flowing,106408
2 Monday,19.5,1 - light traffic,308
2 Monday,19.5,2 - medium traffic,500
2 Monday,19.5,3 - heavy traffic,1080
2 Monday,19.5,4 - stand still,3013.5
2 Monday,20,0- free flowing,92833
2 Monday,20,1 - light traffic,98
2 Monday,20,2 - medium traffic,467.5
2 Monday,20,3 - heavy traffic,516
2 Monday,20,4 - stand still,2285.5
2 Monday,20.5,0- free flowing,81194
2 Monday,20.5,1 - light traffic,226
2 Monday,20.5,2 - medium traffic,302.5
2 Monday,20.5,3 - heavy traffic,669
2 Monday,20.5,4 - stand still,1417.5
2 Monday,21,0- free flowing,70992
2 Monday,21,1 - light traffic,206
2 Monday,21,2 - medium traffic,157.5
2 Monday,21,3 - heavy traffic,717
2 Monday,21,4 - stand still,686
2 Monday,21.5,0- free flowing,61565
2 Monday,21.5,1 - light traffic,84
2 Monday,21.5,2 - medium traffic,365
2 Monday,21.5,3 - heavy traffic,1242
2 Monday,21.5,4 - stand still,1932
2 Monday,22,0- free flowing,51103
2 Monday,22,1 - light traffic,48
2 Monday,22,2 - medium traffic,85
2 Monday,22,3 - heavy traffic,1071
2 Monday,22,4 - stand still,2772
2 Monday,22.5,0- free flowing,43809
2 Monday,22.5,1 - light traffic,22
2 Monday,22.5,2 - medium traffic,167.5
2 Monday,22.5,3 - heavy traffic,756
2 Monday,22.5,4 - stand still,1505
2 Monday,23,0- free flowing,38611
2 Monday,23,1 - light traffic,30
2 Monday,23,2 - medium traffic,280
2 Monday,23,3 - heavy traffic,672
2 Monday,23,4 - stand still,1018.5
2 Monday,23.5,0- free flowing,34642
2 Monday,23.5,1 - light traffic,48
2 Monday,23.5,2 - medium traffic,172.5
2 Monday,23.5,3 - heavy traffic,552
2 Monday,23.5,4 - stand still,1393
2 Monday,24,0- free flowing,31786
2 Monday,24,1 - light traffic,58
2 Monday,24,2 - medium traffic,117.5
2 Monday,24,3 - heavy traffic,195
2 Monday,24,4 - stand still,1641.5
3 Tuesday,0.5,0- free flowing,25714
3 Tuesday,0.5,1 - light traffic,24
3 Tuesday,0.5,2 - medium traffic,72.5
3 Tuesday,0.5,3 - heavy traffic,264
3 Tuesday,0.5,4 - stand still,1267
3 Tuesday,1,0- free flowing,21643
3 Tuesday,1,1 - light traffic,56
3 Tuesday,1,2 - medium traffic,35
3 Tuesday,1,3 - heavy traffic,279
3 Tuesday,1,4 - stand still,903
3 Tuesday,1.5,0- free flowing,17811
3 Tuesday,1.5,1 - light traffic,28
3 Tuesday,1.5,2 - medium traffic,35
3 Tuesday,1.5,3 - heavy traffic,84
3 Tuesday,1.5,4 - stand still,521.5
3 Tuesday,2,0- free flowing,15803
3 Tuesday,2,1 - light traffic,48
3 Tuesday,2,2 - medium traffic,32.5
3 Tuesday,2,3 - heavy traffic,141
3 Tuesday,2,4 - stand still,360.5
3 Tuesday,2.5,0- free flowing,14433
3 Tuesday,2.5,1 - light traffic,40
3 Tuesday,2.5,2 - medium traffic,20
3 Tuesday,2.5,3 - heavy traffic,90
3 Tuesday,2.5,4 - stand still,451.5
3 Tuesday,3,0- free flowing,13541
3 Tuesday,3,1 - light traffic,10
3 Tuesday,3,2 - medium traffic,30
3 Tuesday,3,3 - heavy traffic,90
3 Tuesday,3,4 - stand still,192.5
3 Tuesday,3.5,0- free flowing,13812
3 Tuesday,3.5,1 - light traffic,16
3 Tuesday,3.5,2 - medium traffic,15
3 Tuesday,3.5,3 - heavy traffic,78
3 Tuesday,3.5,4 - stand still,126
3 Tuesday,4,0- free flowing,14817
3 Tuesday,4,1 - light traffic,16
3 Tuesday,4,2 - medium traffic,20
3 Tuesday,4,3 - heavy traffic,66
3 Tuesday,4,4 - stand still,192.5
3 Tuesday,4.5,0- free flowing,17509
3 Tuesday,4.5,1 - light traffic,16
3 Tuesday,4.5,2 - medium traffic,15
3 Tuesday,4.5,3 - heavy traffic,105
3 Tuesday,4.5,4 - stand still,182
3 Tuesday,5,0- free flowing,24516
3 Tuesday,5,1 - light traffic,10
3 Tuesday,5,2 - medium traffic,30
3 Tuesday,5,3 - heavy traffic,90
3 Tuesday,5,4 - stand still,231
3 Tuesday,5.5,0- free flowing,33082
3 Tuesday,5.5,1 - light traffic,20
3 Tuesday,5.5,2 - medium traffic,20
3 Tuesday,5.5,3 - heavy traffic,138
3 Tuesday,5.5,4 - stand still,301
3 Tuesday,6,0- free flowing,40079
3 Tuesday,6,1 - light traffic,12
3 Tuesday,6,2 - medium traffic,17.5
3 Tuesday,6,3 - heavy traffic,144
3 Tuesday,6,4 - stand still,143.5
3 Tuesday,6.5,0- free flowing,51412
3 Tuesday,6.5,1 - light traffic,8
3 Tuesday,6.5,2 - medium traffic,75
3 Tuesday,6.5,3 - heavy traffic,213
3 Tuesday,6.5,4 - stand still,350
3 Tuesday,7,0- free flowing,76020
3 Tuesday,7,1 - light traffic,74
3 Tuesday,7,2 - medium traffic,380
3 Tuesday,7,3 - heavy traffic,1047
3 Tuesday,7,4 - stand still,1064
3 Tuesday,7.5,0- free flowing,122263
3 Tuesday,7.5,1 - light traffic,1214
3 Tuesday,7.5,2 - medium traffic,6602.5
3 Tuesday,7.5,3 - heavy traffic,8463
3 Tuesday,7.5,4 - stand still,2856
3 Tuesday,8,0- free flowing,142712
3 Tuesday,8,1 - light traffic,1434
3 Tuesday,8,2 - medium traffic,12852.5
3 Tuesday,8,3 - heavy traffic,28422
3 Tuesday,8,4 - stand still,7091
3 Tuesday,8.5,0- free flowing,143913
3 Tuesday,8.5,1 - light traffic,1426
3 Tuesday,8.5,2 - medium traffic,8050
3 Tuesday,8.5,3 - heavy traffic,14088
3 Tuesday,8.5,4 - stand still,4259.5
3 Tuesday,9,0- free flowing,126868
3 Tuesday,9,1 - light traffic,820
3 Tuesday,9,2 - medium traffic,3800
3 Tuesday,9,3 - heavy traffic,6750
3 Tuesday,9,4 - stand still,4907
3 Tuesday,9.5,0- free flowing,116137
3 Tuesday,9.5,1 - light traffic,206
3 Tuesday,9.5,2 - medium traffic,1305
3 Tuesday,9.5,3 - heavy traffic,3216
3 Tuesday,9.5,4 - stand still,3584
3 Tuesday,10,0- free flowing,118217
3 Tuesday,10,1 - light traffic,176
3 Tuesday,10,2 - medium traffic,632.5
3 Tuesday,10,3 - heavy traffic,2415
3 Tuesday,10,4 - stand still,1921.5
3 Tuesday,10.5,0- free flowing,120352
3 Tuesday,10.5,1 - light traffic,182
3 Tuesday,10.5,2 - medium traffic,702.5
3 Tuesday,10.5,3 - heavy traffic,1716
3 Tuesday,10.5,4 - stand still,1799
3 Tuesday,11,0- free flowing,126062
3 Tuesday,11,1 - light traffic,128
3 Tuesday,11,2 - medium traffic,660
3 Tuesday,11,3 - heavy traffic,3759
3 Tuesday,11,4 - stand still,2261
3 Tuesday,11.5,0- free flowing,133048
3 Tuesday,11.5,1 - light traffic,270
3 Tuesday,11.5,2 - medium traffic,1087.5
3 Tuesday,11.5,3 - heavy traffic,5112
3 Tuesday,11.5,4 - stand still,2719.5
3 Tuesday,12,0- free flowing,137966
3 Tuesday,12,1 - light traffic,496
3 Tuesday,12,2 - medium traffic,2037.5
3 Tuesday,12,3 - heavy traffic,6939
3 Tuesday,12,4 - stand still,2527
3 Tuesday,12.5,0- free flowing,146852
3 Tuesday,12.5,1 - light traffic,870
3 Tuesday,12.5,2 - medium traffic,3207.5
3 Tuesday,12.5,3 - heavy traffic,8775
3 Tuesday,12.5,4 - stand still,2922.5
3 Tuesday,13,0- free flowing,147095
3 Tuesday,13,1 - light traffic,1040
3 Tuesday,13,2 - medium traffic,4542.5
3 Tuesday,13,3 - heavy traffic,11823
3 Tuesday,13,4 - stand still,3794
3 Tuesday,13.5,0- free flowing,147551
3 Tuesday,13.5,1 - light traffic,940
3 Tuesday,13.5,2 - medium traffic,5887.5
3 Tuesday,13.5,3 - heavy traffic,15462
3 Tuesday,13.5,4 - stand still,4200
3 Tuesday,14,0- free flowing,139906
3 Tuesday,14,1 - light traffic,1506
3 Tuesday,14,2 - medium traffic,6415
3 Tuesday,14,3 - heavy traffic,15786
3 Tuesday,14,4 - stand still,5575.5
3 Tuesday,14.5,0- free flowing,152354
3 Tuesday,14.5,1 - light traffic,1832
3 Tuesday,14.5,2 - medium traffic,7765
3 Tuesday,14.5,3 - heavy traffic,17871
3 Tuesday,14.5,4 - stand still,6916
3 Tuesday,15,0- free flowing,161796
3 Tuesday,15,1 - light traffic,1756
3 Tuesday,15,2 - medium traffic,10235
3 Tuesday,15,3 - heavy traffic,18336
3 Tuesday,15,4 - stand still,8858.5
3 Tuesday,15.5,0- free flowing,169811
3 Tuesday,15.5,1 - light traffic,3888
3 Tuesday,15.5,2 - medium traffic,15310
3 Tuesday,15.5,3 - heavy traffic,18798
3 Tuesday,15.5,4 - stand still,9954
3 Tuesday,16,0- free flowing,173338
3 Tuesday,16,1 - light traffic,3086
3 Tuesday,16,2 - medium traffic,26040
3 Tuesday,16,3 - heavy traffic,23670
3 Tuesday,16,4 - stand still,10447.5
3 Tuesday,16.5,0- free flowing,187279
3 Tuesday,16.5,1 - light traffic,2090
3 Tuesday,16.5,2 - medium traffic,30692.5
3 Tuesday,16.5,3 - heavy traffic,31176
3 Tuesday,16.5,4 - stand still,12211.5
3 Tuesday,17,0- free flowing,196064
3 Tuesday,17,1 - light traffic,2728
3 Tuesday,17,2 - medium traffic,30705
3 Tuesday,17,3 - heavy traffic,43956
3 Tuesday,17,4 - stand still,14336
3 Tuesday,17.5,0- free flowing,209299
3 Tuesday,17.5,1 - light traffic,4206
3 Tuesday,17.5,2 - medium traffic,28385
3 Tuesday,17.5,3 - heavy traffic,78141
3 Tuesday,17.5,4 - stand still,22753.5
3 Tuesday,18,0- free flowing,185013
3 Tuesday,18,1 - light traffic,2430
3 Tuesday,18,2 - medium traffic,23167.5
3 Tuesday,18,3 - heavy traffic,41046
3 Tuesday,18,4 - stand still,12040
3 Tuesday,18.5,0- free flowing,152599
3 Tuesday,18.5,1 - light traffic,1676
3 Tuesday,18.5,2 - medium traffic,13682.5
3 Tuesday,18.5,3 - heavy traffic,11838
3 Tuesday,18.5,4 - stand still,6611.5
3 Tuesday,19,0- free flowing,117753
3 Tuesday,19,1 - light traffic,874
3 Tuesday,19,2 - medium traffic,2067.5
3 Tuesday,19,3 - heavy traffic,4860
3 Tuesday,19,4 - stand still,4308.5
3 Tuesday,19.5,0- free flowing,98892
3 Tuesday,19.5,1 - light traffic,402
3 Tuesday,19.5,2 - medium traffic,1247.5
3 Tuesday,19.5,3 - heavy traffic,1749
3 Tuesday,19.5,4 - stand still,2978.5
3 Tuesday,20,0- free flowing,84308
3 Tuesday,20,1 - light traffic,424
3 Tuesday,20,2 - medium traffic,595
3 Tuesday,20,3 - heavy traffic,948
3 Tuesday,20,4 - stand still,1771
3 Tuesday,20.5,0- free flowing,74981
3 Tuesday,20.5,1 - light traffic,212
3 Tuesday,20.5,2 - medium traffic,280
3 Tuesday,20.5,3 - heavy traffic,804
3 Tuesday,20.5,4 - stand still,1323
3 Tuesday,21,0- free flowing,67020
3 Tuesday,21,1 - light traffic,350
3 Tuesday,21,2 - medium traffic,427.5
3 Tuesday,21,3 - heavy traffic,924
3 Tuesday,21,4 - stand still,1403.5
3 Tuesday,21.5,0- free flowing,57379
3 Tuesday,21.5,1 - light traffic,90
3 Tuesday,21.5,2 - medium traffic,195
3 Tuesday,21.5,3 - heavy traffic,1545
3 Tuesday,21.5,4 - stand still,2380
3 Tuesday,22,0- free flowing,47394
3 Tuesday,22,1 - light traffic,32
3 Tuesday,22,2 - medium traffic,285
3 Tuesday,22,3 - heavy traffic,1107
3 Tuesday,22,4 - stand still,2733.5
3 Tuesday,22.5,0- free flowing,43052
3 Tuesday,22.5,1 - light traffic,24
3 Tuesday,22.5,2 - medium traffic,252.5
3 Tuesday,22.5,3 - heavy traffic,966
3 Tuesday,22.5,4 - stand still,1942.5
3 Tuesday,23,0- free flowing,38221
3 Tuesday,23,1 - light traffic,32
3 Tuesday,23,2 - medium traffic,220
3 Tuesday,23,3 - heavy traffic,969
3 Tuesday,23,4 - stand still,1571.5
3 Tuesday,23.5,0- free flowing,34064
3 Tuesday,23.5,1 - light traffic,20
3 Tuesday,23.5,2 - medium traffic,250
3 Tuesday,23.5,3 - heavy traffic,669
3 Tuesday,23.5,4 - stand still,749
3 Tuesday,24,0- free flowing,28852
3 Tuesday,24,1 - light traffic,48
3 Tuesday,24,2 - medium traffic,95
3 Tuesday,24,3 - heavy traffic,405
3 Tuesday,24,4 - stand still,819
4 Wednesday,0.5,0- free flowing,24700
4 Wednesday,0.5,1 - light traffic,46
4 Wednesday,0.5,2 - medium traffic,62.5
4 Wednesday,0.5,3 - heavy traffic,159
4 Wednesday,0.5,4 - stand still,392
4 Wednesday,1,0- free flowing,20662
4 Wednesday,1,1 - light traffic,42
4 Wednesday,1,2 - medium traffic,52.5
4 Wednesday,1,3 - heavy traffic,138
4 Wednesday,1,4 - stand still,462
4 Wednesday,1.5,0- free flowing,17216
4 Wednesday,1.5,1 - light traffic,42
4 Wednesday,1.5,2 - medium traffic,52.5
4 Wednesday,1.5,3 - heavy traffic,99
4 Wednesday,1.5,4 - stand still,360.5
4 Wednesday,2,0- free flowing,14973
4 Wednesday,2,1 - light traffic,28
4 Wednesday,2,2 - medium traffic,22.5
4 Wednesday,2,3 - heavy traffic,72
4 Wednesday,2,4 - stand still,224
4 Wednesday,2.5,0- free flowing,13854
4 Wednesday,2.5,1 - light traffic,16
4 Wednesday,2.5,2 - medium traffic,15
4 Wednesday,2.5,3 - heavy traffic,39
4 Wednesday,2.5,4 - stand still,308
4 Wednesday,3,0- free flowing,13454
4 Wednesday,3,1 - light traffic,16
4 Wednesday,3,2 - medium traffic,20
4 Wednesday,3,3 - heavy traffic,48
4 Wednesday,3,4 - stand still,210
4 Wednesday,3.5,0- free flowing,13153
4 Wednesday,3.5,1 - light traffic,18
4 Wednesday,3.5,2 - medium traffic,42.5
4 Wednesday,3.5,3 - heavy traffic,36
4 Wednesday,3.5,4 - stand still,297.5
4 Wednesday,4,0- free flowing,14436
4 Wednesday,4,1 - light traffic,6
4 Wednesday,4,2 - medium traffic,35
4 Wednesday,4,3 - heavy traffic,87
4 Wednesday,4,4 - stand still,143.5
4 Wednesday,4.5,0- free flowing,17657
4 Wednesday,4.5,1 - light traffic,8
4 Wednesday,4.5,2 - medium traffic,20
4 Wednesday,4.5,3 - heavy traffic,105
4 Wednesday,4.5,4 - stand still,35
4 Wednesday,5,0- free flowing,23430
4 Wednesday,5,1 - light traffic,24
4 Wednesday,5,2 - medium traffic,35
4 Wednesday,5,3 - heavy traffic,96
4 Wednesday,5,4 - stand still,164.5
4 Wednesday,5.5,0- free flowing,31372
4 Wednesday,5.5,1 - light traffic,8
4 Wednesday,5.5,2 - medium traffic,42.5
4 Wednesday,5.5,3 - heavy traffic,249
4 Wednesday,5.5,4 - stand still,325.5
4 Wednesday,6,0- free flowing,37626
4 Wednesday,6,1 - light traffic,10
4 Wednesday,6,2 - medium traffic,72.5
4 Wednesday,6,3 - heavy traffic,219
4 Wednesday,6,4 - stand still,381.5
4 Wednesday,6.5,0- free flowing,49214
4 Wednesday,6.5,1 - light traffic,26
4 Wednesday,6.5,2 - medium traffic,122.5
4 Wednesday,6.5,3 - heavy traffic,237
4 Wednesday,6.5,4 - stand still,483
4 Wednesday,7,0- free flowing,70658
4 Wednesday,7,1 - light traffic,82
4 Wednesday,7,2 - medium traffic,530
4 Wednesday,7,3 - heavy traffic,978
4 Wednesday,7,4 - stand still,1288
4 Wednesday,7.5,0- free flowing,113085
4 Wednesday,7.5,1 - light traffic,1106
4 Wednesday,7.5,2 - medium traffic,7180
4 Wednesday,7.5,3 - heavy traffic,6729
4 Wednesday,7.5,4 - stand still,1974
4 Wednesday,8,0- free flowing,135856
4 Wednesday,8,1 - light traffic,1844
4 Wednesday,8,2 - medium traffic,12325
4 Wednesday,8,3 - heavy traffic,27498
4 Wednesday,8,4 - stand still,7199.5
4 Wednesday,8.5,0- free flowing,139701
4 Wednesday,8.5,1 - light traffic,1606
4 Wednesday,8.5,2 - medium traffic,8150
4 Wednesday,8.5,3 - heavy traffic,15858
4 Wednesday,8.5,4 - stand still,5659.5
4 Wednesday,9,0- free flowing,125031
4 Wednesday,9,1 - light traffic,874
4 Wednesday,9,2 - medium traffic,4187.5
4 Wednesday,9,3 - heavy traffic,8232
4 Wednesday,9,4 - stand still,3983
4 Wednesday,9.5,0- free flowing,118323
4 Wednesday,9.5,1 - light traffic,384
4 Wednesday,9.5,2 - medium traffic,2155
4 Wednesday,9.5,3 - heavy traffic,2658
4 Wednesday,9.5,4 - stand still,2488.5
4 Wednesday,10,0- free flowing,120901
4 Wednesday,10,1 - light traffic,262
4 Wednesday,10,2 - medium traffic,1387.5
4 Wednesday,10,3 - heavy traffic,2748
4 Wednesday,10,4 - stand still,1421
4 Wednesday,10.5,0- free flowing,122233
4 Wednesday,10.5,1 - light traffic,390
4 Wednesday,10.5,2 - medium traffic,1172.5
4 Wednesday,10.5,3 - heavy traffic,3381
4 Wednesday,10.5,4 - stand still,1214.5
4 Wednesday,11,0- free flowing,129831
4 Wednesday,11,1 - light traffic,712
4 Wednesday,11,2 - medium traffic,2207.5
4 Wednesday,11,3 - heavy traffic,3975
4 Wednesday,11,4 - stand still,4256
4 Wednesday,11.5,0- free flowing,138399
4 Wednesday,11.5,1 - light traffic,1084
4 Wednesday,11.5,2 - medium traffic,3850
4 Wednesday,11.5,3 - heavy traffic,6633
4 Wednesday,11.5,4 - stand still,5124
4 Wednesday,12,0- free flowing,145358
4 Wednesday,12,1 - light traffic,960
4 Wednesday,12,2 - medium traffic,6247.5
4 Wednesday,12,3 - heavy traffic,10845
4 Wednesday,12,4 - stand still,5964
4 Wednesday,12.5,0- free flowing,155135
4 Wednesday,12.5,1 - light traffic,1384
4 Wednesday,12.5,2 - medium traffic,7340
4 Wednesday,12.5,3 - heavy traffic,16440
4 Wednesday,12.5,4 - stand still,6489
4 Wednesday,13,0- free flowing,156705
4 Wednesday,13,1 - light traffic,1662
4 Wednesday,13,2 - medium traffic,8335
4 Wednesday,13,3 - heavy traffic,15444
4 Wednesday,13,4 - stand still,9110.5
4 Wednesday,13.5,0- free flowing,158942
4 Wednesday,13.5,1 - light traffic,1398
4 Wednesday,13.5,2 - medium traffic,10052.5
4 Wednesday,13.5,3 - heavy traffic,15738
4 Wednesday,13.5,4 - stand still,9996
4 Wednesday,14,0- free flowing,160166
4 Wednesday,14,1 - light traffic,1852
4 Wednesday,14,2 - medium traffic,11212.5
4 Wednesday,14,3 - heavy traffic,17205
4 Wednesday,14,4 - stand still,9303
4 Wednesday,14.5,0- free flowing,165630
4 Wednesday,14.5,1 - light traffic,2462
4 Wednesday,14.5,2 - medium traffic,15357.5
4 Wednesday,14.5,3 - heavy traffic,21720
4 Wednesday,14.5,4 - stand still,11623.5
4 Wednesday,15,0- free flowing,172236
4 Wednesday,15,1 - light traffic,4280
4 Wednesday,15,2 - medium traffic,18070
4 Wednesday,15,3 - heavy traffic,24807
4 Wednesday,15,4 - stand still,15099
4 Wednesday,15.5,0- free flowing,180309
4 Wednesday,15.5,1 - light traffic,4828
4 Wednesday,15.5,2 - medium traffic,22590
4 Wednesday,15.5,3 - heavy traffic,35628
4 Wednesday,15.5,4 - stand still,13548.5
4 Wednesday,16,0- free flowing,174754
4 Wednesday,16,1 - light traffic,3732
4 Wednesday,16,2 - medium traffic,31362.5
4 Wednesday,16,3 - heavy traffic,34914
4 Wednesday,16,4 - stand still,11739
4 Wednesday,16.5,0- free flowing,191414
4 Wednesday,16.5,1 - light traffic,2940
4 Wednesday,16.5,2 - medium traffic,34622.5
4 Wednesday,16.5,3 - heavy traffic,46323
4 Wednesday,16.5,4 - stand still,14640.5
4 Wednesday,17,0- free flowing,206847
4 Wednesday,17,1 - light traffic,3368
4 Wednesday,17,2 - medium traffic,32365
4 Wednesday,17,3 - heavy traffic,68517
4 Wednesday,17,4 - stand still,17076.5
4 Wednesday,17.5,0- free flowing,219326
4 Wednesday,17.5,1 - light traffic,4378
4 Wednesday,17.5,2 - medium traffic,27212.5
4 Wednesday,17.5,3 - heavy traffic,106038
4 Wednesday,17.5,4 - stand still,20832
4 Wednesday,18,0- free flowing,192914
4 Wednesday,18,1 - light traffic,3196
4 Wednesday,18,2 - medium traffic,23220
4 Wednesday,18,3 - heavy traffic,61035
4 Wednesday,18,4 - stand still,12432
4 Wednesday,18.5,0- free flowing,156135
4 Wednesday,18.5,1 - light traffic,2058
4 Wednesday,18.5,2 - medium traffic,18830
4 Wednesday,18.5,3 - heavy traffic,17454
4 Wednesday,18.5,4 - stand still,7591.5
4 Wednesday,19,0- free flowing,121930
4 Wednesday,19,1 - light traffic,1230
4 Wednesday,19,2 - medium traffic,6010
4 Wednesday,19,3 - heavy traffic,5259
4 Wednesday,19,4 - stand still,5173
4 Wednesday,19.5,0- free flowing,102821
4 Wednesday,19.5,1 - light traffic,314
4 Wednesday,19.5,2 - medium traffic,1720
4 Wednesday,19.5,3 - heavy traffic,2979
4 Wednesday,19.5,4 - stand still,1974
4 Wednesday,20,0- free flowing,88434
4 Wednesday,20,1 - light traffic,108
4 Wednesday,20,2 - medium traffic,1807.5
4 Wednesday,20,3 - heavy traffic,975
4 Wednesday,20,4 - stand still,980
4 Wednesday,20.5,0- free flowing,78997
4 Wednesday,20.5,1 - light traffic,196
4 Wednesday,20.5,2 - medium traffic,360
4 Wednesday,20.5,3 - heavy traffic,1296
4 Wednesday,20.5,4 - stand still,1809.5
4 Wednesday,21,0- free flowing,70045
4 Wednesday,21,1 - light traffic,142
4 Wednesday,21,2 - medium traffic,307.5
4 Wednesday,21,3 - heavy traffic,1194
4 Wednesday,21,4 - stand still,1256.5
4 Wednesday,21.5,0- free flowing,61365
4 Wednesday,21.5,1 - light traffic,142
4 Wednesday,21.5,2 - medium traffic,627.5
4 Wednesday,21.5,3 - heavy traffic,1977
4 Wednesday,21.5,4 - stand still,2229.5
4 Wednesday,22,0- free flowing,49326
4 Wednesday,22,1 - light traffic,48
4 Wednesday,22,2 - medium traffic,310
4 Wednesday,22,3 - heavy traffic,1233
4 Wednesday,22,4 - stand still,2534
4 Wednesday,22.5,0- free flowing,43487
4 Wednesday,22.5,1 - light traffic,48
4 Wednesday,22.5,2 - medium traffic,377.5
4 Wednesday,22.5,3 - heavy traffic,1119
4 Wednesday,22.5,4 - stand still,1960
4 Wednesday,23,0- free flowing,39534
4 Wednesday,23,1 - light traffic,38
4 Wednesday,23,2 - medium traffic,307.5
4 Wednesday,23,3 - heavy traffic,1065
4 Wednesday,23,4 - stand still,1536.5
4 Wednesday,23.5,0- free flowing,35351
4 Wednesday,23.5,1 - light traffic,26
4 Wednesday,23.5,2 - medium traffic,237.5
4 Wednesday,23.5,3 - heavy traffic,1146
4 Wednesday,23.5,4 - stand still,934.5
4 Wednesday,24,0- free flowing,29245
4 Wednesday,24,1 - light traffic,50
4 Wednesday,24,2 - medium traffic,122.5
4 Wednesday,24,3 - heavy traffic,504
4 Wednesday,24,4 - stand still,651
5 Thursday,0.5,0- free flowing,27043
5 Thursday,0.5,1 - light traffic,46
5 Thursday,0.5,2 - medium traffic,110
5 Thursday,0.5,3 - heavy traffic,465
5 Thursday,0.5,4 - stand still,637
5 Thursday,1,0- free flowing,22557
5 Thursday,1,1 - light traffic,32
5 Thursday,1,2 - medium traffic,75
5 Thursday,1,3 - heavy traffic,144
5 Thursday,1,4 - stand still,577.5
5 Thursday,1.5,0- free flowing,18349
5 Thursday,1.5,1 - light traffic,46
5 Thursday,1.5,2 - medium traffic,45
5 Thursday,1.5,3 - heavy traffic,135
5 Thursday,1.5,4 - stand still,287
5 Thursday,2,0- free flowing,16361
5 Thursday,2,1 - light traffic,34
5 Thursday,2,2 - medium traffic,32.5
5 Thursday,2,3 - heavy traffic,168
5 Thursday,2,4 - stand still,430.5
5 Thursday,2.5,0- free flowing,15345
5 Thursday,2.5,1 - light traffic,12
5 Thursday,2.5,2 - medium traffic,30
5 Thursday,2.5,3 - heavy traffic,84
5 Thursday,2.5,4 - stand still,234.5
5 Thursday,3,0- free flowing,14655
5 Thursday,3,1 - light traffic,16
5 Thursday,3,2 - medium traffic,42.5
5 Thursday,3,3 - heavy traffic,84
5 Thursday,3,4 - stand still,287
5 Thursday,3.5,0- free flowing,14855
5 Thursday,3.5,1 - light traffic,6
5 Thursday,3.5,2 - medium traffic,45
5 Thursday,3.5,3 - heavy traffic,144
5 Thursday,3.5,4 - stand still,385
5 Thursday,4,0- free flowing,15347
5 Thursday,4,1 - light traffic,8
5 Thursday,4,2 - medium traffic,22.5
5 Thursday,4,3 - heavy traffic,174
5 Thursday,4,4 - stand still,332.5
5 Thursday,4.5,0- free flowing,18848
5 Thursday,4.5,1 - light traffic,20
5 Thursday,4.5,2 - medium traffic,25
5 Thursday,4.5,3 - heavy traffic,111
5 Thursday,4.5,4 - stand still,350
5 Thursday,5,0- free flowing,25230
5 Thursday,5,1 - light traffic,16
5 Thursday,5,2 - medium traffic,47.5
5 Thursday,5,3 - heavy traffic,252
5 Thursday,5,4 - stand still,378
5 Thursday,5.5,0- free flowing,32447
5 Thursday,5.5,1 - light traffic,10
5 Thursday,5.5,2 - medium traffic,62.5
5 Thursday,5.5,3 - heavy traffic,258
5 Thursday,5.5,4 - stand still,451.5
5 Thursday,6,0- free flowing,38339
5 Thursday,6,1 - light traffic,12
5 Thursday,6,2 - medium traffic,35
5 Thursday,6,3 - heavy traffic,225
5 Thursday,6,4 - stand still,392
5 Thursday,6.5,0- free flowing,49894
5 Thursday,6.5,1 - light traffic,48
5 Thursday,6.5,2 - medium traffic,82.5
5 Thursday,6.5,3 - heavy traffic,201
5 Thursday,6.5,4 - stand still,308
5 Thursday,7,0- free flowing,72002
5 Thursday,7,1 - light traffic,80
5 Thursday,7,2 - medium traffic,392.5
5 Thursday,7,3 - heavy traffic,1239
5 Thursday,7,4 - stand still,1137.5
5 Thursday,7.5,0- free flowing,114960
5 Thursday,7.5,1 - light traffic,1346
5 Thursday,7.5,2 - medium traffic,6002.5
5 Thursday,7.5,3 - heavy traffic,8619
5 Thursday,7.5,4 - stand still,2047.5
5 Thursday,8,0- free flowing,140638
5 Thursday,8,1 - light traffic,1878
5 Thursday,8,2 - medium traffic,12337.5
5 Thursday,8,3 - heavy traffic,27846
5 Thursday,8,4 - stand still,6443.5
5 Thursday,8.5,0- free flowing,134188
5 Thursday,8.5,1 - light traffic,1328
5 Thursday,8.5,2 - medium traffic,8602.5
5 Thursday,8.5,3 - heavy traffic,12006
5 Thursday,8.5,4 - stand still,6601
5 Thursday,9,0- free flowing,123387
5 Thursday,9,1 - light traffic,706
5 Thursday,9,2 - medium traffic,4310
5 Thursday,9,3 - heavy traffic,7290
5 Thursday,9,4 - stand still,6419
5 Thursday,9.5,0- free flowing,118074
5 Thursday,9.5,1 - light traffic,454
5 Thursday,9.5,2 - medium traffic,1682.5
5 Thursday,9.5,3 - heavy traffic,3483
5 Thursday,9.5,4 - stand still,6205.5
5 Thursday,10,0- free flowing,118543
5 Thursday,10,1 - light traffic,370
5 Thursday,10,2 - medium traffic,1517.5
5 Thursday,10,3 - heavy traffic,3690
5 Thursday,10,4 - stand still,5456.5
5 Thursday,10.5,0- free flowing,126201
5 Thursday,10.5,1 - light traffic,942
5 Thursday,10.5,2 - medium traffic,2560
5 Thursday,10.5,3 - heavy traffic,2904
5 Thursday,10.5,4 - stand still,4238.5
5 Thursday,11,0- free flowing,133930
5 Thursday,11,1 - light traffic,976
5 Thursday,11,2 - medium traffic,5090
5 Thursday,11,3 - heavy traffic,4608
5 Thursday,11,4 - stand still,3031
5 Thursday,11.5,0- free flowing,143537
5 Thursday,11.5,1 - light traffic,1244
5 Thursday,11.5,2 - medium traffic,4482.5
5 Thursday,11.5,3 - heavy traffic,7773
5 Thursday,11.5,4 - stand still,4861.5
5 Thursday,12,0- free flowing,150026
5 Thursday,12,1 - light traffic,1936
5 Thursday,12,2 - medium traffic,6292.5
5 Thursday,12,3 - heavy traffic,11427
5 Thursday,12,4 - stand still,6667.5
5 Thursday,12.5,0- free flowing,159157
5 Thursday,12.5,1 - light traffic,1800
5 Thursday,12.5,2 - medium traffic,9932.5
5 Thursday,12.5,3 - heavy traffic,18291
5 Thursday,12.5,4 - stand still,6408.5
5 Thursday,13,0- free flowing,163006
5 Thursday,13,1 - light traffic,2510
5 Thursday,13,2 - medium traffic,11235
5 Thursday,13,3 - heavy traffic,22554
5 Thursday,13,4 - stand still,9555
5 Thursday,13.5,0- free flowing,165986
5 Thursday,13.5,1 - light traffic,3338
5 Thursday,13.5,2 - medium traffic,14910
5 Thursday,13.5,3 - heavy traffic,23631
5 Thursday,13.5,4 - stand still,8417.5
5 Thursday,14,0- free flowing,163600
5 Thursday,14,1 - light traffic,3952
5 Thursday,14,2 - medium traffic,16712.5
5 Thursday,14,3 - heavy traffic,24051
5 Thursday,14,4 - stand still,8578.5
5 Thursday,14.5,0- free flowing,164289
5 Thursday,14.5,1 - light traffic,3364
5 Thursday,14.5,2 - medium traffic,21932.5
5 Thursday,14.5,3 - heavy traffic,27603
5 Thursday,14.5,4 - stand still,7255.5
5 Thursday,15,0- free flowing,178302
5 Thursday,15,1 - light traffic,3710
5 Thursday,15,2 - medium traffic,26825
5 Thursday,15,3 - heavy traffic,35610
5 Thursday,15,4 - stand still,7731.5
5 Thursday,15.5,0- free flowing,186573
5 Thursday,15.5,1 - light traffic,4506
5 Thursday,15.5,2 - medium traffic,34892.5
5 Thursday,15.5,3 - heavy traffic,43287
5 Thursday,15.5,4 - stand still,10671.5
5 Thursday,16,0- free flowing,185804
5 Thursday,16,1 - light traffic,4132
5 Thursday,16,2 - medium traffic,44267.5
5 Thursday,16,3 - heavy traffic,55428
5 Thursday,16,4 - stand still,15715
5 Thursday,16.5,0- free flowing,207691
5 Thursday,16.5,1 - light traffic,4566
5 Thursday,16.5,2 - medium traffic,43932.5
5 Thursday,16.5,3 - heavy traffic,76197
5 Thursday,16.5,4 - stand still,17356.5
5 Thursday,17,0- free flowing,223506
5 Thursday,17,1 - light traffic,5434
5 Thursday,17,2 - medium traffic,39082.5
5 Thursday,17,3 - heavy traffic,104031
5 Thursday,17,4 - stand still,16947
5 Thursday,17.5,0- free flowing,234119
5 Thursday,17.5,1 - light traffic,5988
5 Thursday,17.5,2 - medium traffic,35210
5 Thursday,17.5,3 - heavy traffic,139374
5 Thursday,17.5,4 - stand still,23957.5
5 Thursday,18,0- free flowing,213705
5 Thursday,18,1 - light traffic,4452
5 Thursday,18,2 - medium traffic,37247.5
5 Thursday,18,3 - heavy traffic,73269
5 Thursday,18,4 - stand still,16737
5 Thursday,18.5,0- free flowing,174060
5 Thursday,18.5,1 - light traffic,3512
5 Thursday,18.5,2 - medium traffic,26620
5 Thursday,18.5,3 - heavy traffic,21411
5 Thursday,18.5,4 - stand still,9135
5 Thursday,19,0- free flowing,139232
5 Thursday,19,1 - light traffic,1508
5 Thursday,19,2 - medium traffic,7575
5 Thursday,19,3 - heavy traffic,7323
5 Thursday,19,4 - stand still,4546.5
5 Thursday,19.5,0- free flowing,119138
5 Thursday,19.5,1 - light traffic,658
5 Thursday,19.5,2 - medium traffic,2667.5
5 Thursday,19.5,3 - heavy traffic,2400
5 Thursday,19.5,4 - stand still,3010
5 Thursday,20,0- free flowing,103812
5 Thursday,20,1 - light traffic,352
5 Thursday,20,2 - medium traffic,1120
5 Thursday,20,3 - heavy traffic,1395
5 Thursday,20,4 - stand still,1669.5
5 Thursday,20.5,0- free flowing,92405
5 Thursday,20.5,1 - light traffic,190
5 Thursday,20.5,2 - medium traffic,710
5 Thursday,20.5,3 - heavy traffic,1548
5 Thursday,20.5,4 - stand still,1760.5
5 Thursday,21,0- free flowing,85530
5 Thursday,21,1 - light traffic,226
5 Thursday,21,2 - medium traffic,1125
5 Thursday,21,3 - heavy traffic,1935
5 Thursday,21,4 - stand still,1904
5 Thursday,21.5,0- free flowing,73574
5 Thursday,21.5,1 - light traffic,252
5 Thursday,21.5,2 - medium traffic,990
5 Thursday,21.5,3 - heavy traffic,3483
5 Thursday,21.5,4 - stand still,2919
5 Thursday,22,0- free flowing,60268
5 Thursday,22,1 - light traffic,138
5 Thursday,22,2 - medium traffic,707.5
5 Thursday,22,3 - heavy traffic,3006
5 Thursday,22,4 - stand still,3818.5
5 Thursday,22.5,0- free flowing,51525
5 Thursday,22.5,1 - light traffic,48
5 Thursday,22.5,2 - medium traffic,500
5 Thursday,22.5,3 - heavy traffic,1677
5 Thursday,22.5,4 - stand still,5659.5
5 Thursday,23,0- free flowing,46753
5 Thursday,23,1 - light traffic,94
5 Thursday,23,2 - medium traffic,717.5
5 Thursday,23,3 - heavy traffic,1512
5 Thursday,23,4 - stand still,4088
5 Thursday,23.5,0- free flowing,39931
5 Thursday,23.5,1 - light traffic,40
5 Thursday,23.5,2 - medium traffic,965
5 Thursday,23.5,3 - heavy traffic,1326
5 Thursday,23.5,4 - stand still,1267
5 Thursday,24,0- free flowing,31301
5 Thursday,24,1 - light traffic,50
5 Thursday,24,2 - medium traffic,267.5
5 Thursday,24,3 - heavy traffic,807
5 Thursday,24,4 - stand still,857.5
6 Friday,0.5,0- free flowing,32093
6 Friday,0.5,1 - light traffic,28
6 Friday,0.5,2 - medium traffic,102.5
6 Friday,0.5,3 - heavy traffic,462
6 Friday,0.5,4 - stand still,1484
6 Friday,1,0- free flowing,27140
6 Friday,1,1 - light traffic,30
6 Friday,1,2 - medium traffic,47.5
6 Friday,1,3 - heavy traffic,528
6 Friday,1,4 - stand still,966
6 Friday,1.5,0- free flowing,23695
6 Friday,1.5,1 - light traffic,38
6 Friday,1.5,2 - medium traffic,100
6 Friday,1.5,3 - heavy traffic,357
6 Friday,1.5,4 - stand still,630
6 Friday,2,0- free flowing,20160
6 Friday,2,1 - light traffic,22
6 Friday,2,2 - medium traffic,70
6 Friday,2,3 - heavy traffic,171
6 Friday,2,4 - stand still,385
6 Friday,2.5,0- free flowing,19047
6 Friday,2.5,1 - light traffic,14
6 Friday,2.5,2 - medium traffic,30
6 Friday,2.5,3 - heavy traffic,219
6 Friday,2.5,4 - stand still,290.5
6 Friday,3,0- free flowing,18063
6 Friday,3,1 - light traffic,30
6 Friday,3,2 - medium traffic,40
6 Friday,3,3 - heavy traffic,180
6 Friday,3,4 - stand still,483
6 Friday,3.5,0- free flowing,18044
6 Friday,3.5,1 - light traffic,16
6 Friday,3.5,2 - medium traffic,52.5
6 Friday,3.5,3 - heavy traffic,93
6 Friday,3.5,4 - stand still,518
6 Friday,4,0- free flowing,18305
6 Friday,4,1 - light traffic,8
6 Friday,4,2 - medium traffic,40
6 Friday,4,3 - heavy traffic,78
6 Friday,4,4 - stand still,346.5
6 Friday,4.5,0- free flowing,20895
6 Friday,4.5,1 - light traffic,14
6 Friday,4.5,2 - medium traffic,42.5
6 Friday,4.5,3 - heavy traffic,132
6 Friday,4.5,4 - stand still,367.5
6 Friday,5,0- free flowing,25809
6 Friday,5,1 - light traffic,2
6 Friday,5,2 - medium traffic,65
6 Friday,5,3 - heavy traffic,105
6 Friday,5,4 - stand still,259
6 Friday,5.5,0- free flowing,32378
6 Friday,5.5,1 - light traffic,16
6 Friday,5.5,2 - medium traffic,52.5
6 Friday,5.5,3 - heavy traffic,105
6 Friday,5.5,4 - stand still,192.5
6 Friday,6,0- free flowing,36285
6 Friday,6,1 - light traffic,16
6 Friday,6,2 - medium traffic,32.5
6 Friday,6,3 - heavy traffic,102
6 Friday,6,4 - stand still,196
6 Friday,6.5,0- free flowing,47964
6 Friday,6.5,1 - light traffic,6
6 Friday,6.5,2 - medium traffic,32.5
6 Friday,6.5,3 - heavy traffic,189
6 Friday,6.5,4 - stand still,290.5
6 Friday,7,0- free flowing,67200
6 Friday,7,1 - light traffic,62
6 Friday,7,2 - medium traffic,260
6 Friday,7,3 - heavy traffic,669
6 Friday,7,4 - stand still,913.5
6 Friday,7.5,0- free flowing,104562
6 Friday,7.5,1 - light traffic,576
6 Friday,7.5,2 - medium traffic,2892.5
6 Friday,7.5,3 - heavy traffic,3297
6 Friday,7.5,4 - stand still,2121
6 Friday,8,0- free flowing,129436
6 Friday,8,1 - light traffic,1282
6 Friday,8,2 - medium traffic,8977.5
6 Friday,8,3 - heavy traffic,12468
6 Friday,8,4 - stand still,4697
6 Friday,8.5,0- free flowing,133192
6 Friday,8.5,1 - light traffic,878
6 Friday,8.5,2 - medium traffic,3865
6 Friday,8.5,3 - heavy traffic,6084
6 Friday,8.5,4 - stand still,5022.5
6 Friday,9,0- free flowing,121881
6 Friday,9,1 - light traffic,478
6 Friday,9,2 - medium traffic,1880
6 Friday,9,3 - heavy traffic,4152
6 Friday,9,4 - stand still,4193
6 Friday,9.5,0- free flowing,122769
6 Friday,9.5,1 - light traffic,270
6 Friday,9.5,2 - medium traffic,1440
6 Friday,9.5,3 - heavy traffic,3027
6 Friday,9.5,4 - stand still,4130
6 Friday,10,0- free flowing,129721
6 Friday,10,1 - light traffic,338
6 Friday,10,2 - medium traffic,2245
6 Friday,10,3 - heavy traffic,4047
6 Friday,10,4 - stand still,3930.5
6 Friday,10.5,0- free flowing,138183
6 Friday,10.5,1 - light traffic,528
6 Friday,10.5,2 - medium traffic,3350
6 Friday,10.5,3 - heavy traffic,4467
6 Friday,10.5,4 - stand still,4595.5
6 Friday,11,0- free flowing,148662
6 Friday,11,1 - light traffic,1140
6 Friday,11,2 - medium traffic,5105
6 Friday,11,3 - heavy traffic,8823
6 Friday,11,4 - stand still,5029.5
6 Friday,11.5,0- free flowing,164653
6 Friday,11.5,1 - light traffic,2010
6 Friday,11.5,2 - medium traffic,9172.5
6 Friday,11.5,3 - heavy traffic,18186
6 Friday,11.5,4 - stand still,6422.5
6 Friday,12,0- free flowing,175528
6 Friday,12,1 - light traffic,3218
6 Friday,12,2 - medium traffic,15485
6 Friday,12,3 - heavy traffic,28842
6 Friday,12,4 - stand still,7409.5
6 Friday,12.5,0- free flowing,181464
6 Friday,12.5,1 - light traffic,4370
6 Friday,12.5,2 - medium traffic,22250
6 Friday,12.5,3 - heavy traffic,38190
6 Friday,12.5,4 - stand still,10993.5
6 Friday,13,0- free flowing,193634
6 Friday,13,1 - light traffic,4794
6 Friday,13,2 - medium traffic,30277.5
6 Friday,13,3 - heavy traffic,48198
6 Friday,13,4 - stand still,15893.5
6 Friday,13.5,0- free flowing,195822
6 Friday,13.5,1 - light traffic,6146
6 Friday,13.5,2 - medium traffic,34957.5
6 Friday,13.5,3 - heavy traffic,57552
6 Friday,13.5,4 - stand still,20979
6 Friday,14,0- free flowing,201891
6 Friday,14,1 - light traffic,5712
6 Friday,14,2 - medium traffic,44782.5
6 Friday,14,3 - heavy traffic,65301
6 Friday,14,4 - stand still,22141
6 Friday,14.5,0- free flowing,206661
6 Friday,14.5,1 - light traffic,5614
6 Friday,14.5,2 - medium traffic,55365
6 Friday,14.5,3 - heavy traffic,73185
6 Friday,14.5,4 - stand still,22284.5
6 Friday,15,0- free flowing,217787
6 Friday,15,1 - light traffic,6718
6 Friday,15,2 - medium traffic,60912.5
6 Friday,15,3 - heavy traffic,92118
6 Friday,15,4 - stand still,21357
6 Friday,15.5,0- free flowing,229122
6 Friday,15.5,1 - light traffic,5724
6 Friday,15.5,2 - medium traffic,60007.5
6 Friday,15.5,3 - heavy traffic,119079
6 Friday,15.5,4 - stand still,29424.5
6 Friday,16,0- free flowing,240190
6 Friday,16,1 - light traffic,5768
6 Friday,16,2 - medium traffic,62635
6 Friday,16,3 - heavy traffic,136944
6 Friday,16,4 - stand still,39172
6 Friday,16.5,0- free flowing,265380
6 Friday,16.5,1 - light traffic,5452
6 Friday,16.5,2 - medium traffic,63187.5
6 Friday,16.5,3 - heavy traffic,145833
6 Friday,16.5,4 - stand still,41275.5
6 Friday,17,0- free flowing,258388
6 Friday,17,1 - light traffic,6416
6 Friday,17,2 - medium traffic,55817.5
6 Friday,17,3 - heavy traffic,152394
6 Friday,17,4 - stand still,46963
6 Friday,17.5,0- free flowing,258271
6 Friday,17.5,1 - light traffic,6492
6 Friday,17.5,2 - medium traffic,57855
6 Friday,17.5,3 - heavy traffic,142389
6 Friday,17.5,4 - stand still,48282.5
6 Friday,18,0- free flowing,239773
6 Friday,18,1 - light traffic,6466
6 Friday,18,2 - medium traffic,54777.5
6 Friday,18,3 - heavy traffic,88467
6 Friday,18,4 - stand still,40768
6 Friday,18.5,0- free flowing,217617
6 Friday,18.5,1 - light traffic,6268
6 Friday,18.5,2 - medium traffic,38867.5
6 Friday,18.5,3 - heavy traffic,48366
6 Friday,18.5,4 - stand still,33943
6 Friday,19,0- free flowing,189108
6 Friday,19,1 - light traffic,3970
6 Friday,19,2 - medium traffic,25547.5
6 Friday,19,3 - heavy traffic,26640
6 Friday,19,4 - stand still,27737.5
6 Friday,19.5,0- free flowing,170115
6 Friday,19.5,1 - light traffic,2594
6 Friday,19.5,2 - medium traffic,16517.5
6 Friday,19.5,3 - heavy traffic,19986
6 Friday,19.5,4 - stand still,19778.5
6 Friday,20,0- free flowing,148197
6 Friday,20,1 - light traffic,1514
6 Friday,20,2 - medium traffic,12777.5
6 Friday,20,3 - heavy traffic,12978
6 Friday,20,4 - stand still,13016.5
6 Friday,20.5,0- free flowing,133855
6 Friday,20.5,1 - light traffic,1006
6 Friday,20.5,2 - medium traffic,7245
6 Friday,20.5,3 - heavy traffic,8637
6 Friday,20.5,4 - stand still,9929.5
6 Friday,21,0- free flowing,121821
6 Friday,21,1 - light traffic,606
6 Friday,21,2 - medium traffic,6690
6 Friday,21,3 - heavy traffic,9696
6 Friday,21,4 - stand still,7143.5
6 Friday,21.5,0- free flowing,111143
6 Friday,21.5,1 - light traffic,1104
6 Friday,21.5,2 - medium traffic,5502.5
6 Friday,21.5,3 - heavy traffic,6261
6 Friday,21.5,4 - stand still,5190.5
6 Friday,22,0- free flowing,94679
6 Friday,22,1 - light traffic,460
6 Friday,22,2 - medium traffic,3487.5
6 Friday,22,3 - heavy traffic,3333
6 Friday,22,4 - stand still,4504.5
6 Friday,22.5,0- free flowing,81061
6 Friday,22.5,1 - light traffic,594
6 Friday,22.5,2 - medium traffic,1587.5
6 Friday,22.5,3 - heavy traffic,2418
6 Friday,22.5,4 - stand still,2075.5
6 Friday,23,0- free flowing,67393
6 Friday,23,1 - light traffic,62
6 Friday,23,2 - medium traffic,175
6 Friday,23,3 - heavy traffic,606
6 Friday,23,4 - stand still,1218
6 Friday,23.5,0- free flowing,54229
6 Friday,23.5,1 - light traffic,34
6 Friday,23.5,2 - medium traffic,60
6 Friday,23.5,3 - heavy traffic,204
6 Friday,23.5,4 - stand still,864.5
6 Friday,24,0- free flowing,38923
6 Friday,24,1 - light traffic,24
6 Friday,24,2 - medium traffic,140
6 Friday,24,3 - heavy traffic,444
6 Friday,24,4 - stand still,1519
7 Saturday,0.5,0- free flowing,43427
7 Saturday,0.5,1 - light traffic,22
7 Saturday,0.5,2 - medium traffic,17.5
7 Saturday,0.5,3 - heavy traffic,54
7 Saturday,0.5,4 - stand still,542.5
7 Saturday,1,0- free flowing,36099
7 Saturday,1,1 - light traffic,14
7 Saturday,1,2 - medium traffic,20
7 Saturday,1,3 - heavy traffic,111
7 Saturday,1,4 - stand still,182
7 Saturday,1.5,0- free flowing,32345
7 Saturday,1.5,1 - light traffic,16
7 Saturday,1.5,2 - medium traffic,12.5
7 Saturday,1.5,3 - heavy traffic,90
7 Saturday,1.5,4 - stand still,143.5
7 Saturday,2,0- free flowing,29067
7 Saturday,2,1 - light traffic,16
7 Saturday,2,2 - medium traffic,22.5
7 Saturday,2,3 - heavy traffic,225
7 Saturday,2,4 - stand still,213.5
7 Saturday,2.5,0- free flowing,25785
7 Saturday,2.5,1 - light traffic,38
7 Saturday,2.5,2 - medium traffic,25
7 Saturday,2.5,3 - heavy traffic,60
7 Saturday,2.5,4 - stand still,206.5
7 Saturday,3,0- free flowing,23307
7 Saturday,3,1 - light traffic,2
7 Saturday,3,2 - medium traffic,17.5
7 Saturday,3,3 - heavy traffic,69
7 Saturday,3,4 - stand still,182
7 Saturday,3.5,0- free flowing,21841
7 Saturday,3.5,1 - light traffic,4
7 Saturday,3.5,2 - medium traffic,50
7 Saturday,3.5,3 - heavy traffic,93
7 Saturday,3.5,4 - stand still,154
7 Saturday,4,0- free flowing,20505
7 Saturday,4,1 - light traffic,24
7 Saturday,4,2 - medium traffic,7.5
7 Saturday,4,3 - heavy traffic,60
7 Saturday,4,4 - stand still,154
7 Saturday,4.5,0- free flowing,20497
7 Saturday,4.5,1 - light traffic,26
7 Saturday,4.5,2 - medium traffic,22.5
7 Saturday,4.5,3 - heavy traffic,96
7 Saturday,4.5,4 - stand still,178.5
7 Saturday,5,0- free flowing,22656
7 Saturday,5,1 - light traffic,8
7 Saturday,5,2 - medium traffic,22.5
7 Saturday,5,3 - heavy traffic,45
7 Saturday,5,4 - stand still,238
7 Saturday,5.5,0- free flowing,26775
7 Saturday,5.5,1 - light traffic,6
7 Saturday,5.5,2 - medium traffic,7.5
7 Saturday,5.5,3 - heavy traffic,57
7 Saturday,5.5,4 - stand still,311.5
7 Saturday,6,0- free flowing,31759
7 Saturday,6,1 - light traffic,8
7 Saturday,6,2 - medium traffic,25
7 Saturday,6,3 - heavy traffic,33
7 Saturday,6,4 - stand still,122.5
7 Saturday,6.5,0- free flowing,37863
7 Saturday,6.5,1 - light traffic,18
7 Saturday,6.5,2 - medium traffic,37.5
7 Saturday,6.5,3 - heavy traffic,156
7 Saturday,6.5,4 - stand still,234.5
7 Saturday,7,0- free flowing,41450
7 Saturday,7,1 - light traffic,28
7 Saturday,7,2 - medium traffic,65
7 Saturday,7,3 - heavy traffic,96
7 Saturday,7,4 - stand still,115.5
7 Saturday,7.5,0- free flowing,50812
7 Saturday,7.5,1 - light traffic,20
7 Saturday,7.5,2 - medium traffic,27.5
7 Saturday,7.5,3 - heavy traffic,279
7 Saturday,7.5,4 - stand still,189
7 Saturday,8,0- free flowing,64859
7 Saturday,8,1 - light traffic,42
7 Saturday,8,2 - medium traffic,105
7 Saturday,8,3 - heavy traffic,420
7 Saturday,8,4 - stand still,479.5
7 Saturday,8.5,0- free flowing,84004
7 Saturday,8.5,1 - light traffic,214
7 Saturday,8.5,2 - medium traffic,182.5
7 Saturday,8.5,3 - heavy traffic,780
7 Saturday,8.5,4 - stand still,945
7 Saturday,9,0- free flowing,96182
7 Saturday,9,1 - light traffic,310
7 Saturday,9,2 - medium traffic,307.5
7 Saturday,9,3 - heavy traffic,1716
7 Saturday,9,4 - stand still,1757
7 Saturday,9.5,0- free flowing,111629
7 Saturday,9.5,1 - light traffic,242
7 Saturday,9.5,2 - medium traffic,282.5
7 Saturday,9.5,3 - heavy traffic,2307
7 Saturday,9.5,4 - stand still,4144
7 Saturday,10,0- free flowing,128560
7 Saturday,10,1 - light traffic,496
7 Saturday,10,2 - medium traffic,1190
7 Saturday,10,3 - heavy traffic,4737
7 Saturday,10,4 - stand still,5617.5
7 Saturday,10.5,0- free flowing,142869
7 Saturday,10.5,1 - light traffic,590
7 Saturday,10.5,2 - medium traffic,2985
7 Saturday,10.5,3 - heavy traffic,7443
7 Saturday,10.5,4 - stand still,5883.5
7 Saturday,11,0- free flowing,155041
7 Saturday,11,1 - light traffic,738
7 Saturday,11,2 - medium traffic,4742.5
7 Saturday,11,3 - heavy traffic,14301
7 Saturday,11,4 - stand still,7703.5
7 Saturday,11.5,0- free flowing,167428
7 Saturday,11.5,1 - light traffic,1384
7 Saturday,11.5,2 - medium traffic,6745
7 Saturday,11.5,3 - heavy traffic,22551
7 Saturday,11.5,4 - stand still,9166.5
7 Saturday,12,0- free flowing,180380
7 Saturday,12,1 - light traffic,1932
7 Saturday,12,2 - medium traffic,9575
7 Saturday,12,3 - heavy traffic,27468
7 Saturday,12,4 - stand still,14294
7 Saturday,12.5,0- free flowing,193046
7 Saturday,12.5,1 - light traffic,2732
7 Saturday,12.5,2 - medium traffic,13715
7 Saturday,12.5,3 - heavy traffic,32673
7 Saturday,12.5,4 - stand still,18945.5
7 Saturday,13,0- free flowing,197717
7 Saturday,13,1 - light traffic,2920
7 Saturday,13,2 - medium traffic,16005
7 Saturday,13,3 - heavy traffic,38259
7 Saturday,13,4 - stand still,17286.5
7 Saturday,13.5,0- free flowing,196718
7 Saturday,13.5,1 - light traffic,2262
7 Saturday,13.5,2 - medium traffic,17372.5
7 Saturday,13.5,3 - heavy traffic,38157
7 Saturday,13.5,4 - stand still,15687
7 Saturday,14,0- free flowing,195440
7 Saturday,14,1 - light traffic,2270
7 Saturday,14,2 - medium traffic,16107.5
7 Saturday,14,3 - heavy traffic,35601
7 Saturday,14,4 - stand still,16905
7 Saturday,14.5,0- free flowing,191947
7 Saturday,14.5,1 - light traffic,2932
7 Saturday,14.5,2 - medium traffic,18152.5
7 Saturday,14.5,3 - heavy traffic,37731
7 Saturday,14.5,4 - stand still,15207.5
7 Saturday,15,0- free flowing,191704
7 Saturday,15,1 - light traffic,2742
7 Saturday,15,2 - medium traffic,19732.5
7 Saturday,15,3 - heavy traffic,33918
7 Saturday,15,4 - stand still,15641.5
7 Saturday,15.5,0- free flowing,191145
7 Saturday,15.5,1 - light traffic,2676
7 Saturday,15.5,2 - medium traffic,18525
7 Saturday,15.5,3 - heavy traffic,30726
7 Saturday,15.5,4 - stand still,15225
7 Saturday,16,0- free flowing,187123
7 Saturday,16,1 - light traffic,2056
7 Saturday,16,2 - medium traffic,15717.5
7 Saturday,16,3 - heavy traffic,29526
7 Saturday,16,4 - stand still,15127
7 Saturday,16.5,0- free flowing,182910
7 Saturday,16.5,1 - light traffic,2442
7 Saturday,16.5,2 - medium traffic,15697.5
7 Saturday,16.5,3 - heavy traffic,23718
7 Saturday,16.5,4 - stand still,12110
7 Saturday,17,0- free flowing,178373
7 Saturday,17,1 - light traffic,2524
7 Saturday,17,2 - medium traffic,14025
7 Saturday,17,3 - heavy traffic,18954
7 Saturday,17,4 - stand still,9103.5
7 Saturday,17.5,0- free flowing,175020
7 Saturday,17.5,1 - light traffic,2036
7 Saturday,17.5,2 - medium traffic,14562.5
7 Saturday,17.5,3 - heavy traffic,15945
7 Saturday,17.5,4 - stand still,6702.5
7 Saturday,18,0- free flowing,167587
7 Saturday,18,1 - light traffic,1948
7 Saturday,18,2 - medium traffic,10230
7 Saturday,18,3 - heavy traffic,12324
7 Saturday,18,4 - stand still,7171.5
7 Saturday,18.5,0- free flowing,158673
7 Saturday,18.5,1 - light traffic,1258
7 Saturday,18.5,2 - medium traffic,5985
7 Saturday,18.5,3 - heavy traffic,9210
7 Saturday,18.5,4 - stand still,6576.5
7 Saturday,19,0- free flowing,147911
7 Saturday,19,1 - light traffic,538
7 Saturday,19,2 - medium traffic,3772.5
7 Saturday,19,3 - heavy traffic,6018
7 Saturday,19,4 - stand still,5929
7 Saturday,19.5,0- free flowing,132500
7 Saturday,19.5,1 - light traffic,406
7 Saturday,19.5,2 - medium traffic,2895
7 Saturday,19.5,3 - heavy traffic,3600
7 Saturday,19.5,4 - stand still,4494
7 Saturday,20,0- free flowing,105212
7 Saturday,20,1 - light traffic,802
7 Saturday,20,2 - medium traffic,1150
7 Saturday,20,3 - heavy traffic,2208
7 Saturday,20,4 - stand still,3916.5
7 Saturday,20.5,0- free flowing,87253
7 Saturday,20.5,1 - light traffic,560
7 Saturday,20.5,2 - medium traffic,732.5
7 Saturday,20.5,3 - heavy traffic,1776
7 Saturday,20.5,4 - stand still,2159.5
7 Saturday,21,0- free flowing,92806
7 Saturday,21,1 - light traffic,82
7 Saturday,21,2 - medium traffic,195
7 Saturday,21,3 - heavy traffic,1467
7 Saturday,21,4 - stand still,2215.5
7 Saturday,21.5,0- free flowing,87492
7 Saturday,21.5,1 - light traffic,68
7 Saturday,21.5,2 - medium traffic,197.5
7 Saturday,21.5,3 - heavy traffic,975
7 Saturday,21.5,4 - stand still,1102.5
7 Saturday,22,0- free flowing,78770
7 Saturday,22,1 - light traffic,48
7 Saturday,22,2 - medium traffic,217.5
7 Saturday,22,3 - heavy traffic,597
7 Saturday,22,4 - stand still,766.5
7 Saturday,22.5,0- free flowing,70311
7 Saturday,22.5,1 - light traffic,22
7 Saturday,22.5,2 - medium traffic,85
7 Saturday,22.5,3 - heavy traffic,426
7 Saturday,22.5,4 - stand still,714
7 Saturday,23,0- free flowing,59647
7 Saturday,23,1 - light traffic,28
7 Saturday,23,2 - medium traffic,37.5
7 Saturday,23,3 - heavy traffic,336
7 Saturday,23,4 - stand still,332.5
7 Saturday,23.5,0- free flowing,50317
7 Saturday,23.5,1 - light traffic,2
7 Saturday,23.5,2 - medium traffic,57.5
7 Saturday,23.5,3 - heavy traffic,123
7 Saturday,23.5,4 - stand still,185.5
7 Saturday,24,0- free flowing,41826
7 Saturday,24,1 - light traffic,2
7 Saturday,24,2 - medium traffic,2.5
7 Saturday,24,3 - heavy traffic,159
7 Saturday,24,4 - stand still,549.5
