Day of Week,Time Half Hour,Traffic Level,Traffic Flow
1 Sunday,0.5,0- free flowing,40758
1 Sunday,0.5,1 - light traffic,22
1 Sunday,0.5,2 - medium traffic,2.5
1 Sunday,0.5,3 - heavy traffic,66
1 Sunday,0.5,4 - stand still,147
1 Sunday,1,0- free flowing,36025
1 Sunday,1,1 - light traffic,14
1 Sunday,1,2 - medium traffic,10
1 Sunday,1,3 - heavy traffic,99
1 Sunday,1,4 - stand still,108.5
1 Sunday,1.5,0- free flowing,30865
1 Sunday,1.5,1 - light traffic,8
1 Sunday,1.5,2 - medium traffic,5
1 Sunday,1.5,3 - heavy traffic,33
1 Sunday,1.5,4 - stand still,63
1 Sunday,2,0- free flowing,25223
1 Sunday,2,1 - light traffic,8
1 Sunday,2,2 - medium traffic,12.5
1 Sunday,2,3 - heavy traffic,36
1 Sunday,2,4 - stand still,49
1 Sunday,2.5,0- free flowing,21645
1 Sunday,2.5,1 - light traffic,2
1 Sunday,2.5,2 - medium traffic,0
1 Sunday,2.5,3 - heavy traffic,60
1 Sunday,2.5,4 - stand still,49
1 Sunday,3,0- free flowing,20014
1 Sunday,3,1 - light traffic,2
1 Sunday,3,2 - medium traffic,5
1 Sunday,3,3 - heavy traffic,30
1 Sunday,3,4 - stand still,77
1 Sunday,3.5,0- free flowing,17810
1 Sunday,3.5,1 - light traffic,4
1 Sunday,3.5,2 - medium traffic,10
1 Sunday,3.5,3 - heavy traffic,36
1 Sunday,3.5,4 - stand still,31.5
1 Sunday,4,0- free flowing,15445
1 Sunday,4,1 - light traffic,6
1 Sunday,4,2 - medium traffic,12.5
1 Sunday,4,3 - heavy traffic,54
1 Sunday,4,4 - stand still,28
1 Sunday,4.5,0- free flowing,15069
1 Sunday,4.5,1 - light traffic,12
1 Sunday,4.5,2 - medium traffic,7.5
1 Sunday,4.5,3 - heavy traffic,18
1 Sunday,4.5,4 - stand still,126
1 Sunday,5,0- free flowing,16068
1 Sunday,5,1 - light traffic,14
1 Sunday,5,2 - medium traffic,15
1 Sunday,5,3 - heavy traffic,51
1 Sunday,5,4 - stand still,98
1 Sunday,5.5,0- free flowing,18653
1 Sunday,5.5,1 - light traffic,14
1 Sunday,5.5,2 - medium traffic,5
1 Sunday,5.5,3 - heavy traffic,54
1 Sunday,5.5,4 - stand still,52.5
1 Sunday,6,0- free flowing,22618
1 Sunday,6,1 - light traffic,4
1 Sunday,6,2 - medium traffic,20
1 Sunday,6,3 - heavy traffic,81
1 Sunday,6,4 - stand still,360.5
1 Sunday,6.5,0- free flowing,28900
1 Sunday,6.5,1 - light traffic,10
1 Sunday,6.5,2 - medium traffic,12.5
1 Sunday,6.5,3 - heavy traffic,72
1 Sunday,6.5,4 - stand still,70
1 Sunday,7,0- free flowing,31963
1 Sunday,7,1 - light traffic,14
1 Sunday,7,2 - medium traffic,17.5
1 Sunday,7,3 - heavy traffic,90
1 Sunday,7,4 - stand still,140
1 Sunday,7.5,0- free flowing,36264
1 Sunday,7.5,1 - light traffic,8
1 Sunday,7.5,2 - medium traffic,45
1 Sunday,7.5,3 - heavy traffic,162
1 Sunday,7.5,4 - stand still,402.5
1 Sunday,8,0- free flowing,40846
1 Sunday,8,1 - light traffic,4
1 Sunday,8,2 - medium traffic,110
1 Sunday,8,3 - heavy traffic,102
1 Sunday,8,4 - stand still,1361.5
1 Sunday,8.5,0- free flowing,51718
1 Sunday,8.5,1 - light traffic,8
1 Sunday,8.5,2 - medium traffic,62.5
1 Sunday,8.5,3 - heavy traffic,318
1 Sunday,8.5,4 - stand still,2453.5
1 Sunday,9,0- free flowing,67512
1 Sunday,9,1 - light traffic,30
1 Sunday,9,2 - medium traffic,412.5
1 Sunday,9,3 - heavy traffic,441
1 Sunday,9,4 - stand still,2555
1 Sunday,9.5,0- free flowing,83705
1 Sunday,9.5,1 - light traffic,50
1 Sunday,9.5,2 - medium traffic,422.5
1 Sunday,9.5,3 - heavy traffic,1356
1 Sunday,9.5,4 - stand still,2415
1 Sunday,10,0- free flowing,95532
1 Sunday,10,1 - light traffic,50
1 Sunday,10,2 - medium traffic,340
1 Sunday,10,3 - heavy traffic,2268
1 Sunday,10,4 - stand still,4014.5
1 Sunday,10.5,0- free flowing,123243
1 Sunday,10.5,1 - light traffic,308
1 Sunday,10.5,2 - medium traffic,1025
1 Sunday,10.5,3 - heavy traffic,3963
1 Sunday,10.5,4 - stand still,7049
1 Sunday,11,0- free flowing,141162
1 Sunday,11,1 - light traffic,622
1 Sunday,11,2 - medium traffic,2860
1 Sunday,11,3 - heavy traffic,8073
1 Sunday,11,4 - stand still,7941.5
1 Sunday,11.5,0- free flowing,148268
1 Sunday,11.5,1 - light traffic,658
1 Sunday,11.5,2 - medium traffic,3912.5
1 Sunday,11.5,3 - heavy traffic,13275
1 Sunday,11.5,4 - stand still,10013.5
1 Sunday,12,0- free flowing,163818
1 Sunday,12,1 - light traffic,1456
1 Sunday,12,2 - medium traffic,6130
1 Sunday,12,3 - heavy traffic,19419
1 Sunday,12,4 - stand still,12442.5
1 Sunday,12.5,0- free flowing,182062
1 Sunday,12.5,1 - light traffic,3088
1 Sunday,12.5,2 - medium traffic,9922.5
1 Sunday,12.5,3 - heavy traffic,28191
1 Sunday,12.5,4 - stand still,13772.5
1 Sunday,13,0- free flowing,191602
1 Sunday,13,1 - light traffic,4788
1 Sunday,13,2 - medium traffic,20862.5
1 Sunday,13,3 - heavy traffic,39429
1 Sunday,13,4 - stand still,18837
1 Sunday,13.5,0- free flowing,189994
1 Sunday,13.5,1 - light traffic,5054
1 Sunday,13.5,2 - medium traffic,30637.5
1 Sunday,13.5,3 - heavy traffic,40014
1 Sunday,13.5,4 - stand still,19575.5
1 Sunday,14,0- free flowing,191932
1 Sunday,14,1 - light traffic,4964
1 Sunday,14,2 - medium traffic,30817.5
1 Sunday,14,3 - heavy traffic,43365
1 Sunday,14,4 - stand still,25217.5
1 Sunday,14.5,0- free flowing,192573
1 Sunday,14.5,1 - light traffic,5008
1 Sunday,14.5,2 - medium traffic,31585
1 Sunday,14.5,3 - heavy traffic,49632
1 Sunday,14.5,4 - stand still,27125
1 Sunday,15,0- free flowing,198326
1 Sunday,15,1 - light traffic,4524
1 Sunday,15,2 - medium traffic,32097.5
1 Sunday,15,3 - heavy traffic,52395
1 Sunday,15,4 - stand still,26859
1 Sunday,15.5,0- free flowing,194128
1 Sunday,15.5,1 - light traffic,4030
1 Sunday,15.5,2 - medium traffic,31907.5
1 Sunday,15.5,3 - heavy traffic,49554
1 Sunday,15.5,4 - stand still,24990
1 Sunday,16,0- free flowing,191790
1 Sunday,16,1 - light traffic,4106
1 Sunday,16,2 - medium traffic,34700
1 Sunday,16,3 - heavy traffic,47913
1 Sunday,16,4 - stand still,21532
1 Sunday,16.5,0- free flowing,188857
1 Sunday,16.5,1 - light traffic,3494
1 Sunday,16.5,2 - medium traffic,38322.5
1 Sunday,16.5,3 - heavy traffic,42441
1 Sunday,16.5,4 - stand still,19792.5
1 Sunday,17,0- free flowing,186060
1 Sunday,17,1 - light traffic,4670
1 Sunday,17,2 - medium traffic,33335
1 Sunday,17,3 - heavy traffic,38811
1 Sunday,17,4 - stand still,15911
1 Sunday,17.5,0- free flowing,177649
1 Sunday,17.5,1 - light traffic,3338
1 Sunday,17.5,2 - medium traffic,24340
1 Sunday,17.5,3 - heavy traffic,33000
1 Sunday,17.5,4 - stand still,15816.5
1 Sunday,18,0- free flowing,163868
1 Sunday,18,1 - light traffic,2418
1 Sunday,18,2 - medium traffic,19542.5
1 Sunday,18,3 - heavy traffic,23265
1 Sunday,18,4 - stand still,11294.5
1 Sunday,18.5,0- free flowing,153706
1 Sunday,18.5,1 - light traffic,2052
1 Sunday,18.5,2 - medium traffic,13615
1 Sunday,18.5,3 - heavy traffic,17877
1 Sunday,18.5,4 - stand still,7143.5
1 Sunday,19,0- free flowing,135157
1 Sunday,19,1 - light traffic,1014
1 Sunday,19,2 - medium traffic,9590
1 Sunday,19,3 - heavy traffic,11733
1 Sunday,19,4 - stand still,6993
1 Sunday,19.5,0- free flowing,124640
1 Sunday,19.5,1 - light traffic,810
1 Sunday,19.5,2 - medium traffic,4732.5
1 Sunday,19.5,3 - heavy traffic,9852
1 Sunday,19.5,4 - stand still,6429.5
1 Sunday,20,0- free flowing,106221
1 Sunday,20,1 - light traffic,770
1 Sunday,20,2 - medium traffic,4747.5
1 Sunday,20,3 - heavy traffic,4245
1 Sunday,20,4 - stand still,3395
1 Sunday,20.5,0- free flowing,96048
1 Sunday,20.5,1 - light traffic,438
1 Sunday,20.5,2 - medium traffic,2572.5
1 Sunday,20.5,3 - heavy traffic,2637
1 Sunday,20.5,4 - stand still,2744
1 Sunday,21,0- free flowing,84211
1 Sunday,21,1 - light traffic,454
1 Sunday,21,2 - medium traffic,1322.5
1 Sunday,21,3 - heavy traffic,2112
1 Sunday,21,4 - stand still,1925
1 Sunday,21.5,0- free flowing,71607
1 Sunday,21.5,1 - light traffic,220
1 Sunday,21.5,2 - medium traffic,872.5
1 Sunday,21.5,3 - heavy traffic,2016
1 Sunday,21.5,4 - stand still,3549
1 Sunday,22,0- free flowing,60773
1 Sunday,22,1 - light traffic,228
1 Sunday,22,2 - medium traffic,465
1 Sunday,22,3 - heavy traffic,1173
1 Sunday,22,4 - stand still,2534
1 Sunday,22.5,0- free flowing,50612
1 Sunday,22.5,1 - light traffic,158
1 Sunday,22.5,2 - medium traffic,382.5
1 Sunday,22.5,3 - heavy traffic,783
1 Sunday,22.5,4 - stand still,2310
1 Sunday,23,0- free flowing,42647
1 Sunday,23,1 - light traffic,150
1 Sunday,23,2 - medium traffic,370
1 Sunday,23,3 - heavy traffic,537
1 Sunday,23,4 - stand still,2425.5
1 Sunday,23.5,0- free flowing,36406
1 Sunday,23.5,1 - light traffic,64
1 Sunday,23.5,2 - medium traffic,170
1 Sunday,23.5,3 - heavy traffic,279
1 Sunday,23.5,4 - stand still,1708
1 Sunday,24,0- free flowing,42193
1 Sunday,24,1 - light traffic,32
1 Sunday,24,2 - medium traffic,112.5
1 Sunday,24,3 - heavy traffic,237
1 Sunday,24,4 - stand still,647.5
2 Monday,0.5,0- free flowing,27469
2 Monday,0.5,1 - light traffic,34
2 Monday,0.5,2 - medium traffic,50
2 Monday,0.5,3 - heavy traffic,144
2 Monday,0.5,4 - stand still,416.5
2 Monday,1,0- free flowing,23519
2 Monday,1,1 - light traffic,36
2 Monday,1,2 - medium traffic,25
2 Monday,1,3 - heavy traffic,81
2 Monday,1,4 - stand still,329
2 Monday,1.5,0- free flowing,20266
2 Monday,1.5,1 - light traffic,26
2 Monday,1.5,2 - medium traffic,15
2 Monday,1.5,3 - heavy traffic,69
2 Monday,1.5,4 - stand still,301
2 Monday,2,0- free flowing,17940
2 Monday,2,1 - light traffic,22
2 Monday,2,2 - medium traffic,47.5
2 Monday,2,3 - heavy traffic,69
2 Monday,2,4 - stand still,437.5
2 Monday,2.5,0- free flowing,16259
2 Monday,2.5,1 - light traffic,28
2 Monday,2.5,2 - medium traffic,25
2 Monday,2.5,3 - heavy traffic,93
2 Monday,2.5,4 - stand still,252
2 Monday,3,0- free flowing,14230
2 Monday,3,1 - light traffic,10
2 Monday,3,2 - medium traffic,20
2 Monday,3,3 - heavy traffic,78
2 Monday,3,4 - stand still,63
2 Monday,3.5,0- free flowing,13868
2 Monday,3.5,1 - light traffic,14
2 Monday,3.5,2 - medium traffic,27.5
2 Monday,3.5,3 - heavy traffic,39
2 Monday,3.5,4 - stand still,94.5
2 Monday,4,0- free flowing,15305
2 Monday,4,1 - light traffic,16
2 Monday,4,2 - medium traffic,55
2 Monday,4,3 - heavy traffic,45
2 Monday,4,4 - stand still,126
2 Monday,4.5,0- free flowing,18085
2 Monday,4.5,1 - light traffic,8
2 Monday,4.5,2 - medium traffic,20
2 Monday,4.5,3 - heavy traffic,39
2 Monday,4.5,4 - stand still,136.5
2 Monday,5,0- free flowing,24281
2 Monday,5,1 - light traffic,16
2 Monday,5,2 - medium traffic,10
2 Monday,5,3 - heavy traffic,60
2 Monday,5,4 - stand still,91
2 Monday,5.5,0- free flowing,31489
2 Monday,5.5,1 - light traffic,6
2 Monday,5.5,2 - medium traffic,40
2 Monday,5.5,3 - heavy traffic,132
2 Monday,5.5,4 - stand still,171.5
2 Monday,6,0- free flowing,36347
2 Monday,6,1 - light traffic,10
2 Monday,6,2 - medium traffic,22.5
2 Monday,6,3 - heavy traffic,165
2 Monday,6,4 - stand still,392
2 Monday,6.5,0- free flowing,47906
2 Monday,6.5,1 - light traffic,6
2 Monday,6.5,2 - medium traffic,72.5
2 Monday,6.5,3 - heavy traffic,372
2 Monday,6.5,4 - stand still,717.5
2 Monday,7,0- free flowing,66845
2 Monday,7,1 - light traffic,78
2 Monday,7,2 - medium traffic,492.5
2 Monday,7,3 - heavy traffic,1122
2 Monday,7,4 - stand still,2320.5
2 Monday,7.5,0- free flowing,107004
2 Monday,7.5,1 - light traffic,672
2 Monday,7.5,2 - medium traffic,2977.5
2 Monday,7.5,3 - heavy traffic,4770
2 Monday,7.5,4 - stand still,3811.5
2 Monday,8,0- free flowing,127912
2 Monday,8,1 - light traffic,1416
2 Monday,8,2 - medium traffic,8880
2 Monday,8,3 - heavy traffic,18840
2 Monday,8,4 - stand still,7402.5
2 Monday,8.5,0- free flowing,133390
2 Monday,8.5,1 - light traffic,986
2 Monday,8.5,2 - medium traffic,6077.5
2 Monday,8.5,3 - heavy traffic,11274
2 Monday,8.5,4 - stand still,7651
2 Monday,9,0- free flowing,125128
2 Monday,9,1 - light traffic,712
2 Monday,9,2 - medium traffic,3355
2 Monday,9,3 - heavy traffic,4695
2 Monday,9,4 - stand still,4788
2 Monday,9.5,0- free flowing,120330
2 Monday,9.5,1 - light traffic,146
2 Monday,9.5,2 - medium traffic,520
2 Monday,9.5,3 - heavy traffic,2508
2 Monday,9.5,4 - stand still,2320.5
2 Monday,10,0- free flowing,123241
2 Monday,10,1 - light traffic,170
2 Monday,10,2 - medium traffic,392.5
2 Monday,10,3 - heavy traffic,1449
2 Monday,10,4 - stand still,1869
2 Monday,10.5,0- free flowing,129058
2 Monday,10.5,1 - light traffic,120
2 Monday,10.5,2 - medium traffic,267.5
2 Monday,10.5,3 - heavy traffic,1053
2 Monday,10.5,4 - stand still,1463
2 Monday,11,0- free flowing,139358
2 Monday,11,1 - light traffic,196
2 Monday,11,2 - medium traffic,895
2 Monday,11,3 - heavy traffic,1887
2 Monday,11,4 - stand still,1669.5
2 Monday,11.5,0- free flowing,144211
2 Monday,11.5,1 - light traffic,564
2 Monday,11.5,2 - medium traffic,1565
2 Monday,11.5,3 - heavy traffic,4290
2 Monday,11.5,4 - stand still,1935.5
2 Monday,12,0- free flowing,151276
2 Monday,12,1 - light traffic,746
2 Monday,12,2 - medium traffic,2447.5
2 Monday,12,3 - heavy traffic,9672
2 Monday,12,4 - stand still,3930.5
2 Monday,12.5,0- free flowing,158837
2 Monday,12.5,1 - light traffic,1094
2 Monday,12.5,2 - medium traffic,4087.5
2 Monday,12.5,3 - heavy traffic,14643
2 Monday,12.5,4 - stand still,6300
2 Monday,13,0- free flowing,168060
2 Monday,13,1 - light traffic,1248
2 Monday,13,2 - medium traffic,7240
2 Monday,13,3 - heavy traffic,17538
2 Monday,13,4 - stand still,7189
2 Monday,13.5,0- free flowing,171865
2 Monday,13.5,1 - light traffic,1888
2 Monday,13.5,2 - medium traffic,9385
2 Monday,13.5,3 - heavy traffic,19356
2 Monday,13.5,4 - stand still,7637
2 Monday,14,0- free flowing,170861
2 Monday,14,1 - light traffic,1424
2 Monday,14,2 - medium traffic,12187.5
2 Monday,14,3 - heavy traffic,19437
2 Monday,14,4 - stand still,6860
2 Monday,14.5,0- free flowing,174202
2 Monday,14.5,1 - light traffic,2390
2 Monday,14.5,2 - medium traffic,12952.5
2 Monday,14.5,3 - heavy traffic,25224
2 Monday,14.5,4 - stand still,6727
2 Monday,15,0- free flowing,182632
2 Monday,15,1 - light traffic,2568
2 Monday,15,2 - medium traffic,13607.5
2 Monday,15,3 - heavy traffic,32508
2 Monday,15,4 - stand still,5439
2 Monday,15.5,0- free flowing,188928
2 Monday,15.5,1 - light traffic,3150
2 Monday,15.5,2 - medium traffic,19187.5
2 Monday,15.5,3 - heavy traffic,32760
2 Monday,15.5,4 - stand still,8858.5
2 Monday,16,0- free flowing,187693
2 Monday,16,1 - light traffic,3226
2 Monday,16,2 - medium traffic,26307.5
2 Monday,16,3 - heavy traffic,30612
2 Monday,16,4 - stand still,10493
2 Monday,16.5,0- free flowing,201391
2 Monday,16.5,1 - light traffic,2582
2 Monday,16.5,2 - medium traffic,29055
2 Monday,16.5,3 - heavy traffic,36369
2 Monday,16.5,4 - stand still,8351
2 Monday,17,0- free flowing,214006
2 Monday,17,1 - light traffic,2854
2 Monday,17,2 - medium traffic,30685
2 Monday,17,3 - heavy traffic,49980
2 Monday,17,4 - stand still,8921.5
2 Monday,17.5,0- free flowing,223628
2 Monday,17.5,1 - light traffic,3588
2 Monday,17.5,2 - medium traffic,33182.5
2 Monday,17.5,3 - heavy traffic,72372
2 Monday,17.5,4 - stand still,14525
2 Monday,18,0- free flowing,191604
2 Monday,18,1 - light traffic,3052
2 Monday,18,2 - medium traffic,21702.5
2 Monday,18,3 - heavy traffic,37707
2 Monday,18,4 - stand still,10059
2 Monday,18.5,0- free flowing,157758
2 Monday,18.5,1 - light traffic,1442
2 Monday,18.5,2 - medium traffic,9255
2 Monday,18.5,3 - heavy traffic,9021
2 Monday,18.5,4 - stand still,4424
2 Monday,19,0- free flowing,124329
2 Monday,19,1 - light traffic,510
2 Monday,19,2 - medium traffic,1957.5
2 Monday,19,3 - heavy traffic,2652
2 Monday,19,4 - stand still,2534
2 Monday,19.5,0- free flowing,106408
2 Monday,19.5,1 - light traffic,308
2 Monday,19.5,2 - medium traffic,500
2 Monday,19.5,3 - heavy traffic,1080
2 Monday,19.5,4 - stand still,3013.5
2 Monday,20,0- free flowing,92833
2 Monday,20,1 - light traffic,98
2 Monday,20,2 - medium traffic,467.5
2 Monday,20,3 - heavy traffic,516
2 Monday,20,4 - stand still,2285.5
2 Monday,20.5,0- free flowing,81194
2 Monday,20.5,1 - light traffic,226
2 Monday,20.5,2 - medium traffic,302.5
2 Monday,20.5,3 - heavy traffic,669
2 Monday,20.5,4 - stand still,1417.5
2 Monday,21,0- free flowing,71467
2 Monday,21,1 - light traffic,206
2 Monday,21,2 - medium traffic,157.5
2 Monday,21,3 - heavy traffic,717
2 Monday,21,4 - stand still,686
2 Monday,21.5,0- free flowing,61936
2 Monday,21.5,1 - light traffic,84
2 Monday,21.5,2 - medium traffic,365
2 Monday,21.5,3 - heavy traffic,1242
2 Monday,21.5,4 - stand still,1932
2 Monday,22,0- free flowing,51367
2 Monday,22,1 - light traffic,48
2 Monday,22,2 - medium traffic,85
2 Monday,22,3 - heavy traffic,1071
2 Monday,22,4 - stand still,2772
2 Monday,22.5,0- free flowing,43809
2 Monday,22.5,1 - light traffic,22
2 Monday,22.5,2 - medium traffic,167.5
2 Monday,22.5,3 - heavy traffic,756
2 Monday,22.5,4 - stand still,1505
2 Monday,23,0- free flowing,38775
2 Monday,23,1 - light traffic,30
2 Monday,23,2 - medium traffic,280
2 Monday,23,3 - heavy traffic,672
2 Monday,23,4 - stand still,1018.5
2 Monday,23.5,0- free flowing,34770
2 Monday,23.5,1 - light traffic,48
2 Monday,23.5,2 - medium traffic,172.5
2 Monday,23.5,3 - heavy traffic,552
2 Monday,23.5,4 - stand still,1393
2 Monday,24,0- free flowing,31917
2 Monday,24,1 - light traffic,58
2 Monday,24,2 - medium traffic,117.5
2 Monday,24,3 - heavy traffic,222
2 Monday,24,4 - stand still,1641.5
3 Tuesday,0.5,0- free flowing,25788
3 Tuesday,0.5,1 - light traffic,24
3 Tuesday,0.5,2 - medium traffic,72.5
3 Tuesday,0.5,3 - heavy traffic,264
3 Tuesday,0.5,4 - stand still,1267
3 Tuesday,1,0- free flowing,21712
3 Tuesday,1,1 - light traffic,56
3 Tuesday,1,2 - medium traffic,35
3 Tuesday,1,3 - heavy traffic,279
3 Tuesday,1,4 - stand still,903
3 Tuesday,1.5,0- free flowing,17890
3 Tuesday,1.5,1 - light traffic,28
3 Tuesday,1.5,2 - medium traffic,35
3 Tuesday,1.5,3 - heavy traffic,84
3 Tuesday,1.5,4 - stand still,521.5
3 Tuesday,2,0- free flowing,15851
3 Tuesday,2,1 - light traffic,48
3 Tuesday,2,2 - medium traffic,32.5
3 Tuesday,2,3 - heavy traffic,141
3 Tuesday,2,4 - stand still,360.5
3 Tuesday,2.5,0- free flowing,14542
3 Tuesday,2.5,1 - light traffic,40
3 Tuesday,2.5,2 - medium traffic,20
3 Tuesday,2.5,3 - heavy traffic,90
3 Tuesday,2.5,4 - stand still,451.5
3 Tuesday,3,0- free flowing,13644
3 Tuesday,3,1 - light traffic,10
3 Tuesday,3,2 - medium traffic,30
3 Tuesday,3,3 - heavy traffic,90
3 Tuesday,3,4 - stand still,192.5
3 Tuesday,3.5,0- free flowing,13930
3 Tuesday,3.5,1 - light traffic,16
3 Tuesday,3.5,2 - medium traffic,15
3 Tuesday,3.5,3 - heavy traffic,78
3 Tuesday,3.5,4 - stand still,126
3 Tuesday,4,0- free flowing,14937
3 Tuesday,4,1 - light traffic,16
3 Tuesday,4,2 - medium traffic,20
3 Tuesday,4,3 - heavy traffic,66
3 Tuesday,4,4 - stand still,192.5
3 Tuesday,4.5,0- free flowing,17658
3 Tuesday,4.5,1 - light traffic,16
3 Tuesday,4.5,2 - medium traffic,15
3 Tuesday,4.5,3 - heavy traffic,105
3 Tuesday,4.5,4 - stand still,182
3 Tuesday,5,0- free flowing,24766
3 Tuesday,5,1 - light traffic,10
3 Tuesday,5,2 - medium traffic,30
3 Tuesday,5,3 - heavy traffic,90
3 Tuesday,5,4 - stand still,231
3 Tuesday,5.5,0- free flowing,33510
3 Tuesday,5.5,1 - light traffic,20
3 Tuesday,5.5,2 - medium traffic,20
3 Tuesday,5.5,3 - heavy traffic,138
3 Tuesday,5.5,4 - stand still,301
3 Tuesday,6,0- free flowing,40567
3 Tuesday,6,1 - light traffic,12
3 Tuesday,6,2 - medium traffic,17.5
3 Tuesday,6,3 - heavy traffic,144
3 Tuesday,6,4 - stand still,143.5
3 Tuesday,6.5,0- free flowing,52201
3 Tuesday,6.5,1 - light traffic,8
3 Tuesday,6.5,2 - medium traffic,75
3 Tuesday,6.5,3 - heavy traffic,213
3 Tuesday,6.5,4 - stand still,350
3 Tuesday,7,0- free flowing,77312
3 Tuesday,7,1 - light traffic,74
3 Tuesday,7,2 - medium traffic,380
3 Tuesday,7,3 - heavy traffic,1056
3 Tuesday,7,4 - stand still,1064
3 Tuesday,7.5,0- free flowing,124284
3 Tuesday,7.5,1 - light traffic,1260
3 Tuesday,7.5,2 - medium traffic,6772.5
3 Tuesday,7.5,3 - heavy traffic,8616
3 Tuesday,7.5,4 - stand still,2873.5
3 Tuesday,8,0- free flowing,143909
3 Tuesday,8,1 - light traffic,1450
3 Tuesday,8,2 - medium traffic,13015
3 Tuesday,8,3 - heavy traffic,28563
3 Tuesday,8,4 - stand still,7105
3 Tuesday,8.5,0- free flowing,145031
3 Tuesday,8.5,1 - light traffic,1454
3 Tuesday,8.5,2 - medium traffic,8057.5
3 Tuesday,8.5,3 - heavy traffic,14109
3 Tuesday,8.5,4 - stand still,4266.5
3 Tuesday,9,0- free flowing,126868
3 Tuesday,9,1 - light traffic,820
3 Tuesday,9,2 - medium traffic,3800
3 Tuesday,9,3 - heavy traffic,6750
3 Tuesday,9,4 - stand still,4907
3 Tuesday,9.5,0- free flowing,116137
3 Tuesday,9.5,1 - light traffic,206
3 Tuesday,9.5,2 - medium traffic,1305
3 Tuesday,9.5,3 - heavy traffic,3216
3 Tuesday,9.5,4 - stand still,3584
3 Tuesday,10,0- free flowing,118217
3 Tuesday,10,1 - light traffic,176
3 Tuesday,10,2 - medium traffic,632.5
3 Tuesday,10,3 - heavy traffic,2415
3 Tuesday,10,4 - stand still,1921.5
3 Tuesday,10.5,0- free flowing,120352
3 Tuesday,10.5,1 - light traffic,182
3 Tuesday,10.5,2 - medium traffic,702.5
3 Tuesday,10.5,3 - heavy traffic,1716
3 Tuesday,10.5,4 - stand still,1799
3 Tuesday,11,0- free flowing,126062
3 Tuesday,11,1 - light traffic,128
3 Tuesday,11,2 - medium traffic,660
3 Tuesday,11,3 - heavy traffic,3759
3 Tuesday,11,4 - stand still,2261
3 Tuesday,11.5,0- free flowing,133048
3 Tuesday,11.5,1 - light traffic,270
3 Tuesday,11.5,2 - medium traffic,1087.5
3 Tuesday,11.5,3 - heavy traffic,5112
3 Tuesday,11.5,4 - stand still,2719.5
3 Tuesday,12,0- free flowing,138985
3 Tuesday,12,1 - light traffic,504
3 Tuesday,12,2 - medium traffic,2120
3 Tuesday,12,3 - heavy traffic,6960
3 Tuesday,12,4 - stand still,2537.5
3 Tuesday,12.5,0- free flowing,147906
3 Tuesday,12.5,1 - light traffic,972
3 Tuesday,12.5,2 - medium traffic,3222.5
3 Tuesday,12.5,3 - heavy traffic,8784
3 Tuesday,12.5,4 - stand still,2926
3 Tuesday,13,0- free flowing,147095
3 Tuesday,13,1 - light traffic,1040
3 Tuesday,13,2 - medium traffic,4542.5
3 Tuesday,13,3 - heavy traffic,11823
3 Tuesday,13,4 - stand still,3794
3 Tuesday,13.5,0- free flowing,147551
3 Tuesday,13.5,1 - light traffic,940
3 Tuesday,13.5,2 - medium traffic,5887.5
3 Tuesday,13.5,3 - heavy traffic,15462
3 Tuesday,13.5,4 - stand still,4200
3 Tuesday,14,0- free flowing,139906
3 Tuesday,14,1 - light traffic,1506
3 Tuesday,14,2 - medium traffic,6415
3 Tuesday,14,3 - heavy traffic,15786
3 Tuesday,14,4 - stand still,5575.5
3 Tuesday,14.5,0- free flowing,152354
3 Tuesday,14.5,1 - light traffic,1832
3 Tuesday,14.5,2 - medium traffic,7765
3 Tuesday,14.5,3 - heavy traffic,17871
3 Tuesday,14.5,4 - stand still,6916
3 Tuesday,15,0- free flowing,161796
3 Tuesday,15,1 - light traffic,1756
3 Tuesday,15,2 - medium traffic,10235
3 Tuesday,15,3 - heavy traffic,18336
3 Tuesday,15,4 - stand still,8858.5
3 Tuesday,15.5,0- free flowing,171054
3 Tuesday,15.5,1 - light traffic,3902
3 Tuesday,15.5,2 - medium traffic,15342.5
3 Tuesday,15.5,3 - heavy traffic,18942
3 Tuesday,15.5,4 - stand still,9985.5
3 Tuesday,16,0- free flowing,174473
3 Tuesday,16,1 - light traffic,3086
3 Tuesday,16,2 - medium traffic,26237.5
3 Tuesday,16,3 - heavy traffic,23994
3 Tuesday,16,4 - stand still,10458
3 Tuesday,16.5,0- free flowing,188550
3 Tuesday,16.5,1 - light traffic,2090
3 Tuesday,16.5,2 - medium traffic,30725
3 Tuesday,16.5,3 - heavy traffic,31620
3 Tuesday,16.5,4 - stand still,12274.5
3 Tuesday,17,0- free flowing,198672
3 Tuesday,17,1 - light traffic,2786
3 Tuesday,17,2 - medium traffic,31162.5
3 Tuesday,17,3 - heavy traffic,44529
3 Tuesday,17,4 - stand still,14455
3 Tuesday,17.5,0- free flowing,210651
3 Tuesday,17.5,1 - light traffic,4224
3 Tuesday,17.5,2 - medium traffic,28685
3 Tuesday,17.5,3 - heavy traffic,78477
3 Tuesday,17.5,4 - stand still,22778
3 Tuesday,18,0- free flowing,185013
3 Tuesday,18,1 - light traffic,2430
3 Tuesday,18,2 - medium traffic,23167.5
3 Tuesday,18,3 - heavy traffic,41046
3 Tuesday,18,4 - stand still,12040
3 Tuesday,18.5,0- free flowing,152599
3 Tuesday,18.5,1 - light traffic,1676
3 Tuesday,18.5,2 - medium traffic,13682.5
3 Tuesday,18.5,3 - heavy traffic,11838
3 Tuesday,18.5,4 - stand still,6611.5
3 Tuesday,19,0- free flowing,117753
3 Tuesday,19,1 - light traffic,874
3 Tuesday,19,2 - medium traffic,2067.5
3 Tuesday,19,3 - heavy traffic,4860
3 Tuesday,19,4 - stand still,4308.5
3 Tuesday,19.5,0- free flowing,99500
3 Tuesday,19.5,1 - light traffic,402
3 Tuesday,19.5,2 - medium traffic,1250
3 Tuesday,19.5,3 - heavy traffic,1896
3 Tuesday,19.5,4 - stand still,2978.5
3 Tuesday,20,0- free flowing,84899
3 Tuesday,20,1 - light traffic,426
3 Tuesday,20,2 - medium traffic,600
3 Tuesday,20,3 - heavy traffic,948
3 Tuesday,20,4 - stand still,1771
3 Tuesday,20.5,0- free flowing,75487
3 Tuesday,20.5,1 - light traffic,214
3 Tuesday,20.5,2 - medium traffic,280
3 Tuesday,20.5,3 - heavy traffic,804
3 Tuesday,20.5,4 - stand still,1323
3 Tuesday,21,0- free flowing,67513
3 Tuesday,21,1 - light traffic,352
3 Tuesday,21,2 - medium traffic,427.5
3 Tuesday,21,3 - heavy traffic,924
3 Tuesday,21,4 - stand still,1403.5
3 Tuesday,21.5,0- free flowing,57752
3 Tuesday,21.5,1 - light traffic,98
3 Tuesday,21.5,2 - medium traffic,207.5
3 Tuesday,21.5,3 - heavy traffic,1545
3 Tuesday,21.5,4 - stand still,2380
3 Tuesday,22,0- free flowing,47649
3 Tuesday,22,1 - light traffic,32
3 Tuesday,22,2 - medium traffic,285
3 Tuesday,22,3 - heavy traffic,1107
3 Tuesday,22,4 - stand still,2733.5
3 Tuesday,22.5,0- free flowing,43284
3 Tuesday,22.5,1 - light traffic,24
3 Tuesday,22.5,2 - medium traffic,252.5
3 Tuesday,22.5,3 - heavy traffic,966
3 Tuesday,22.5,4 - stand still,1942.5
3 Tuesday,23,0- free flowing,38639
3 Tuesday,23,1 - light traffic,32
3 Tuesday,23,2 - medium traffic,220
3 Tuesday,23,3 - heavy traffic,969
3 Tuesday,23,4 - stand still,1571.5
3 Tuesday,23.5,0- free flowing,34362
3 Tuesday,23.5,1 - light traffic,20
3 Tuesday,23.5,2 - medium traffic,250
3 Tuesday,23.5,3 - heavy traffic,669
3 Tuesday,23.5,4 - stand still,749
3 Tuesday,24,0- free flowing,28953
3 Tuesday,24,1 - light traffic,48
3 Tuesday,24,2 - medium traffic,95
3 Tuesday,24,3 - heavy traffic,405
3 Tuesday,24,4 - stand still,819
4 Wednesday,0.5,0- free flowing,24867
4 Wednesday,0.5,1 - light traffic,46
4 Wednesday,0.5,2 - medium traffic,62.5
4 Wednesday,0.5,3 - heavy traffic,159
4 Wednesday,0.5,4 - stand still,392
4 Wednesday,1,0- free flowing,20837
4 Wednesday,1,1 - light traffic,42
4 Wednesday,1,2 - medium traffic,52.5
4 Wednesday,1,3 - heavy traffic,138
4 Wednesday,1,4 - stand still,462
4 Wednesday,1.5,0- free flowing,17334
4 Wednesday,1.5,1 - light traffic,42
4 Wednesday,1.5,2 - medium traffic,52.5
4 Wednesday,1.5,3 - heavy traffic,99
4 Wednesday,1.5,4 - stand still,360.5
4 Wednesday,2,0- free flowing,15087
4 Wednesday,2,1 - light traffic,28
4 Wednesday,2,2 - medium traffic,22.5
4 Wednesday,2,3 - heavy traffic,72
4 Wednesday,2,4 - stand still,224
4 Wednesday,2.5,0- free flowing,13961
4 Wednesday,2.5,1 - light traffic,16
4 Wednesday,2.5,2 - medium traffic,15
4 Wednesday,2.5,3 - heavy traffic,39
4 Wednesday,2.5,4 - stand still,308
4 Wednesday,3,0- free flowing,13562
4 Wednesday,3,1 - light traffic,16
4 Wednesday,3,2 - medium traffic,20
4 Wednesday,3,3 - heavy traffic,48
4 Wednesday,3,4 - stand still,210
4 Wednesday,3.5,0- free flowing,13201
4 Wednesday,3.5,1 - light traffic,18
4 Wednesday,3.5,2 - medium traffic,42.5
4 Wednesday,3.5,3 - heavy traffic,36
4 Wednesday,3.5,4 - stand still,297.5
4 Wednesday,4,0- free flowing,14559
4 Wednesday,4,1 - light traffic,6
4 Wednesday,4,2 - medium traffic,35
4 Wednesday,4,3 - heavy traffic,87
4 Wednesday,4,4 - stand still,143.5
4 Wednesday,4.5,0- free flowing,17821
4 Wednesday,4.5,1 - light traffic,8
4 Wednesday,4.5,2 - medium traffic,20
4 Wednesday,4.5,3 - heavy traffic,105
4 Wednesday,4.5,4 - stand still,35
4 Wednesday,5,0- free flowing,23667
4 Wednesday,5,1 - light traffic,24
4 Wednesday,5,2 - medium traffic,35
4 Wednesday,5,3 - heavy traffic,96
4 Wednesday,5,4 - stand still,164.5
4 Wednesday,5.5,0- free flowing,31770
4 Wednesday,5.5,1 - light traffic,8
4 Wednesday,5.5,2 - medium traffic,42.5
4 Wednesday,5.5,3 - heavy traffic,249
4 Wednesday,5.5,4 - stand still,325.5
4 Wednesday,6,0- free flowing,38087
4 Wednesday,6,1 - light traffic,10
4 Wednesday,6,2 - medium traffic,75
4 Wednesday,6,3 - heavy traffic,219
4 Wednesday,6,4 - stand still,381.5
4 Wednesday,6.5,0- free flowing,50019
4 Wednesday,6.5,1 - light traffic,26
4 Wednesday,6.5,2 - medium traffic,122.5
4 Wednesday,6.5,3 - heavy traffic,237
4 Wednesday,6.5,4 - stand still,483
4 Wednesday,7,0- free flowing,71893
4 Wednesday,7,1 - light traffic,82
4 Wednesday,7,2 - medium traffic,535
4 Wednesday,7,3 - heavy traffic,1026
4 Wednesday,7,4 - stand still,1295
4 Wednesday,7.5,0- free flowing,115135
4 Wednesday,7.5,1 - light traffic,1112
4 Wednesday,7.5,2 - medium traffic,7415
4 Wednesday,7.5,3 - heavy traffic,6843
4 Wednesday,7.5,4 - stand still,1981
4 Wednesday,8,0- free flowing,138273
4 Wednesday,8,1 - light traffic,1872
4 Wednesday,8,2 - medium traffic,12567.5
4 Wednesday,8,3 - heavy traffic,27696
4 Wednesday,8,4 - stand still,7220.5
4 Wednesday,8.5,0- free flowing,141780
4 Wednesday,8.5,1 - light traffic,1608
4 Wednesday,8.5,2 - medium traffic,8210
4 Wednesday,8.5,3 - heavy traffic,15921
4 Wednesday,8.5,4 - stand still,5673.5
4 Wednesday,9,0- free flowing,126851
4 Wednesday,9,1 - light traffic,890
4 Wednesday,9,2 - medium traffic,4220
4 Wednesday,9,3 - heavy traffic,8262
4 Wednesday,9,4 - stand still,3990
4 Wednesday,9.5,0- free flowing,119902
4 Wednesday,9.5,1 - light traffic,384
4 Wednesday,9.5,2 - medium traffic,2157.5
4 Wednesday,9.5,3 - heavy traffic,2673
4 Wednesday,9.5,4 - stand still,2488.5
4 Wednesday,10,0- free flowing,121736
4 Wednesday,10,1 - light traffic,262
4 Wednesday,10,2 - medium traffic,1412.5
4 Wednesday,10,3 - heavy traffic,2769
4 Wednesday,10,4 - stand still,1421
4 Wednesday,10.5,0- free flowing,123829
4 Wednesday,10.5,1 - light traffic,396
4 Wednesday,10.5,2 - medium traffic,1172.5
4 Wednesday,10.5,3 - heavy traffic,3387
4 Wednesday,10.5,4 - stand still,1218
4 Wednesday,11,0- free flowing,131561
4 Wednesday,11,1 - light traffic,714
4 Wednesday,11,2 - medium traffic,2207.5
4 Wednesday,11,3 - heavy traffic,3975
4 Wednesday,11,4 - stand still,4256
4 Wednesday,11.5,0- free flowing,139332
4 Wednesday,11.5,1 - light traffic,1084
4 Wednesday,11.5,2 - medium traffic,3857.5
4 Wednesday,11.5,3 - heavy traffic,6636
4 Wednesday,11.5,4 - stand still,5124
4 Wednesday,12,0- free flowing,147237
4 Wednesday,12,1 - light traffic,980
4 Wednesday,12,2 - medium traffic,6287.5
4 Wednesday,12,3 - heavy traffic,10935
4 Wednesday,12,4 - stand still,5988.5
4 Wednesday,12.5,0- free flowing,157115
4 Wednesday,12.5,1 - light traffic,1402
4 Wednesday,12.5,2 - medium traffic,7455
4 Wednesday,12.5,3 - heavy traffic,16494
4 Wednesday,12.5,4 - stand still,6520.5
4 Wednesday,13,0- free flowing,157619
4 Wednesday,13,1 - light traffic,1662
4 Wednesday,13,2 - medium traffic,8347.5
4 Wednesday,13,3 - heavy traffic,15477
4 Wednesday,13,4 - stand still,9114
4 Wednesday,13.5,0- free flowing,160997
4 Wednesday,13.5,1 - light traffic,1398
4 Wednesday,13.5,2 - medium traffic,10092.5
4 Wednesday,13.5,3 - heavy traffic,15783
4 Wednesday,13.5,4 - stand still,9999.5
4 Wednesday,14,0- free flowing,162168
4 Wednesday,14,1 - light traffic,1856
4 Wednesday,14,2 - medium traffic,11245
4 Wednesday,14,3 - heavy traffic,17283
4 Wednesday,14,4 - stand still,9334.5
4 Wednesday,14.5,0- free flowing,166687
4 Wednesday,14.5,1 - light traffic,2486
4 Wednesday,14.5,2 - medium traffic,15547.5
4 Wednesday,14.5,3 - heavy traffic,21741
4 Wednesday,14.5,4 - stand still,11630.5
4 Wednesday,15,0- free flowing,173308
4 Wednesday,15,1 - light traffic,4302
4 Wednesday,15,2 - medium traffic,18112.5
4 Wednesday,15,3 - heavy traffic,25074
4 Wednesday,15,4 - stand still,15375.5
4 Wednesday,15.5,0- free flowing,181524
4 Wednesday,15.5,1 - light traffic,4842
4 Wednesday,15.5,2 - medium traffic,22750
4 Wednesday,15.5,3 - heavy traffic,35787
4 Wednesday,15.5,4 - stand still,13552
4 Wednesday,16,0- free flowing,177382
4 Wednesday,16,1 - light traffic,3788
4 Wednesday,16,2 - medium traffic,31585
4 Wednesday,16,3 - heavy traffic,35532
4 Wednesday,16,4 - stand still,11963
4 Wednesday,16.5,0- free flowing,194213
4 Wednesday,16.5,1 - light traffic,3000
4 Wednesday,16.5,2 - medium traffic,34785
4 Wednesday,16.5,3 - heavy traffic,47007
4 Wednesday,16.5,4 - stand still,15078
4 Wednesday,17,0- free flowing,208296
4 Wednesday,17,1 - light traffic,3482
4 Wednesday,17,2 - medium traffic,32405
4 Wednesday,17,3 - heavy traffic,69051
4 Wednesday,17,4 - stand still,17468.5
4 Wednesday,17.5,0- free flowing,220976
4 Wednesday,17.5,1 - light traffic,4402
4 Wednesday,17.5,2 - medium traffic,27367.5
4 Wednesday,17.5,3 - heavy traffic,106692
4 Wednesday,17.5,4 - stand still,21185.5
4 Wednesday,18,0- free flowing,194200
4 Wednesday,18,1 - light traffic,3220
4 Wednesday,18,2 - medium traffic,23537.5
4 Wednesday,18,3 - heavy traffic,61422
4 Wednesday,18,4 - stand still,12565
4 Wednesday,18.5,0- free flowing,156135
4 Wednesday,18.5,1 - light traffic,2058
4 Wednesday,18.5,2 - medium traffic,18830
4 Wednesday,18.5,3 - heavy traffic,17454
4 Wednesday,18.5,4 - stand still,7591.5
4 Wednesday,19,0- free flowing,121930
4 Wednesday,19,1 - light traffic,1230
4 Wednesday,19,2 - medium traffic,6010
4 Wednesday,19,3 - heavy traffic,5259
4 Wednesday,19,4 - stand still,5173
4 Wednesday,19.5,0- free flowing,102821
4 Wednesday,19.5,1 - light traffic,314
4 Wednesday,19.5,2 - medium traffic,1720
4 Wednesday,19.5,3 - heavy traffic,2979
4 Wednesday,19.5,4 - stand still,1974
4 Wednesday,20,0- free flowing,88434
4 Wednesday,20,1 - light traffic,108
4 Wednesday,20,2 - medium traffic,1807.5
4 Wednesday,20,3 - heavy traffic,975
4 Wednesday,20,4 - stand still,980
4 Wednesday,20.5,0- free flowing,78997
4 Wednesday,20.5,1 - light traffic,196
4 Wednesday,20.5,2 - medium traffic,360
4 Wednesday,20.5,3 - heavy traffic,1296
4 Wednesday,20.5,4 - stand still,1809.5
4 Wednesday,21,0- free flowing,70553
4 Wednesday,21,1 - light traffic,142
4 Wednesday,21,2 - medium traffic,307.5
4 Wednesday,21,3 - heavy traffic,1194
4 Wednesday,21,4 - stand still,1256.5
4 Wednesday,21.5,0- free flowing,61775
4 Wednesday,21.5,1 - light traffic,142
4 Wednesday,21.5,2 - medium traffic,627.5
4 Wednesday,21.5,3 - heavy traffic,1980
4 Wednesday,21.5,4 - stand still,2331
4 Wednesday,22,0- free flowing,49951
4 Wednesday,22,1 - light traffic,48
4 Wednesday,22,2 - medium traffic,312.5
4 Wednesday,22,3 - heavy traffic,1233
4 Wednesday,22,4 - stand still,2705.5
4 Wednesday,22.5,0- free flowing,43960
4 Wednesday,22.5,1 - light traffic,48
4 Wednesday,22.5,2 - medium traffic,377.5
4 Wednesday,22.5,3 - heavy traffic,1143
4 Wednesday,22.5,4 - stand still,2019.5
4 Wednesday,23,0- free flowing,39729
4 Wednesday,23,1 - light traffic,60
4 Wednesday,23,2 - medium traffic,307.5
4 Wednesday,23,3 - heavy traffic,1065
4 Wednesday,23,4 - stand still,1536.5
4 Wednesday,23.5,0- free flowing,35641
4 Wednesday,23.5,1 - light traffic,28
4 Wednesday,23.5,2 - medium traffic,237.5
4 Wednesday,23.5,3 - heavy traffic,1161
4 Wednesday,23.5,4 - stand still,945
4 Wednesday,24,0- free flowing,29467
4 Wednesday,24,1 - light traffic,50
4 Wednesday,24,2 - medium traffic,122.5
4 Wednesday,24,3 - heavy traffic,504
4 Wednesday,24,4 - stand still,651
5 Thursday,0.5,0- free flowing,27220
5 Thursday,0.5,1 - light traffic,46
5 Thursday,0.5,2 - medium traffic,110
5 Thursday,0.5,3 - heavy traffic,465
5 Thursday,0.5,4 - stand still,637
5 Thursday,1,0- free flowing,22708
5 Thursday,1,1 - light traffic,32
5 Thursday,1,2 - medium traffic,75
5 Thursday,1,3 - heavy traffic,144
5 Thursday,1,4 - stand still,577.5
5 Thursday,1.5,0- free flowing,18476
5 Thursday,1.5,1 - light traffic,46
5 Thursday,1.5,2 - medium traffic,45
5 Thursday,1.5,3 - heavy traffic,135
5 Thursday,1.5,4 - stand still,287
5 Thursday,2,0- free flowing,16486
5 Thursday,2,1 - light traffic,34
5 Thursday,2,2 - medium traffic,32.5
5 Thursday,2,3 - heavy traffic,168
5 Thursday,2,4 - stand still,430.5
5 Thursday,2.5,0- free flowing,15451
5 Thursday,2.5,1 - light traffic,12
5 Thursday,2.5,2 - medium traffic,30
5 Thursday,2.5,3 - heavy traffic,84
5 Thursday,2.5,4 - stand still,234.5
5 Thursday,3,0- free flowing,14764
5 Thursday,3,1 - light traffic,16
5 Thursday,3,2 - medium traffic,42.5
5 Thursday,3,3 - heavy traffic,84
5 Thursday,3,4 - stand still,287
5 Thursday,3.5,0- free flowing,14980
5 Thursday,3.5,1 - light traffic,6
5 Thursday,3.5,2 - medium traffic,45
5 Thursday,3.5,3 - heavy traffic,144
5 Thursday,3.5,4 - stand still,385
5 Thursday,4,0- free flowing,15477
5 Thursday,4,1 - light traffic,8
5 Thursday,4,2 - medium traffic,22.5
5 Thursday,4,3 - heavy traffic,174
5 Thursday,4,4 - stand still,332.5
5 Thursday,4.5,0- free flowing,19009
5 Thursday,4.5,1 - light traffic,22
5 Thursday,4.5,2 - medium traffic,25
5 Thursday,4.5,3 - heavy traffic,111
5 Thursday,4.5,4 - stand still,350
5 Thursday,5,0- free flowing,25322
5 Thursday,5,1 - light traffic,16
5 Thursday,5,2 - medium traffic,47.5
5 Thursday,5,3 - heavy traffic,252
5 Thursday,5,4 - stand still,378
5 Thursday,5.5,0- free flowing,32620
5 Thursday,5.5,1 - light traffic,10
5 Thursday,5.5,2 - medium traffic,62.5
5 Thursday,5.5,3 - heavy traffic,258
5 Thursday,5.5,4 - stand still,451.5
5 Thursday,6,0- free flowing,38540
5 Thursday,6,1 - light traffic,22
5 Thursday,6,2 - medium traffic,35
5 Thursday,6,3 - heavy traffic,225
5 Thursday,6,4 - stand still,392
5 Thursday,6.5,0- free flowing,50206
5 Thursday,6.5,1 - light traffic,48
5 Thursday,6.5,2 - medium traffic,82.5
5 Thursday,6.5,3 - heavy traffic,249
5 Thursday,6.5,4 - stand still,315
5 Thursday,7,0- free flowing,72539
5 Thursday,7,1 - light traffic,80
5 Thursday,7,2 - medium traffic,392.5
5 Thursday,7,3 - heavy traffic,1272
5 Thursday,7,4 - stand still,1207.5
5 Thursday,7.5,0- free flowing,115692
5 Thursday,7.5,1 - light traffic,1370
5 Thursday,7.5,2 - medium traffic,6017.5
5 Thursday,7.5,3 - heavy traffic,8709
5 Thursday,7.5,4 - stand still,2236.5
5 Thursday,8,0- free flowing,141619
5 Thursday,8,1 - light traffic,1878
5 Thursday,8,2 - medium traffic,12337.5
5 Thursday,8,3 - heavy traffic,28053
5 Thursday,8,4 - stand still,6475
5 Thursday,8.5,0- free flowing,134188
5 Thursday,8.5,1 - light traffic,1328
5 Thursday,8.5,2 - medium traffic,8602.5
5 Thursday,8.5,3 - heavy traffic,12006
5 Thursday,8.5,4 - stand still,6601
5 Thursday,9,0- free flowing,123387
5 Thursday,9,1 - light traffic,706
5 Thursday,9,2 - medium traffic,4310
5 Thursday,9,3 - heavy traffic,7290
5 Thursday,9,4 - stand still,6419
5 Thursday,9.5,0- free flowing,119026
5 Thursday,9.5,1 - light traffic,470
5 Thursday,9.5,2 - medium traffic,1725
5 Thursday,9.5,3 - heavy traffic,3564
5 Thursday,9.5,4 - stand still,6258
5 Thursday,10,0- free flowing,119468
5 Thursday,10,1 - light traffic,372
5 Thursday,10,2 - medium traffic,1517.5
5 Thursday,10,3 - heavy traffic,3852
5 Thursday,10,4 - stand still,5484.5
5 Thursday,10.5,0- free flowing,127091
5 Thursday,10.5,1 - light traffic,944
5 Thursday,10.5,2 - medium traffic,2560
5 Thursday,10.5,3 - heavy traffic,2976
5 Thursday,10.5,4 - stand still,4522
5 Thursday,11,0- free flowing,134917
5 Thursday,11,1 - light traffic,976
5 Thursday,11,2 - medium traffic,5095
5 Thursday,11,3 - heavy traffic,4626
5 Thursday,11,4 - stand still,3412.5
5 Thursday,11.5,0- free flowing,144545
5 Thursday,11.5,1 - light traffic,1244
5 Thursday,11.5,2 - medium traffic,4482.5
5 Thursday,11.5,3 - heavy traffic,8004
5 Thursday,11.5,4 - stand still,5071.5
5 Thursday,12,0- free flowing,151120
5 Thursday,12,1 - light traffic,1942
5 Thursday,12,2 - medium traffic,6307.5
5 Thursday,12,3 - heavy traffic,11565
5 Thursday,12,4 - stand still,7150.5
5 Thursday,12.5,0- free flowing,161454
5 Thursday,12.5,1 - light traffic,1804
5 Thursday,12.5,2 - medium traffic,9960
5 Thursday,12.5,3 - heavy traffic,18489
5 Thursday,12.5,4 - stand still,6895
5 Thursday,13,0- free flowing,165254
5 Thursday,13,1 - light traffic,2514
5 Thursday,13,2 - medium traffic,11252.5
5 Thursday,13,3 - heavy traffic,22761
5 Thursday,13,4 - stand still,10066
5 Thursday,13.5,0- free flowing,167185
5 Thursday,13.5,1 - light traffic,3338
5 Thursday,13.5,2 - medium traffic,14982.5
5 Thursday,13.5,3 - heavy traffic,23799
5 Thursday,13.5,4 - stand still,8865.5
5 Thursday,14,0- free flowing,164842
5 Thursday,14,1 - light traffic,3954
5 Thursday,14,2 - medium traffic,16757.5
5 Thursday,14,3 - heavy traffic,24210
5 Thursday,14,4 - stand still,8977.5
5 Thursday,14.5,0- free flowing,165634
5 Thursday,14.5,1 - light traffic,3386
5 Thursday,14.5,2 - medium traffic,21967.5
5 Thursday,14.5,3 - heavy traffic,27765
5 Thursday,14.5,4 - stand still,7661.5
5 Thursday,15,0- free flowing,178302
5 Thursday,15,1 - light traffic,3710
5 Thursday,15,2 - medium traffic,26825
5 Thursday,15,3 - heavy traffic,35610
5 Thursday,15,4 - stand still,7731.5
5 Thursday,15.5,0- free flowing,187999
5 Thursday,15.5,1 - light traffic,4548
5 Thursday,15.5,2 - medium traffic,35070
5 Thursday,15.5,3 - heavy traffic,44106
5 Thursday,15.5,4 - stand still,10720.5
5 Thursday,16,0- free flowing,187046
5 Thursday,16,1 - light traffic,4132
5 Thursday,16,2 - medium traffic,44475
5 Thursday,16,3 - heavy traffic,55587
5 Thursday,16,4 - stand still,16226
5 Thursday,16.5,0- free flowing,209094
5 Thursday,16.5,1 - light traffic,4566
5 Thursday,16.5,2 - medium traffic,44100
5 Thursday,16.5,3 - heavy traffic,76248
5 Thursday,16.5,4 - stand still,17839.5
5 Thursday,17,0- free flowing,225074
5 Thursday,17,1 - light traffic,5482
5 Thursday,17,2 - medium traffic,39290
5 Thursday,17,3 - heavy traffic,104580
5 Thursday,17,4 - stand still,17132.5
5 Thursday,17.5,0- free flowing,235708
5 Thursday,17.5,1 - light traffic,6038
5 Thursday,17.5,2 - medium traffic,35375
5 Thursday,17.5,3 - heavy traffic,140043
5 Thursday,17.5,4 - stand still,24269
5 Thursday,18,0- free flowing,215033
5 Thursday,18,1 - light traffic,4462
5 Thursday,18,2 - medium traffic,37440
5 Thursday,18,3 - heavy traffic,73602
5 Thursday,18,4 - stand still,16807
5 Thursday,18.5,0- free flowing,175160
5 Thursday,18.5,1 - light traffic,3540
5 Thursday,18.5,2 - medium traffic,26642.5
5 Thursday,18.5,3 - heavy traffic,21567
5 Thursday,18.5,4 - stand still,9170
5 Thursday,19,0- free flowing,140129
5 Thursday,19,1 - light traffic,1510
5 Thursday,19,2 - medium traffic,7605
5 Thursday,19,3 - heavy traffic,7338
5 Thursday,19,4 - stand still,4546.5
5 Thursday,19.5,0- free flowing,119879
5 Thursday,19.5,1 - light traffic,658
5 Thursday,19.5,2 - medium traffic,2667.5
5 Thursday,19.5,3 - heavy traffic,2400
5 Thursday,19.5,4 - stand still,3010
5 Thursday,20,0- free flowing,104476
5 Thursday,20,1 - light traffic,352
5 Thursday,20,2 - medium traffic,1120
5 Thursday,20,3 - heavy traffic,1395
5 Thursday,20,4 - stand still,1669.5
5 Thursday,20.5,0- free flowing,93020
5 Thursday,20.5,1 - light traffic,192
5 Thursday,20.5,2 - medium traffic,715
5 Thursday,20.5,3 - heavy traffic,1548
5 Thursday,20.5,4 - stand still,1760.5
5 Thursday,21,0- free flowing,86113
5 Thursday,21,1 - light traffic,226
5 Thursday,21,2 - medium traffic,1125
5 Thursday,21,3 - heavy traffic,1935
5 Thursday,21,4 - stand still,1904
5 Thursday,21.5,0- free flowing,74020
5 Thursday,21.5,1 - light traffic,254
5 Thursday,21.5,2 - medium traffic,990
5 Thursday,21.5,3 - heavy traffic,3483
5 Thursday,21.5,4 - stand still,2919
5 Thursday,22,0- free flowing,61011
5 Thursday,22,1 - light traffic,142
5 Thursday,22,2 - medium traffic,707.5
5 Thursday,22,3 - heavy traffic,3039
5 Thursday,22,4 - stand still,3836
5 Thursday,22.5,0- free flowing,52174
5 Thursday,22.5,1 - light traffic,48
5 Thursday,22.5,2 - medium traffic,500
5 Thursday,22.5,3 - heavy traffic,1695
5 Thursday,22.5,4 - stand still,5687.5
5 Thursday,23,0- free flowing,47257
5 Thursday,23,1 - light traffic,94
5 Thursday,23,2 - medium traffic,717.5
5 Thursday,23,3 - heavy traffic,1512
5 Thursday,23,4 - stand still,4137
5 Thursday,23.5,0- free flowing,40324
5 Thursday,23.5,1 - light traffic,40
5 Thursday,23.5,2 - medium traffic,972.5
5 Thursday,23.5,3 - heavy traffic,1326
5 Thursday,23.5,4 - stand still,1302
5 Thursday,24,0- free flowing,31545
5 Thursday,24,1 - light traffic,50
5 Thursday,24,2 - medium traffic,267.5
5 Thursday,24,3 - heavy traffic,825
5 Thursday,24,4 - stand still,857.5
6 Friday,0.5,0- free flowing,32321
6 Friday,0.5,1 - light traffic,30
6 Friday,0.5,2 - medium traffic,102.5
6 Friday,0.5,3 - heavy traffic,462
6 Friday,0.5,4 - stand still,1484
6 Friday,1,0- free flowing,27346
6 Friday,1,1 - light traffic,30
6 Friday,1,2 - medium traffic,47.5
6 Friday,1,3 - heavy traffic,528
6 Friday,1,4 - stand still,966
6 Friday,1.5,0- free flowing,23885
6 Friday,1.5,1 - light traffic,38
6 Friday,1.5,2 - medium traffic,100
6 Friday,1.5,3 - heavy traffic,357
6 Friday,1.5,4 - stand still,630
6 Friday,2,0- free flowing,20318
6 Friday,2,1 - light traffic,22
6 Friday,2,2 - medium traffic,70
6 Friday,2,3 - heavy traffic,171
6 Friday,2,4 - stand still,385
6 Friday,2.5,0- free flowing,19185
6 Friday,2.5,1 - light traffic,14
6 Friday,2.5,2 - medium traffic,30
6 Friday,2.5,3 - heavy traffic,219
6 Friday,2.5,4 - stand still,290.5
6 Friday,3,0- free flowing,18200
6 Friday,3,1 - light traffic,30
6 Friday,3,2 - medium traffic,40
6 Friday,3,3 - heavy traffic,180
6 Friday,3,4 - stand still,483
6 Friday,3.5,0- free flowing,18199
6 Friday,3.5,1 - light traffic,16
6 Friday,3.5,2 - medium traffic,52.5
6 Friday,3.5,3 - heavy traffic,93
6 Friday,3.5,4 - stand still,518
6 Friday,4,0- free flowing,18461
6 Friday,4,1 - light traffic,8
6 Friday,4,2 - medium traffic,40
6 Friday,4,3 - heavy traffic,78
6 Friday,4,4 - stand still,346.5
6 Friday,4.5,0- free flowing,21069
6 Friday,4.5,1 - light traffic,14
6 Friday,4.5,2 - medium traffic,42.5
6 Friday,4.5,3 - heavy traffic,132
6 Friday,4.5,4 - stand still,367.5
6 Friday,5,0- free flowing,25929
6 Friday,5,1 - light traffic,2
6 Friday,5,2 - medium traffic,65
6 Friday,5,3 - heavy traffic,105
6 Friday,5,4 - stand still,259
6 Friday,5.5,0- free flowing,32581
6 Friday,5.5,1 - light traffic,16
6 Friday,5.5,2 - medium traffic,52.5
6 Friday,5.5,3 - heavy traffic,105
6 Friday,5.5,4 - stand still,192.5
6 Friday,6,0- free flowing,36514
6 Friday,6,1 - light traffic,16
6 Friday,6,2 - medium traffic,35
6 Friday,6,3 - heavy traffic,102
6 Friday,6,4 - stand still,196
6 Friday,6.5,0- free flowing,48362
6 Friday,6.5,1 - light traffic,6
6 Friday,6.5,2 - medium traffic,32.5
6 Friday,6.5,3 - heavy traffic,189
6 Friday,6.5,4 - stand still,290.5
6 Friday,7,0- free flowing,67840
6 Friday,7,1 - light traffic,62
6 Friday,7,2 - medium traffic,262.5
6 Friday,7,3 - heavy traffic,678
6 Friday,7,4 - stand still,917
6 Friday,7.5,0- free flowing,105478
6 Friday,7.5,1 - light traffic,614
6 Friday,7.5,2 - medium traffic,2925
6 Friday,7.5,3 - heavy traffic,3309
6 Friday,7.5,4 - stand still,2124.5
6 Friday,8,0- free flowing,131800
6 Friday,8,1 - light traffic,1320
6 Friday,8,2 - medium traffic,9102.5
6 Friday,8,3 - heavy traffic,12666
6 Friday,8,4 - stand still,4728.5
6 Friday,8.5,0- free flowing,134269
6 Friday,8.5,1 - light traffic,878
6 Friday,8.5,2 - medium traffic,3882.5
6 Friday,8.5,3 - heavy traffic,6141
6 Friday,8.5,4 - stand still,5022.5
6 Friday,9,0- free flowing,122823
6 Friday,9,1 - light traffic,478
6 Friday,9,2 - medium traffic,1882.5
6 Friday,9,3 - heavy traffic,4194
6 Friday,9,4 - stand still,4217.5
6 Friday,9.5,0- free flowing,123661
6 Friday,9.5,1 - light traffic,272
6 Friday,9.5,2 - medium traffic,1440
6 Friday,9.5,3 - heavy traffic,3027
6 Friday,9.5,4 - stand still,4130
6 Friday,10,0- free flowing,129721
6 Friday,10,1 - light traffic,338
6 Friday,10,2 - medium traffic,2245
6 Friday,10,3 - heavy traffic,4047
6 Friday,10,4 - stand still,3930.5
6 Friday,10.5,0- free flowing,138183
6 Friday,10.5,1 - light traffic,528
6 Friday,10.5,2 - medium traffic,3350
6 Friday,10.5,3 - heavy traffic,4467
6 Friday,10.5,4 - stand still,4595.5
6 Friday,11,0- free flowing,148662
6 Friday,11,1 - light traffic,1140
6 Friday,11,2 - medium traffic,5105
6 Friday,11,3 - heavy traffic,8823
6 Friday,11,4 - stand still,5029.5
6 Friday,11.5,0- free flowing,164653
6 Friday,11.5,1 - light traffic,2010
6 Friday,11.5,2 - medium traffic,9172.5
6 Friday,11.5,3 - heavy traffic,18186
6 Friday,11.5,4 - stand still,6422.5
6 Friday,12,0- free flowing,175528
6 Friday,12,1 - light traffic,3218
6 Friday,12,2 - medium traffic,15485
6 Friday,12,3 - heavy traffic,28842
6 Friday,12,4 - stand still,7409.5
6 Friday,12.5,0- free flowing,181464
6 Friday,12.5,1 - light traffic,4370
6 Friday,12.5,2 - medium traffic,22250
6 Friday,12.5,3 - heavy traffic,38190
6 Friday,12.5,4 - stand still,10993.5
6 Friday,13,0- free flowing,194831
6 Friday,13,1 - light traffic,4812
6 Friday,13,2 - medium traffic,30715
6 Friday,13,3 - heavy traffic,48336
6 Friday,13,4 - stand still,15900.5
6 Friday,13.5,0- free flowing,197080
6 Friday,13.5,1 - light traffic,6264
6 Friday,13.5,2 - medium traffic,35145
6 Friday,13.5,3 - heavy traffic,57825
6 Friday,13.5,4 - stand still,20993
6 Friday,14,0- free flowing,203113
6 Friday,14,1 - light traffic,5792
6 Friday,14,2 - medium traffic,44900
6 Friday,14,3 - heavy traffic,65697
6 Friday,14,4 - stand still,22158.5
6 Friday,14.5,0- free flowing,206661
6 Friday,14.5,1 - light traffic,5614
6 Friday,14.5,2 - medium traffic,55365
6 Friday,14.5,3 - heavy traffic,73185
6 Friday,14.5,4 - stand still,22284.5
6 Friday,15,0- free flowing,217787
6 Friday,15,1 - light traffic,6718
6 Friday,15,2 - medium traffic,60912.5
6 Friday,15,3 - heavy traffic,92118
6 Friday,15,4 - stand still,21357
6 Friday,15.5,0- free flowing,230643
6 Friday,15.5,1 - light traffic,5744
6 Friday,15.5,2 - medium traffic,60192.5
6 Friday,15.5,3 - heavy traffic,119673
6 Friday,15.5,4 - stand still,29855
6 Friday,16,0- free flowing,241799
6 Friday,16,1 - light traffic,5816
6 Friday,16,2 - medium traffic,62667.5
6 Friday,16,3 - heavy traffic,137505
6 Friday,16,4 - stand still,39291
6 Friday,16.5,0- free flowing,266968
6 Friday,16.5,1 - light traffic,5482
6 Friday,16.5,2 - medium traffic,63252.5
6 Friday,16.5,3 - heavy traffic,146763
6 Friday,16.5,4 - stand still,41436.5
6 Friday,17,0- free flowing,260081
6 Friday,17,1 - light traffic,6504
6 Friday,17,2 - medium traffic,56085
6 Friday,17,3 - heavy traffic,152934
6 Friday,17,4 - stand still,47271
6 Friday,17.5,0- free flowing,261532
6 Friday,17.5,1 - light traffic,6516
6 Friday,17.5,2 - medium traffic,58147.5
6 Friday,17.5,3 - heavy traffic,144129
6 Friday,17.5,4 - stand still,49147
6 Friday,18,0- free flowing,242767
6 Friday,18,1 - light traffic,6510
6 Friday,18,2 - medium traffic,55347.5
6 Friday,18,3 - heavy traffic,89223
6 Friday,18,4 - stand still,41317.5
6 Friday,18.5,0- free flowing,220074
6 Friday,18.5,1 - light traffic,6370
6 Friday,18.5,2 - medium traffic,39310
6 Friday,18.5,3 - heavy traffic,48732
6 Friday,18.5,4 - stand still,33992
6 Friday,19,0- free flowing,191233
6 Friday,19,1 - light traffic,4042
6 Friday,19,2 - medium traffic,25720
6 Friday,19,3 - heavy traffic,26853
6 Friday,19,4 - stand still,27741
6 Friday,19.5,0- free flowing,172040
6 Friday,19.5,1 - light traffic,2622
6 Friday,19.5,2 - medium traffic,16570
6 Friday,19.5,3 - heavy traffic,20010
6 Friday,19.5,4 - stand still,19778.5
6 Friday,20,0- free flowing,149853
6 Friday,20,1 - light traffic,1518
6 Friday,20,2 - medium traffic,12777.5
6 Friday,20,3 - heavy traffic,13005
6 Friday,20,4 - stand still,13016.5
6 Friday,20.5,0- free flowing,135421
6 Friday,20.5,1 - light traffic,1006
6 Friday,20.5,2 - medium traffic,7245
6 Friday,20.5,3 - heavy traffic,8652
6 Friday,20.5,4 - stand still,9929.5
6 Friday,21,0- free flowing,123166
6 Friday,21,1 - light traffic,608
6 Friday,21,2 - medium traffic,6692.5
6 Friday,21,3 - heavy traffic,9699
6 Friday,21,4 - stand still,7143.5
6 Friday,21.5,0- free flowing,112263
6 Friday,21.5,1 - light traffic,1104
6 Friday,21.5,2 - medium traffic,5505
6 Friday,21.5,3 - heavy traffic,6261
6 Friday,21.5,4 - stand still,5190.5
6 Friday,22,0- free flowing,95633
6 Friday,22,1 - light traffic,460
6 Friday,22,2 - medium traffic,3487.5
6 Friday,22,3 - heavy traffic,3333
6 Friday,22,4 - stand still,4504.5
6 Friday,22.5,0- free flowing,81915
6 Friday,22.5,1 - light traffic,594
6 Friday,22.5,2 - medium traffic,1587.5
6 Friday,22.5,3 - heavy traffic,2418
6 Friday,22.5,4 - stand still,2075.5
6 Friday,23,0- free flowing,68170
6 Friday,23,1 - light traffic,62
6 Friday,23,2 - medium traffic,177.5
6 Friday,23,3 - heavy traffic,606
6 Friday,23,4 - stand still,1218
6 Friday,23.5,0- free flowing,54813
6 Friday,23.5,1 - light traffic,34
6 Friday,23.5,2 - medium traffic,60
6 Friday,23.5,3 - heavy traffic,204
6 Friday,23.5,4 - stand still,864.5
6 Friday,24,0- free flowing,39223
6 Friday,24,1 - light traffic,24
6 Friday,24,2 - medium traffic,142.5
6 Friday,24,3 - heavy traffic,447
6 Friday,24,4 - stand still,1522.5
7 Saturday,0.5,0- free flowing,44295
7 Saturday,0.5,1 - light traffic,22
7 Saturday,0.5,2 - medium traffic,17.5
7 Saturday,0.5,3 - heavy traffic,54
7 Saturday,0.5,4 - stand still,542.5
7 Saturday,1,0- free flowing,36418
7 Saturday,1,1 - light traffic,14
7 Saturday,1,2 - medium traffic,20
7 Saturday,1,3 - heavy traffic,111
7 Saturday,1,4 - stand still,182
7 Saturday,1.5,0- free flowing,32602
7 Saturday,1.5,1 - light traffic,16
7 Saturday,1.5,2 - medium traffic,15
7 Saturday,1.5,3 - heavy traffic,90
7 Saturday,1.5,4 - stand still,143.5
7 Saturday,2,0- free flowing,29272
7 Saturday,2,1 - light traffic,16
7 Saturday,2,2 - medium traffic,22.5
7 Saturday,2,3 - heavy traffic,225
7 Saturday,2,4 - stand still,213.5
7 Saturday,2.5,0- free flowing,25967
7 Saturday,2.5,1 - light traffic,38
7 Saturday,2.5,2 - medium traffic,25
7 Saturday,2.5,3 - heavy traffic,60
7 Saturday,2.5,4 - stand still,206.5
7 Saturday,3,0- free flowing,23452
7 Saturday,3,1 - light traffic,2
7 Saturday,3,2 - medium traffic,17.5
7 Saturday,3,3 - heavy traffic,69
7 Saturday,3,4 - stand still,182
7 Saturday,3.5,0- free flowing,21971
7 Saturday,3.5,1 - light traffic,4
7 Saturday,3.5,2 - medium traffic,50
7 Saturday,3.5,3 - heavy traffic,93
7 Saturday,3.5,4 - stand still,154
7 Saturday,4,0- free flowing,20635
7 Saturday,4,1 - light traffic,24
7 Saturday,4,2 - medium traffic,7.5
7 Saturday,4,3 - heavy traffic,60
7 Saturday,4,4 - stand still,154
7 Saturday,4.5,0- free flowing,20631
7 Saturday,4.5,1 - light traffic,26
7 Saturday,4.5,2 - medium traffic,22.5
7 Saturday,4.5,3 - heavy traffic,96
7 Saturday,4.5,4 - stand still,178.5
7 Saturday,5,0- free flowing,22810
7 Saturday,5,1 - light traffic,8
7 Saturday,5,2 - medium traffic,22.5
7 Saturday,5,3 - heavy traffic,45
7 Saturday,5,4 - stand still,238
7 Saturday,5.5,0- free flowing,26988
7 Saturday,5.5,1 - light traffic,6
7 Saturday,5.5,2 - medium traffic,7.5
7 Saturday,5.5,3 - heavy traffic,57
7 Saturday,5.5,4 - stand still,311.5
7 Saturday,6,0- free flowing,32057
7 Saturday,6,1 - light traffic,8
7 Saturday,6,2 - medium traffic,25
7 Saturday,6,3 - heavy traffic,33
7 Saturday,6,4 - stand still,122.5
7 Saturday,6.5,0- free flowing,38052
7 Saturday,6.5,1 - light traffic,18
7 Saturday,6.5,2 - medium traffic,37.5
7 Saturday,6.5,3 - heavy traffic,156
7 Saturday,6.5,4 - stand still,234.5
7 Saturday,7,0- free flowing,41692
7 Saturday,7,1 - light traffic,28
7 Saturday,7,2 - medium traffic,65
7 Saturday,7,3 - heavy traffic,96
7 Saturday,7,4 - stand still,115.5
7 Saturday,7.5,0- free flowing,51581
7 Saturday,7.5,1 - light traffic,20
7 Saturday,7.5,2 - medium traffic,27.5
7 Saturday,7.5,3 - heavy traffic,279
7 Saturday,7.5,4 - stand still,189
7 Saturday,8,0- free flowing,65869
7 Saturday,8,1 - light traffic,44
7 Saturday,8,2 - medium traffic,105
7 Saturday,8,3 - heavy traffic,420
7 Saturday,8,4 - stand still,479.5
7 Saturday,8.5,0- free flowing,84599
7 Saturday,8.5,1 - light traffic,214
7 Saturday,8.5,2 - medium traffic,182.5
7 Saturday,8.5,3 - heavy traffic,780
7 Saturday,8.5,4 - stand still,945
7 Saturday,9,0- free flowing,96182
7 Saturday,9,1 - light traffic,310
7 Saturday,9,2 - medium traffic,307.5
7 Saturday,9,3 - heavy traffic,1716
7 Saturday,9,4 - stand still,1757
7 Saturday,9.5,0- free flowing,111629
7 Saturday,9.5,1 - light traffic,242
7 Saturday,9.5,2 - medium traffic,282.5
7 Saturday,9.5,3 - heavy traffic,2307
7 Saturday,9.5,4 - stand still,4144
7 Saturday,10,0- free flowing,129473
7 Saturday,10,1 - light traffic,496
7 Saturday,10,2 - medium traffic,1190
7 Saturday,10,3 - heavy traffic,4737
7 Saturday,10,4 - stand still,5617.5
7 Saturday,10.5,0- free flowing,142869
7 Saturday,10.5,1 - light traffic,590
7 Saturday,10.5,2 - medium traffic,2985
7 Saturday,10.5,3 - heavy traffic,7443
7 Saturday,10.5,4 - stand still,5883.5
7 Saturday,11,0- free flowing,155041
7 Saturday,11,1 - light traffic,738
7 Saturday,11,2 - medium traffic,4742.5
7 Saturday,11,3 - heavy traffic,14301
7 Saturday,11,4 - stand still,7703.5
7 Saturday,11.5,0- free flowing,167428
7 Saturday,11.5,1 - light traffic,1384
7 Saturday,11.5,2 - medium traffic,6745
7 Saturday,11.5,3 - heavy traffic,22551
7 Saturday,11.5,4 - stand still,9166.5
7 Saturday,12,0- free flowing,180380
7 Saturday,12,1 - light traffic,1932
7 Saturday,12,2 - medium traffic,9575
7 Saturday,12,3 - heavy traffic,27468
7 Saturday,12,4 - stand still,14294
7 Saturday,12.5,0- free flowing,193046
7 Saturday,12.5,1 - light traffic,2732
7 Saturday,12.5,2 - medium traffic,13715
7 Saturday,12.5,3 - heavy traffic,32673
7 Saturday,12.5,4 - stand still,18945.5
7 Saturday,13,0- free flowing,198939
7 Saturday,13,1 - light traffic,2924
7 Saturday,13,2 - medium traffic,16145
7 Saturday,13,3 - heavy traffic,38355
7 Saturday,13,4 - stand still,17290
7 Saturday,13.5,0- free flowing,197904
7 Saturday,13.5,1 - light traffic,2286
7 Saturday,13.5,2 - medium traffic,17432.5
7 Saturday,13.5,3 - heavy traffic,38211
7 Saturday,13.5,4 - stand still,15694
7 Saturday,14,0- free flowing,196565
7 Saturday,14,1 - light traffic,2288
7 Saturday,14,2 - medium traffic,16170
7 Saturday,14,3 - heavy traffic,35610
7 Saturday,14,4 - stand still,16950.5
7 Saturday,14.5,0- free flowing,193091
7 Saturday,14.5,1 - light traffic,2958
7 Saturday,14.5,2 - medium traffic,18207.5
7 Saturday,14.5,3 - heavy traffic,37740
7 Saturday,14.5,4 - stand still,15214.5
7 Saturday,15,0- free flowing,192763
7 Saturday,15,1 - light traffic,2768
7 Saturday,15,2 - medium traffic,19787.5
7 Saturday,15,3 - heavy traffic,33966
7 Saturday,15,4 - stand still,15655.5
7 Saturday,15.5,0- free flowing,192379
7 Saturday,15.5,1 - light traffic,2690
7 Saturday,15.5,2 - medium traffic,18587.5
7 Saturday,15.5,3 - heavy traffic,30735
7 Saturday,15.5,4 - stand still,15225
7 Saturday,16,0- free flowing,189592
7 Saturday,16,1 - light traffic,2076
7 Saturday,16,2 - medium traffic,15830
7 Saturday,16,3 - heavy traffic,29664
7 Saturday,16,4 - stand still,15151.5
7 Saturday,16.5,0- free flowing,184151
7 Saturday,16.5,1 - light traffic,2442
7 Saturday,16.5,2 - medium traffic,15760
7 Saturday,16.5,3 - heavy traffic,23832
7 Saturday,16.5,4 - stand still,12124
7 Saturday,17,0- free flowing,179499
7 Saturday,17,1 - light traffic,2544
7 Saturday,17,2 - medium traffic,14105
7 Saturday,17,3 - heavy traffic,19050
7 Saturday,17,4 - stand still,9103.5
7 Saturday,17.5,0- free flowing,176199
7 Saturday,17.5,1 - light traffic,2044
7 Saturday,17.5,2 - medium traffic,14680
7 Saturday,17.5,3 - heavy traffic,16053
7 Saturday,17.5,4 - stand still,6702.5
7 Saturday,18,0- free flowing,168681
7 Saturday,18,1 - light traffic,1948
7 Saturday,18,2 - medium traffic,10330
7 Saturday,18,3 - heavy traffic,12471
7 Saturday,18,4 - stand still,7206.5
7 Saturday,18.5,0- free flowing,159743
7 Saturday,18.5,1 - light traffic,1260
7 Saturday,18.5,2 - medium traffic,6015
7 Saturday,18.5,3 - heavy traffic,9351
7 Saturday,18.5,4 - stand still,6601
7 Saturday,19,0- free flowing,148817
7 Saturday,19,1 - light traffic,542
7 Saturday,19,2 - medium traffic,3772.5
7 Saturday,19,3 - heavy traffic,6027
7 Saturday,19,4 - stand still,5929
7 Saturday,19.5,0- free flowing,133389
7 Saturday,19.5,1 - light traffic,408
7 Saturday,19.5,2 - medium traffic,2897.5
7 Saturday,19.5,3 - heavy traffic,3603
7 Saturday,19.5,4 - stand still,4494
7 Saturday,20,0- free flowing,105945
7 Saturday,20,1 - light traffic,802
7 Saturday,20,2 - medium traffic,1155
7 Saturday,20,3 - heavy traffic,2208
7 Saturday,20,4 - stand still,3916.5
7 Saturday,20.5,0- free flowing,87882
7 Saturday,20.5,1 - light traffic,560
7 Saturday,20.5,2 - medium traffic,732.5
7 Saturday,20.5,3 - heavy traffic,1776
7 Saturday,20.5,4 - stand still,2159.5
7 Saturday,21,0- free flowing,94031
7 Saturday,21,1 - light traffic,84
7 Saturday,21,2 - medium traffic,200
7 Saturday,21,3 - heavy traffic,1467
7 Saturday,21,4 - stand still,2215.5
7 Saturday,21.5,0- free flowing,88587
7 Saturday,21.5,1 - light traffic,68
7 Saturday,21.5,2 - medium traffic,200
7 Saturday,21.5,3 - heavy traffic,978
7 Saturday,21.5,4 - stand still,1102.5
7 Saturday,22,0- free flowing,79829
7 Saturday,22,1 - light traffic,48
7 Saturday,22,2 - medium traffic,220
7 Saturday,22,3 - heavy traffic,597
7 Saturday,22,4 - stand still,766.5
7 Saturday,22.5,0- free flowing,71213
7 Saturday,22.5,1 - light traffic,22
7 Saturday,22.5,2 - medium traffic,85
7 Saturday,22.5,3 - heavy traffic,426
7 Saturday,22.5,4 - stand still,714
7 Saturday,23,0- free flowing,60431
7 Saturday,23,1 - light traffic,28
7 Saturday,23,2 - medium traffic,37.5
7 Saturday,23,3 - heavy traffic,336
7 Saturday,23,4 - stand still,332.5
7 Saturday,23.5,0- free flowing,50895
7 Saturday,23.5,1 - light traffic,2
7 Saturday,23.5,2 - medium traffic,57.5
7 Saturday,23.5,3 - heavy traffic,123
7 Saturday,23.5,4 - stand still,185.5
7 Saturday,24,0- free flowing,41826
7 Saturday,24,1 - light traffic,2
7 Saturday,24,2 - medium traffic,2.5
7 Saturday,24,3 - heavy traffic,159
7 Saturday,24,4 - stand still,549.5
