Day of Week,Time Half Hour,Traffic Level,Traffic Flow
1 Sunday,0.5,0- free flowing,38778
1 Sunday,0.5,1 - light traffic,22
1 Sunday,0.5,2 - medium traffic,2.5
1 Sunday,0.5,3 - heavy traffic,63
1 Sunday,0.5,4 - stand still,126
1 Sunday,1,0- free flowing,34582
1 Sunday,1,1 - light traffic,12
1 Sunday,1,2 - medium traffic,7.5
1 Sunday,1,3 - heavy traffic,99
1 Sunday,1,4 - stand still,108.5
1 Sunday,1.5,0- free flowing,29692
1 Sunday,1.5,1 - light traffic,8
1 Sunday,1.5,2 - medium traffic,5
1 Sunday,1.5,3 - heavy traffic,33
1 Sunday,1.5,4 - stand still,63
1 Sunday,2,0- free flowing,24338
1 Sunday,2,1 - light traffic,8
1 Sunday,2,2 - medium traffic,12.5
1 Sunday,2,3 - heavy traffic,36
1 Sunday,2,4 - stand still,49
1 Sunday,2.5,0- free flowing,20887
1 Sunday,2.5,1 - light traffic,2
1 Sunday,2.5,2 - medium traffic,0
1 Sunday,2.5,3 - heavy traffic,60
1 Sunday,2.5,4 - stand still,49
1 Sunday,3,0- free flowing,19209
1 Sunday,3,1 - light traffic,2
1 Sunday,3,2 - medium traffic,5
1 Sunday,3,3 - heavy traffic,27
1 Sunday,3,4 - stand still,77
1 Sunday,3.5,0- free flowing,17196
1 Sunday,3.5,1 - light traffic,4
1 Sunday,3.5,2 - medium traffic,10
1 Sunday,3.5,3 - heavy traffic,33
1 Sunday,3.5,4 - stand still,31.5
1 Sunday,4,0- free flowing,14891
1 Sunday,4,1 - light traffic,6
1 Sunday,4,2 - medium traffic,12.5
1 Sunday,4,3 - heavy traffic,54
1 Sunday,4,4 - stand still,28
1 Sunday,4.5,0- free flowing,14468
1 Sunday,4.5,1 - light traffic,12
1 Sunday,4.5,2 - medium traffic,7.5
1 Sunday,4.5,3 - heavy traffic,18
1 Sunday,4.5,4 - stand still,126
1 Sunday,5,0- free flowing,15543
1 Sunday,5,1 - light traffic,14
1 Sunday,5,2 - medium traffic,15
1 Sunday,5,3 - heavy traffic,48
1 Sunday,5,4 - stand still,98
1 Sunday,5.5,0- free flowing,17926
1 Sunday,5.5,1 - light traffic,12
1 Sunday,5.5,2 - medium traffic,5
1 Sunday,5.5,3 - heavy traffic,51
1 Sunday,5.5,4 - stand still,52.5
1 Sunday,6,0- free flowing,21777
1 Sunday,6,1 - light traffic,4
1 Sunday,6,2 - medium traffic,20
1 Sunday,6,3 - heavy traffic,81
1 Sunday,6,4 - stand still,360.5
1 Sunday,6.5,0- free flowing,27872
1 Sunday,6.5,1 - light traffic,10
1 Sunday,6.5,2 - medium traffic,12.5
1 Sunday,6.5,3 - heavy traffic,72
1 Sunday,6.5,4 - stand still,70
1 Sunday,7,0- free flowing,30648
1 Sunday,7,1 - light traffic,14
1 Sunday,7,2 - medium traffic,17.5
1 Sunday,7,3 - heavy traffic,90
1 Sunday,7,4 - stand still,140
1 Sunday,7.5,0- free flowing,34397
1 Sunday,7.5,1 - light traffic,8
1 Sunday,7.5,2 - medium traffic,45
1 Sunday,7.5,3 - heavy traffic,159
1 Sunday,7.5,4 - stand still,402.5
1 Sunday,8,0- free flowing,39017
1 Sunday,8,1 - light traffic,4
1 Sunday,8,2 - medium traffic,110
1 Sunday,8,3 - heavy traffic,102
1 Sunday,8,4 - stand still,1361.5
1 Sunday,8.5,0- free flowing,49169
1 Sunday,8.5,1 - light traffic,8
1 Sunday,8.5,2 - medium traffic,62.5
1 Sunday,8.5,3 - heavy traffic,318
1 Sunday,8.5,4 - stand still,2453.5
1 Sunday,9,0- free flowing,65248
1 Sunday,9,1 - light traffic,30
1 Sunday,9,2 - medium traffic,412.5
1 Sunday,9,3 - heavy traffic,438
1 Sunday,9,4 - stand still,2555
1 Sunday,9.5,0- free flowing,81011
1 Sunday,9.5,1 - light traffic,48
1 Sunday,9.5,2 - medium traffic,422.5
1 Sunday,9.5,3 - heavy traffic,1350
1 Sunday,9.5,4 - stand still,2415
1 Sunday,10,0- free flowing,90777
1 Sunday,10,1 - light traffic,50
1 Sunday,10,2 - medium traffic,330
1 Sunday,10,3 - heavy traffic,2172
1 Sunday,10,4 - stand still,3993.5
1 Sunday,10.5,0- free flowing,117670
1 Sunday,10.5,1 - light traffic,308
1 Sunday,10.5,2 - medium traffic,1025
1 Sunday,10.5,3 - heavy traffic,3699
1 Sunday,10.5,4 - stand still,7024.5
1 Sunday,11,0- free flowing,135546
1 Sunday,11,1 - light traffic,606
1 Sunday,11,2 - medium traffic,2847.5
1 Sunday,11,3 - heavy traffic,7530
1 Sunday,11,4 - stand still,7836.5
1 Sunday,11.5,0- free flowing,143500
1 Sunday,11.5,1 - light traffic,626
1 Sunday,11.5,2 - medium traffic,3832.5
1 Sunday,11.5,3 - heavy traffic,12588
1 Sunday,11.5,4 - stand still,9943.5
1 Sunday,12,0- free flowing,158532
1 Sunday,12,1 - light traffic,1402
1 Sunday,12,2 - medium traffic,5995
1 Sunday,12,3 - heavy traffic,18714
1 Sunday,12,4 - stand still,12393.5
1 Sunday,12.5,0- free flowing,177531
1 Sunday,12.5,1 - light traffic,3054
1 Sunday,12.5,2 - medium traffic,9795
1 Sunday,12.5,3 - heavy traffic,27858
1 Sunday,12.5,4 - stand still,13674.5
1 Sunday,13,0- free flowing,186868
1 Sunday,13,1 - light traffic,4776
1 Sunday,13,2 - medium traffic,20335
1 Sunday,13,3 - heavy traffic,37302
1 Sunday,13,4 - stand still,18585
1 Sunday,13.5,0- free flowing,187607
1 Sunday,13.5,1 - light traffic,5002
1 Sunday,13.5,2 - medium traffic,30152.5
1 Sunday,13.5,3 - heavy traffic,39381
1 Sunday,13.5,4 - stand still,19323.5
1 Sunday,14,0- free flowing,189479
1 Sunday,14,1 - light traffic,4930
1 Sunday,14,2 - medium traffic,30285
1 Sunday,14,3 - heavy traffic,42804
1 Sunday,14,4 - stand still,25186
1 Sunday,14.5,0- free flowing,190196
1 Sunday,14.5,1 - light traffic,4976
1 Sunday,14.5,2 - medium traffic,31300
1 Sunday,14.5,3 - heavy traffic,48996
1 Sunday,14.5,4 - stand still,26901
1 Sunday,15,0- free flowing,194762
1 Sunday,15,1 - light traffic,4418
1 Sunday,15,2 - medium traffic,31000
1 Sunday,15,3 - heavy traffic,51696
1 Sunday,15,4 - stand still,26733
1 Sunday,15.5,0- free flowing,191894
1 Sunday,15.5,1 - light traffic,3998
1 Sunday,15.5,2 - medium traffic,31267.5
1 Sunday,15.5,3 - heavy traffic,48951
1 Sunday,15.5,4 - stand still,24958.5
1 Sunday,16,0- free flowing,189469
1 Sunday,16,1 - light traffic,4028
1 Sunday,16,2 - medium traffic,34112.5
1 Sunday,16,3 - heavy traffic,47097
1 Sunday,16,4 - stand still,21479.5
1 Sunday,16.5,0- free flowing,185570
1 Sunday,16.5,1 - light traffic,3468
1 Sunday,16.5,2 - medium traffic,37445
1 Sunday,16.5,3 - heavy traffic,41829
1 Sunday,16.5,4 - stand still,19516
1 Sunday,17,0- free flowing,180715
1 Sunday,17,1 - light traffic,4566
1 Sunday,17,2 - medium traffic,32567.5
1 Sunday,17,3 - heavy traffic,37887
1 Sunday,17,4 - stand still,15823.5
1 Sunday,17.5,0- free flowing,171133
1 Sunday,17.5,1 - light traffic,3224
1 Sunday,17.5,2 - medium traffic,23732.5
1 Sunday,17.5,3 - heavy traffic,32187
1 Sunday,17.5,4 - stand still,15263.5
1 Sunday,18,0- free flowing,159704
1 Sunday,18,1 - light traffic,2276
1 Sunday,18,2 - medium traffic,18942.5
1 Sunday,18,3 - heavy traffic,22572
1 Sunday,18,4 - stand still,11210.5
1 Sunday,18.5,0- free flowing,148055
1 Sunday,18.5,1 - light traffic,2018
1 Sunday,18.5,2 - medium traffic,13275
1 Sunday,18.5,3 - heavy traffic,17355
1 Sunday,18.5,4 - stand still,6968.5
1 Sunday,19,0- free flowing,130490
1 Sunday,19,1 - light traffic,1014
1 Sunday,19,2 - medium traffic,9412.5
1 Sunday,19,3 - heavy traffic,11649
1 Sunday,19,4 - stand still,6993
1 Sunday,19.5,0- free flowing,118812
1 Sunday,19.5,1 - light traffic,788
1 Sunday,19.5,2 - medium traffic,4705
1 Sunday,19.5,3 - heavy traffic,9807
1 Sunday,19.5,4 - stand still,6426
1 Sunday,20,0- free flowing,101797
1 Sunday,20,1 - light traffic,768
1 Sunday,20,2 - medium traffic,4740
1 Sunday,20,3 - heavy traffic,4245
1 Sunday,20,4 - stand still,3388
1 Sunday,20.5,0- free flowing,91079
1 Sunday,20.5,1 - light traffic,438
1 Sunday,20.5,2 - medium traffic,2572.5
1 Sunday,20.5,3 - heavy traffic,2601
1 Sunday,20.5,4 - stand still,2737
1 Sunday,21,0- free flowing,79864
1 Sunday,21,1 - light traffic,452
1 Sunday,21,2 - medium traffic,1320
1 Sunday,21,3 - heavy traffic,2109
1 Sunday,21,4 - stand still,1862
1 Sunday,21.5,0- free flowing,68038
1 Sunday,21.5,1 - light traffic,220
1 Sunday,21.5,2 - medium traffic,810
1 Sunday,21.5,3 - heavy traffic,1875
1 Sunday,21.5,4 - stand still,3419.5
1 Sunday,22,0- free flowing,58083
1 Sunday,22,1 - light traffic,228
1 Sunday,22,2 - medium traffic,460
1 Sunday,22,3 - heavy traffic,1029
1 Sunday,22,4 - stand still,2474.5
1 Sunday,22.5,0- free flowing,48729
1 Sunday,22.5,1 - light traffic,158
1 Sunday,22.5,2 - medium traffic,382.5
1 Sunday,22.5,3 - heavy traffic,696
1 Sunday,22.5,4 - stand still,2278.5
1 Sunday,23,0- free flowing,41458
1 Sunday,23,1 - light traffic,132
1 Sunday,23,2 - medium traffic,370
1 Sunday,23,3 - heavy traffic,489
1 Sunday,23,4 - stand still,2418.5
1 Sunday,23.5,0- free flowing,35479
1 Sunday,23.5,1 - light traffic,62
1 Sunday,23.5,2 - medium traffic,170
1 Sunday,23.5,3 - heavy traffic,279
1 Sunday,23.5,4 - stand still,1673
1 Sunday,24,0- free flowing,40018
1 Sunday,24,1 - light traffic,30
1 Sunday,24,2 - medium traffic,112.5
1 Sunday,24,3 - heavy traffic,237
1 Sunday,24,4 - stand still,644
2 Monday,0.5,0- free flowing,26868
2 Monday,0.5,1 - light traffic,32
2 Monday,0.5,2 - medium traffic,50
2 Monday,0.5,3 - heavy traffic,144
2 Monday,0.5,4 - stand still,416.5
2 Monday,1,0- free flowing,23038
2 Monday,1,1 - light traffic,36
2 Monday,1,2 - medium traffic,25
2 Monday,1,3 - heavy traffic,81
2 Monday,1,4 - stand still,329
2 Monday,1.5,0- free flowing,19832
2 Monday,1.5,1 - light traffic,26
2 Monday,1.5,2 - medium traffic,15
2 Monday,1.5,3 - heavy traffic,69
2 Monday,1.5,4 - stand still,301
2 Monday,2,0- free flowing,17448
2 Monday,2,1 - light traffic,22
2 Monday,2,2 - medium traffic,30
2 Monday,2,3 - heavy traffic,69
2 Monday,2,4 - stand still,423.5
2 Monday,2.5,0- free flowing,15774
2 Monday,2.5,1 - light traffic,26
2 Monday,2.5,2 - medium traffic,22.5
2 Monday,2.5,3 - heavy traffic,93
2 Monday,2.5,4 - stand still,252
2 Monday,3,0- free flowing,13768
2 Monday,3,1 - light traffic,10
2 Monday,3,2 - medium traffic,20
2 Monday,3,3 - heavy traffic,78
2 Monday,3,4 - stand still,63
2 Monday,3.5,0- free flowing,13358
2 Monday,3.5,1 - light traffic,14
2 Monday,3.5,2 - medium traffic,27.5
2 Monday,3.5,3 - heavy traffic,39
2 Monday,3.5,4 - stand still,94.5
2 Monday,4,0- free flowing,14705
2 Monday,4,1 - light traffic,16
2 Monday,4,2 - medium traffic,55
2 Monday,4,3 - heavy traffic,45
2 Monday,4,4 - stand still,126
2 Monday,4.5,0- free flowing,17126
2 Monday,4.5,1 - light traffic,8
2 Monday,4.5,2 - medium traffic,20
2 Monday,4.5,3 - heavy traffic,39
2 Monday,4.5,4 - stand still,136.5
2 Monday,5,0- free flowing,22933
2 Monday,5,1 - light traffic,16
2 Monday,5,2 - medium traffic,10
2 Monday,5,3 - heavy traffic,60
2 Monday,5,4 - stand still,91
2 Monday,5.5,0- free flowing,29793
2 Monday,5.5,1 - light traffic,6
2 Monday,5.5,2 - medium traffic,35
2 Monday,5.5,3 - heavy traffic,123
2 Monday,5.5,4 - stand still,171.5
2 Monday,6,0- free flowing,34162
2 Monday,6,1 - light traffic,10
2 Monday,6,2 - medium traffic,22.5
2 Monday,6,3 - heavy traffic,165
2 Monday,6,4 - stand still,392
2 Monday,6.5,0- free flowing,44596
2 Monday,6.5,1 - light traffic,6
2 Monday,6.5,2 - medium traffic,72.5
2 Monday,6.5,3 - heavy traffic,372
2 Monday,6.5,4 - stand still,717.5
2 Monday,7,0- free flowing,63385
2 Monday,7,1 - light traffic,62
2 Monday,7,2 - medium traffic,492.5
2 Monday,7,3 - heavy traffic,1089
2 Monday,7,4 - stand still,2317
2 Monday,7.5,0- free flowing,101305
2 Monday,7.5,1 - light traffic,652
2 Monday,7.5,2 - medium traffic,2870
2 Monday,7.5,3 - heavy traffic,4608
2 Monday,7.5,4 - stand still,3794
2 Monday,8,0- free flowing,122248
2 Monday,8,1 - light traffic,1370
2 Monday,8,2 - medium traffic,8315
2 Monday,8,3 - heavy traffic,18321
2 Monday,8,4 - stand still,7227.5
2 Monday,8.5,0- free flowing,128266
2 Monday,8.5,1 - light traffic,936
2 Monday,8.5,2 - medium traffic,5977.5
2 Monday,8.5,3 - heavy traffic,11064
2 Monday,8.5,4 - stand still,7623
2 Monday,9,0- free flowing,120157
2 Monday,9,1 - light traffic,708
2 Monday,9,2 - medium traffic,3307.5
2 Monday,9,3 - heavy traffic,4569
2 Monday,9,4 - stand still,4784.5
2 Monday,9.5,0- free flowing,114229
2 Monday,9.5,1 - light traffic,134
2 Monday,9.5,2 - medium traffic,517.5
2 Monday,9.5,3 - heavy traffic,2481
2 Monday,9.5,4 - stand still,2152.5
2 Monday,10,0- free flowing,119419
2 Monday,10,1 - light traffic,158
2 Monday,10,2 - medium traffic,380
2 Monday,10,3 - heavy traffic,1365
2 Monday,10,4 - stand still,1862
2 Monday,10.5,0- free flowing,125214
2 Monday,10.5,1 - light traffic,92
2 Monday,10.5,2 - medium traffic,257.5
2 Monday,10.5,3 - heavy traffic,1047
2 Monday,10.5,4 - stand still,1459.5
2 Monday,11,0- free flowing,134496
2 Monday,11,1 - light traffic,182
2 Monday,11,2 - medium traffic,812.5
2 Monday,11,3 - heavy traffic,1845
2 Monday,11,4 - stand still,1410.5
2 Monday,11.5,0- free flowing,141805
2 Monday,11.5,1 - light traffic,558
2 Monday,11.5,2 - medium traffic,1560
2 Monday,11.5,3 - heavy traffic,4284
2 Monday,11.5,4 - stand still,1935.5
2 Monday,12,0- free flowing,148549
2 Monday,12,1 - light traffic,746
2 Monday,12,2 - medium traffic,2447.5
2 Monday,12,3 - heavy traffic,9669
2 Monday,12,4 - stand still,3930.5
2 Monday,12.5,0- free flowing,156062
2 Monday,12.5,1 - light traffic,1092
2 Monday,12.5,2 - medium traffic,4025
2 Monday,12.5,3 - heavy traffic,14619
2 Monday,12.5,4 - stand still,6300
2 Monday,13,0- free flowing,164282
2 Monday,13,1 - light traffic,1222
2 Monday,13,2 - medium traffic,7207.5
2 Monday,13,3 - heavy traffic,17469
2 Monday,13,4 - stand still,7189
2 Monday,13.5,0- free flowing,167217
2 Monday,13.5,1 - light traffic,1888
2 Monday,13.5,2 - medium traffic,9350
2 Monday,13.5,3 - heavy traffic,19320
2 Monday,13.5,4 - stand still,7637
2 Monday,14,0- free flowing,168178
2 Monday,14,1 - light traffic,1408
2 Monday,14,2 - medium traffic,12157.5
2 Monday,14,3 - heavy traffic,19326
2 Monday,14,4 - stand still,6835.5
2 Monday,14.5,0- free flowing,171436
2 Monday,14.5,1 - light traffic,2370
2 Monday,14.5,2 - medium traffic,12930
2 Monday,14.5,3 - heavy traffic,25002
2 Monday,14.5,4 - stand still,6709.5
2 Monday,15,0- free flowing,178745
2 Monday,15,1 - light traffic,2542
2 Monday,15,2 - medium traffic,13402.5
2 Monday,15,3 - heavy traffic,32043
2 Monday,15,4 - stand still,5425
2 Monday,15.5,0- free flowing,182298
2 Monday,15.5,1 - light traffic,3040
2 Monday,15.5,2 - medium traffic,18720
2 Monday,15.5,3 - heavy traffic,32175
2 Monday,15.5,4 - stand still,8841
2 Monday,16,0- free flowing,181014
2 Monday,16,1 - light traffic,3124
2 Monday,16,2 - medium traffic,25970
2 Monday,16,3 - heavy traffic,29619
2 Monday,16,4 - stand still,10454.5
2 Monday,16.5,0- free flowing,193033
2 Monday,16.5,1 - light traffic,2540
2 Monday,16.5,2 - medium traffic,27982.5
2 Monday,16.5,3 - heavy traffic,35727
2 Monday,16.5,4 - stand still,8281
2 Monday,17,0- free flowing,207722
2 Monday,17,1 - light traffic,2758
2 Monday,17,2 - medium traffic,29667.5
2 Monday,17,3 - heavy traffic,49518
2 Monday,17,4 - stand still,8816.5
2 Monday,17.5,0- free flowing,216672
2 Monday,17.5,1 - light traffic,3538
2 Monday,17.5,2 - medium traffic,32090
2 Monday,17.5,3 - heavy traffic,71427
2 Monday,17.5,4 - stand still,14430.5
2 Monday,18,0- free flowing,186997
2 Monday,18,1 - light traffic,3040
2 Monday,18,2 - medium traffic,21442.5
2 Monday,18,3 - heavy traffic,37470
2 Monday,18,4 - stand still,10034.5
2 Monday,18.5,0- free flowing,152514
2 Monday,18.5,1 - light traffic,1440
2 Monday,18.5,2 - medium traffic,9227.5
2 Monday,18.5,3 - heavy traffic,9018
2 Monday,18.5,4 - stand still,4424
2 Monday,19,0- free flowing,120152
2 Monday,19,1 - light traffic,508
2 Monday,19,2 - medium traffic,1955
2 Monday,19,3 - heavy traffic,2652
2 Monday,19,4 - stand still,2534
2 Monday,19.5,0- free flowing,102493
2 Monday,19.5,1 - light traffic,308
2 Monday,19.5,2 - medium traffic,500
2 Monday,19.5,3 - heavy traffic,1065
2 Monday,19.5,4 - stand still,3013.5
2 Monday,20,0- free flowing,88959
2 Monday,20,1 - light traffic,94
2 Monday,20,2 - medium traffic,462.5
2 Monday,20,3 - heavy traffic,504
2 Monday,20,4 - stand still,2285.5
2 Monday,20.5,0- free flowing,78340
2 Monday,20.5,1 - light traffic,224
2 Monday,20.5,2 - medium traffic,295
2 Monday,20.5,3 - heavy traffic,669
2 Monday,20.5,4 - stand still,1417.5
2 Monday,21,0- free flowing,68042
2 Monday,21,1 - light traffic,204
2 Monday,21,2 - medium traffic,137.5
2 Monday,21,3 - heavy traffic,669
2 Monday,21,4 - stand still,686
2 Monday,21.5,0- free flowing,59037
2 Monday,21.5,1 - light traffic,84
2 Monday,21.5,2 - medium traffic,287.5
2 Monday,21.5,3 - heavy traffic,1215
2 Monday,21.5,4 - stand still,1883
2 Monday,22,0- free flowing,49229
2 Monday,22,1 - light traffic,38
2 Monday,22,2 - medium traffic,85
2 Monday,22,3 - heavy traffic,975
2 Monday,22,4 - stand still,2737
2 Monday,22.5,0- free flowing,42103
2 Monday,22.5,1 - light traffic,20
2 Monday,22.5,2 - medium traffic,137.5
2 Monday,22.5,3 - heavy traffic,696
2 Monday,22.5,4 - stand still,1494.5
2 Monday,23,0- free flowing,37157
2 Monday,23,1 - light traffic,30
2 Monday,23,2 - medium traffic,230
2 Monday,23,3 - heavy traffic,672
2 Monday,23,4 - stand still,997.5
2 Monday,23.5,0- free flowing,33728
2 Monday,23.5,1 - light traffic,48
2 Monday,23.5,2 - medium traffic,162.5
2 Monday,23.5,3 - heavy traffic,552
2 Monday,23.5,4 - stand still,1372
2 Monday,24,0- free flowing,31056
2 Monday,24,1 - light traffic,58
2 Monday,24,2 - medium traffic,117.5
2 Monday,24,3 - heavy traffic,195
2 Monday,24,4 - stand still,1641.5
3 Tuesday,0.5,0- free flowing,24873
3 Tuesday,0.5,1 - light traffic,24
3 Tuesday,0.5,2 - medium traffic,72.5
3 Tuesday,0.5,3 - heavy traffic,189
3 Tuesday,0.5,4 - stand still,1267
3 Tuesday,1,0- free flowing,20944
3 Tuesday,1,1 - light traffic,56
3 Tuesday,1,2 - medium traffic,35
3 Tuesday,1,3 - heavy traffic,198
3 Tuesday,1,4 - stand still,903
3 Tuesday,1.5,0- free flowing,17373
3 Tuesday,1.5,1 - light traffic,28
3 Tuesday,1.5,2 - medium traffic,35
3 Tuesday,1.5,3 - heavy traffic,84
3 Tuesday,1.5,4 - stand still,521.5
3 Tuesday,2,0- free flowing,15302
3 Tuesday,2,1 - light traffic,48
3 Tuesday,2,2 - medium traffic,12.5
3 Tuesday,2,3 - heavy traffic,126
3 Tuesday,2,4 - stand still,360.5
3 Tuesday,2.5,0- free flowing,13982
3 Tuesday,2.5,1 - light traffic,40
3 Tuesday,2.5,2 - medium traffic,15
3 Tuesday,2.5,3 - heavy traffic,90
3 Tuesday,2.5,4 - stand still,451.5
3 Tuesday,3,0- free flowing,13139
3 Tuesday,3,1 - light traffic,10
3 Tuesday,3,2 - medium traffic,30
3 Tuesday,3,3 - heavy traffic,90
3 Tuesday,3,4 - stand still,192.5
3 Tuesday,3.5,0- free flowing,13398
3 Tuesday,3.5,1 - light traffic,16
3 Tuesday,3.5,2 - medium traffic,15
3 Tuesday,3.5,3 - heavy traffic,78
3 Tuesday,3.5,4 - stand still,126
3 Tuesday,4,0- free flowing,14255
3 Tuesday,4,1 - light traffic,16
3 Tuesday,4,2 - medium traffic,20
3 Tuesday,4,3 - heavy traffic,66
3 Tuesday,4,4 - stand still,192.5
3 Tuesday,4.5,0- free flowing,16765
3 Tuesday,4.5,1 - light traffic,16
3 Tuesday,4.5,2 - medium traffic,15
3 Tuesday,4.5,3 - heavy traffic,105
3 Tuesday,4.5,4 - stand still,182
3 Tuesday,5,0- free flowing,23541
3 Tuesday,5,1 - light traffic,10
3 Tuesday,5,2 - medium traffic,30
3 Tuesday,5,3 - heavy traffic,87
3 Tuesday,5,4 - stand still,231
3 Tuesday,5.5,0- free flowing,31406
3 Tuesday,5.5,1 - light traffic,20
3 Tuesday,5.5,2 - medium traffic,20
3 Tuesday,5.5,3 - heavy traffic,138
3 Tuesday,5.5,4 - stand still,301
3 Tuesday,6,0- free flowing,37938
3 Tuesday,6,1 - light traffic,12
3 Tuesday,6,2 - medium traffic,15
3 Tuesday,6,3 - heavy traffic,144
3 Tuesday,6,4 - stand still,143.5
3 Tuesday,6.5,0- free flowing,48001
3 Tuesday,6.5,1 - light traffic,8
3 Tuesday,6.5,2 - medium traffic,75
3 Tuesday,6.5,3 - heavy traffic,213
3 Tuesday,6.5,4 - stand still,350
3 Tuesday,7,0- free flowing,71135
3 Tuesday,7,1 - light traffic,62
3 Tuesday,7,2 - medium traffic,337.5
3 Tuesday,7,3 - heavy traffic,951
3 Tuesday,7,4 - stand still,1046.5
3 Tuesday,7.5,0- free flowing,116558
3 Tuesday,7.5,1 - light traffic,1170
3 Tuesday,7.5,2 - medium traffic,6287.5
3 Tuesday,7.5,3 - heavy traffic,8145
3 Tuesday,7.5,4 - stand still,2733.5
3 Tuesday,8,0- free flowing,137025
3 Tuesday,8,1 - light traffic,1400
3 Tuesday,8,2 - medium traffic,12232.5
3 Tuesday,8,3 - heavy traffic,27633
3 Tuesday,8,4 - stand still,6898.5
3 Tuesday,8.5,0- free flowing,137773
3 Tuesday,8.5,1 - light traffic,1350
3 Tuesday,8.5,2 - medium traffic,7677.5
3 Tuesday,8.5,3 - heavy traffic,13134
3 Tuesday,8.5,4 - stand still,3990
3 Tuesday,9,0- free flowing,121653
3 Tuesday,9,1 - light traffic,778
3 Tuesday,9,2 - medium traffic,3647.5
3 Tuesday,9,3 - heavy traffic,6369
3 Tuesday,9,4 - stand still,4347
3 Tuesday,9.5,0- free flowing,111403
3 Tuesday,9.5,1 - light traffic,200
3 Tuesday,9.5,2 - medium traffic,1227.5
3 Tuesday,9.5,3 - heavy traffic,2946
3 Tuesday,9.5,4 - stand still,3010
3 Tuesday,10,0- free flowing,113406
3 Tuesday,10,1 - light traffic,166
3 Tuesday,10,2 - medium traffic,602.5
3 Tuesday,10,3 - heavy traffic,2265
3 Tuesday,10,4 - stand still,1578.5
3 Tuesday,10.5,0- free flowing,115635
3 Tuesday,10.5,1 - light traffic,176
3 Tuesday,10.5,2 - medium traffic,660
3 Tuesday,10.5,3 - heavy traffic,1647
3 Tuesday,10.5,4 - stand still,1316
3 Tuesday,11,0- free flowing,121763
3 Tuesday,11,1 - light traffic,120
3 Tuesday,11,2 - medium traffic,625
3 Tuesday,11,3 - heavy traffic,3654
3 Tuesday,11,4 - stand still,1988
3 Tuesday,11.5,0- free flowing,128684
3 Tuesday,11.5,1 - light traffic,270
3 Tuesday,11.5,2 - medium traffic,1030
3 Tuesday,11.5,3 - heavy traffic,4887
3 Tuesday,11.5,4 - stand still,2338
3 Tuesday,12,0- free flowing,133444
3 Tuesday,12,1 - light traffic,458
3 Tuesday,12,2 - medium traffic,1855
3 Tuesday,12,3 - heavy traffic,6534
3 Tuesday,12,4 - stand still,2495.5
3 Tuesday,12.5,0- free flowing,142158
3 Tuesday,12.5,1 - light traffic,870
3 Tuesday,12.5,2 - medium traffic,3087.5
3 Tuesday,12.5,3 - heavy traffic,8559
3 Tuesday,12.5,4 - stand still,2467.5
3 Tuesday,13,0- free flowing,144282
3 Tuesday,13,1 - light traffic,1022
3 Tuesday,13,2 - medium traffic,4490
3 Tuesday,13,3 - heavy traffic,11814
3 Tuesday,13,4 - stand still,3794
3 Tuesday,13.5,0- free flowing,142790
3 Tuesday,13.5,1 - light traffic,908
3 Tuesday,13.5,2 - medium traffic,5810
3 Tuesday,13.5,3 - heavy traffic,15033
3 Tuesday,13.5,4 - stand still,3906
3 Tuesday,14,0- free flowing,136138
3 Tuesday,14,1 - light traffic,1422
3 Tuesday,14,2 - medium traffic,6342.5
3 Tuesday,14,3 - heavy traffic,15600
3 Tuesday,14,4 - stand still,5082
3 Tuesday,14.5,0- free flowing,146469
3 Tuesday,14.5,1 - light traffic,1804
3 Tuesday,14.5,2 - medium traffic,7555
3 Tuesday,14.5,3 - heavy traffic,17361
3 Tuesday,14.5,4 - stand still,6513.5
3 Tuesday,15,0- free flowing,158697
3 Tuesday,15,1 - light traffic,1734
3 Tuesday,15,2 - medium traffic,10042.5
3 Tuesday,15,3 - heavy traffic,17934
3 Tuesday,15,4 - stand still,8662.5
3 Tuesday,15.5,0- free flowing,166473
3 Tuesday,15.5,1 - light traffic,3782
3 Tuesday,15.5,2 - medium traffic,14922.5
3 Tuesday,15.5,3 - heavy traffic,18195
3 Tuesday,15.5,4 - stand still,9870
3 Tuesday,16,0- free flowing,169890
3 Tuesday,16,1 - light traffic,3060
3 Tuesday,16,2 - medium traffic,25730
3 Tuesday,16,3 - heavy traffic,22632
3 Tuesday,16,4 - stand still,10290
3 Tuesday,16.5,0- free flowing,183380
3 Tuesday,16.5,1 - light traffic,2070
3 Tuesday,16.5,2 - medium traffic,30267.5
3 Tuesday,16.5,3 - heavy traffic,30075
3 Tuesday,16.5,4 - stand still,11676
3 Tuesday,17,0- free flowing,191841
3 Tuesday,17,1 - light traffic,2672
3 Tuesday,17,2 - medium traffic,30357.5
3 Tuesday,17,3 - heavy traffic,42609
3 Tuesday,17,4 - stand still,14140
3 Tuesday,17.5,0- free flowing,203684
3 Tuesday,17.5,1 - light traffic,4138
3 Tuesday,17.5,2 - medium traffic,27492.5
3 Tuesday,17.5,3 - heavy traffic,76266
3 Tuesday,17.5,4 - stand still,22498
3 Tuesday,18,0- free flowing,180252
3 Tuesday,18,1 - light traffic,2364
3 Tuesday,18,2 - medium traffic,22537.5
3 Tuesday,18,3 - heavy traffic,40401
3 Tuesday,18,4 - stand still,11973.5
3 Tuesday,18.5,0- free flowing,148867
3 Tuesday,18.5,1 - light traffic,1660
3 Tuesday,18.5,2 - medium traffic,13470
3 Tuesday,18.5,3 - heavy traffic,11772
3 Tuesday,18.5,4 - stand still,6597.5
3 Tuesday,19,0- free flowing,114867
3 Tuesday,19,1 - light traffic,874
3 Tuesday,19,2 - medium traffic,2067.5
3 Tuesday,19,3 - heavy traffic,4857
3 Tuesday,19,4 - stand still,4294.5
3 Tuesday,19.5,0- free flowing,97021
3 Tuesday,19.5,1 - light traffic,402
3 Tuesday,19.5,2 - medium traffic,1247.5
3 Tuesday,19.5,3 - heavy traffic,1749
3 Tuesday,19.5,4 - stand still,2978.5
3 Tuesday,20,0- free flowing,82226
3 Tuesday,20,1 - light traffic,422
3 Tuesday,20,2 - medium traffic,590
3 Tuesday,20,3 - heavy traffic,948
3 Tuesday,20,4 - stand still,1771
3 Tuesday,20.5,0- free flowing,73053
3 Tuesday,20.5,1 - light traffic,212
3 Tuesday,20.5,2 - medium traffic,275
3 Tuesday,20.5,3 - heavy traffic,801
3 Tuesday,20.5,4 - stand still,1323
3 Tuesday,21,0- free flowing,64885
3 Tuesday,21,1 - light traffic,344
3 Tuesday,21,2 - medium traffic,357.5
3 Tuesday,21,3 - heavy traffic,924
3 Tuesday,21,4 - stand still,1403.5
3 Tuesday,21.5,0- free flowing,55605
3 Tuesday,21.5,1 - light traffic,90
3 Tuesday,21.5,2 - medium traffic,187.5
3 Tuesday,21.5,3 - heavy traffic,1377
3 Tuesday,21.5,4 - stand still,2380
3 Tuesday,22,0- free flowing,46061
3 Tuesday,22,1 - light traffic,30
3 Tuesday,22,2 - medium traffic,285
3 Tuesday,22,3 - heavy traffic,975
3 Tuesday,22,4 - stand still,2733.5
3 Tuesday,22.5,0- free flowing,41661
3 Tuesday,22.5,1 - light traffic,22
3 Tuesday,22.5,2 - medium traffic,227.5
3 Tuesday,22.5,3 - heavy traffic,882
3 Tuesday,22.5,4 - stand still,1858.5
3 Tuesday,23,0- free flowing,37205
3 Tuesday,23,1 - light traffic,32
3 Tuesday,23,2 - medium traffic,220
3 Tuesday,23,3 - heavy traffic,957
3 Tuesday,23,4 - stand still,1470
3 Tuesday,23.5,0- free flowing,33267
3 Tuesday,23.5,1 - light traffic,20
3 Tuesday,23.5,2 - medium traffic,242.5
3 Tuesday,23.5,3 - heavy traffic,663
3 Tuesday,23.5,4 - stand still,710.5
3 Tuesday,24,0- free flowing,27932
3 Tuesday,24,1 - light traffic,48
3 Tuesday,24,2 - medium traffic,92.5
3 Tuesday,24,3 - heavy traffic,294
3 Tuesday,24,4 - stand still,815.5
4 Wednesday,0.5,0- free flowing,24241
4 Wednesday,0.5,1 - light traffic,46
4 Wednesday,0.5,2 - medium traffic,62.5
4 Wednesday,0.5,3 - heavy traffic,144
4 Wednesday,0.5,4 - stand still,378
4 Wednesday,1,0- free flowing,20246
4 Wednesday,1,1 - light traffic,42
4 Wednesday,1,2 - medium traffic,52.5
4 Wednesday,1,3 - heavy traffic,126
4 Wednesday,1,4 - stand still,462
4 Wednesday,1.5,0- free flowing,16888
4 Wednesday,1.5,1 - light traffic,42
4 Wednesday,1.5,2 - medium traffic,50
4 Wednesday,1.5,3 - heavy traffic,99
4 Wednesday,1.5,4 - stand still,360.5
4 Wednesday,2,0- free flowing,14616
4 Wednesday,2,1 - light traffic,28
4 Wednesday,2,2 - medium traffic,22.5
4 Wednesday,2,3 - heavy traffic,72
4 Wednesday,2,4 - stand still,224
4 Wednesday,2.5,0- free flowing,13537
4 Wednesday,2.5,1 - light traffic,16
4 Wednesday,2.5,2 - medium traffic,15
4 Wednesday,2.5,3 - heavy traffic,39
4 Wednesday,2.5,4 - stand still,308
4 Wednesday,3,0- free flowing,13093
4 Wednesday,3,1 - light traffic,16
4 Wednesday,3,2 - medium traffic,20
4 Wednesday,3,3 - heavy traffic,48
4 Wednesday,3,4 - stand still,210
4 Wednesday,3.5,0- free flowing,12783
4 Wednesday,3.5,1 - light traffic,16
4 Wednesday,3.5,2 - medium traffic,40
4 Wednesday,3.5,3 - heavy traffic,36
4 Wednesday,3.5,4 - stand still,297.5
4 Wednesday,4,0- free flowing,13884
4 Wednesday,4,1 - light traffic,6
4 Wednesday,4,2 - medium traffic,35
4 Wednesday,4,3 - heavy traffic,87
4 Wednesday,4,4 - stand still,143.5
4 Wednesday,4.5,0- free flowing,16971
4 Wednesday,4.5,1 - light traffic,8
4 Wednesday,4.5,2 - medium traffic,20
4 Wednesday,4.5,3 - heavy traffic,105
4 Wednesday,4.5,4 - stand still,35
4 Wednesday,5,0- free flowing,22574
4 Wednesday,5,1 - light traffic,22
4 Wednesday,5,2 - medium traffic,35
4 Wednesday,5,3 - heavy traffic,96
4 Wednesday,5,4 - stand still,136.5
4 Wednesday,5.5,0- free flowing,29946
4 Wednesday,5.5,1 - light traffic,8
4 Wednesday,5.5,2 - medium traffic,42.5
4 Wednesday,5.5,3 - heavy traffic,249
4 Wednesday,5.5,4 - stand still,283.5
4 Wednesday,6,0- free flowing,35750
4 Wednesday,6,1 - light traffic,8
4 Wednesday,6,2 - medium traffic,72.5
4 Wednesday,6,3 - heavy traffic,219
4 Wednesday,6,4 - stand still,325.5
4 Wednesday,6.5,0- free flowing,46191
4 Wednesday,6.5,1 - light traffic,26
4 Wednesday,6.5,2 - medium traffic,122.5
4 Wednesday,6.5,3 - heavy traffic,132
4 Wednesday,6.5,4 - stand still,378
4 Wednesday,7,0- free flowing,65652
4 Wednesday,7,1 - light traffic,76
4 Wednesday,7,2 - medium traffic,515
4 Wednesday,7,3 - heavy traffic,900
4 Wednesday,7,4 - stand still,1172.5
4 Wednesday,7.5,0- free flowing,108326
4 Wednesday,7.5,1 - light traffic,1068
4 Wednesday,7.5,2 - medium traffic,6665
4 Wednesday,7.5,3 - heavy traffic,6480
4 Wednesday,7.5,4 - stand still,1729
4 Wednesday,8,0- free flowing,130029
4 Wednesday,8,1 - light traffic,1778
4 Wednesday,8,2 - medium traffic,11585
4 Wednesday,8,3 - heavy traffic,26313
4 Wednesday,8,4 - stand still,6818
4 Wednesday,8.5,0- free flowing,134343
4 Wednesday,8.5,1 - light traffic,1492
4 Wednesday,8.5,2 - medium traffic,7735
4 Wednesday,8.5,3 - heavy traffic,15231
4 Wednesday,8.5,4 - stand still,5351.5
4 Wednesday,9,0- free flowing,122356
4 Wednesday,9,1 - light traffic,784
4 Wednesday,9,2 - medium traffic,4055
4 Wednesday,9,3 - heavy traffic,8019
4 Wednesday,9,4 - stand still,3920
4 Wednesday,9.5,0- free flowing,115109
4 Wednesday,9.5,1 - light traffic,378
4 Wednesday,9.5,2 - medium traffic,2102.5
4 Wednesday,9.5,3 - heavy traffic,2628
4 Wednesday,9.5,4 - stand still,2474.5
4 Wednesday,10,0- free flowing,117749
4 Wednesday,10,1 - light traffic,256
4 Wednesday,10,2 - medium traffic,1387.5
4 Wednesday,10,3 - heavy traffic,2739
4 Wednesday,10,4 - stand still,1407
4 Wednesday,10.5,0- free flowing,119197
4 Wednesday,10.5,1 - light traffic,388
4 Wednesday,10.5,2 - medium traffic,1170
4 Wednesday,10.5,3 - heavy traffic,3381
4 Wednesday,10.5,4 - stand still,1211
4 Wednesday,11,0- free flowing,126673
4 Wednesday,11,1 - light traffic,694
4 Wednesday,11,2 - medium traffic,2205
4 Wednesday,11,3 - heavy traffic,3966
4 Wednesday,11,4 - stand still,4256
4 Wednesday,11.5,0- free flowing,134158
4 Wednesday,11.5,1 - light traffic,1054
4 Wednesday,11.5,2 - medium traffic,3745
4 Wednesday,11.5,3 - heavy traffic,6615
4 Wednesday,11.5,4 - stand still,5019
4 Wednesday,12,0- free flowing,140922
4 Wednesday,12,1 - light traffic,952
4 Wednesday,12,2 - medium traffic,6150
4 Wednesday,12,3 - heavy traffic,10683
4 Wednesday,12,4 - stand still,5558
4 Wednesday,12.5,0- free flowing,149338
4 Wednesday,12.5,1 - light traffic,1352
4 Wednesday,12.5,2 - medium traffic,7152.5
4 Wednesday,12.5,3 - heavy traffic,16173
4 Wednesday,12.5,4 - stand still,6296.5
4 Wednesday,13,0- free flowing,150912
4 Wednesday,13,1 - light traffic,1612
4 Wednesday,13,2 - medium traffic,8010
4 Wednesday,13,3 - heavy traffic,15075
4 Wednesday,13,4 - stand still,9075.5
4 Wednesday,13.5,0- free flowing,154205
4 Wednesday,13.5,1 - light traffic,1294
4 Wednesday,13.5,2 - medium traffic,9787.5
4 Wednesday,13.5,3 - heavy traffic,15321
4 Wednesday,13.5,4 - stand still,9971.5
4 Wednesday,14,0- free flowing,155364
4 Wednesday,14,1 - light traffic,1818
4 Wednesday,14,2 - medium traffic,10832.5
4 Wednesday,14,3 - heavy traffic,16749
4 Wednesday,14,4 - stand still,9243.5
4 Wednesday,14.5,0- free flowing,160534
4 Wednesday,14.5,1 - light traffic,2364
4 Wednesday,14.5,2 - medium traffic,14797.5
4 Wednesday,14.5,3 - heavy traffic,20955
4 Wednesday,14.5,4 - stand still,11543
4 Wednesday,15,0- free flowing,166811
4 Wednesday,15,1 - light traffic,4132
4 Wednesday,15,2 - medium traffic,17475
4 Wednesday,15,3 - heavy traffic,23652
4 Wednesday,15,4 - stand still,15036
4 Wednesday,15.5,0- free flowing,174731
4 Wednesday,15.5,1 - light traffic,4788
4 Wednesday,15.5,2 - medium traffic,22047.5
4 Wednesday,15.5,3 - heavy traffic,33963
4 Wednesday,15.5,4 - stand still,13520.5
4 Wednesday,16,0- free flowing,170166
4 Wednesday,16,1 - light traffic,3708
4 Wednesday,16,2 - medium traffic,30952.5
4 Wednesday,16,3 - heavy traffic,33780
4 Wednesday,16,4 - stand still,11546.5
4 Wednesday,16.5,0- free flowing,184998
4 Wednesday,16.5,1 - light traffic,2876
4 Wednesday,16.5,2 - medium traffic,33965
4 Wednesday,16.5,3 - heavy traffic,44184
4 Wednesday,16.5,4 - stand still,14196
4 Wednesday,17,0- free flowing,198805
4 Wednesday,17,1 - light traffic,3272
4 Wednesday,17,2 - medium traffic,31447.5
4 Wednesday,17,3 - heavy traffic,65895
4 Wednesday,17,4 - stand still,15736
4 Wednesday,17.5,0- free flowing,209389
4 Wednesday,17.5,1 - light traffic,4262
4 Wednesday,17.5,2 - medium traffic,25887.5
4 Wednesday,17.5,3 - heavy traffic,101220
4 Wednesday,17.5,4 - stand still,20142.5
4 Wednesday,18,0- free flowing,189263
4 Wednesday,18,1 - light traffic,3170
4 Wednesday,18,2 - medium traffic,22795
4 Wednesday,18,3 - heavy traffic,60423
4 Wednesday,18,4 - stand still,12404
4 Wednesday,18.5,0- free flowing,152116
4 Wednesday,18.5,1 - light traffic,2040
4 Wednesday,18.5,2 - medium traffic,18695
4 Wednesday,18.5,3 - heavy traffic,17148
4 Wednesday,18.5,4 - stand still,7567
4 Wednesday,19,0- free flowing,118130
4 Wednesday,19,1 - light traffic,1224
4 Wednesday,19,2 - medium traffic,6005
4 Wednesday,19,3 - heavy traffic,5139
4 Wednesday,19,4 - stand still,5173
4 Wednesday,19.5,0- free flowing,100075
4 Wednesday,19.5,1 - light traffic,314
4 Wednesday,19.5,2 - medium traffic,1677.5
4 Wednesday,19.5,3 - heavy traffic,2976
4 Wednesday,19.5,4 - stand still,1974
4 Wednesday,20,0- free flowing,85446
4 Wednesday,20,1 - light traffic,106
4 Wednesday,20,2 - medium traffic,1805
4 Wednesday,20,3 - heavy traffic,975
4 Wednesday,20,4 - stand still,973
4 Wednesday,20.5,0- free flowing,76835
4 Wednesday,20.5,1 - light traffic,194
4 Wednesday,20.5,2 - medium traffic,357.5
4 Wednesday,20.5,3 - heavy traffic,1293
4 Wednesday,20.5,4 - stand still,1729
4 Wednesday,21,0- free flowing,67645
4 Wednesday,21,1 - light traffic,130
4 Wednesday,21,2 - medium traffic,305
4 Wednesday,21,3 - heavy traffic,1194
4 Wednesday,21,4 - stand still,1179.5
4 Wednesday,21.5,0- free flowing,59359
4 Wednesday,21.5,1 - light traffic,142
4 Wednesday,21.5,2 - medium traffic,612.5
4 Wednesday,21.5,3 - heavy traffic,1914
4 Wednesday,21.5,4 - stand still,2019.5
4 Wednesday,22,0- free flowing,48005
4 Wednesday,22,1 - light traffic,48
4 Wednesday,22,2 - medium traffic,310
4 Wednesday,22,3 - heavy traffic,1194
4 Wednesday,22,4 - stand still,2404.5
4 Wednesday,22.5,0- free flowing,42196
4 Wednesday,22.5,1 - light traffic,48
4 Wednesday,22.5,2 - medium traffic,335
4 Wednesday,22.5,3 - heavy traffic,1107
4 Wednesday,22.5,4 - stand still,1869
4 Wednesday,23,0- free flowing,38084
4 Wednesday,23,1 - light traffic,38
4 Wednesday,23,2 - medium traffic,292.5
4 Wednesday,23,3 - heavy traffic,1056
4 Wednesday,23,4 - stand still,1466.5
4 Wednesday,23.5,0- free flowing,34383
4 Wednesday,23.5,1 - light traffic,26
4 Wednesday,23.5,2 - medium traffic,230
4 Wednesday,23.5,3 - heavy traffic,1134
4 Wednesday,23.5,4 - stand still,934.5
4 Wednesday,24,0- free flowing,28636
4 Wednesday,24,1 - light traffic,50
4 Wednesday,24,2 - medium traffic,112.5
4 Wednesday,24,3 - heavy traffic,501
4 Wednesday,24,4 - stand still,637
5 Thursday,0.5,0- free flowing,26281
5 Thursday,0.5,1 - light traffic,46
5 Thursday,0.5,2 - medium traffic,110
5 Thursday,0.5,3 - heavy traffic,465
5 Thursday,0.5,4 - stand still,637
5 Thursday,1,0- free flowing,21934
5 Thursday,1,1 - light traffic,32
5 Thursday,1,2 - medium traffic,75
5 Thursday,1,3 - heavy traffic,144
5 Thursday,1,4 - stand still,577.5
5 Thursday,1.5,0- free flowing,17833
5 Thursday,1.5,1 - light traffic,46
5 Thursday,1.5,2 - medium traffic,45
5 Thursday,1.5,3 - heavy traffic,135
5 Thursday,1.5,4 - stand still,287
5 Thursday,2,0- free flowing,15872
5 Thursday,2,1 - light traffic,34
5 Thursday,2,2 - medium traffic,32.5
5 Thursday,2,3 - heavy traffic,165
5 Thursday,2,4 - stand still,430.5
5 Thursday,2.5,0- free flowing,14832
5 Thursday,2.5,1 - light traffic,12
5 Thursday,2.5,2 - medium traffic,30
5 Thursday,2.5,3 - heavy traffic,84
5 Thursday,2.5,4 - stand still,234.5
5 Thursday,3,0- free flowing,14126
5 Thursday,3,1 - light traffic,16
5 Thursday,3,2 - medium traffic,42.5
5 Thursday,3,3 - heavy traffic,84
5 Thursday,3,4 - stand still,287
5 Thursday,3.5,0- free flowing,14327
5 Thursday,3.5,1 - light traffic,6
5 Thursday,3.5,2 - medium traffic,45
5 Thursday,3.5,3 - heavy traffic,144
5 Thursday,3.5,4 - stand still,385
5 Thursday,4,0- free flowing,14724
5 Thursday,4,1 - light traffic,8
5 Thursday,4,2 - medium traffic,22.5
5 Thursday,4,3 - heavy traffic,174
5 Thursday,4,4 - stand still,332.5
5 Thursday,4.5,0- free flowing,18056
5 Thursday,4.5,1 - light traffic,20
5 Thursday,4.5,2 - medium traffic,17.5
5 Thursday,4.5,3 - heavy traffic,111
5 Thursday,4.5,4 - stand still,350
5 Thursday,5,0- free flowing,24184
5 Thursday,5,1 - light traffic,14
5 Thursday,5,2 - medium traffic,47.5
5 Thursday,5,3 - heavy traffic,237
5 Thursday,5,4 - stand still,378
5 Thursday,5.5,0- free flowing,30850
5 Thursday,5.5,1 - light traffic,10
5 Thursday,5.5,2 - medium traffic,62.5
5 Thursday,5.5,3 - heavy traffic,246
5 Thursday,5.5,4 - stand still,441
5 Thursday,6,0- free flowing,36456
5 Thursday,6,1 - light traffic,10
5 Thursday,6,2 - medium traffic,35
5 Thursday,6,3 - heavy traffic,165
5 Thursday,6,4 - stand still,392
5 Thursday,6.5,0- free flowing,47232
5 Thursday,6.5,1 - light traffic,48
5 Thursday,6.5,2 - medium traffic,82.5
5 Thursday,6.5,3 - heavy traffic,201
5 Thursday,6.5,4 - stand still,308
5 Thursday,7,0- free flowing,67742
5 Thursday,7,1 - light traffic,70
5 Thursday,7,2 - medium traffic,380
5 Thursday,7,3 - heavy traffic,1095
5 Thursday,7,4 - stand still,1130.5
5 Thursday,7.5,0- free flowing,108303
5 Thursday,7.5,1 - light traffic,1302
5 Thursday,7.5,2 - medium traffic,5467.5
5 Thursday,7.5,3 - heavy traffic,8298
5 Thursday,7.5,4 - stand still,1970.5
5 Thursday,8,0- free flowing,132961
5 Thursday,8,1 - light traffic,1820
5 Thursday,8,2 - medium traffic,11450
5 Thursday,8,3 - heavy traffic,27030
5 Thursday,8,4 - stand still,6272
5 Thursday,8.5,0- free flowing,131100
5 Thursday,8.5,1 - light traffic,1244
5 Thursday,8.5,2 - medium traffic,8525
5 Thursday,8.5,3 - heavy traffic,11841
5 Thursday,8.5,4 - stand still,6429.5
5 Thursday,9,0- free flowing,120746
5 Thursday,9,1 - light traffic,698
5 Thursday,9,2 - medium traffic,4235
5 Thursday,9,3 - heavy traffic,7119
5 Thursday,9,4 - stand still,6223
5 Thursday,9.5,0- free flowing,114721
5 Thursday,9.5,1 - light traffic,452
5 Thursday,9.5,2 - medium traffic,1677.5
5 Thursday,9.5,3 - heavy traffic,3405
5 Thursday,9.5,4 - stand still,6048
5 Thursday,10,0- free flowing,116085
5 Thursday,10,1 - light traffic,370
5 Thursday,10,2 - medium traffic,1502.5
5 Thursday,10,3 - heavy traffic,3528
5 Thursday,10,4 - stand still,5456.5
5 Thursday,10.5,0- free flowing,122217
5 Thursday,10.5,1 - light traffic,906
5 Thursday,10.5,2 - medium traffic,2457.5
5 Thursday,10.5,3 - heavy traffic,2901
5 Thursday,10.5,4 - stand still,4025
5 Thursday,11,0- free flowing,130470
5 Thursday,11,1 - light traffic,972
5 Thursday,11,2 - medium traffic,5055
5 Thursday,11,3 - heavy traffic,4590
5 Thursday,11,4 - stand still,3031
5 Thursday,11.5,0- free flowing,139804
5 Thursday,11.5,1 - light traffic,1226
5 Thursday,11.5,2 - medium traffic,4400
5 Thursday,11.5,3 - heavy traffic,7722
5 Thursday,11.5,4 - stand still,4805.5
5 Thursday,12,0- free flowing,147050
5 Thursday,12,1 - light traffic,1934
5 Thursday,12,2 - medium traffic,6175
5 Thursday,12,3 - heavy traffic,11403
5 Thursday,12,4 - stand still,6667.5
5 Thursday,12.5,0- free flowing,153923
5 Thursday,12.5,1 - light traffic,1760
5 Thursday,12.5,2 - medium traffic,9625
5 Thursday,12.5,3 - heavy traffic,18066
5 Thursday,12.5,4 - stand still,6184.5
5 Thursday,13,0- free flowing,157693
5 Thursday,13,1 - light traffic,2480
5 Thursday,13,2 - medium traffic,10840
5 Thursday,13,3 - heavy traffic,22164
5 Thursday,13,4 - stand still,9509.5
5 Thursday,13.5,0- free flowing,161846
5 Thursday,13.5,1 - light traffic,3232
5 Thursday,13.5,2 - medium traffic,14535
5 Thursday,13.5,3 - heavy traffic,23049
5 Thursday,13.5,4 - stand still,8393
5 Thursday,14,0- free flowing,158271
5 Thursday,14,1 - light traffic,3804
5 Thursday,14,2 - medium traffic,16440
5 Thursday,14,3 - heavy traffic,23256
5 Thursday,14,4 - stand still,8123.5
5 Thursday,14.5,0- free flowing,158628
5 Thursday,14.5,1 - light traffic,3298
5 Thursday,14.5,2 - medium traffic,21230
5 Thursday,14.5,3 - heavy traffic,26949
5 Thursday,14.5,4 - stand still,7000
5 Thursday,15,0- free flowing,171057
5 Thursday,15,1 - light traffic,3558
5 Thursday,15,2 - medium traffic,25332.5
5 Thursday,15,3 - heavy traffic,34467
5 Thursday,15,4 - stand still,7462
5 Thursday,15.5,0- free flowing,178947
5 Thursday,15.5,1 - light traffic,4324
5 Thursday,15.5,2 - medium traffic,33720
5 Thursday,15.5,3 - heavy traffic,40848
5 Thursday,15.5,4 - stand still,10160.5
5 Thursday,16,0- free flowing,180744
5 Thursday,16,1 - light traffic,4054
5 Thursday,16,2 - medium traffic,43315
5 Thursday,16,3 - heavy traffic,53277
5 Thursday,16,4 - stand still,15004.5
5 Thursday,16.5,0- free flowing,200768
5 Thursday,16.5,1 - light traffic,4374
5 Thursday,16.5,2 - medium traffic,42847.5
5 Thursday,16.5,3 - heavy traffic,73401
5 Thursday,16.5,4 - stand still,16467.5
5 Thursday,17,0- free flowing,218981
5 Thursday,17,1 - light traffic,5360
5 Thursday,17,2 - medium traffic,38297.5
5 Thursday,17,3 - heavy traffic,102027
5 Thursday,17,4 - stand still,16754.5
5 Thursday,17.5,0- free flowing,231228
5 Thursday,17.5,1 - light traffic,5974
5 Thursday,17.5,2 - medium traffic,34692.5
5 Thursday,17.5,3 - heavy traffic,138381
5 Thursday,17.5,4 - stand still,23702
5 Thursday,18,0- free flowing,209734
5 Thursday,18,1 - light traffic,4422
5 Thursday,18,2 - medium traffic,36245
5 Thursday,18,3 - heavy traffic,72612
5 Thursday,18,4 - stand still,16474.5
5 Thursday,18.5,0- free flowing,170580
5 Thursday,18.5,1 - light traffic,3398
5 Thursday,18.5,2 - medium traffic,26095
5 Thursday,18.5,3 - heavy traffic,21135
5 Thursday,18.5,4 - stand still,9131.5
5 Thursday,19,0- free flowing,136320
5 Thursday,19,1 - light traffic,1474
5 Thursday,19,2 - medium traffic,7512.5
5 Thursday,19,3 - heavy traffic,7245
5 Thursday,19,4 - stand still,4504.5
5 Thursday,19.5,0- free flowing,117531
5 Thursday,19.5,1 - light traffic,658
5 Thursday,19.5,2 - medium traffic,2655
5 Thursday,19.5,3 - heavy traffic,2391
5 Thursday,19.5,4 - stand still,3010
5 Thursday,20,0- free flowing,102350
5 Thursday,20,1 - light traffic,352
5 Thursday,20,2 - medium traffic,1110
5 Thursday,20,3 - heavy traffic,1389
5 Thursday,20,4 - stand still,1666
5 Thursday,20.5,0- free flowing,91139
5 Thursday,20.5,1 - light traffic,190
5 Thursday,20.5,2 - medium traffic,705
5 Thursday,20.5,3 - heavy traffic,1536
5 Thursday,20.5,4 - stand still,1760.5
5 Thursday,21,0- free flowing,83781
5 Thursday,21,1 - light traffic,222
5 Thursday,21,2 - medium traffic,1122.5
5 Thursday,21,3 - heavy traffic,1827
5 Thursday,21,4 - stand still,1904
5 Thursday,21.5,0- free flowing,71709
5 Thursday,21.5,1 - light traffic,252
5 Thursday,21.5,2 - medium traffic,950
5 Thursday,21.5,3 - heavy traffic,3471
5 Thursday,21.5,4 - stand still,2856
5 Thursday,22,0- free flowing,58860
5 Thursday,22,1 - light traffic,138
5 Thursday,22,2 - medium traffic,675
5 Thursday,22,3 - heavy traffic,2988
5 Thursday,22,4 - stand still,3762.5
5 Thursday,22.5,0- free flowing,49463
5 Thursday,22.5,1 - light traffic,42
5 Thursday,22.5,2 - medium traffic,487.5
5 Thursday,22.5,3 - heavy traffic,1596
5 Thursday,22.5,4 - stand still,5659.5
5 Thursday,23,0- free flowing,45061
5 Thursday,23,1 - light traffic,92
5 Thursday,23,2 - medium traffic,700
5 Thursday,23,3 - heavy traffic,1446
5 Thursday,23,4 - stand still,4088
5 Thursday,23.5,0- free flowing,38399
5 Thursday,23.5,1 - light traffic,40
5 Thursday,23.5,2 - medium traffic,962.5
5 Thursday,23.5,3 - heavy traffic,1290
5 Thursday,23.5,4 - stand still,1267
5 Thursday,24,0- free flowing,30539
5 Thursday,24,1 - light traffic,50
5 Thursday,24,2 - medium traffic,267.5
5 Thursday,24,3 - heavy traffic,807
5 Thursday,24,4 - stand still,857.5
6 Friday,0.5,0- free flowing,31023
6 Friday,0.5,1 - light traffic,26
6 Friday,0.5,2 - medium traffic,92.5
6 Friday,0.5,3 - heavy traffic,456
6 Friday,0.5,4 - stand still,1473.5
6 Friday,1,0- free flowing,26218
6 Friday,1,1 - light traffic,30
6 Friday,1,2 - medium traffic,47.5
6 Friday,1,3 - heavy traffic,525
6 Friday,1,4 - stand still,966
6 Friday,1.5,0- free flowing,23003
6 Friday,1.5,1 - light traffic,38
6 Friday,1.5,2 - medium traffic,100
6 Friday,1.5,3 - heavy traffic,357
6 Friday,1.5,4 - stand still,630
6 Friday,2,0- free flowing,19467
6 Friday,2,1 - light traffic,22
6 Friday,2,2 - medium traffic,70
6 Friday,2,3 - heavy traffic,171
6 Friday,2,4 - stand still,385
6 Friday,2.5,0- free flowing,18372
6 Friday,2.5,1 - light traffic,14
6 Friday,2.5,2 - medium traffic,30
6 Friday,2.5,3 - heavy traffic,213
6 Friday,2.5,4 - stand still,290.5
6 Friday,3,0- free flowing,17400
6 Friday,3,1 - light traffic,30
6 Friday,3,2 - medium traffic,40
6 Friday,3,3 - heavy traffic,180
6 Friday,3,4 - stand still,483
6 Friday,3.5,0- free flowing,17387
6 Friday,3.5,1 - light traffic,16
6 Friday,3.5,2 - medium traffic,52.5
6 Friday,3.5,3 - heavy traffic,87
6 Friday,3.5,4 - stand still,518
6 Friday,4,0- free flowing,17605
6 Friday,4,1 - light traffic,8
6 Friday,4,2 - medium traffic,40
6 Friday,4,3 - heavy traffic,75
6 Friday,4,4 - stand still,346.5
6 Friday,4.5,0- free flowing,20005
6 Friday,4.5,1 - light traffic,14
6 Friday,4.5,2 - medium traffic,42.5
6 Friday,4.5,3 - heavy traffic,129
6 Friday,4.5,4 - stand still,367.5
6 Friday,5,0- free flowing,24816
6 Friday,5,1 - light traffic,2
6 Friday,5,2 - medium traffic,65
6 Friday,5,3 - heavy traffic,99
6 Friday,5,4 - stand still,259
6 Friday,5.5,0- free flowing,30867
6 Friday,5.5,1 - light traffic,14
6 Friday,5.5,2 - medium traffic,52.5
6 Friday,5.5,3 - heavy traffic,105
6 Friday,5.5,4 - stand still,192.5
6 Friday,6,0- free flowing,34398
6 Friday,6,1 - light traffic,16
6 Friday,6,2 - medium traffic,32.5
6 Friday,6,3 - heavy traffic,99
6 Friday,6,4 - stand still,196
6 Friday,6.5,0- free flowing,45183
6 Friday,6.5,1 - light traffic,6
6 Friday,6.5,2 - medium traffic,32.5
6 Friday,6.5,3 - heavy traffic,186
6 Friday,6.5,4 - stand still,290.5
6 Friday,7,0- free flowing,62573
6 Friday,7,1 - light traffic,58
6 Friday,7,2 - medium traffic,257.5
6 Friday,7,3 - heavy traffic,621
6 Friday,7,4 - stand still,896
6 Friday,7.5,0- free flowing,102076
6 Friday,7.5,1 - light traffic,492
6 Friday,7.5,2 - medium traffic,2852.5
6 Friday,7.5,3 - heavy traffic,3267
6 Friday,7.5,4 - stand still,1918
6 Friday,8,0- free flowing,126075
6 Friday,8,1 - light traffic,1260
6 Friday,8,2 - medium traffic,8765
6 Friday,8,3 - heavy traffic,12237
6 Friday,8,4 - stand still,4144
6 Friday,8.5,0- free flowing,129244
6 Friday,8.5,1 - light traffic,872
6 Friday,8.5,2 - medium traffic,3832.5
6 Friday,8.5,3 - heavy traffic,5826
6 Friday,8.5,4 - stand still,4511.5
6 Friday,9,0- free flowing,118380
6 Friday,9,1 - light traffic,446
6 Friday,9,2 - medium traffic,1847.5
6 Friday,9,3 - heavy traffic,4035
6 Friday,9,4 - stand still,3902.5
6 Friday,9.5,0- free flowing,120240
6 Friday,9.5,1 - light traffic,270
6 Friday,9.5,2 - medium traffic,1440
6 Friday,9.5,3 - heavy traffic,2955
6 Friday,9.5,4 - stand still,3888.5
6 Friday,10,0- free flowing,127257
6 Friday,10,1 - light traffic,338
6 Friday,10,2 - medium traffic,2162.5
6 Friday,10,3 - heavy traffic,3978
6 Friday,10,4 - stand still,3689
6 Friday,10.5,0- free flowing,134615
6 Friday,10.5,1 - light traffic,494
6 Friday,10.5,2 - medium traffic,3345
6 Friday,10.5,3 - heavy traffic,4383
6 Friday,10.5,4 - stand still,4392.5
6 Friday,11,0- free flowing,145887
6 Friday,11,1 - light traffic,1136
6 Friday,11,2 - medium traffic,5062.5
6 Friday,11,3 - heavy traffic,8784
6 Friday,11,4 - stand still,5029.5
6 Friday,11.5,0- free flowing,160485
6 Friday,11.5,1 - light traffic,1994
6 Friday,11.5,2 - medium traffic,9037.5
6 Friday,11.5,3 - heavy traffic,17829
6 Friday,11.5,4 - stand still,6377
6 Friday,12,0- free flowing,172366
6 Friday,12,1 - light traffic,3144
6 Friday,12,2 - medium traffic,15255
6 Friday,12,3 - heavy traffic,28107
6 Friday,12,4 - stand still,7360.5
6 Friday,12.5,0- free flowing,179343
6 Friday,12.5,1 - light traffic,4338
6 Friday,12.5,2 - medium traffic,22110
6 Friday,12.5,3 - heavy traffic,37995
6 Friday,12.5,4 - stand still,10969
6 Friday,13,0- free flowing,186396
6 Friday,13,1 - light traffic,4668
6 Friday,13,2 - medium traffic,29155
6 Friday,13,3 - heavy traffic,46383
6 Friday,13,4 - stand still,15851.5
6 Friday,13.5,0- free flowing,192356
6 Friday,13.5,1 - light traffic,6102
6 Friday,13.5,2 - medium traffic,34307.5
6 Friday,13.5,3 - heavy traffic,56532
6 Friday,13.5,4 - stand still,20965
6 Friday,14,0- free flowing,198373
6 Friday,14,1 - light traffic,5594
6 Friday,14,2 - medium traffic,44257.5
6 Friday,14,3 - heavy traffic,63756
6 Friday,14,4 - stand still,22123.5
6 Friday,14.5,0- free flowing,202773
6 Friday,14.5,1 - light traffic,5574
6 Friday,14.5,2 - medium traffic,54422.5
6 Friday,14.5,3 - heavy traffic,71715
6 Friday,14.5,4 - stand still,22225
6 Friday,15,0- free flowing,213856
6 Friday,15,1 - light traffic,6504
6 Friday,15,2 - medium traffic,60090
6 Friday,15,3 - heavy traffic,90366
6 Friday,15,4 - stand still,20825
6 Friday,15.5,0- free flowing,224996
6 Friday,15.5,1 - light traffic,5634
6 Friday,15.5,2 - medium traffic,59275
6 Friday,15.5,3 - heavy traffic,116742
6 Friday,15.5,4 - stand still,28714
6 Friday,16,0- free flowing,235859
6 Friday,16,1 - light traffic,5630
6 Friday,16,2 - medium traffic,61725
6 Friday,16,3 - heavy traffic,134703
6 Friday,16,4 - stand still,38430
6 Friday,16.5,0- free flowing,259381
6 Friday,16.5,1 - light traffic,5310
6 Friday,16.5,2 - medium traffic,61830
6 Friday,16.5,3 - heavy traffic,142554
6 Friday,16.5,4 - stand still,40691
6 Friday,17,0- free flowing,253818
6 Friday,17,1 - light traffic,6320
6 Friday,17,2 - medium traffic,54855
6 Friday,17,3 - heavy traffic,149910
6 Friday,17,4 - stand still,46494
6 Friday,17.5,0- free flowing,255335
6 Friday,17.5,1 - light traffic,6314
6 Friday,17.5,2 - medium traffic,57372.5
6 Friday,17.5,3 - heavy traffic,140967
6 Friday,17.5,4 - stand still,47757.5
6 Friday,18,0- free flowing,236999
6 Friday,18,1 - light traffic,6408
6 Friday,18,2 - medium traffic,54495
6 Friday,18,3 - heavy traffic,87516
6 Friday,18,4 - stand still,40533.5
6 Friday,18.5,0- free flowing,215182
6 Friday,18.5,1 - light traffic,6262
6 Friday,18.5,2 - medium traffic,38690
6 Friday,18.5,3 - heavy traffic,47802
6 Friday,18.5,4 - stand still,33607
6 Friday,19,0- free flowing,186950
6 Friday,19,1 - light traffic,3918
6 Friday,19,2 - medium traffic,25385
6 Friday,19,3 - heavy traffic,26550
6 Friday,19,4 - stand still,27545
6 Friday,19.5,0- free flowing,168225
6 Friday,19.5,1 - light traffic,2590
6 Friday,19.5,2 - medium traffic,16505
6 Friday,19.5,3 - heavy traffic,19872
6 Friday,19.5,4 - stand still,19442.5
6 Friday,20,0- free flowing,146462
6 Friday,20,1 - light traffic,1510
6 Friday,20,2 - medium traffic,12747.5
6 Friday,20,3 - heavy traffic,12549
6 Friday,20,4 - stand still,13002.5
6 Friday,20.5,0- free flowing,132338
6 Friday,20.5,1 - light traffic,988
6 Friday,20.5,2 - medium traffic,7235
6 Friday,20.5,3 - heavy traffic,8466
6 Friday,20.5,4 - stand still,9929.5
6 Friday,21,0- free flowing,119001
6 Friday,21,1 - light traffic,588
6 Friday,21,2 - medium traffic,6655
6 Friday,21,3 - heavy traffic,9654
6 Friday,21,4 - stand still,7143.5
6 Friday,21.5,0- free flowing,108121
6 Friday,21.5,1 - light traffic,1078
6 Friday,21.5,2 - medium traffic,5480
6 Friday,21.5,3 - heavy traffic,6219
6 Friday,21.5,4 - stand still,5190.5
6 Friday,22,0- free flowing,91565
6 Friday,22,1 - light traffic,444
6 Friday,22,2 - medium traffic,3430
6 Friday,22,3 - heavy traffic,3267
6 Friday,22,4 - stand still,4504.5
6 Friday,22.5,0- free flowing,77998
6 Friday,22.5,1 - light traffic,590
6 Friday,22.5,2 - medium traffic,1535
6 Friday,22.5,3 - heavy traffic,2304
6 Friday,22.5,4 - stand still,2054.5
6 Friday,23,0- free flowing,64875
6 Friday,23,1 - light traffic,60
6 Friday,23,2 - medium traffic,130
6 Friday,23,3 - heavy traffic,573
6 Friday,23,4 - stand still,1207.5
6 Friday,23.5,0- free flowing,52509
6 Friday,23.5,1 - light traffic,12
6 Friday,23.5,2 - medium traffic,57.5
6 Friday,23.5,3 - heavy traffic,201
6 Friday,23.5,4 - stand still,864.5
6 Friday,24,0- free flowing,37695
6 Friday,24,1 - light traffic,24
6 Friday,24,2 - medium traffic,112.5
6 Friday,24,3 - heavy traffic,441
6 Friday,24,4 - stand still,1449
7 Saturday,0.5,0- free flowing,41435
7 Saturday,0.5,1 - light traffic,22
7 Saturday,0.5,2 - medium traffic,17.5
7 Saturday,0.5,3 - heavy traffic,45
7 Saturday,0.5,4 - stand still,542.5
7 Saturday,1,0- free flowing,34811
7 Saturday,1,1 - light traffic,14
7 Saturday,1,2 - medium traffic,20
7 Saturday,1,3 - heavy traffic,108
7 Saturday,1,4 - stand still,182
7 Saturday,1.5,0- free flowing,31395
7 Saturday,1.5,1 - light traffic,16
7 Saturday,1.5,2 - medium traffic,7.5
7 Saturday,1.5,3 - heavy traffic,87
7 Saturday,1.5,4 - stand still,87.5
7 Saturday,2,0- free flowing,28172
7 Saturday,2,1 - light traffic,16
7 Saturday,2,2 - medium traffic,15
7 Saturday,2,3 - heavy traffic,225
7 Saturday,2,4 - stand still,157.5
7 Saturday,2.5,0- free flowing,24962
7 Saturday,2.5,1 - light traffic,38
7 Saturday,2.5,2 - medium traffic,25
7 Saturday,2.5,3 - heavy traffic,57
7 Saturday,2.5,4 - stand still,196
7 Saturday,3,0- free flowing,22524
7 Saturday,3,1 - light traffic,2
7 Saturday,3,2 - medium traffic,17.5
7 Saturday,3,3 - heavy traffic,66
7 Saturday,3,4 - stand still,126
7 Saturday,3.5,0- free flowing,21017
7 Saturday,3.5,1 - light traffic,4
7 Saturday,3.5,2 - medium traffic,47.5
7 Saturday,3.5,3 - heavy traffic,93
7 Saturday,3.5,4 - stand still,154
7 Saturday,4,0- free flowing,19799
7 Saturday,4,1 - light traffic,24
7 Saturday,4,2 - medium traffic,7.5
7 Saturday,4,3 - heavy traffic,60
7 Saturday,4,4 - stand still,154
7 Saturday,4.5,0- free flowing,19895
7 Saturday,4.5,1 - light traffic,26
7 Saturday,4.5,2 - medium traffic,22.5
7 Saturday,4.5,3 - heavy traffic,96
7 Saturday,4.5,4 - stand still,178.5
7 Saturday,5,0- free flowing,21950
7 Saturday,5,1 - light traffic,8
7 Saturday,5,2 - medium traffic,22.5
7 Saturday,5,3 - heavy traffic,42
7 Saturday,5,4 - stand still,238
7 Saturday,5.5,0- free flowing,25711
7 Saturday,5.5,1 - light traffic,6
7 Saturday,5.5,2 - medium traffic,7.5
7 Saturday,5.5,3 - heavy traffic,54
7 Saturday,5.5,4 - stand still,311.5
7 Saturday,6,0- free flowing,30449
7 Saturday,6,1 - light traffic,8
7 Saturday,6,2 - medium traffic,22.5
7 Saturday,6,3 - heavy traffic,33
7 Saturday,6,4 - stand still,122.5
7 Saturday,6.5,0- free flowing,36030
7 Saturday,6.5,1 - light traffic,18
7 Saturday,6.5,2 - medium traffic,35
7 Saturday,6.5,3 - heavy traffic,150
7 Saturday,6.5,4 - stand still,234.5
7 Saturday,7,0- free flowing,39269
7 Saturday,7,1 - light traffic,28
7 Saturday,7,2 - medium traffic,57.5
7 Saturday,7,3 - heavy traffic,96
7 Saturday,7,4 - stand still,115.5
7 Saturday,7.5,0- free flowing,49138
7 Saturday,7.5,1 - light traffic,16
7 Saturday,7.5,2 - medium traffic,27.5
7 Saturday,7.5,3 - heavy traffic,279
7 Saturday,7.5,4 - stand still,189
7 Saturday,8,0- free flowing,62089
7 Saturday,8,1 - light traffic,42
7 Saturday,8,2 - medium traffic,100
7 Saturday,8,3 - heavy traffic,402
7 Saturday,8,4 - stand still,479.5
7 Saturday,8.5,0- free flowing,80963
7 Saturday,8.5,1 - light traffic,214
7 Saturday,8.5,2 - medium traffic,182.5
7 Saturday,8.5,3 - heavy traffic,774
7 Saturday,8.5,4 - stand still,903
7 Saturday,9,0- free flowing,92825
7 Saturday,9,1 - light traffic,306
7 Saturday,9,2 - medium traffic,307.5
7 Saturday,9,3 - heavy traffic,1701
7 Saturday,9,4 - stand still,1757
7 Saturday,9.5,0- free flowing,109380
7 Saturday,9.5,1 - light traffic,240
7 Saturday,9.5,2 - medium traffic,265
7 Saturday,9.5,3 - heavy traffic,2304
7 Saturday,9.5,4 - stand still,4144
7 Saturday,10,0- free flowing,125944
7 Saturday,10,1 - light traffic,496
7 Saturday,10,2 - medium traffic,1172.5
7 Saturday,10,3 - heavy traffic,4722
7 Saturday,10,4 - stand still,5617.5
7 Saturday,10.5,0- free flowing,139040
7 Saturday,10.5,1 - light traffic,588
7 Saturday,10.5,2 - medium traffic,2982.5
7 Saturday,10.5,3 - heavy traffic,7410
7 Saturday,10.5,4 - stand still,5880
7 Saturday,11,0- free flowing,150731
7 Saturday,11,1 - light traffic,724
7 Saturday,11,2 - medium traffic,4735
7 Saturday,11,3 - heavy traffic,14151
7 Saturday,11,4 - stand still,7612.5
7 Saturday,11.5,0- free flowing,162949
7 Saturday,11.5,1 - light traffic,1292
7 Saturday,11.5,2 - medium traffic,6560
7 Saturday,11.5,3 - heavy traffic,22308
7 Saturday,11.5,4 - stand still,9135
7 Saturday,12,0- free flowing,176819
7 Saturday,12,1 - light traffic,1880
7 Saturday,12,2 - medium traffic,9437.5
7 Saturday,12,3 - heavy traffic,27126
7 Saturday,12,4 - stand still,14168
7 Saturday,12.5,0- free flowing,189442
7 Saturday,12.5,1 - light traffic,2670
7 Saturday,12.5,2 - medium traffic,13537.5
7 Saturday,12.5,3 - heavy traffic,31980
7 Saturday,12.5,4 - stand still,18886
7 Saturday,13,0- free flowing,195329
7 Saturday,13,1 - light traffic,2856
7 Saturday,13,2 - medium traffic,15820
7 Saturday,13,3 - heavy traffic,37839
7 Saturday,13,4 - stand still,17223.5
7 Saturday,13.5,0- free flowing,194332
7 Saturday,13.5,1 - light traffic,2174
7 Saturday,13.5,2 - medium traffic,17167.5
7 Saturday,13.5,3 - heavy traffic,37776
7 Saturday,13.5,4 - stand still,15655.5
7 Saturday,14,0- free flowing,193057
7 Saturday,14,1 - light traffic,2246
7 Saturday,14,2 - medium traffic,15947.5
7 Saturday,14,3 - heavy traffic,35034
7 Saturday,14,4 - stand still,16838.5
7 Saturday,14.5,0- free flowing,189523
7 Saturday,14.5,1 - light traffic,2846
7 Saturday,14.5,2 - medium traffic,17790
7 Saturday,14.5,3 - heavy traffic,37527
7 Saturday,14.5,4 - stand still,15165.5
7 Saturday,15,0- free flowing,188192
7 Saturday,15,1 - light traffic,2642
7 Saturday,15,2 - medium traffic,19195
7 Saturday,15,3 - heavy traffic,33348
7 Saturday,15,4 - stand still,15505
7 Saturday,15.5,0- free flowing,187674
7 Saturday,15.5,1 - light traffic,2550
7 Saturday,15.5,2 - medium traffic,18107.5
7 Saturday,15.5,3 - heavy traffic,30174
7 Saturday,15.5,4 - stand still,15151.5
7 Saturday,16,0- free flowing,182318
7 Saturday,16,1 - light traffic,2020
7 Saturday,16,2 - medium traffic,15135
7 Saturday,16,3 - heavy traffic,28215
7 Saturday,16,4 - stand still,14854
7 Saturday,16.5,0- free flowing,178260
7 Saturday,16.5,1 - light traffic,2426
7 Saturday,16.5,2 - medium traffic,15140
7 Saturday,16.5,3 - heavy traffic,22704
7 Saturday,16.5,4 - stand still,12029.5
7 Saturday,17,0- free flowing,173817
7 Saturday,17,1 - light traffic,2464
7 Saturday,17,2 - medium traffic,13532.5
7 Saturday,17,3 - heavy traffic,18630
7 Saturday,17,4 - stand still,8743
7 Saturday,17.5,0- free flowing,170605
7 Saturday,17.5,1 - light traffic,2012
7 Saturday,17.5,2 - medium traffic,14137.5
7 Saturday,17.5,3 - heavy traffic,15435
7 Saturday,17.5,4 - stand still,6415.5
7 Saturday,18,0- free flowing,164509
7 Saturday,18,1 - light traffic,1938
7 Saturday,18,2 - medium traffic,10117.5
7 Saturday,18,3 - heavy traffic,12177
7 Saturday,18,4 - stand still,6937
7 Saturday,18.5,0- free flowing,156638
7 Saturday,18.5,1 - light traffic,1258
7 Saturday,18.5,2 - medium traffic,5855
7 Saturday,18.5,3 - heavy traffic,9153
7 Saturday,18.5,4 - stand still,6566
7 Saturday,19,0- free flowing,145267
7 Saturday,19,1 - light traffic,538
7 Saturday,19,2 - medium traffic,3637.5
7 Saturday,19,3 - heavy traffic,5895
7 Saturday,19,4 - stand still,5890.5
7 Saturday,19.5,0- free flowing,130175
7 Saturday,19.5,1 - light traffic,374
7 Saturday,19.5,2 - medium traffic,2850
7 Saturday,19.5,3 - heavy traffic,3474
7 Saturday,19.5,4 - stand still,4494
7 Saturday,20,0- free flowing,103057
7 Saturday,20,1 - light traffic,798
7 Saturday,20,2 - medium traffic,1135
7 Saturday,20,3 - heavy traffic,2157
7 Saturday,20,4 - stand still,3843
7 Saturday,20.5,0- free flowing,85122
7 Saturday,20.5,1 - light traffic,558
7 Saturday,20.5,2 - medium traffic,720
7 Saturday,20.5,3 - heavy traffic,1707
7 Saturday,20.5,4 - stand still,2159.5
7 Saturday,21,0- free flowing,90964
7 Saturday,21,1 - light traffic,82
7 Saturday,21,2 - medium traffic,177.5
7 Saturday,21,3 - heavy traffic,1467
7 Saturday,21,4 - stand still,2215.5
7 Saturday,21.5,0- free flowing,85356
7 Saturday,21.5,1 - light traffic,68
7 Saturday,21.5,2 - medium traffic,192.5
7 Saturday,21.5,3 - heavy traffic,975
7 Saturday,21.5,4 - stand still,1102.5
7 Saturday,22,0- free flowing,76832
7 Saturday,22,1 - light traffic,48
7 Saturday,22,2 - medium traffic,212.5
7 Saturday,22,3 - heavy traffic,594
7 Saturday,22,4 - stand still,766.5
7 Saturday,22.5,0- free flowing,67871
7 Saturday,22.5,1 - light traffic,22
7 Saturday,22.5,2 - medium traffic,80
7 Saturday,22.5,3 - heavy traffic,423
7 Saturday,22.5,4 - stand still,714
7 Saturday,23,0- free flowing,57242
7 Saturday,23,1 - light traffic,24
7 Saturday,23,2 - medium traffic,37.5
7 Saturday,23,3 - heavy traffic,327
7 Saturday,23,4 - stand still,332.5
7 Saturday,23.5,0- free flowing,47996
7 Saturday,23.5,1 - light traffic,2
7 Saturday,23.5,2 - medium traffic,42.5
7 Saturday,23.5,3 - heavy traffic,123
7 Saturday,23.5,4 - stand still,182
7 Saturday,24,0- free flowing,41400
7 Saturday,24,1 - light traffic,2
7 Saturday,24,2 - medium traffic,0
7 Saturday,24,3 - heavy traffic,153
7 Saturday,24,4 - stand still,549.5
