Day of Week,Time Half Hour,Traffic Level,Traffic Flow
1 Sunday,0.5,0- free flowing,41086
1 Sunday,0.5,1 - light traffic,22
1 Sunday,0.5,2 - medium traffic,2.5
1 Sunday,0.5,3 - heavy traffic,66
1 Sunday,0.5,4 - stand still,147
1 Sunday,1,0- free flowing,36614
1 Sunday,1,1 - light traffic,14
1 Sunday,1,2 - medium traffic,10
1 Sunday,1,3 - heavy traffic,99
1 Sunday,1,4 - stand still,119
1 Sunday,1.5,0- free flowing,31211
1 Sunday,1.5,1 - light traffic,8
1 Sunday,1.5,2 - medium traffic,5
1 Sunday,1.5,3 - heavy traffic,51
1 Sunday,1.5,4 - stand still,63
1 Sunday,2,0- free flowing,25511
1 Sunday,2,1 - light traffic,10
1 Sunday,2,2 - medium traffic,12.5
1 Sunday,2,3 - heavy traffic,36
1 Sunday,2,4 - stand still,66.5
1 Sunday,2.5,0- free flowing,21876
1 Sunday,2.5,1 - light traffic,2
1 Sunday,2.5,2 - medium traffic,0
1 Sunday,2.5,3 - heavy traffic,63
1 Sunday,2.5,4 - stand still,52.5
1 Sunday,3,0- free flowing,20333
1 Sunday,3,1 - light traffic,2
1 Sunday,3,2 - medium traffic,5
1 Sunday,3,3 - heavy traffic,30
1 Sunday,3,4 - stand still,77
1 Sunday,3.5,0- free flowing,18157
1 Sunday,3.5,1 - light traffic,4
1 Sunday,3.5,2 - medium traffic,10
1 Sunday,3.5,3 - heavy traffic,36
1 Sunday,3.5,4 - stand still,31.5
1 Sunday,4,0- free flowing,15779
1 Sunday,4,1 - light traffic,6
1 Sunday,4,2 - medium traffic,12.5
1 Sunday,4,3 - heavy traffic,54
1 Sunday,4,4 - stand still,28
1 Sunday,4.5,0- free flowing,15417
1 Sunday,4.5,1 - light traffic,12
1 Sunday,4.5,2 - medium traffic,7.5
1 Sunday,4.5,3 - heavy traffic,18
1 Sunday,4.5,4 - stand still,126
1 Sunday,5,0- free flowing,16429
1 Sunday,5,1 - light traffic,14
1 Sunday,5,2 - medium traffic,15
1 Sunday,5,3 - heavy traffic,51
1 Sunday,5,4 - stand still,98
1 Sunday,5.5,0- free flowing,19100
1 Sunday,5.5,1 - light traffic,14
1 Sunday,5.5,2 - medium traffic,5
1 Sunday,5.5,3 - heavy traffic,54
1 Sunday,5.5,4 - stand still,52.5
1 Sunday,6,0- free flowing,23163
1 Sunday,6,1 - light traffic,4
1 Sunday,6,2 - medium traffic,20
1 Sunday,6,3 - heavy traffic,84
1 Sunday,6,4 - stand still,360.5
1 Sunday,6.5,0- free flowing,29496
1 Sunday,6.5,1 - light traffic,10
1 Sunday,6.5,2 - medium traffic,12.5
1 Sunday,6.5,3 - heavy traffic,72
1 Sunday,6.5,4 - stand still,70
1 Sunday,7,0- free flowing,32707
1 Sunday,7,1 - light traffic,14
1 Sunday,7,2 - medium traffic,17.5
1 Sunday,7,3 - heavy traffic,90
1 Sunday,7,4 - stand still,140
1 Sunday,7.5,0- free flowing,37302
1 Sunday,7.5,1 - light traffic,8
1 Sunday,7.5,2 - medium traffic,45
1 Sunday,7.5,3 - heavy traffic,162
1 Sunday,7.5,4 - stand still,402.5
1 Sunday,8,0- free flowing,42121
1 Sunday,8,1 - light traffic,4
1 Sunday,8,2 - medium traffic,110
1 Sunday,8,3 - heavy traffic,102
1 Sunday,8,4 - stand still,1435
1 Sunday,8.5,0- free flowing,53352
1 Sunday,8.5,1 - light traffic,8
1 Sunday,8.5,2 - medium traffic,62.5
1 Sunday,8.5,3 - heavy traffic,318
1 Sunday,8.5,4 - stand still,2453.5
1 Sunday,9,0- free flowing,69627
1 Sunday,9,1 - light traffic,30
1 Sunday,9,2 - medium traffic,412.5
1 Sunday,9,3 - heavy traffic,441
1 Sunday,9,4 - stand still,2558.5
1 Sunday,9.5,0- free flowing,86105
1 Sunday,9.5,1 - light traffic,50
1 Sunday,9.5,2 - medium traffic,435
1 Sunday,9.5,3 - heavy traffic,1362
1 Sunday,9.5,4 - stand still,2415
1 Sunday,10,0- free flowing,97669
1 Sunday,10,1 - light traffic,52
1 Sunday,10,2 - medium traffic,342.5
1 Sunday,10,3 - heavy traffic,2271
1 Sunday,10,4 - stand still,4014.5
1 Sunday,10.5,0- free flowing,127426
1 Sunday,10.5,1 - light traffic,310
1 Sunday,10.5,2 - medium traffic,1047.5
1 Sunday,10.5,3 - heavy traffic,4020
1 Sunday,10.5,4 - stand still,7049
1 Sunday,11,0- free flowing,144961
1 Sunday,11,1 - light traffic,628
1 Sunday,11,2 - medium traffic,2882.5
1 Sunday,11,3 - heavy traffic,8175
1 Sunday,11,4 - stand still,7948.5
1 Sunday,11.5,0- free flowing,153304
1 Sunday,11.5,1 - light traffic,688
1 Sunday,11.5,2 - medium traffic,3932.5
1 Sunday,11.5,3 - heavy traffic,13497
1 Sunday,11.5,4 - stand still,10080
1 Sunday,12,0- free flowing,168166
1 Sunday,12,1 - light traffic,1456
1 Sunday,12,2 - medium traffic,6132.5
1 Sunday,12,3 - heavy traffic,19674
1 Sunday,12,4 - stand still,12467
1 Sunday,12.5,0- free flowing,189274
1 Sunday,12.5,1 - light traffic,3148
1 Sunday,12.5,2 - medium traffic,10075
1 Sunday,12.5,3 - heavy traffic,28986
1 Sunday,12.5,4 - stand still,13877.5
1 Sunday,13,0- free flowing,196563
1 Sunday,13,1 - light traffic,4890
1 Sunday,13,2 - medium traffic,21397.5
1 Sunday,13,3 - heavy traffic,40152
1 Sunday,13,4 - stand still,19320
1 Sunday,13.5,0- free flowing,196229
1 Sunday,13.5,1 - light traffic,5144
1 Sunday,13.5,2 - medium traffic,31282.5
1 Sunday,13.5,3 - heavy traffic,41196
1 Sunday,13.5,4 - stand still,19880
1 Sunday,14,0- free flowing,196766
1 Sunday,14,1 - light traffic,5232
1 Sunday,14,2 - medium traffic,31707.5
1 Sunday,14,3 - heavy traffic,43812
1 Sunday,14,4 - stand still,25298
1 Sunday,14.5,0- free flowing,197300
1 Sunday,14.5,1 - light traffic,5162
1 Sunday,14.5,2 - medium traffic,32427.5
1 Sunday,14.5,3 - heavy traffic,50406
1 Sunday,14.5,4 - stand still,27293
1 Sunday,15,0- free flowing,205190
1 Sunday,15,1 - light traffic,4690
1 Sunday,15,2 - medium traffic,33365
1 Sunday,15,3 - heavy traffic,53568
1 Sunday,15,4 - stand still,26894
1 Sunday,15.5,0- free flowing,199741
1 Sunday,15.5,1 - light traffic,4092
1 Sunday,15.5,2 - medium traffic,33505
1 Sunday,15.5,3 - heavy traffic,50265
1 Sunday,15.5,4 - stand still,25004
1 Sunday,16,0- free flowing,196203
1 Sunday,16,1 - light traffic,4200
1 Sunday,16,2 - medium traffic,35510
1 Sunday,16,3 - heavy traffic,48447
1 Sunday,16,4 - stand still,21759.5
1 Sunday,16.5,0- free flowing,195433
1 Sunday,16.5,1 - light traffic,3806
1 Sunday,16.5,2 - medium traffic,39295
1 Sunday,16.5,3 - heavy traffic,43629
1 Sunday,16.5,4 - stand still,19838
1 Sunday,17,0- free flowing,190326
1 Sunday,17,1 - light traffic,4916
1 Sunday,17,2 - medium traffic,33770
1 Sunday,17,3 - heavy traffic,39498
1 Sunday,17,4 - stand still,15946
1 Sunday,17.5,0- free flowing,181914
1 Sunday,17.5,1 - light traffic,3386
1 Sunday,17.5,2 - medium traffic,24767.5
1 Sunday,17.5,3 - heavy traffic,33375
1 Sunday,17.5,4 - stand still,15816.5
1 Sunday,18,0- free flowing,167814
1 Sunday,18,1 - light traffic,2594
1 Sunday,18,2 - medium traffic,19652.5
1 Sunday,18,3 - heavy traffic,23565
1 Sunday,18,4 - stand still,11329.5
1 Sunday,18.5,0- free flowing,156407
1 Sunday,18.5,1 - light traffic,2178
1 Sunday,18.5,2 - medium traffic,13722.5
1 Sunday,18.5,3 - heavy traffic,18144
1 Sunday,18.5,4 - stand still,7311.5
1 Sunday,19,0- free flowing,137706
1 Sunday,19,1 - light traffic,1014
1 Sunday,19,2 - medium traffic,9615
1 Sunday,19,3 - heavy traffic,11736
1 Sunday,19,4 - stand still,7087.5
1 Sunday,19.5,0- free flowing,126854
1 Sunday,19.5,1 - light traffic,810
1 Sunday,19.5,2 - medium traffic,4750
1 Sunday,19.5,3 - heavy traffic,9960
1 Sunday,19.5,4 - stand still,6429.5
1 Sunday,20,0- free flowing,108316
1 Sunday,20,1 - light traffic,772
1 Sunday,20,2 - medium traffic,4747.5
1 Sunday,20,3 - heavy traffic,4353
1 Sunday,20,4 - stand still,3395
1 Sunday,20.5,0- free flowing,97324
1 Sunday,20.5,1 - light traffic,440
1 Sunday,20.5,2 - medium traffic,2572.5
1 Sunday,20.5,3 - heavy traffic,2652
1 Sunday,20.5,4 - stand still,2765
1 Sunday,21,0- free flowing,85911
1 Sunday,21,1 - light traffic,454
1 Sunday,21,2 - medium traffic,1322.5
1 Sunday,21,3 - heavy traffic,2112
1 Sunday,21,4 - stand still,1925
1 Sunday,21.5,0- free flowing,72565
1 Sunday,21.5,1 - light traffic,220
1 Sunday,21.5,2 - medium traffic,872.5
1 Sunday,21.5,3 - heavy traffic,2028
1 Sunday,21.5,4 - stand still,3678.5
1 Sunday,22,0- free flowing,61537
1 Sunday,22,1 - light traffic,228
1 Sunday,22,2 - medium traffic,465
1 Sunday,22,3 - heavy traffic,1197
1 Sunday,22,4 - stand still,2684.5
1 Sunday,22.5,0- free flowing,50916
1 Sunday,22.5,1 - light traffic,158
1 Sunday,22.5,2 - medium traffic,382.5
1 Sunday,22.5,3 - heavy traffic,783
1 Sunday,22.5,4 - stand still,2376.5
1 Sunday,23,0- free flowing,42647
1 Sunday,23,1 - light traffic,150
1 Sunday,23,2 - medium traffic,370
1 Sunday,23,3 - heavy traffic,537
1 Sunday,23,4 - stand still,2425.5
1 Sunday,23.5,0- free flowing,36406
1 Sunday,23.5,1 - light traffic,64
1 Sunday,23.5,2 - medium traffic,170
1 Sunday,23.5,3 - heavy traffic,279
1 Sunday,23.5,4 - stand still,1708
1 Sunday,24,0- free flowing,42641
1 Sunday,24,1 - light traffic,32
1 Sunday,24,2 - medium traffic,112.5
1 Sunday,24,3 - heavy traffic,237
1 Sunday,24,4 - stand still,647.5
2 Monday,0.5,0- free flowing,28031
2 Monday,0.5,1 - light traffic,38
2 Monday,0.5,2 - medium traffic,50
2 Monday,0.5,3 - heavy traffic,144
2 Monday,0.5,4 - stand still,416.5
2 Monday,1,0- free flowing,23839
2 Monday,1,1 - light traffic,36
2 Monday,1,2 - medium traffic,25
2 Monday,1,3 - heavy traffic,81
2 Monday,1,4 - stand still,329
2 Monday,1.5,0- free flowing,20662
2 Monday,1.5,1 - light traffic,26
2 Monday,1.5,2 - medium traffic,15
2 Monday,1.5,3 - heavy traffic,69
2 Monday,1.5,4 - stand still,301
2 Monday,2,0- free flowing,18130
2 Monday,2,1 - light traffic,22
2 Monday,2,2 - medium traffic,47.5
2 Monday,2,3 - heavy traffic,69
2 Monday,2,4 - stand still,437.5
2 Monday,2.5,0- free flowing,16530
2 Monday,2.5,1 - light traffic,28
2 Monday,2.5,2 - medium traffic,25
2 Monday,2.5,3 - heavy traffic,93
2 Monday,2.5,4 - stand still,252
2 Monday,3,0- free flowing,14456
2 Monday,3,1 - light traffic,10
2 Monday,3,2 - medium traffic,20
2 Monday,3,3 - heavy traffic,78
2 Monday,3,4 - stand still,63
2 Monday,3.5,0- free flowing,14222
2 Monday,3.5,1 - light traffic,14
2 Monday,3.5,2 - medium traffic,27.5
2 Monday,3.5,3 - heavy traffic,39
2 Monday,3.5,4 - stand still,94.5
2 Monday,4,0- free flowing,15587
2 Monday,4,1 - light traffic,16
2 Monday,4,2 - medium traffic,55
2 Monday,4,3 - heavy traffic,45
2 Monday,4,4 - stand still,126
2 Monday,4.5,0- free flowing,18445
2 Monday,4.5,1 - light traffic,14
2 Monday,4.5,2 - medium traffic,20
2 Monday,4.5,3 - heavy traffic,39
2 Monday,4.5,4 - stand still,136.5
2 Monday,5,0- free flowing,24752
2 Monday,5,1 - light traffic,16
2 Monday,5,2 - medium traffic,10
2 Monday,5,3 - heavy traffic,60
2 Monday,5,4 - stand still,91
2 Monday,5.5,0- free flowing,32217
2 Monday,5.5,1 - light traffic,6
2 Monday,5.5,2 - medium traffic,40
2 Monday,5.5,3 - heavy traffic,132
2 Monday,5.5,4 - stand still,171.5
2 Monday,6,0- free flowing,37491
2 Monday,6,1 - light traffic,10
2 Monday,6,2 - medium traffic,22.5
2 Monday,6,3 - heavy traffic,165
2 Monday,6,4 - stand still,392
2 Monday,6.5,0- free flowing,49261
2 Monday,6.5,1 - light traffic,6
2 Monday,6.5,2 - medium traffic,72.5
2 Monday,6.5,3 - heavy traffic,372
2 Monday,6.5,4 - stand still,717.5
2 Monday,7,0- free flowing,68826
2 Monday,7,1 - light traffic,78
2 Monday,7,2 - medium traffic,512.5
2 Monday,7,3 - heavy traffic,1134
2 Monday,7,4 - stand still,2320.5
2 Monday,7.5,0- free flowing,110047
2 Monday,7.5,1 - light traffic,730
2 Monday,7.5,2 - medium traffic,3045
2 Monday,7.5,3 - heavy traffic,4812
2 Monday,7.5,4 - stand still,3843
2 Monday,8,0- free flowing,130365
2 Monday,8,1 - light traffic,1420
2 Monday,8,2 - medium traffic,9012.5
2 Monday,8,3 - heavy traffic,19119
2 Monday,8,4 - stand still,7451.5
2 Monday,8.5,0- free flowing,137042
2 Monday,8.5,1 - light traffic,994
2 Monday,8.5,2 - medium traffic,6170
2 Monday,8.5,3 - heavy traffic,11490
2 Monday,8.5,4 - stand still,7693
2 Monday,9,0- free flowing,126494
2 Monday,9,1 - light traffic,712
2 Monday,9,2 - medium traffic,3382.5
2 Monday,9,3 - heavy traffic,4695
2 Monday,9,4 - stand still,4795
2 Monday,9.5,0- free flowing,122673
2 Monday,9.5,1 - light traffic,148
2 Monday,9.5,2 - medium traffic,525
2 Monday,9.5,3 - heavy traffic,2511
2 Monday,9.5,4 - stand still,2320.5
2 Monday,10,0- free flowing,125528
2 Monday,10,1 - light traffic,170
2 Monday,10,2 - medium traffic,392.5
2 Monday,10,3 - heavy traffic,1455
2 Monday,10,4 - stand still,1872.5
2 Monday,10.5,0- free flowing,130679
2 Monday,10.5,1 - light traffic,120
2 Monday,10.5,2 - medium traffic,267.5
2 Monday,10.5,3 - heavy traffic,1062
2 Monday,10.5,4 - stand still,1463
2 Monday,11,0- free flowing,141945
2 Monday,11,1 - light traffic,196
2 Monday,11,2 - medium traffic,905
2 Monday,11,3 - heavy traffic,1893
2 Monday,11,4 - stand still,1673
2 Monday,11.5,0- free flowing,146021
2 Monday,11.5,1 - light traffic,578
2 Monday,11.5,2 - medium traffic,1587.5
2 Monday,11.5,3 - heavy traffic,4293
2 Monday,11.5,4 - stand still,1935.5
2 Monday,12,0- free flowing,154395
2 Monday,12,1 - light traffic,794
2 Monday,12,2 - medium traffic,2502.5
2 Monday,12,3 - heavy traffic,9846
2 Monday,12,4 - stand still,3948
2 Monday,12.5,0- free flowing,162239
2 Monday,12.5,1 - light traffic,1126
2 Monday,12.5,2 - medium traffic,4215
2 Monday,12.5,3 - heavy traffic,14748
2 Monday,12.5,4 - stand still,6300
2 Monday,13,0- free flowing,171288
2 Monday,13,1 - light traffic,1360
2 Monday,13,2 - medium traffic,7390
2 Monday,13,3 - heavy traffic,17715
2 Monday,13,4 - stand still,7304.5
2 Monday,13.5,0- free flowing,175040
2 Monday,13.5,1 - light traffic,1924
2 Monday,13.5,2 - medium traffic,9542.5
2 Monday,13.5,3 - heavy traffic,19725
2 Monday,13.5,4 - stand still,7952
2 Monday,14,0- free flowing,174111
2 Monday,14,1 - light traffic,1444
2 Monday,14,2 - medium traffic,12682.5
2 Monday,14,3 - heavy traffic,19821
2 Monday,14,4 - stand still,7028
2 Monday,14.5,0- free flowing,176302
2 Monday,14.5,1 - light traffic,2424
2 Monday,14.5,2 - medium traffic,13140
2 Monday,14.5,3 - heavy traffic,25422
2 Monday,14.5,4 - stand still,6727
2 Monday,15,0- free flowing,183735
2 Monday,15,1 - light traffic,2578
2 Monday,15,2 - medium traffic,13655
2 Monday,15,3 - heavy traffic,32556
2 Monday,15,4 - stand still,5449.5
2 Monday,15.5,0- free flowing,191121
2 Monday,15.5,1 - light traffic,3150
2 Monday,15.5,2 - medium traffic,19445
2 Monday,15.5,3 - heavy traffic,33141
2 Monday,15.5,4 - stand still,8879.5
2 Monday,16,0- free flowing,189797
2 Monday,16,1 - light traffic,3230
2 Monday,16,2 - medium traffic,26595
2 Monday,16,3 - heavy traffic,30897
2 Monday,16,4 - stand still,10496.5
2 Monday,16.5,0- free flowing,203616
2 Monday,16.5,1 - light traffic,2696
2 Monday,16.5,2 - medium traffic,29102.5
2 Monday,16.5,3 - heavy traffic,36756
2 Monday,16.5,4 - stand still,8361.5
2 Monday,17,0- free flowing,216315
2 Monday,17,1 - light traffic,2854
2 Monday,17,2 - medium traffic,30827.5
2 Monday,17,3 - heavy traffic,50253
2 Monday,17,4 - stand still,8921.5
2 Monday,17.5,0- free flowing,228826
2 Monday,17.5,1 - light traffic,3646
2 Monday,17.5,2 - medium traffic,33515
2 Monday,17.5,3 - heavy traffic,73749
2 Monday,17.5,4 - stand still,14619.5
2 Monday,18,0- free flowing,195132
2 Monday,18,1 - light traffic,3060
2 Monday,18,2 - medium traffic,21970
2 Monday,18,3 - heavy traffic,37842
2 Monday,18,4 - stand still,10164
2 Monday,18.5,0- free flowing,161317
2 Monday,18.5,1 - light traffic,1450
2 Monday,18.5,2 - medium traffic,9260
2 Monday,18.5,3 - heavy traffic,9111
2 Monday,18.5,4 - stand still,4424
2 Monday,19,0- free flowing,127990
2 Monday,19,1 - light traffic,510
2 Monday,19,2 - medium traffic,1957.5
2 Monday,19,3 - heavy traffic,2652
2 Monday,19,4 - stand still,2534
2 Monday,19.5,0- free flowing,109625
2 Monday,19.5,1 - light traffic,308
2 Monday,19.5,2 - medium traffic,502.5
2 Monday,19.5,3 - heavy traffic,1083
2 Monday,19.5,4 - stand still,3013.5
2 Monday,20,0- free flowing,95771
2 Monday,20,1 - light traffic,98
2 Monday,20,2 - medium traffic,467.5
2 Monday,20,3 - heavy traffic,519
2 Monday,20,4 - stand still,2355.5
2 Monday,20.5,0- free flowing,83911
2 Monday,20.5,1 - light traffic,226
2 Monday,20.5,2 - medium traffic,307.5
2 Monday,20.5,3 - heavy traffic,669
2 Monday,20.5,4 - stand still,1417.5
2 Monday,21,0- free flowing,73815
2 Monday,21,1 - light traffic,206
2 Monday,21,2 - medium traffic,157.5
2 Monday,21,3 - heavy traffic,717
2 Monday,21,4 - stand still,686
2 Monday,21.5,0- free flowing,64009
2 Monday,21.5,1 - light traffic,84
2 Monday,21.5,2 - medium traffic,370
2 Monday,21.5,3 - heavy traffic,1251
2 Monday,21.5,4 - stand still,2023
2 Monday,22,0- free flowing,52594
2 Monday,22,1 - light traffic,48
2 Monday,22,2 - medium traffic,85
2 Monday,22,3 - heavy traffic,1086
2 Monday,22,4 - stand still,2835
2 Monday,22.5,0- free flowing,45038
2 Monday,22.5,1 - light traffic,22
2 Monday,22.5,2 - medium traffic,167.5
2 Monday,22.5,3 - heavy traffic,756
2 Monday,22.5,4 - stand still,1522.5
2 Monday,23,0- free flowing,39337
2 Monday,23,1 - light traffic,30
2 Monday,23,2 - medium traffic,280
2 Monday,23,3 - heavy traffic,672
2 Monday,23,4 - stand still,1018.5
2 Monday,23.5,0- free flowing,35289
2 Monday,23.5,1 - light traffic,48
2 Monday,23.5,2 - medium traffic,172.5
2 Monday,23.5,3 - heavy traffic,552
2 Monday,23.5,4 - stand still,1393
2 Monday,24,0- free flowing,32075
2 Monday,24,1 - light traffic,58
2 Monday,24,2 - medium traffic,117.5
2 Monday,24,3 - heavy traffic,222
2 Monday,24,4 - stand still,1641.5
3 Tuesday,0.5,0- free flowing,26071
3 Tuesday,0.5,1 - light traffic,24
3 Tuesday,0.5,2 - medium traffic,72.5
3 Tuesday,0.5,3 - heavy traffic,264
3 Tuesday,0.5,4 - stand still,1267
3 Tuesday,1,0- free flowing,21983
3 Tuesday,1,1 - light traffic,56
3 Tuesday,1,2 - medium traffic,35
3 Tuesday,1,3 - heavy traffic,279
3 Tuesday,1,4 - stand still,903
3 Tuesday,1.5,0- free flowing,18123
3 Tuesday,1.5,1 - light traffic,28
3 Tuesday,1.5,2 - medium traffic,35
3 Tuesday,1.5,3 - heavy traffic,84
3 Tuesday,1.5,4 - stand still,521.5
3 Tuesday,2,0- free flowing,16022
3 Tuesday,2,1 - light traffic,48
3 Tuesday,2,2 - medium traffic,32.5
3 Tuesday,2,3 - heavy traffic,141
3 Tuesday,2,4 - stand still,360.5
3 Tuesday,2.5,0- free flowing,14635
3 Tuesday,2.5,1 - light traffic,40
3 Tuesday,2.5,2 - medium traffic,20
3 Tuesday,2.5,3 - heavy traffic,90
3 Tuesday,2.5,4 - stand still,451.5
3 Tuesday,3,0- free flowing,13908
3 Tuesday,3,1 - light traffic,10
3 Tuesday,3,2 - medium traffic,30
3 Tuesday,3,3 - heavy traffic,90
3 Tuesday,3,4 - stand still,192.5
3 Tuesday,3.5,0- free flowing,14192
3 Tuesday,3.5,1 - light traffic,16
3 Tuesday,3.5,2 - medium traffic,15
3 Tuesday,3.5,3 - heavy traffic,78
3 Tuesday,3.5,4 - stand still,126
3 Tuesday,4,0- free flowing,15244
3 Tuesday,4,1 - light traffic,16
3 Tuesday,4,2 - medium traffic,20
3 Tuesday,4,3 - heavy traffic,66
3 Tuesday,4,4 - stand still,192.5
3 Tuesday,4.5,0- free flowing,17980
3 Tuesday,4.5,1 - light traffic,16
3 Tuesday,4.5,2 - medium traffic,15
3 Tuesday,4.5,3 - heavy traffic,105
3 Tuesday,4.5,4 - stand still,182
3 Tuesday,5,0- free flowing,25367
3 Tuesday,5,1 - light traffic,10
3 Tuesday,5,2 - medium traffic,30
3 Tuesday,5,3 - heavy traffic,90
3 Tuesday,5,4 - stand still,231
3 Tuesday,5.5,0- free flowing,34490
3 Tuesday,5.5,1 - light traffic,20
3 Tuesday,5.5,2 - medium traffic,20
3 Tuesday,5.5,3 - heavy traffic,138
3 Tuesday,5.5,4 - stand still,301
3 Tuesday,6,0- free flowing,41892
3 Tuesday,6,1 - light traffic,12
3 Tuesday,6,2 - medium traffic,50
3 Tuesday,6,3 - heavy traffic,144
3 Tuesday,6,4 - stand still,143.5
3 Tuesday,6.5,0- free flowing,54226
3 Tuesday,6.5,1 - light traffic,8
3 Tuesday,6.5,2 - medium traffic,77.5
3 Tuesday,6.5,3 - heavy traffic,213
3 Tuesday,6.5,4 - stand still,350
3 Tuesday,7,0- free flowing,80264
3 Tuesday,7,1 - light traffic,76
3 Tuesday,7,2 - medium traffic,380
3 Tuesday,7,3 - heavy traffic,1059
3 Tuesday,7,4 - stand still,1064
3 Tuesday,7.5,0- free flowing,128839
3 Tuesday,7.5,1 - light traffic,1360
3 Tuesday,7.5,2 - medium traffic,6795
3 Tuesday,7.5,3 - heavy traffic,8766
3 Tuesday,7.5,4 - stand still,2894.5
3 Tuesday,8,0- free flowing,149074
3 Tuesday,8,1 - light traffic,1466
3 Tuesday,8,2 - medium traffic,13410
3 Tuesday,8,3 - heavy traffic,28989
3 Tuesday,8,4 - stand still,7189
3 Tuesday,8.5,0- free flowing,149121
3 Tuesday,8.5,1 - light traffic,1498
3 Tuesday,8.5,2 - medium traffic,8077.5
3 Tuesday,8.5,3 - heavy traffic,14271
3 Tuesday,8.5,4 - stand still,4357.5
3 Tuesday,9,0- free flowing,131717
3 Tuesday,9,1 - light traffic,842
3 Tuesday,9,2 - medium traffic,3847.5
3 Tuesday,9,3 - heavy traffic,6867
3 Tuesday,9,4 - stand still,4910.5
3 Tuesday,9.5,0- free flowing,120518
3 Tuesday,9.5,1 - light traffic,208
3 Tuesday,9.5,2 - medium traffic,1325
3 Tuesday,9.5,3 - heavy traffic,3246
3 Tuesday,9.5,4 - stand still,3584
3 Tuesday,10,0- free flowing,122449
3 Tuesday,10,1 - light traffic,196
3 Tuesday,10,2 - medium traffic,635
3 Tuesday,10,3 - heavy traffic,2424
3 Tuesday,10,4 - stand still,1946
3 Tuesday,10.5,0- free flowing,124733
3 Tuesday,10.5,1 - light traffic,204
3 Tuesday,10.5,2 - medium traffic,722.5
3 Tuesday,10.5,3 - heavy traffic,1716
3 Tuesday,10.5,4 - stand still,1799
3 Tuesday,11,0- free flowing,129699
3 Tuesday,11,1 - light traffic,150
3 Tuesday,11,2 - medium traffic,680
3 Tuesday,11,3 - heavy traffic,3924
3 Tuesday,11,4 - stand still,2282
3 Tuesday,11.5,0- free flowing,135896
3 Tuesday,11.5,1 - light traffic,282
3 Tuesday,11.5,2 - medium traffic,1092.5
3 Tuesday,11.5,3 - heavy traffic,5139
3 Tuesday,11.5,4 - stand still,2719.5
3 Tuesday,12,0- free flowing,142933
3 Tuesday,12,1 - light traffic,514
3 Tuesday,12,2 - medium traffic,2182.5
3 Tuesday,12,3 - heavy traffic,7071
3 Tuesday,12,4 - stand still,2562
3 Tuesday,12.5,0- free flowing,152167
3 Tuesday,12.5,1 - light traffic,972
3 Tuesday,12.5,2 - medium traffic,3347.5
3 Tuesday,12.5,3 - heavy traffic,8955
3 Tuesday,12.5,4 - stand still,2954
3 Tuesday,13,0- free flowing,151309
3 Tuesday,13,1 - light traffic,1064
3 Tuesday,13,2 - medium traffic,4757.5
3 Tuesday,13,3 - heavy traffic,12264
3 Tuesday,13,4 - stand still,3815
3 Tuesday,13.5,0- free flowing,151670
3 Tuesday,13.5,1 - light traffic,1012
3 Tuesday,13.5,2 - medium traffic,6137.5
3 Tuesday,13.5,3 - heavy traffic,15852
3 Tuesday,13.5,4 - stand still,4494
3 Tuesday,14,0- free flowing,144119
3 Tuesday,14,1 - light traffic,1624
3 Tuesday,14,2 - medium traffic,6550
3 Tuesday,14,3 - heavy traffic,16062
3 Tuesday,14,4 - stand still,5803
3 Tuesday,14.5,0- free flowing,156526
3 Tuesday,14.5,1 - light traffic,1896
3 Tuesday,14.5,2 - medium traffic,8010
3 Tuesday,14.5,3 - heavy traffic,18198
3 Tuesday,14.5,4 - stand still,6919.5
3 Tuesday,15,0- free flowing,165084
3 Tuesday,15,1 - light traffic,1756
3 Tuesday,15,2 - medium traffic,10602.5
3 Tuesday,15,3 - heavy traffic,18459
3 Tuesday,15,4 - stand still,8858.5
3 Tuesday,15.5,0- free flowing,174321
3 Tuesday,15.5,1 - light traffic,3964
3 Tuesday,15.5,2 - medium traffic,15535
3 Tuesday,15.5,3 - heavy traffic,19089
3 Tuesday,15.5,4 - stand still,10003
3 Tuesday,16,0- free flowing,177874
3 Tuesday,16,1 - light traffic,3194
3 Tuesday,16,2 - medium traffic,26485
3 Tuesday,16,3 - heavy traffic,24240
3 Tuesday,16,4 - stand still,10486
3 Tuesday,16.5,0- free flowing,193469
3 Tuesday,16.5,1 - light traffic,2204
3 Tuesday,16.5,2 - medium traffic,31137.5
3 Tuesday,16.5,3 - heavy traffic,32409
3 Tuesday,16.5,4 - stand still,12334
3 Tuesday,17,0- free flowing,204051
3 Tuesday,17,1 - light traffic,2918
3 Tuesday,17,2 - medium traffic,31977.5
3 Tuesday,17,3 - heavy traffic,45294
3 Tuesday,17,4 - stand still,14532
3 Tuesday,17.5,0- free flowing,216405
3 Tuesday,17.5,1 - light traffic,4328
3 Tuesday,17.5,2 - medium traffic,29567.5
3 Tuesday,17.5,3 - heavy traffic,79956
3 Tuesday,17.5,4 - stand still,22935.5
3 Tuesday,18,0- free flowing,187595
3 Tuesday,18,1 - light traffic,2434
3 Tuesday,18,2 - medium traffic,23580
3 Tuesday,18,3 - heavy traffic,41100
3 Tuesday,18,4 - stand still,12071.5
3 Tuesday,18.5,0- free flowing,157375
3 Tuesday,18.5,1 - light traffic,1702
3 Tuesday,18.5,2 - medium traffic,13802.5
3 Tuesday,18.5,3 - heavy traffic,11871
3 Tuesday,18.5,4 - stand still,6615
3 Tuesday,19,0- free flowing,120684
3 Tuesday,19,1 - light traffic,876
3 Tuesday,19,2 - medium traffic,2082.5
3 Tuesday,19,3 - heavy traffic,4863
3 Tuesday,19,4 - stand still,4319
3 Tuesday,19.5,0- free flowing,102096
3 Tuesday,19.5,1 - light traffic,402
3 Tuesday,19.5,2 - medium traffic,1255
3 Tuesday,19.5,3 - heavy traffic,1902
3 Tuesday,19.5,4 - stand still,2978.5
3 Tuesday,20,0- free flowing,86562
3 Tuesday,20,1 - light traffic,426
3 Tuesday,20,2 - medium traffic,602.5
3 Tuesday,20,3 - heavy traffic,948
3 Tuesday,20,4 - stand still,1771
3 Tuesday,20.5,0- free flowing,77076
3 Tuesday,20.5,1 - light traffic,214
3 Tuesday,20.5,2 - medium traffic,280
3 Tuesday,20.5,3 - heavy traffic,804
3 Tuesday,20.5,4 - stand still,1323
3 Tuesday,21,0- free flowing,68992
3 Tuesday,21,1 - light traffic,352
3 Tuesday,21,2 - medium traffic,432.5
3 Tuesday,21,3 - heavy traffic,924
3 Tuesday,21,4 - stand still,1403.5
3 Tuesday,21.5,0- free flowing,58922
3 Tuesday,21.5,1 - light traffic,98
3 Tuesday,21.5,2 - medium traffic,210
3 Tuesday,21.5,3 - heavy traffic,1545
3 Tuesday,21.5,4 - stand still,2425.5
3 Tuesday,22,0- free flowing,48320
3 Tuesday,22,1 - light traffic,32
3 Tuesday,22,2 - medium traffic,285
3 Tuesday,22,3 - heavy traffic,1107
3 Tuesday,22,4 - stand still,2751
3 Tuesday,22.5,0- free flowing,43989
3 Tuesday,22.5,1 - light traffic,24
3 Tuesday,22.5,2 - medium traffic,252.5
3 Tuesday,22.5,3 - heavy traffic,1035
3 Tuesday,22.5,4 - stand still,1960
3 Tuesday,23,0- free flowing,39088
3 Tuesday,23,1 - light traffic,32
3 Tuesday,23,2 - medium traffic,220
3 Tuesday,23,3 - heavy traffic,969
3 Tuesday,23,4 - stand still,1571.5
3 Tuesday,23.5,0- free flowing,34513
3 Tuesday,23.5,1 - light traffic,20
3 Tuesday,23.5,2 - medium traffic,250
3 Tuesday,23.5,3 - heavy traffic,669
3 Tuesday,23.5,4 - stand still,749
3 Tuesday,24,0- free flowing,29330
3 Tuesday,24,1 - light traffic,48
3 Tuesday,24,2 - medium traffic,95
3 Tuesday,24,3 - heavy traffic,405
3 Tuesday,24,4 - stand still,819
4 Wednesday,0.5,0- free flowing,25172
4 Wednesday,0.5,1 - light traffic,46
4 Wednesday,0.5,2 - medium traffic,65
4 Wednesday,0.5,3 - heavy traffic,177
4 Wednesday,0.5,4 - stand still,392
4 Wednesday,1,0- free flowing,21122
4 Wednesday,1,1 - light traffic,42
4 Wednesday,1,2 - medium traffic,52.5
4 Wednesday,1,3 - heavy traffic,138
4 Wednesday,1,4 - stand still,462
4 Wednesday,1.5,0- free flowing,17487
4 Wednesday,1.5,1 - light traffic,42
4 Wednesday,1.5,2 - medium traffic,52.5
4 Wednesday,1.5,3 - heavy traffic,99
4 Wednesday,1.5,4 - stand still,360.5
4 Wednesday,2,0- free flowing,15314
4 Wednesday,2,1 - light traffic,28
4 Wednesday,2,2 - medium traffic,22.5
4 Wednesday,2,3 - heavy traffic,72
4 Wednesday,2,4 - stand still,224
4 Wednesday,2.5,0- free flowing,14188
4 Wednesday,2.5,1 - light traffic,16
4 Wednesday,2.5,2 - medium traffic,15
4 Wednesday,2.5,3 - heavy traffic,39
4 Wednesday,2.5,4 - stand still,308
4 Wednesday,3,0- free flowing,13738
4 Wednesday,3,1 - light traffic,16
4 Wednesday,3,2 - medium traffic,20
4 Wednesday,3,3 - heavy traffic,48
4 Wednesday,3,4 - stand still,210
4 Wednesday,3.5,0- free flowing,13398
4 Wednesday,3.5,1 - light traffic,18
4 Wednesday,3.5,2 - medium traffic,42.5
4 Wednesday,3.5,3 - heavy traffic,36
4 Wednesday,3.5,4 - stand still,297.5
4 Wednesday,4,0- free flowing,14756
4 Wednesday,4,1 - light traffic,6
4 Wednesday,4,2 - medium traffic,35
4 Wednesday,4,3 - heavy traffic,87
4 Wednesday,4,4 - stand still,143.5
4 Wednesday,4.5,0- free flowing,18104
4 Wednesday,4.5,1 - light traffic,8
4 Wednesday,4.5,2 - medium traffic,20
4 Wednesday,4.5,3 - heavy traffic,105
4 Wednesday,4.5,4 - stand still,35
4 Wednesday,5,0- free flowing,24020
4 Wednesday,5,1 - light traffic,26
4 Wednesday,5,2 - medium traffic,35
4 Wednesday,5,3 - heavy traffic,99
4 Wednesday,5,4 - stand still,164.5
4 Wednesday,5.5,0- free flowing,32373
4 Wednesday,5.5,1 - light traffic,8
4 Wednesday,5.5,2 - medium traffic,42.5
4 Wednesday,5.5,3 - heavy traffic,252
4 Wednesday,5.5,4 - stand still,336
4 Wednesday,6,0- free flowing,39086
4 Wednesday,6,1 - light traffic,10
4 Wednesday,6,2 - medium traffic,75
4 Wednesday,6,3 - heavy traffic,234
4 Wednesday,6,4 - stand still,423.5
4 Wednesday,6.5,0- free flowing,51577
4 Wednesday,6.5,1 - light traffic,26
4 Wednesday,6.5,2 - medium traffic,132.5
4 Wednesday,6.5,3 - heavy traffic,246
4 Wednesday,6.5,4 - stand still,553
4 Wednesday,7,0- free flowing,73684
4 Wednesday,7,1 - light traffic,82
4 Wednesday,7,2 - medium traffic,545
4 Wednesday,7,3 - heavy traffic,1038
4 Wednesday,7,4 - stand still,1295
4 Wednesday,7.5,0- free flowing,118719
4 Wednesday,7.5,1 - light traffic,1198
4 Wednesday,7.5,2 - medium traffic,7472.5
4 Wednesday,7.5,3 - heavy traffic,7203
4 Wednesday,7.5,4 - stand still,2047.5
4 Wednesday,8,0- free flowing,142739
4 Wednesday,8,1 - light traffic,1906
4 Wednesday,8,2 - medium traffic,12857.5
4 Wednesday,8,3 - heavy traffic,28335
4 Wednesday,8,4 - stand still,7903
4 Wednesday,8.5,0- free flowing,146131
4 Wednesday,8.5,1 - light traffic,1630
4 Wednesday,8.5,2 - medium traffic,8360
4 Wednesday,8.5,3 - heavy traffic,16452
4 Wednesday,8.5,4 - stand still,6156.5
4 Wednesday,9,0- free flowing,128604
4 Wednesday,9,1 - light traffic,900
4 Wednesday,9,2 - medium traffic,4227.5
4 Wednesday,9,3 - heavy traffic,8409
4 Wednesday,9,4 - stand still,4182.5
4 Wednesday,9.5,0- free flowing,122599
4 Wednesday,9.5,1 - light traffic,490
4 Wednesday,9.5,2 - medium traffic,2220
4 Wednesday,9.5,3 - heavy traffic,2691
4 Wednesday,9.5,4 - stand still,2789.5
4 Wednesday,10,0- free flowing,124402
4 Wednesday,10,1 - light traffic,306
4 Wednesday,10,2 - medium traffic,1497.5
4 Wednesday,10,3 - heavy traffic,2811
4 Wednesday,10,4 - stand still,1585.5
4 Wednesday,10.5,0- free flowing,126512
4 Wednesday,10.5,1 - light traffic,406
4 Wednesday,10.5,2 - medium traffic,1190
4 Wednesday,10.5,3 - heavy traffic,3411
4 Wednesday,10.5,4 - stand still,1414
4 Wednesday,11,0- free flowing,134454
4 Wednesday,11,1 - light traffic,714
4 Wednesday,11,2 - medium traffic,2220
4 Wednesday,11,3 - heavy traffic,3981
4 Wednesday,11,4 - stand still,4466
4 Wednesday,11.5,0- free flowing,142405
4 Wednesday,11.5,1 - light traffic,1084
4 Wednesday,11.5,2 - medium traffic,3925
4 Wednesday,11.5,3 - heavy traffic,6660
4 Wednesday,11.5,4 - stand still,5292
4 Wednesday,12,0- free flowing,150564
4 Wednesday,12,1 - light traffic,994
4 Wednesday,12,2 - medium traffic,6425
4 Wednesday,12,3 - heavy traffic,11067
4 Wednesday,12,4 - stand still,6380.5
4 Wednesday,12.5,0- free flowing,159209
4 Wednesday,12.5,1 - light traffic,1430
4 Wednesday,12.5,2 - medium traffic,7485
4 Wednesday,12.5,3 - heavy traffic,16944
4 Wednesday,12.5,4 - stand still,6776
4 Wednesday,13,0- free flowing,158857
4 Wednesday,13,1 - light traffic,1664
4 Wednesday,13,2 - medium traffic,8360
4 Wednesday,13,3 - heavy traffic,15762
4 Wednesday,13,4 - stand still,9632
4 Wednesday,13.5,0- free flowing,163271
4 Wednesday,13.5,1 - light traffic,1472
4 Wednesday,13.5,2 - medium traffic,10242.5
4 Wednesday,13.5,3 - heavy traffic,16083
4 Wednesday,13.5,4 - stand still,10234
4 Wednesday,14,0- free flowing,164306
4 Wednesday,14,1 - light traffic,1870
4 Wednesday,14,2 - medium traffic,11500
4 Wednesday,14,3 - heavy traffic,17430
4 Wednesday,14,4 - stand still,9642.5
4 Wednesday,14.5,0- free flowing,168911
4 Wednesday,14.5,1 - light traffic,2488
4 Wednesday,14.5,2 - medium traffic,15670
4 Wednesday,14.5,3 - heavy traffic,22269
4 Wednesday,14.5,4 - stand still,11658.5
4 Wednesday,15,0- free flowing,175442
4 Wednesday,15,1 - light traffic,4320
4 Wednesday,15,2 - medium traffic,18375
4 Wednesday,15,3 - heavy traffic,25533
4 Wednesday,15,4 - stand still,15501.5
4 Wednesday,15.5,0- free flowing,183782
4 Wednesday,15.5,1 - light traffic,4892
4 Wednesday,15.5,2 - medium traffic,23037.5
4 Wednesday,15.5,3 - heavy traffic,36156
4 Wednesday,15.5,4 - stand still,13569.5
4 Wednesday,16,0- free flowing,177382
4 Wednesday,16,1 - light traffic,3788
4 Wednesday,16,2 - medium traffic,31585
4 Wednesday,16,3 - heavy traffic,35532
4 Wednesday,16,4 - stand still,11963
4 Wednesday,16.5,0- free flowing,195474
4 Wednesday,16.5,1 - light traffic,3052
4 Wednesday,16.5,2 - medium traffic,34962.5
4 Wednesday,16.5,3 - heavy traffic,47085
4 Wednesday,16.5,4 - stand still,15291.5
4 Wednesday,17,0- free flowing,208296
4 Wednesday,17,1 - light traffic,3482
4 Wednesday,17,2 - medium traffic,32405
4 Wednesday,17,3 - heavy traffic,69051
4 Wednesday,17,4 - stand still,17468.5
4 Wednesday,17.5,0- free flowing,220976
4 Wednesday,17.5,1 - light traffic,4402
4 Wednesday,17.5,2 - medium traffic,27367.5
4 Wednesday,17.5,3 - heavy traffic,106692
4 Wednesday,17.5,4 - stand still,21185.5
4 Wednesday,18,0- free flowing,194200
4 Wednesday,18,1 - light traffic,3220
4 Wednesday,18,2 - medium traffic,23537.5
4 Wednesday,18,3 - heavy traffic,61422
4 Wednesday,18,4 - stand still,12565
4 Wednesday,18.5,0- free flowing,156135
4 Wednesday,18.5,1 - light traffic,2058
4 Wednesday,18.5,2 - medium traffic,18830
4 Wednesday,18.5,3 - heavy traffic,17454
4 Wednesday,18.5,4 - stand still,7591.5
4 Wednesday,19,0- free flowing,121930
4 Wednesday,19,1 - light traffic,1230
4 Wednesday,19,2 - medium traffic,6010
4 Wednesday,19,3 - heavy traffic,5259
4 Wednesday,19,4 - stand still,5173
4 Wednesday,19.5,0- free flowing,102821
4 Wednesday,19.5,1 - light traffic,314
4 Wednesday,19.5,2 - medium traffic,1720
4 Wednesday,19.5,3 - heavy traffic,2979
4 Wednesday,19.5,4 - stand still,1974
4 Wednesday,20,0- free flowing,89030
4 Wednesday,20,1 - light traffic,108
4 Wednesday,20,2 - medium traffic,1807.5
4 Wednesday,20,3 - heavy traffic,975
4 Wednesday,20,4 - stand still,980
4 Wednesday,20.5,0- free flowing,79569
4 Wednesday,20.5,1 - light traffic,196
4 Wednesday,20.5,2 - medium traffic,360
4 Wednesday,20.5,3 - heavy traffic,1296
4 Wednesday,20.5,4 - stand still,1809.5
4 Wednesday,21,0- free flowing,71024
4 Wednesday,21,1 - light traffic,142
4 Wednesday,21,2 - medium traffic,330
4 Wednesday,21,3 - heavy traffic,1218
4 Wednesday,21,4 - stand still,1256.5
4 Wednesday,21.5,0- free flowing,63109
4 Wednesday,21.5,1 - light traffic,142
4 Wednesday,21.5,2 - medium traffic,660
4 Wednesday,21.5,3 - heavy traffic,1980
4 Wednesday,21.5,4 - stand still,2481.5
4 Wednesday,22,0- free flowing,51047
4 Wednesday,22,1 - light traffic,48
4 Wednesday,22,2 - medium traffic,337.5
4 Wednesday,22,3 - heavy traffic,1233
4 Wednesday,22,4 - stand still,2789.5
4 Wednesday,22.5,0- free flowing,44472
4 Wednesday,22.5,1 - light traffic,48
4 Wednesday,22.5,2 - medium traffic,377.5
4 Wednesday,22.5,3 - heavy traffic,1143
4 Wednesday,22.5,4 - stand still,2124.5
4 Wednesday,23,0- free flowing,40426
4 Wednesday,23,1 - light traffic,60
4 Wednesday,23,2 - medium traffic,307.5
4 Wednesday,23,3 - heavy traffic,1080
4 Wednesday,23,4 - stand still,1648.5
4 Wednesday,23.5,0- free flowing,36177
4 Wednesday,23.5,1 - light traffic,28
4 Wednesday,23.5,2 - medium traffic,237.5
4 Wednesday,23.5,3 - heavy traffic,1170
4 Wednesday,23.5,4 - stand still,1050
4 Wednesday,24,0- free flowing,29693
4 Wednesday,24,1 - light traffic,50
4 Wednesday,24,2 - medium traffic,122.5
4 Wednesday,24,3 - heavy traffic,504
4 Wednesday,24,4 - stand still,651
5 Thursday,0.5,0- free flowing,27580
5 Thursday,0.5,1 - light traffic,46
5 Thursday,0.5,2 - medium traffic,110
5 Thursday,0.5,3 - heavy traffic,465
5 Thursday,0.5,4 - stand still,675.5
5 Thursday,1,0- free flowing,22987
5 Thursday,1,1 - light traffic,32
5 Thursday,1,2 - medium traffic,75
5 Thursday,1,3 - heavy traffic,144
5 Thursday,1,4 - stand still,626.5
5 Thursday,1.5,0- free flowing,18733
5 Thursday,1.5,1 - light traffic,46
5 Thursday,1.5,2 - medium traffic,45
5 Thursday,1.5,3 - heavy traffic,135
5 Thursday,1.5,4 - stand still,336
5 Thursday,2,0- free flowing,16697
5 Thursday,2,1 - light traffic,34
5 Thursday,2,2 - medium traffic,32.5
5 Thursday,2,3 - heavy traffic,168
5 Thursday,2,4 - stand still,486.5
5 Thursday,2.5,0- free flowing,15635
5 Thursday,2.5,1 - light traffic,12
5 Thursday,2.5,2 - medium traffic,30
5 Thursday,2.5,3 - heavy traffic,84
5 Thursday,2.5,4 - stand still,273
5 Thursday,3,0- free flowing,14927
5 Thursday,3,1 - light traffic,16
5 Thursday,3,2 - medium traffic,42.5
5 Thursday,3,3 - heavy traffic,84
5 Thursday,3,4 - stand still,308
5 Thursday,3.5,0- free flowing,15250
5 Thursday,3.5,1 - light traffic,6
5 Thursday,3.5,2 - medium traffic,50
5 Thursday,3.5,3 - heavy traffic,144
5 Thursday,3.5,4 - stand still,385
5 Thursday,4,0- free flowing,15698
5 Thursday,4,1 - light traffic,8
5 Thursday,4,2 - medium traffic,22.5
5 Thursday,4,3 - heavy traffic,177
5 Thursday,4,4 - stand still,357
5 Thursday,4.5,0- free flowing,19254
5 Thursday,4.5,1 - light traffic,22
5 Thursday,4.5,2 - medium traffic,25
5 Thursday,4.5,3 - heavy traffic,129
5 Thursday,4.5,4 - stand still,378
5 Thursday,5,0- free flowing,25705
5 Thursday,5,1 - light traffic,16
5 Thursday,5,2 - medium traffic,50
5 Thursday,5,3 - heavy traffic,276
5 Thursday,5,4 - stand still,378
5 Thursday,5.5,0- free flowing,33354
5 Thursday,5.5,1 - light traffic,10
5 Thursday,5.5,2 - medium traffic,62.5
5 Thursday,5.5,3 - heavy traffic,258
5 Thursday,5.5,4 - stand still,483
5 Thursday,6,0- free flowing,39320
5 Thursday,6,1 - light traffic,22
5 Thursday,6,2 - medium traffic,35
5 Thursday,6,3 - heavy traffic,225
5 Thursday,6,4 - stand still,392
5 Thursday,6.5,0- free flowing,51671
5 Thursday,6.5,1 - light traffic,48
5 Thursday,6.5,2 - medium traffic,82.5
5 Thursday,6.5,3 - heavy traffic,249
5 Thursday,6.5,4 - stand still,315
5 Thursday,7,0- free flowing,75384
5 Thursday,7,1 - light traffic,80
5 Thursday,7,2 - medium traffic,397.5
5 Thursday,7,3 - heavy traffic,1275
5 Thursday,7,4 - stand still,1207.5
5 Thursday,7.5,0- free flowing,117394
5 Thursday,7.5,1 - light traffic,1376
5 Thursday,7.5,2 - medium traffic,6100
5 Thursday,7.5,3 - heavy traffic,8709
5 Thursday,7.5,4 - stand still,2240
5 Thursday,8,0- free flowing,144730
5 Thursday,8,1 - light traffic,1884
5 Thursday,8,2 - medium traffic,12435
5 Thursday,8,3 - heavy traffic,28377
5 Thursday,8,4 - stand still,6615
5 Thursday,8.5,0- free flowing,138345
5 Thursday,8.5,1 - light traffic,1356
5 Thursday,8.5,2 - medium traffic,8727.5
5 Thursday,8.5,3 - heavy traffic,12315
5 Thursday,8.5,4 - stand still,6653.5
5 Thursday,9,0- free flowing,127380
5 Thursday,9,1 - light traffic,714
5 Thursday,9,2 - medium traffic,4370
5 Thursday,9,3 - heavy traffic,7362
5 Thursday,9,4 - stand still,6419
5 Thursday,9.5,0- free flowing,122687
5 Thursday,9.5,1 - light traffic,470
5 Thursday,9.5,2 - medium traffic,1745
5 Thursday,9.5,3 - heavy traffic,3567
5 Thursday,9.5,4 - stand still,6258
5 Thursday,10,0- free flowing,123013
5 Thursday,10,1 - light traffic,380
5 Thursday,10,2 - medium traffic,1542.5
5 Thursday,10,3 - heavy traffic,3873
5 Thursday,10,4 - stand still,5488
5 Thursday,10.5,0- free flowing,129832
5 Thursday,10.5,1 - light traffic,958
5 Thursday,10.5,2 - medium traffic,2570
5 Thursday,10.5,3 - heavy traffic,2976
5 Thursday,10.5,4 - stand still,4522
5 Thursday,11,0- free flowing,138841
5 Thursday,11,1 - light traffic,982
5 Thursday,11,2 - medium traffic,5122.5
5 Thursday,11,3 - heavy traffic,4728
5 Thursday,11,4 - stand still,3416
5 Thursday,11.5,0- free flowing,149605
5 Thursday,11.5,1 - light traffic,1350
5 Thursday,11.5,2 - medium traffic,4557.5
5 Thursday,11.5,3 - heavy traffic,8454
5 Thursday,11.5,4 - stand still,5096
5 Thursday,12,0- free flowing,154406
5 Thursday,12,1 - light traffic,1990
5 Thursday,12,2 - medium traffic,6420
5 Thursday,12,3 - heavy traffic,11907
5 Thursday,12,4 - stand still,7189
5 Thursday,12.5,0- free flowing,166089
5 Thursday,12.5,1 - light traffic,1836
5 Thursday,12.5,2 - medium traffic,10455
5 Thursday,12.5,3 - heavy traffic,18921
5 Thursday,12.5,4 - stand still,7084
5 Thursday,13,0- free flowing,169736
5 Thursday,13,1 - light traffic,2696
5 Thursday,13,2 - medium traffic,11992.5
5 Thursday,13,3 - heavy traffic,23268
5 Thursday,13,4 - stand still,10073
5 Thursday,13.5,0- free flowing,171728
5 Thursday,13.5,1 - light traffic,3458
5 Thursday,13.5,2 - medium traffic,15747.5
5 Thursday,13.5,3 - heavy traffic,24066
5 Thursday,13.5,4 - stand still,9037
5 Thursday,14,0- free flowing,169393
5 Thursday,14,1 - light traffic,4118
5 Thursday,14,2 - medium traffic,17172.5
5 Thursday,14,3 - heavy traffic,24858
5 Thursday,14,4 - stand still,8991.5
5 Thursday,14.5,0- free flowing,167850
5 Thursday,14.5,1 - light traffic,3392
5 Thursday,14.5,2 - medium traffic,22390
5 Thursday,14.5,3 - heavy traffic,28134
5 Thursday,14.5,4 - stand still,7763
5 Thursday,15,0- free flowing,183066
5 Thursday,15,1 - light traffic,3890
5 Thursday,15,2 - medium traffic,27555
5 Thursday,15,3 - heavy traffic,36681
5 Thursday,15,4 - stand still,7843.5
5 Thursday,15.5,0- free flowing,190428
5 Thursday,15.5,1 - light traffic,4594
5 Thursday,15.5,2 - medium traffic,35315
5 Thursday,15.5,3 - heavy traffic,44886
5 Thursday,15.5,4 - stand still,10780
5 Thursday,16,0- free flowing,189586
5 Thursday,16,1 - light traffic,4186
5 Thursday,16,2 - medium traffic,44962.5
5 Thursday,16,3 - heavy traffic,56433
5 Thursday,16,4 - stand still,16250.5
5 Thursday,16.5,0- free flowing,213165
5 Thursday,16.5,1 - light traffic,4708
5 Thursday,16.5,2 - medium traffic,44735
5 Thursday,16.5,3 - heavy traffic,77379
5 Thursday,16.5,4 - stand still,18137
5 Thursday,17,0- free flowing,225074
5 Thursday,17,1 - light traffic,5482
5 Thursday,17,2 - medium traffic,39290
5 Thursday,17,3 - heavy traffic,104580
5 Thursday,17,4 - stand still,17132.5
5 Thursday,17.5,0- free flowing,237135
5 Thursday,17.5,1 - light traffic,6054
5 Thursday,17.5,2 - medium traffic,35615
5 Thursday,17.5,3 - heavy traffic,140607
5 Thursday,17.5,4 - stand still,24304
5 Thursday,18,0- free flowing,217863
5 Thursday,18,1 - light traffic,4568
5 Thursday,18,2 - medium traffic,37717.5
5 Thursday,18,3 - heavy traffic,74688
5 Thursday,18,4 - stand still,16852.5
5 Thursday,18.5,0- free flowing,176208
5 Thursday,18.5,1 - light traffic,3558
5 Thursday,18.5,2 - medium traffic,26675
5 Thursday,18.5,3 - heavy traffic,21570
5 Thursday,18.5,4 - stand still,9173.5
5 Thursday,19,0- free flowing,141750
5 Thursday,19,1 - light traffic,1510
5 Thursday,19,2 - medium traffic,7607.5
5 Thursday,19,3 - heavy traffic,7338
5 Thursday,19,4 - stand still,4546.5
5 Thursday,19.5,0- free flowing,120550
5 Thursday,19.5,1 - light traffic,658
5 Thursday,19.5,2 - medium traffic,2667.5
5 Thursday,19.5,3 - heavy traffic,2400
5 Thursday,19.5,4 - stand still,3010
5 Thursday,20,0- free flowing,106647
5 Thursday,20,1 - light traffic,352
5 Thursday,20,2 - medium traffic,1120
5 Thursday,20,3 - heavy traffic,1398
5 Thursday,20,4 - stand still,1669.5
5 Thursday,20.5,0- free flowing,94288
5 Thursday,20.5,1 - light traffic,192
5 Thursday,20.5,2 - medium traffic,715
5 Thursday,20.5,3 - heavy traffic,1548
5 Thursday,20.5,4 - stand still,1760.5
5 Thursday,21,0- free flowing,88447
5 Thursday,21,1 - light traffic,226
5 Thursday,21,2 - medium traffic,1135
5 Thursday,21,3 - heavy traffic,1965
5 Thursday,21,4 - stand still,1904
5 Thursday,21.5,0- free flowing,75537
5 Thursday,21.5,1 - light traffic,254
5 Thursday,21.5,2 - medium traffic,997.5
5 Thursday,21.5,3 - heavy traffic,3483
5 Thursday,21.5,4 - stand still,2943.5
5 Thursday,22,0- free flowing,61866
5 Thursday,22,1 - light traffic,142
5 Thursday,22,2 - medium traffic,707.5
5 Thursday,22,3 - heavy traffic,3039
5 Thursday,22,4 - stand still,3836
5 Thursday,22.5,0- free flowing,53597
5 Thursday,22.5,1 - light traffic,48
5 Thursday,22.5,2 - medium traffic,500
5 Thursday,22.5,3 - heavy traffic,1695
5 Thursday,22.5,4 - stand still,5687.5
5 Thursday,23,0- free flowing,47772
5 Thursday,23,1 - light traffic,94
5 Thursday,23,2 - medium traffic,717.5
5 Thursday,23,3 - heavy traffic,1512
5 Thursday,23,4 - stand still,4137
5 Thursday,23.5,0- free flowing,40738
5 Thursday,23.5,1 - light traffic,40
5 Thursday,23.5,2 - medium traffic,972.5
5 Thursday,23.5,3 - heavy traffic,1326
5 Thursday,23.5,4 - stand still,1302
5 Thursday,24,0- free flowing,32181
5 Thursday,24,1 - light traffic,50
5 Thursday,24,2 - medium traffic,267.5
5 Thursday,24,3 - heavy traffic,825
5 Thursday,24,4 - stand still,903
6 Friday,0.5,0- free flowing,32753
6 Friday,0.5,1 - light traffic,30
6 Friday,0.5,2 - medium traffic,102.5
6 Friday,0.5,3 - heavy traffic,462
6 Friday,0.5,4 - stand still,1484
6 Friday,1,0- free flowing,27714
6 Friday,1,1 - light traffic,30
6 Friday,1,2 - medium traffic,47.5
6 Friday,1,3 - heavy traffic,528
6 Friday,1,4 - stand still,966
6 Friday,1.5,0- free flowing,24071
6 Friday,1.5,1 - light traffic,38
6 Friday,1.5,2 - medium traffic,100
6 Friday,1.5,3 - heavy traffic,357
6 Friday,1.5,4 - stand still,630
6 Friday,2,0- free flowing,20469
6 Friday,2,1 - light traffic,22
6 Friday,2,2 - medium traffic,70
6 Friday,2,3 - heavy traffic,171
6 Friday,2,4 - stand still,385
6 Friday,2.5,0- free flowing,19342
6 Friday,2.5,1 - light traffic,14
6 Friday,2.5,2 - medium traffic,30
6 Friday,2.5,3 - heavy traffic,219
6 Friday,2.5,4 - stand still,290.5
6 Friday,3,0- free flowing,18514
6 Friday,3,1 - light traffic,30
6 Friday,3,2 - medium traffic,40
6 Friday,3,3 - heavy traffic,180
6 Friday,3,4 - stand still,483
6 Friday,3.5,0- free flowing,18505
6 Friday,3.5,1 - light traffic,16
6 Friday,3.5,2 - medium traffic,52.5
6 Friday,3.5,3 - heavy traffic,93
6 Friday,3.5,4 - stand still,518
6 Friday,4,0- free flowing,18707
6 Friday,4,1 - light traffic,8
6 Friday,4,2 - medium traffic,40
6 Friday,4,3 - heavy traffic,78
6 Friday,4,4 - stand still,346.5
6 Friday,4.5,0- free flowing,21361
6 Friday,4.5,1 - light traffic,14
6 Friday,4.5,2 - medium traffic,42.5
6 Friday,4.5,3 - heavy traffic,132
6 Friday,4.5,4 - stand still,367.5
6 Friday,5,0- free flowing,26312
6 Friday,5,1 - light traffic,2
6 Friday,5,2 - medium traffic,65
6 Friday,5,3 - heavy traffic,105
6 Friday,5,4 - stand still,259
6 Friday,5.5,0- free flowing,33343
6 Friday,5.5,1 - light traffic,16
6 Friday,5.5,2 - medium traffic,52.5
6 Friday,5.5,3 - heavy traffic,108
6 Friday,5.5,4 - stand still,192.5
6 Friday,6,0- free flowing,37510
6 Friday,6,1 - light traffic,16
6 Friday,6,2 - medium traffic,35
6 Friday,6,3 - heavy traffic,102
6 Friday,6,4 - stand still,196
6 Friday,6.5,0- free flowing,49735
6 Friday,6.5,1 - light traffic,6
6 Friday,6.5,2 - medium traffic,32.5
6 Friday,6.5,3 - heavy traffic,189
6 Friday,6.5,4 - stand still,290.5
6 Friday,7,0- free flowing,70615
6 Friday,7,1 - light traffic,62
6 Friday,7,2 - medium traffic,265
6 Friday,7,3 - heavy traffic,789
6 Friday,7,4 - stand still,920.5
6 Friday,7.5,0- free flowing,108808
6 Friday,7.5,1 - light traffic,634
6 Friday,7.5,2 - medium traffic,3077.5
6 Friday,7.5,3 - heavy traffic,3513
6 Friday,7.5,4 - stand still,2145.5
6 Friday,8,0- free flowing,135615
6 Friday,8,1 - light traffic,1342
6 Friday,8,2 - medium traffic,9195
6 Friday,8,3 - heavy traffic,12915
6 Friday,8,4 - stand still,4938.5
6 Friday,8.5,0- free flowing,136154
6 Friday,8.5,1 - light traffic,916
6 Friday,8.5,2 - medium traffic,3955
6 Friday,8.5,3 - heavy traffic,6231
6 Friday,8.5,4 - stand still,5138
6 Friday,9,0- free flowing,125763
6 Friday,9,1 - light traffic,478
6 Friday,9,2 - medium traffic,1912.5
6 Friday,9,3 - heavy traffic,4335
6 Friday,9,4 - stand still,4371.5
6 Friday,9.5,0- free flowing,125439
6 Friday,9.5,1 - light traffic,282
6 Friday,9.5,2 - medium traffic,1445
6 Friday,9.5,3 - heavy traffic,3069
6 Friday,9.5,4 - stand still,4137
6 Friday,10,0- free flowing,131733
6 Friday,10,1 - light traffic,354
6 Friday,10,2 - medium traffic,2250
6 Friday,10,3 - heavy traffic,4050
6 Friday,10,4 - stand still,3930.5
6 Friday,10.5,0- free flowing,140208
6 Friday,10.5,1 - light traffic,528
6 Friday,10.5,2 - medium traffic,3450
6 Friday,10.5,3 - heavy traffic,4506
6 Friday,10.5,4 - stand still,4595.5
6 Friday,11,0- free flowing,150905
6 Friday,11,1 - light traffic,1178
6 Friday,11,2 - medium traffic,5245
6 Friday,11,3 - heavy traffic,8844
6 Friday,11,4 - stand still,5047
6 Friday,11.5,0- free flowing,166976
6 Friday,11.5,1 - light traffic,2090
6 Friday,11.5,2 - medium traffic,9295
6 Friday,11.5,3 - heavy traffic,18408
6 Friday,11.5,4 - stand still,6433
6 Friday,12,0- free flowing,177984
6 Friday,12,1 - light traffic,3248
6 Friday,12,2 - medium traffic,15892.5
6 Friday,12,3 - heavy traffic,29289
6 Friday,12,4 - stand still,7413
6 Friday,12.5,0- free flowing,182692
6 Friday,12.5,1 - light traffic,4390
6 Friday,12.5,2 - medium traffic,22375
6 Friday,12.5,3 - heavy traffic,38469
6 Friday,12.5,4 - stand still,10993.5
6 Friday,13,0- free flowing,197530
6 Friday,13,1 - light traffic,4814
6 Friday,13,2 - medium traffic,31047.5
6 Friday,13,3 - heavy traffic,48960
6 Friday,13,4 - stand still,15900.5
6 Friday,13.5,0- free flowing,201008
6 Friday,13.5,1 - light traffic,6346
6 Friday,13.5,2 - medium traffic,36110
6 Friday,13.5,3 - heavy traffic,59082
6 Friday,13.5,4 - stand still,21416.5
6 Friday,14,0- free flowing,207027
6 Friday,14,1 - light traffic,5842
6 Friday,14,2 - medium traffic,45895
6 Friday,14,3 - heavy traffic,67455
6 Friday,14,4 - stand still,22214.5
6 Friday,14.5,0- free flowing,210659
6 Friday,14.5,1 - light traffic,5780
6 Friday,14.5,2 - medium traffic,56475
6 Friday,14.5,3 - heavy traffic,74835
6 Friday,14.5,4 - stand still,22309
6 Friday,15,0- free flowing,221820
6 Friday,15,1 - light traffic,6866
6 Friday,15,2 - medium traffic,62280
6 Friday,15,3 - heavy traffic,93687
6 Friday,15,4 - stand still,21392
6 Friday,15.5,0- free flowing,234703
6 Friday,15.5,1 - light traffic,5808
6 Friday,15.5,2 - medium traffic,61285
6 Friday,15.5,3 - heavy traffic,121869
6 Friday,15.5,4 - stand still,30289
6 Friday,16,0- free flowing,244626
6 Friday,16,1 - light traffic,5906
6 Friday,16,2 - medium traffic,63475
6 Friday,16,3 - heavy traffic,139023
6 Friday,16,4 - stand still,39357.5
6 Friday,16.5,0- free flowing,268444
6 Friday,16.5,1 - light traffic,5496
6 Friday,16.5,2 - medium traffic,63600
6 Friday,16.5,3 - heavy traffic,147570
6 Friday,16.5,4 - stand still,41552
6 Friday,17,0- free flowing,261625
6 Friday,17,1 - light traffic,6504
6 Friday,17,2 - medium traffic,56410
6 Friday,17,3 - heavy traffic,153564
6 Friday,17,4 - stand still,47505.5
6 Friday,17.5,0- free flowing,261532
6 Friday,17.5,1 - light traffic,6516
6 Friday,17.5,2 - medium traffic,58147.5
6 Friday,17.5,3 - heavy traffic,144129
6 Friday,17.5,4 - stand still,49147
6 Friday,18,0- free flowing,242767
6 Friday,18,1 - light traffic,6510
6 Friday,18,2 - medium traffic,55347.5
6 Friday,18,3 - heavy traffic,89223
6 Friday,18,4 - stand still,41317.5
6 Friday,18.5,0- free flowing,222498
6 Friday,18.5,1 - light traffic,6384
6 Friday,18.5,2 - medium traffic,39832.5
6 Friday,18.5,3 - heavy traffic,49266
6 Friday,18.5,4 - stand still,34209
6 Friday,19,0- free flowing,192326
6 Friday,19,1 - light traffic,4096
6 Friday,19,2 - medium traffic,25895
6 Friday,19,3 - heavy traffic,26946
6 Friday,19,4 - stand still,27863.5
6 Friday,19.5,0- free flowing,173088
6 Friday,19.5,1 - light traffic,2632
6 Friday,19.5,2 - medium traffic,16572.5
6 Friday,19.5,3 - heavy traffic,20097
6 Friday,19.5,4 - stand still,19778.5
6 Friday,20,0- free flowing,150693
6 Friday,20,1 - light traffic,1518
6 Friday,20,2 - medium traffic,12777.5
6 Friday,20,3 - heavy traffic,13041
6 Friday,20,4 - stand still,13016.5
6 Friday,20.5,0- free flowing,136907
6 Friday,20.5,1 - light traffic,1012
6 Friday,20.5,2 - medium traffic,7282.5
6 Friday,20.5,3 - heavy traffic,8679
6 Friday,20.5,4 - stand still,9940
6 Friday,21,0- free flowing,125233
6 Friday,21,1 - light traffic,608
6 Friday,21,2 - medium traffic,6692.5
6 Friday,21,3 - heavy traffic,9726
6 Friday,21,4 - stand still,7143.5
6 Friday,21.5,0- free flowing,114845
6 Friday,21.5,1 - light traffic,1104
6 Friday,21.5,2 - medium traffic,5510
6 Friday,21.5,3 - heavy traffic,6267
6 Friday,21.5,4 - stand still,5190.5
6 Friday,22,0- free flowing,96794
6 Friday,22,1 - light traffic,460
6 Friday,22,2 - medium traffic,3487.5
6 Friday,22,3 - heavy traffic,3333
6 Friday,22,4 - stand still,4504.5
6 Friday,22.5,0- free flowing,83188
6 Friday,22.5,1 - light traffic,594
6 Friday,22.5,2 - medium traffic,1625
6 Friday,22.5,3 - heavy traffic,2421
6 Friday,22.5,4 - stand still,2075.5
6 Friday,23,0- free flowing,69431
6 Friday,23,1 - light traffic,62
6 Friday,23,2 - medium traffic,182.5
6 Friday,23,3 - heavy traffic,606
6 Friday,23,4 - stand still,1218
6 Friday,23.5,0- free flowing,55813
6 Friday,23.5,1 - light traffic,34
6 Friday,23.5,2 - medium traffic,60
6 Friday,23.5,3 - heavy traffic,204
6 Friday,23.5,4 - stand still,864.5
6 Friday,24,0- free flowing,39533
6 Friday,24,1 - light traffic,24
6 Friday,24,2 - medium traffic,142.5
6 Friday,24,3 - heavy traffic,447
6 Friday,24,4 - stand still,1522.5
7 Saturday,0.5,0- free flowing,45385
7 Saturday,0.5,1 - light traffic,22
7 Saturday,0.5,2 - medium traffic,17.5
7 Saturday,0.5,3 - heavy traffic,54
7 Saturday,0.5,4 - stand still,542.5
7 Saturday,1,0- free flowing,36870
7 Saturday,1,1 - light traffic,14
7 Saturday,1,2 - medium traffic,20
7 Saturday,1,3 - heavy traffic,111
7 Saturday,1,4 - stand still,182
7 Saturday,1.5,0- free flowing,33000
7 Saturday,1.5,1 - light traffic,16
7 Saturday,1.5,2 - medium traffic,15
7 Saturday,1.5,3 - heavy traffic,90
7 Saturday,1.5,4 - stand still,143.5
7 Saturday,2,0- free flowing,29624
7 Saturday,2,1 - light traffic,16
7 Saturday,2,2 - medium traffic,22.5
7 Saturday,2,3 - heavy traffic,225
7 Saturday,2,4 - stand still,213.5
7 Saturday,2.5,0- free flowing,26280
7 Saturday,2.5,1 - light traffic,38
7 Saturday,2.5,2 - medium traffic,25
7 Saturday,2.5,3 - heavy traffic,60
7 Saturday,2.5,4 - stand still,206.5
7 Saturday,3,0- free flowing,23735
7 Saturday,3,1 - light traffic,2
7 Saturday,3,2 - medium traffic,17.5
7 Saturday,3,3 - heavy traffic,69
7 Saturday,3,4 - stand still,182
7 Saturday,3.5,0- free flowing,22331
7 Saturday,3.5,1 - light traffic,4
7 Saturday,3.5,2 - medium traffic,50
7 Saturday,3.5,3 - heavy traffic,93
7 Saturday,3.5,4 - stand still,154
7 Saturday,4,0- free flowing,20866
7 Saturday,4,1 - light traffic,24
7 Saturday,4,2 - medium traffic,7.5
7 Saturday,4,3 - heavy traffic,60
7 Saturday,4,4 - stand still,154
7 Saturday,4.5,0- free flowing,20898
7 Saturday,4.5,1 - light traffic,26
7 Saturday,4.5,2 - medium traffic,22.5
7 Saturday,4.5,3 - heavy traffic,96
7 Saturday,4.5,4 - stand still,178.5
7 Saturday,5,0- free flowing,23171
7 Saturday,5,1 - light traffic,8
7 Saturday,5,2 - medium traffic,22.5
7 Saturday,5,3 - heavy traffic,45
7 Saturday,5,4 - stand still,238
7 Saturday,5.5,0- free flowing,27335
7 Saturday,5.5,1 - light traffic,6
7 Saturday,5.5,2 - medium traffic,7.5
7 Saturday,5.5,3 - heavy traffic,57
7 Saturday,5.5,4 - stand still,311.5
7 Saturday,6,0- free flowing,32567
7 Saturday,6,1 - light traffic,8
7 Saturday,6,2 - medium traffic,25
7 Saturday,6,3 - heavy traffic,33
7 Saturday,6,4 - stand still,122.5
7 Saturday,6.5,0- free flowing,38754
7 Saturday,6.5,1 - light traffic,18
7 Saturday,6.5,2 - medium traffic,37.5
7 Saturday,6.5,3 - heavy traffic,156
7 Saturday,6.5,4 - stand still,234.5
7 Saturday,7,0- free flowing,42873
7 Saturday,7,1 - light traffic,28
7 Saturday,7,2 - medium traffic,67.5
7 Saturday,7,3 - heavy traffic,96
7 Saturday,7,4 - stand still,115.5
7 Saturday,7.5,0- free flowing,52821
7 Saturday,7.5,1 - light traffic,20
7 Saturday,7.5,2 - medium traffic,27.5
7 Saturday,7.5,3 - heavy traffic,279
7 Saturday,7.5,4 - stand still,189
7 Saturday,8,0- free flowing,66828
7 Saturday,8,1 - light traffic,44
7 Saturday,8,2 - medium traffic,105
7 Saturday,8,3 - heavy traffic,420
7 Saturday,8,4 - stand still,479.5
7 Saturday,8.5,0- free flowing,87071
7 Saturday,8.5,1 - light traffic,230
7 Saturday,8.5,2 - medium traffic,182.5
7 Saturday,8.5,3 - heavy traffic,792
7 Saturday,8.5,4 - stand still,945
7 Saturday,9,0- free flowing,97507
7 Saturday,9,1 - light traffic,312
7 Saturday,9,2 - medium traffic,307.5
7 Saturday,9,3 - heavy traffic,1716
7 Saturday,9,4 - stand still,1757
7 Saturday,9.5,0- free flowing,113977
7 Saturday,9.5,1 - light traffic,242
7 Saturday,9.5,2 - medium traffic,282.5
7 Saturday,9.5,3 - heavy traffic,2307
7 Saturday,9.5,4 - stand still,4144
7 Saturday,10,0- free flowing,133383
7 Saturday,10,1 - light traffic,544
7 Saturday,10,2 - medium traffic,1205
7 Saturday,10,3 - heavy traffic,4794
7 Saturday,10,4 - stand still,5617.5
7 Saturday,10.5,0- free flowing,145943
7 Saturday,10.5,1 - light traffic,612
7 Saturday,10.5,2 - medium traffic,3040
7 Saturday,10.5,3 - heavy traffic,7791
7 Saturday,10.5,4 - stand still,5915
7 Saturday,11,0- free flowing,158354
7 Saturday,11,1 - light traffic,746
7 Saturday,11,2 - medium traffic,4867.5
7 Saturday,11,3 - heavy traffic,14751
7 Saturday,11,4 - stand still,7731.5
7 Saturday,11.5,0- free flowing,171006
7 Saturday,11.5,1 - light traffic,1472
7 Saturday,11.5,2 - medium traffic,6980
7 Saturday,11.5,3 - heavy traffic,23256
7 Saturday,11.5,4 - stand still,9205
7 Saturday,12,0- free flowing,184079
7 Saturday,12,1 - light traffic,2042
7 Saturday,12,2 - medium traffic,9807.5
7 Saturday,12,3 - heavy traffic,28182
7 Saturday,12,4 - stand still,14441
7 Saturday,12.5,0- free flowing,194343
7 Saturday,12.5,1 - light traffic,2824
7 Saturday,12.5,2 - medium traffic,13817.5
7 Saturday,12.5,3 - heavy traffic,32715
7 Saturday,12.5,4 - stand still,18952.5
7 Saturday,13,0- free flowing,200199
7 Saturday,13,1 - light traffic,2944
7 Saturday,13,2 - medium traffic,16312.5
7 Saturday,13,3 - heavy traffic,38448
7 Saturday,13,4 - stand still,17335.5
7 Saturday,13.5,0- free flowing,200565
7 Saturday,13.5,1 - light traffic,2302
7 Saturday,13.5,2 - medium traffic,17757.5
7 Saturday,13.5,3 - heavy traffic,38583
7 Saturday,13.5,4 - stand still,15715
7 Saturday,14,0- free flowing,199055
7 Saturday,14,1 - light traffic,2324
7 Saturday,14,2 - medium traffic,16565
7 Saturday,14,3 - heavy traffic,35922
7 Saturday,14,4 - stand still,17006.5
7 Saturday,14.5,0- free flowing,195626
7 Saturday,14.5,1 - light traffic,3034
7 Saturday,14.5,2 - medium traffic,18345
7 Saturday,14.5,3 - heavy traffic,38193
7 Saturday,14.5,4 - stand still,15253
7 Saturday,15,0- free flowing,194042
7 Saturday,15,1 - light traffic,2804
7 Saturday,15,2 - medium traffic,19820
7 Saturday,15,3 - heavy traffic,34161
7 Saturday,15,4 - stand still,15676.5
7 Saturday,15.5,0- free flowing,193542
7 Saturday,15.5,1 - light traffic,2702
7 Saturday,15.5,2 - medium traffic,18645
7 Saturday,15.5,3 - heavy traffic,30849
7 Saturday,15.5,4 - stand still,15239
7 Saturday,16,0- free flowing,190779
7 Saturday,16,1 - light traffic,2102
7 Saturday,16,2 - medium traffic,15887.5
7 Saturday,16,3 - heavy traffic,29673
7 Saturday,16,4 - stand still,15155
7 Saturday,16.5,0- free flowing,187604
7 Saturday,16.5,1 - light traffic,2480
7 Saturday,16.5,2 - medium traffic,15850
7 Saturday,16.5,3 - heavy traffic,24054
7 Saturday,16.5,4 - stand still,12320
7 Saturday,17,0- free flowing,182603
7 Saturday,17,1 - light traffic,2554
7 Saturday,17,2 - medium traffic,14230
7 Saturday,17,3 - heavy traffic,19203
7 Saturday,17,4 - stand still,9562
7 Saturday,17.5,0- free flowing,179561
7 Saturday,17.5,1 - light traffic,2044
7 Saturday,17.5,2 - medium traffic,14820
7 Saturday,17.5,3 - heavy traffic,16320
7 Saturday,17.5,4 - stand still,7003.5
7 Saturday,18,0- free flowing,172006
7 Saturday,18,1 - light traffic,1948
7 Saturday,18,2 - medium traffic,10360
7 Saturday,18,3 - heavy traffic,12597
7 Saturday,18,4 - stand still,7553
7 Saturday,18.5,0- free flowing,161786
7 Saturday,18.5,1 - light traffic,1260
7 Saturday,18.5,2 - medium traffic,6022.5
7 Saturday,18.5,3 - heavy traffic,9351
7 Saturday,18.5,4 - stand still,6601
7 Saturday,19,0- free flowing,151630
7 Saturday,19,1 - light traffic,550
7 Saturday,19,2 - medium traffic,3802.5
7 Saturday,19,3 - heavy traffic,6207
7 Saturday,19,4 - stand still,6055
7 Saturday,19.5,0- free flowing,136756
7 Saturday,19.5,1 - light traffic,410
7 Saturday,19.5,2 - medium traffic,2965
7 Saturday,19.5,3 - heavy traffic,3690
7 Saturday,19.5,4 - stand still,4508
7 Saturday,20,0- free flowing,108963
7 Saturday,20,1 - light traffic,814
7 Saturday,20,2 - medium traffic,1172.5
7 Saturday,20,3 - heavy traffic,2220
7 Saturday,20,4 - stand still,4189.5
7 Saturday,20.5,0- free flowing,90022
7 Saturday,20.5,1 - light traffic,560
7 Saturday,20.5,2 - medium traffic,732.5
7 Saturday,20.5,3 - heavy traffic,1809
7 Saturday,20.5,4 - stand still,2299.5
7 Saturday,21,0- free flowing,95981
7 Saturday,21,1 - light traffic,84
7 Saturday,21,2 - medium traffic,205
7 Saturday,21,3 - heavy traffic,1470
7 Saturday,21,4 - stand still,2215.5
7 Saturday,21.5,0- free flowing,90348
7 Saturday,21.5,1 - light traffic,68
7 Saturday,21.5,2 - medium traffic,200
7 Saturday,21.5,3 - heavy traffic,981
7 Saturday,21.5,4 - stand still,1102.5
7 Saturday,22,0- free flowing,81386
7 Saturday,22,1 - light traffic,48
7 Saturday,22,2 - medium traffic,220
7 Saturday,22,3 - heavy traffic,600
7 Saturday,22,4 - stand still,766.5
7 Saturday,22.5,0- free flowing,72437
7 Saturday,22.5,1 - light traffic,22
7 Saturday,22.5,2 - medium traffic,90
7 Saturday,22.5,3 - heavy traffic,426
7 Saturday,22.5,4 - stand still,714
7 Saturday,23,0- free flowing,61113
7 Saturday,23,1 - light traffic,28
7 Saturday,23,2 - medium traffic,40
7 Saturday,23,3 - heavy traffic,336
7 Saturday,23,4 - stand still,332.5
7 Saturday,23.5,0- free flowing,51481
7 Saturday,23.5,1 - light traffic,2
7 Saturday,23.5,2 - medium traffic,57.5
7 Saturday,23.5,3 - heavy traffic,126
7 Saturday,23.5,4 - stand still,185.5
7 Saturday,24,0- free flowing,42075
7 Saturday,24,1 - light traffic,2
7 Saturday,24,2 - medium traffic,2.5
7 Saturday,24,3 - heavy traffic,159
7 Saturday,24,4 - stand still,549.5
