Day of Week,Time Half Hour,Traffic Level,Traffic Flow
1 Sunday,0.5,0- free flowing,39317
1 Sunday,0.5,1 - light traffic,22
1 Sunday,0.5,2 - medium traffic,2.5
1 Sunday,0.5,3 - heavy traffic,66
1 Sunday,0.5,4 - stand still,147
1 Sunday,1,0- free flowing,35003
1 Sunday,1,1 - light traffic,14
1 Sunday,1,2 - medium traffic,10
1 Sunday,1,3 - heavy traffic,99
1 Sunday,1,4 - stand still,108.5
1 Sunday,1.5,0- free flowing,30047
1 Sunday,1.5,1 - light traffic,8
1 Sunday,1.5,2 - medium traffic,5
1 Sunday,1.5,3 - heavy traffic,33
1 Sunday,1.5,4 - stand still,63
1 Sunday,2,0- free flowing,24548
1 Sunday,2,1 - light traffic,8
1 Sunday,2,2 - medium traffic,12.5
1 Sunday,2,3 - heavy traffic,36
1 Sunday,2,4 - stand still,49
1 Sunday,2.5,0- free flowing,21048
1 Sunday,2.5,1 - light traffic,2
1 Sunday,2.5,2 - medium traffic,0
1 Sunday,2.5,3 - heavy traffic,60
1 Sunday,2.5,4 - stand still,49
1 Sunday,3,0- free flowing,19496
1 Sunday,3,1 - light traffic,2
1 Sunday,3,2 - medium traffic,5
1 Sunday,3,3 - heavy traffic,30
1 Sunday,3,4 - stand still,77
1 Sunday,3.5,0- free flowing,17410
1 Sunday,3.5,1 - light traffic,4
1 Sunday,3.5,2 - medium traffic,10
1 Sunday,3.5,3 - heavy traffic,36
1 Sunday,3.5,4 - stand still,31.5
1 Sunday,4,0- free flowing,15081
1 Sunday,4,1 - light traffic,6
1 Sunday,4,2 - medium traffic,12.5
1 Sunday,4,3 - heavy traffic,54
1 Sunday,4,4 - stand still,28
1 Sunday,4.5,0- free flowing,14688
1 Sunday,4.5,1 - light traffic,12
1 Sunday,4.5,2 - medium traffic,7.5
1 Sunday,4.5,3 - heavy traffic,18
1 Sunday,4.5,4 - stand still,126
1 Sunday,5,0- free flowing,15722
1 Sunday,5,1 - light traffic,14
1 Sunday,5,2 - medium traffic,15
1 Sunday,5,3 - heavy traffic,51
1 Sunday,5,4 - stand still,98
1 Sunday,5.5,0- free flowing,18173
1 Sunday,5.5,1 - light traffic,14
1 Sunday,5.5,2 - medium traffic,5
1 Sunday,5.5,3 - heavy traffic,54
1 Sunday,5.5,4 - stand still,52.5
1 Sunday,6,0- free flowing,22072
1 Sunday,6,1 - light traffic,4
1 Sunday,6,2 - medium traffic,20
1 Sunday,6,3 - heavy traffic,81
1 Sunday,6,4 - stand still,360.5
1 Sunday,6.5,0- free flowing,28241
1 Sunday,6.5,1 - light traffic,10
1 Sunday,6.5,2 - medium traffic,12.5
1 Sunday,6.5,3 - heavy traffic,72
1 Sunday,6.5,4 - stand still,70
1 Sunday,7,0- free flowing,31125
1 Sunday,7,1 - light traffic,14
1 Sunday,7,2 - medium traffic,17.5
1 Sunday,7,3 - heavy traffic,90
1 Sunday,7,4 - stand still,140
1 Sunday,7.5,0- free flowing,34984
1 Sunday,7.5,1 - light traffic,8
1 Sunday,7.5,2 - medium traffic,45
1 Sunday,7.5,3 - heavy traffic,162
1 Sunday,7.5,4 - stand still,402.5
1 Sunday,8,0- free flowing,39519
1 Sunday,8,1 - light traffic,4
1 Sunday,8,2 - medium traffic,110
1 Sunday,8,3 - heavy traffic,102
1 Sunday,8,4 - stand still,1361.5
1 Sunday,8.5,0- free flowing,49850
1 Sunday,8.5,1 - light traffic,8
1 Sunday,8.5,2 - medium traffic,62.5
1 Sunday,8.5,3 - heavy traffic,318
1 Sunday,8.5,4 - stand still,2453.5
1 Sunday,9,0- free flowing,66071
1 Sunday,9,1 - light traffic,30
1 Sunday,9,2 - medium traffic,412.5
1 Sunday,9,3 - heavy traffic,441
1 Sunday,9,4 - stand still,2555
1 Sunday,9.5,0- free flowing,81993
1 Sunday,9.5,1 - light traffic,48
1 Sunday,9.5,2 - medium traffic,422.5
1 Sunday,9.5,3 - heavy traffic,1356
1 Sunday,9.5,4 - stand still,2415
1 Sunday,10,0- free flowing,92021
1 Sunday,10,1 - light traffic,50
1 Sunday,10,2 - medium traffic,332.5
1 Sunday,10,3 - heavy traffic,2193
1 Sunday,10,4 - stand still,3993.5
1 Sunday,10.5,0- free flowing,119138
1 Sunday,10.5,1 - light traffic,308
1 Sunday,10.5,2 - medium traffic,1025
1 Sunday,10.5,3 - heavy traffic,3702
1 Sunday,10.5,4 - stand still,7024.5
1 Sunday,11,0- free flowing,137232
1 Sunday,11,1 - light traffic,606
1 Sunday,11,2 - medium traffic,2850
1 Sunday,11,3 - heavy traffic,7581
1 Sunday,11,4 - stand still,7850.5
1 Sunday,11.5,0- free flowing,145285
1 Sunday,11.5,1 - light traffic,636
1 Sunday,11.5,2 - medium traffic,3882.5
1 Sunday,11.5,3 - heavy traffic,12687
1 Sunday,11.5,4 - stand still,9996
1 Sunday,12,0- free flowing,160529
1 Sunday,12,1 - light traffic,1420
1 Sunday,12,2 - medium traffic,6020
1 Sunday,12,3 - heavy traffic,18801
1 Sunday,12,4 - stand still,12442.5
1 Sunday,12.5,0- free flowing,179815
1 Sunday,12.5,1 - light traffic,3084
1 Sunday,12.5,2 - medium traffic,9912.5
1 Sunday,12.5,3 - heavy traffic,28011
1 Sunday,12.5,4 - stand still,13751.5
1 Sunday,13,0- free flowing,189198
1 Sunday,13,1 - light traffic,4776
1 Sunday,13,2 - medium traffic,20590
1 Sunday,13,3 - heavy traffic,38052
1 Sunday,13,4 - stand still,18679.5
1 Sunday,13.5,0- free flowing,189994
1 Sunday,13.5,1 - light traffic,5054
1 Sunday,13.5,2 - medium traffic,30637.5
1 Sunday,13.5,3 - heavy traffic,40014
1 Sunday,13.5,4 - stand still,19575.5
1 Sunday,14,0- free flowing,191932
1 Sunday,14,1 - light traffic,4964
1 Sunday,14,2 - medium traffic,30817.5
1 Sunday,14,3 - heavy traffic,43365
1 Sunday,14,4 - stand still,25217.5
1 Sunday,14.5,0- free flowing,192573
1 Sunday,14.5,1 - light traffic,5008
1 Sunday,14.5,2 - medium traffic,31585
1 Sunday,14.5,3 - heavy traffic,49632
1 Sunday,14.5,4 - stand still,27125
1 Sunday,15,0- free flowing,198326
1 Sunday,15,1 - light traffic,4524
1 Sunday,15,2 - medium traffic,32097.5
1 Sunday,15,3 - heavy traffic,52395
1 Sunday,15,4 - stand still,26859
1 Sunday,15.5,0- free flowing,194128
1 Sunday,15.5,1 - light traffic,4030
1 Sunday,15.5,2 - medium traffic,31907.5
1 Sunday,15.5,3 - heavy traffic,49554
1 Sunday,15.5,4 - stand still,24990
1 Sunday,16,0- free flowing,191790
1 Sunday,16,1 - light traffic,4106
1 Sunday,16,2 - medium traffic,34700
1 Sunday,16,3 - heavy traffic,47913
1 Sunday,16,4 - stand still,21532
1 Sunday,16.5,0- free flowing,187787
1 Sunday,16.5,1 - light traffic,3492
1 Sunday,16.5,2 - medium traffic,38312.5
1 Sunday,16.5,3 - heavy traffic,42186
1 Sunday,16.5,4 - stand still,19516
1 Sunday,17,0- free flowing,184001
1 Sunday,17,1 - light traffic,4628
1 Sunday,17,2 - medium traffic,33270
1 Sunday,17,3 - heavy traffic,38454
1 Sunday,17,4 - stand still,15911
1 Sunday,17.5,0- free flowing,174311
1 Sunday,17.5,1 - light traffic,3332
1 Sunday,17.5,2 - medium traffic,24085
1 Sunday,17.5,3 - heavy traffic,32793
1 Sunday,17.5,4 - stand still,15564.5
1 Sunday,18,0- free flowing,161701
1 Sunday,18,1 - light traffic,2320
1 Sunday,18,2 - medium traffic,19112.5
1 Sunday,18,3 - heavy traffic,22629
1 Sunday,18,4 - stand still,11242
1 Sunday,18.5,0- free flowing,150961
1 Sunday,18.5,1 - light traffic,2050
1 Sunday,18.5,2 - medium traffic,13320
1 Sunday,18.5,3 - heavy traffic,17598
1 Sunday,18.5,4 - stand still,7129.5
1 Sunday,19,0- free flowing,132041
1 Sunday,19,1 - light traffic,1014
1 Sunday,19,2 - medium traffic,9420
1 Sunday,19,3 - heavy traffic,11697
1 Sunday,19,4 - stand still,6993
1 Sunday,19.5,0- free flowing,120988
1 Sunday,19.5,1 - light traffic,806
1 Sunday,19.5,2 - medium traffic,4725
1 Sunday,19.5,3 - heavy traffic,9816
1 Sunday,19.5,4 - stand still,6426
1 Sunday,20,0- free flowing,103696
1 Sunday,20,1 - light traffic,770
1 Sunday,20,2 - medium traffic,4740
1 Sunday,20,3 - heavy traffic,4245
1 Sunday,20,4 - stand still,3388
1 Sunday,20.5,0- free flowing,92776
1 Sunday,20.5,1 - light traffic,438
1 Sunday,20.5,2 - medium traffic,2572.5
1 Sunday,20.5,3 - heavy traffic,2637
1 Sunday,20.5,4 - stand still,2744
1 Sunday,21,0- free flowing,81298
1 Sunday,21,1 - light traffic,452
1 Sunday,21,2 - medium traffic,1320
1 Sunday,21,3 - heavy traffic,2112
1 Sunday,21,4 - stand still,1925
1 Sunday,21.5,0- free flowing,69468
1 Sunday,21.5,1 - light traffic,220
1 Sunday,21.5,2 - medium traffic,855
1 Sunday,21.5,3 - heavy traffic,1980
1 Sunday,21.5,4 - stand still,3517.5
1 Sunday,22,0- free flowing,59362
1 Sunday,22,1 - light traffic,228
1 Sunday,22,2 - medium traffic,460
1 Sunday,22,3 - heavy traffic,1173
1 Sunday,22,4 - stand still,2485
1 Sunday,22.5,0- free flowing,49796
1 Sunday,22.5,1 - light traffic,158
1 Sunday,22.5,2 - medium traffic,382.5
1 Sunday,22.5,3 - heavy traffic,771
1 Sunday,22.5,4 - stand still,2278.5
1 Sunday,23,0- free flowing,42227
1 Sunday,23,1 - light traffic,150
1 Sunday,23,2 - medium traffic,370
1 Sunday,23,3 - heavy traffic,489
1 Sunday,23,4 - stand still,2418.5
1 Sunday,23.5,0- free flowing,36077
1 Sunday,23.5,1 - light traffic,64
1 Sunday,23.5,2 - medium traffic,170
1 Sunday,23.5,3 - heavy traffic,279
1 Sunday,23.5,4 - stand still,1673
1 Sunday,24,0- free flowing,40655
1 Sunday,24,1 - light traffic,30
1 Sunday,24,2 - medium traffic,112.5
1 Sunday,24,3 - heavy traffic,237
1 Sunday,24,4 - stand still,647.5
2 Monday,0.5,0- free flowing,27144
2 Monday,0.5,1 - light traffic,34
2 Monday,0.5,2 - medium traffic,50
2 Monday,0.5,3 - heavy traffic,144
2 Monday,0.5,4 - stand still,416.5
2 Monday,1,0- free flowing,23290
2 Monday,1,1 - light traffic,36
2 Monday,1,2 - medium traffic,25
2 Monday,1,3 - heavy traffic,81
2 Monday,1,4 - stand still,329
2 Monday,1.5,0- free flowing,20040
2 Monday,1.5,1 - light traffic,26
2 Monday,1.5,2 - medium traffic,15
2 Monday,1.5,3 - heavy traffic,69
2 Monday,1.5,4 - stand still,301
2 Monday,2,0- free flowing,17677
2 Monday,2,1 - light traffic,22
2 Monday,2,2 - medium traffic,47.5
2 Monday,2,3 - heavy traffic,69
2 Monday,2,4 - stand still,437.5
2 Monday,2.5,0- free flowing,15994
2 Monday,2.5,1 - light traffic,28
2 Monday,2.5,2 - medium traffic,25
2 Monday,2.5,3 - heavy traffic,93
2 Monday,2.5,4 - stand still,252
2 Monday,3,0- free flowing,13950
2 Monday,3,1 - light traffic,10
2 Monday,3,2 - medium traffic,20
2 Monday,3,3 - heavy traffic,78
2 Monday,3,4 - stand still,63
2 Monday,3.5,0- free flowing,13602
2 Monday,3.5,1 - light traffic,14
2 Monday,3.5,2 - medium traffic,27.5
2 Monday,3.5,3 - heavy traffic,39
2 Monday,3.5,4 - stand still,94.5
2 Monday,4,0- free flowing,14909
2 Monday,4,1 - light traffic,16
2 Monday,4,2 - medium traffic,55
2 Monday,4,3 - heavy traffic,45
2 Monday,4,4 - stand still,126
2 Monday,4.5,0- free flowing,17484
2 Monday,4.5,1 - light traffic,8
2 Monday,4.5,2 - medium traffic,20
2 Monday,4.5,3 - heavy traffic,39
2 Monday,4.5,4 - stand still,136.5
2 Monday,5,0- free flowing,23428
2 Monday,5,1 - light traffic,16
2 Monday,5,2 - medium traffic,10
2 Monday,5,3 - heavy traffic,60
2 Monday,5,4 - stand still,91
2 Monday,5.5,0- free flowing,30536
2 Monday,5.5,1 - light traffic,6
2 Monday,5.5,2 - medium traffic,35
2 Monday,5.5,3 - heavy traffic,123
2 Monday,5.5,4 - stand still,171.5
2 Monday,6,0- free flowing,35085
2 Monday,6,1 - light traffic,10
2 Monday,6,2 - medium traffic,22.5
2 Monday,6,3 - heavy traffic,165
2 Monday,6,4 - stand still,392
2 Monday,6.5,0- free flowing,46054
2 Monday,6.5,1 - light traffic,6
2 Monday,6.5,2 - medium traffic,72.5
2 Monday,6.5,3 - heavy traffic,372
2 Monday,6.5,4 - stand still,717.5
2 Monday,7,0- free flowing,65102
2 Monday,7,1 - light traffic,62
2 Monday,7,2 - medium traffic,492.5
2 Monday,7,3 - heavy traffic,1107
2 Monday,7,4 - stand still,2317
2 Monday,7.5,0- free flowing,104096
2 Monday,7.5,1 - light traffic,658
2 Monday,7.5,2 - medium traffic,2900
2 Monday,7.5,3 - heavy traffic,4656
2 Monday,7.5,4 - stand still,3801
2 Monday,8,0- free flowing,125497
2 Monday,8,1 - light traffic,1374
2 Monday,8,2 - medium traffic,8630
2 Monday,8,3 - heavy traffic,18612
2 Monday,8,4 - stand still,7318.5
2 Monday,8.5,0- free flowing,131201
2 Monday,8.5,1 - light traffic,976
2 Monday,8.5,2 - medium traffic,6032.5
2 Monday,8.5,3 - heavy traffic,11145
2 Monday,8.5,4 - stand still,7647.5
2 Monday,9,0- free flowing,122470
2 Monday,9,1 - light traffic,710
2 Monday,9,2 - medium traffic,3312.5
2 Monday,9,3 - heavy traffic,4572
2 Monday,9,4 - stand still,4784.5
2 Monday,9.5,0- free flowing,116374
2 Monday,9.5,1 - light traffic,134
2 Monday,9.5,2 - medium traffic,517.5
2 Monday,9.5,3 - heavy traffic,2481
2 Monday,9.5,4 - stand still,2152.5
2 Monday,10,0- free flowing,121644
2 Monday,10,1 - light traffic,158
2 Monday,10,2 - medium traffic,382.5
2 Monday,10,3 - heavy traffic,1365
2 Monday,10,4 - stand still,1862
2 Monday,10.5,0- free flowing,127491
2 Monday,10.5,1 - light traffic,92
2 Monday,10.5,2 - medium traffic,260
2 Monday,10.5,3 - heavy traffic,1053
2 Monday,10.5,4 - stand still,1463
2 Monday,11,0- free flowing,136910
2 Monday,11,1 - light traffic,196
2 Monday,11,2 - medium traffic,875
2 Monday,11,3 - heavy traffic,1845
2 Monday,11,4 - stand still,1410.5
2 Monday,11.5,0- free flowing,144211
2 Monday,11.5,1 - light traffic,564
2 Monday,11.5,2 - medium traffic,1565
2 Monday,11.5,3 - heavy traffic,4290
2 Monday,11.5,4 - stand still,1935.5
2 Monday,12,0- free flowing,151276
2 Monday,12,1 - light traffic,746
2 Monday,12,2 - medium traffic,2447.5
2 Monday,12,3 - heavy traffic,9672
2 Monday,12,4 - stand still,3930.5
2 Monday,12.5,0- free flowing,158837
2 Monday,12.5,1 - light traffic,1094
2 Monday,12.5,2 - medium traffic,4087.5
2 Monday,12.5,3 - heavy traffic,14643
2 Monday,12.5,4 - stand still,6300
2 Monday,13,0- free flowing,167107
2 Monday,13,1 - light traffic,1246
2 Monday,13,2 - medium traffic,7237.5
2 Monday,13,3 - heavy traffic,17532
2 Monday,13,4 - stand still,7189
2 Monday,13.5,0- free flowing,170040
2 Monday,13.5,1 - light traffic,1888
2 Monday,13.5,2 - medium traffic,9367.5
2 Monday,13.5,3 - heavy traffic,19323
2 Monday,13.5,4 - stand still,7637
2 Monday,14,0- free flowing,170861
2 Monday,14,1 - light traffic,1424
2 Monday,14,2 - medium traffic,12187.5
2 Monday,14,3 - heavy traffic,19437
2 Monday,14,4 - stand still,6860
2 Monday,14.5,0- free flowing,174202
2 Monday,14.5,1 - light traffic,2390
2 Monday,14.5,2 - medium traffic,12952.5
2 Monday,14.5,3 - heavy traffic,25224
2 Monday,14.5,4 - stand still,6727
2 Monday,15,0- free flowing,181774
2 Monday,15,1 - light traffic,2568
2 Monday,15,2 - medium traffic,13560
2 Monday,15,3 - heavy traffic,32502
2 Monday,15,4 - stand still,5435.5
2 Monday,15.5,0- free flowing,186738
2 Monday,15.5,1 - light traffic,3078
2 Monday,15.5,2 - medium traffic,18992.5
2 Monday,15.5,3 - heavy traffic,32673
2 Monday,15.5,4 - stand still,8858.5
2 Monday,16,0- free flowing,185529
2 Monday,16,1 - light traffic,3156
2 Monday,16,2 - medium traffic,26250
2 Monday,16,3 - heavy traffic,30321
2 Monday,16,4 - stand still,10489.5
2 Monday,16.5,0- free flowing,197841
2 Monday,16.5,1 - light traffic,2552
2 Monday,16.5,2 - medium traffic,28650
2 Monday,16.5,3 - heavy traffic,36225
2 Monday,16.5,4 - stand still,8344
2 Monday,17,0- free flowing,212766
2 Monday,17,1 - light traffic,2838
2 Monday,17,2 - medium traffic,30535
2 Monday,17,3 - heavy traffic,49884
2 Monday,17,4 - stand still,8897
2 Monday,17.5,0- free flowing,222203
2 Monday,17.5,1 - light traffic,3588
2 Monday,17.5,2 - medium traffic,32947.5
2 Monday,17.5,3 - heavy traffic,72309
2 Monday,17.5,4 - stand still,14514.5
2 Monday,18,0- free flowing,191604
2 Monday,18,1 - light traffic,3052
2 Monday,18,2 - medium traffic,21702.5
2 Monday,18,3 - heavy traffic,37707
2 Monday,18,4 - stand still,10059
2 Monday,18.5,0- free flowing,155967
2 Monday,18.5,1 - light traffic,1442
2 Monday,18.5,2 - medium traffic,9237.5
2 Monday,18.5,3 - heavy traffic,9018
2 Monday,18.5,4 - stand still,4424
2 Monday,19,0- free flowing,122983
2 Monday,19,1 - light traffic,510
2 Monday,19,2 - medium traffic,1957.5
2 Monday,19,3 - heavy traffic,2652
2 Monday,19,4 - stand still,2534
2 Monday,19.5,0- free flowing,104372
2 Monday,19.5,1 - light traffic,308
2 Monday,19.5,2 - medium traffic,500
2 Monday,19.5,3 - heavy traffic,1071
2 Monday,19.5,4 - stand still,3013.5
2 Monday,20,0- free flowing,91085
2 Monday,20,1 - light traffic,98
2 Monday,20,2 - medium traffic,465
2 Monday,20,3 - heavy traffic,504
2 Monday,20,4 - stand still,2285.5
2 Monday,20.5,0- free flowing,79650
2 Monday,20.5,1 - light traffic,224
2 Monday,20.5,2 - medium traffic,302.5
2 Monday,20.5,3 - heavy traffic,669
2 Monday,20.5,4 - stand still,1417.5
2 Monday,21,0- free flowing,69208
2 Monday,21,1 - light traffic,206
2 Monday,21,2 - medium traffic,142.5
2 Monday,21,3 - heavy traffic,717
2 Monday,21,4 - stand still,686
2 Monday,21.5,0- free flowing,60050
2 Monday,21.5,1 - light traffic,84
2 Monday,21.5,2 - medium traffic,290
2 Monday,21.5,3 - heavy traffic,1242
2 Monday,21.5,4 - stand still,1932
2 Monday,22,0- free flowing,49929
2 Monday,22,1 - light traffic,48
2 Monday,22,2 - medium traffic,85
2 Monday,22,3 - heavy traffic,975
2 Monday,22,4 - stand still,2772
2 Monday,22.5,0- free flowing,42719
2 Monday,22.5,1 - light traffic,22
2 Monday,22.5,2 - medium traffic,137.5
2 Monday,22.5,3 - heavy traffic,717
2 Monday,22.5,4 - stand still,1505
2 Monday,23,0- free flowing,37666
2 Monday,23,1 - light traffic,30
2 Monday,23,2 - medium traffic,230
2 Monday,23,3 - heavy traffic,672
2 Monday,23,4 - stand still,1018.5
2 Monday,23.5,0- free flowing,34120
2 Monday,23.5,1 - light traffic,48
2 Monday,23.5,2 - medium traffic,172.5
2 Monday,23.5,3 - heavy traffic,552
2 Monday,23.5,4 - stand still,1393
2 Monday,24,0- free flowing,31535
2 Monday,24,1 - light traffic,58
2 Monday,24,2 - medium traffic,117.5
2 Monday,24,3 - heavy traffic,195
2 Monday,24,4 - stand still,1641.5
3 Tuesday,0.5,0- free flowing,25102
3 Tuesday,0.5,1 - light traffic,24
3 Tuesday,0.5,2 - medium traffic,72.5
3 Tuesday,0.5,3 - heavy traffic,189
3 Tuesday,0.5,4 - stand still,1267
3 Tuesday,1,0- free flowing,21111
3 Tuesday,1,1 - light traffic,56
3 Tuesday,1,2 - medium traffic,35
3 Tuesday,1,3 - heavy traffic,198
3 Tuesday,1,4 - stand still,903
3 Tuesday,1.5,0- free flowing,17523
3 Tuesday,1.5,1 - light traffic,28
3 Tuesday,1.5,2 - medium traffic,35
3 Tuesday,1.5,3 - heavy traffic,84
3 Tuesday,1.5,4 - stand still,521.5
3 Tuesday,2,0- free flowing,15450
3 Tuesday,2,1 - light traffic,48
3 Tuesday,2,2 - medium traffic,12.5
3 Tuesday,2,3 - heavy traffic,126
3 Tuesday,2,4 - stand still,360.5
3 Tuesday,2.5,0- free flowing,14098
3 Tuesday,2.5,1 - light traffic,40
3 Tuesday,2.5,2 - medium traffic,15
3 Tuesday,2.5,3 - heavy traffic,90
3 Tuesday,2.5,4 - stand still,451.5
3 Tuesday,3,0- free flowing,13282
3 Tuesday,3,1 - light traffic,10
3 Tuesday,3,2 - medium traffic,30
3 Tuesday,3,3 - heavy traffic,90
3 Tuesday,3,4 - stand still,192.5
3 Tuesday,3.5,0- free flowing,13530
3 Tuesday,3.5,1 - light traffic,16
3 Tuesday,3.5,2 - medium traffic,15
3 Tuesday,3.5,3 - heavy traffic,78
3 Tuesday,3.5,4 - stand still,126
3 Tuesday,4,0- free flowing,14425
3 Tuesday,4,1 - light traffic,16
3 Tuesday,4,2 - medium traffic,20
3 Tuesday,4,3 - heavy traffic,66
3 Tuesday,4,4 - stand still,192.5
3 Tuesday,4.5,0- free flowing,17006
3 Tuesday,4.5,1 - light traffic,16
3 Tuesday,4.5,2 - medium traffic,15
3 Tuesday,4.5,3 - heavy traffic,105
3 Tuesday,4.5,4 - stand still,182
3 Tuesday,5,0- free flowing,23877
3 Tuesday,5,1 - light traffic,10
3 Tuesday,5,2 - medium traffic,30
3 Tuesday,5,3 - heavy traffic,87
3 Tuesday,5,4 - stand still,231
3 Tuesday,5.5,0- free flowing,31959
3 Tuesday,5.5,1 - light traffic,20
3 Tuesday,5.5,2 - medium traffic,20
3 Tuesday,5.5,3 - heavy traffic,138
3 Tuesday,5.5,4 - stand still,301
3 Tuesday,6,0- free flowing,38595
3 Tuesday,6,1 - light traffic,12
3 Tuesday,6,2 - medium traffic,17.5
3 Tuesday,6,3 - heavy traffic,144
3 Tuesday,6,4 - stand still,143.5
3 Tuesday,6.5,0- free flowing,49115
3 Tuesday,6.5,1 - light traffic,8
3 Tuesday,6.5,2 - medium traffic,75
3 Tuesday,6.5,3 - heavy traffic,213
3 Tuesday,6.5,4 - stand still,350
3 Tuesday,7,0- free flowing,72871
3 Tuesday,7,1 - light traffic,64
3 Tuesday,7,2 - medium traffic,340
3 Tuesday,7,3 - heavy traffic,957
3 Tuesday,7,4 - stand still,1046.5
3 Tuesday,7.5,0- free flowing,119326
3 Tuesday,7.5,1 - light traffic,1182
3 Tuesday,7.5,2 - medium traffic,6382.5
3 Tuesday,7.5,3 - heavy traffic,8259
3 Tuesday,7.5,4 - stand still,2782.5
3 Tuesday,8,0- free flowing,140359
3 Tuesday,8,1 - light traffic,1410
3 Tuesday,8,2 - medium traffic,12535
3 Tuesday,8,3 - heavy traffic,28173
3 Tuesday,8,4 - stand still,7007
3 Tuesday,8.5,0- free flowing,140804
3 Tuesday,8.5,1 - light traffic,1384
3 Tuesday,8.5,2 - medium traffic,7932.5
3 Tuesday,8.5,3 - heavy traffic,13629
3 Tuesday,8.5,4 - stand still,4042.5
3 Tuesday,9,0- free flowing,124228
3 Tuesday,9,1 - light traffic,802
3 Tuesday,9,2 - medium traffic,3702.5
3 Tuesday,9,3 - heavy traffic,6513
3 Tuesday,9,4 - stand still,4875.5
3 Tuesday,9.5,0- free flowing,113767
3 Tuesday,9.5,1 - light traffic,200
3 Tuesday,9.5,2 - medium traffic,1265
3 Tuesday,9.5,3 - heavy traffic,3024
3 Tuesday,9.5,4 - stand still,3360
3 Tuesday,10,0- free flowing,115805
3 Tuesday,10,1 - light traffic,166
3 Tuesday,10,2 - medium traffic,627.5
3 Tuesday,10,3 - heavy traffic,2382
3 Tuesday,10,4 - stand still,1820
3 Tuesday,10.5,0- free flowing,117989
3 Tuesday,10.5,1 - light traffic,176
3 Tuesday,10.5,2 - medium traffic,670
3 Tuesday,10.5,3 - heavy traffic,1707
3 Tuesday,10.5,4 - stand still,1578.5
3 Tuesday,11,0- free flowing,124328
3 Tuesday,11,1 - light traffic,120
3 Tuesday,11,2 - medium traffic,657.5
3 Tuesday,11,3 - heavy traffic,3753
3 Tuesday,11,4 - stand still,2254
3 Tuesday,11.5,0- free flowing,131334
3 Tuesday,11.5,1 - light traffic,270
3 Tuesday,11.5,2 - medium traffic,1037.5
3 Tuesday,11.5,3 - heavy traffic,5031
3 Tuesday,11.5,4 - stand still,2709
3 Tuesday,12,0- free flowing,136180
3 Tuesday,12,1 - light traffic,496
3 Tuesday,12,2 - medium traffic,2012.5
3 Tuesday,12,3 - heavy traffic,6723
3 Tuesday,12,4 - stand still,2513
3 Tuesday,12.5,0- free flowing,144990
3 Tuesday,12.5,1 - light traffic,870
3 Tuesday,12.5,2 - medium traffic,3145
3 Tuesday,12.5,3 - heavy traffic,8736
3 Tuesday,12.5,4 - stand still,2912
3 Tuesday,13,0- free flowing,146158
3 Tuesday,13,1 - light traffic,1040
3 Tuesday,13,2 - medium traffic,4542.5
3 Tuesday,13,3 - heavy traffic,11823
3 Tuesday,13,4 - stand still,3794
3 Tuesday,13.5,0- free flowing,145658
3 Tuesday,13.5,1 - light traffic,940
3 Tuesday,13.5,2 - medium traffic,5860
3 Tuesday,13.5,3 - heavy traffic,15441
3 Tuesday,13.5,4 - stand still,4200
3 Tuesday,14,0- free flowing,139000
3 Tuesday,14,1 - light traffic,1468
3 Tuesday,14,2 - medium traffic,6362.5
3 Tuesday,14,3 - heavy traffic,15735
3 Tuesday,14,4 - stand still,5575.5
3 Tuesday,14.5,0- free flowing,149427
3 Tuesday,14.5,1 - light traffic,1810
3 Tuesday,14.5,2 - medium traffic,7607.5
3 Tuesday,14.5,3 - heavy traffic,17616
3 Tuesday,14.5,4 - stand still,6758.5
3 Tuesday,15,0- free flowing,161796
3 Tuesday,15,1 - light traffic,1756
3 Tuesday,15,2 - medium traffic,10235
3 Tuesday,15,3 - heavy traffic,18336
3 Tuesday,15,4 - stand still,8858.5
3 Tuesday,15.5,0- free flowing,169811
3 Tuesday,15.5,1 - light traffic,3888
3 Tuesday,15.5,2 - medium traffic,15310
3 Tuesday,15.5,3 - heavy traffic,18798
3 Tuesday,15.5,4 - stand still,9954
3 Tuesday,16,0- free flowing,173338
3 Tuesday,16,1 - light traffic,3086
3 Tuesday,16,2 - medium traffic,26040
3 Tuesday,16,3 - heavy traffic,23670
3 Tuesday,16,4 - stand still,10447.5
3 Tuesday,16.5,0- free flowing,187279
3 Tuesday,16.5,1 - light traffic,2090
3 Tuesday,16.5,2 - medium traffic,30692.5
3 Tuesday,16.5,3 - heavy traffic,31176
3 Tuesday,16.5,4 - stand still,12211.5
3 Tuesday,17,0- free flowing,196064
3 Tuesday,17,1 - light traffic,2728
3 Tuesday,17,2 - medium traffic,30705
3 Tuesday,17,3 - heavy traffic,43956
3 Tuesday,17,4 - stand still,14336
3 Tuesday,17.5,0- free flowing,207978
3 Tuesday,17.5,1 - light traffic,4190
3 Tuesday,17.5,2 - medium traffic,28167.5
3 Tuesday,17.5,3 - heavy traffic,77832
3 Tuesday,17.5,4 - stand still,22743
3 Tuesday,18,0- free flowing,183882
3 Tuesday,18,1 - light traffic,2414
3 Tuesday,18,2 - medium traffic,23032.5
3 Tuesday,18,3 - heavy traffic,41037
3 Tuesday,18,4 - stand still,12040
3 Tuesday,18.5,0- free flowing,151670
3 Tuesday,18.5,1 - light traffic,1676
3 Tuesday,18.5,2 - medium traffic,13682.5
3 Tuesday,18.5,3 - heavy traffic,11838
3 Tuesday,18.5,4 - stand still,6611.5
3 Tuesday,19,0- free flowing,117012
3 Tuesday,19,1 - light traffic,874
3 Tuesday,19,2 - medium traffic,2067.5
3 Tuesday,19,3 - heavy traffic,4860
3 Tuesday,19,4 - stand still,4308.5
3 Tuesday,19.5,0- free flowing,98892
3 Tuesday,19.5,1 - light traffic,402
3 Tuesday,19.5,2 - medium traffic,1247.5
3 Tuesday,19.5,3 - heavy traffic,1749
3 Tuesday,19.5,4 - stand still,2978.5
3 Tuesday,20,0- free flowing,83774
3 Tuesday,20,1 - light traffic,424
3 Tuesday,20,2 - medium traffic,595
3 Tuesday,20,3 - heavy traffic,948
3 Tuesday,20,4 - stand still,1771
3 Tuesday,20.5,0- free flowing,74446
3 Tuesday,20.5,1 - light traffic,212
3 Tuesday,20.5,2 - medium traffic,277.5
3 Tuesday,20.5,3 - heavy traffic,804
3 Tuesday,20.5,4 - stand still,1323
3 Tuesday,21,0- free flowing,66067
3 Tuesday,21,1 - light traffic,344
3 Tuesday,21,2 - medium traffic,390
3 Tuesday,21,3 - heavy traffic,924
3 Tuesday,21,4 - stand still,1403.5
3 Tuesday,21.5,0- free flowing,56628
3 Tuesday,21.5,1 - light traffic,90
3 Tuesday,21.5,2 - medium traffic,192.5
3 Tuesday,21.5,3 - heavy traffic,1464
3 Tuesday,21.5,4 - stand still,2380
3 Tuesday,22,0- free flowing,46563
3 Tuesday,22,1 - light traffic,32
3 Tuesday,22,2 - medium traffic,285
3 Tuesday,22,3 - heavy traffic,975
3 Tuesday,22,4 - stand still,2733.5
3 Tuesday,22.5,0- free flowing,42231
3 Tuesday,22.5,1 - light traffic,22
3 Tuesday,22.5,2 - medium traffic,252.5
3 Tuesday,22.5,3 - heavy traffic,885
3 Tuesday,22.5,4 - stand still,1942.5
3 Tuesday,23,0- free flowing,37731
3 Tuesday,23,1 - light traffic,32
3 Tuesday,23,2 - medium traffic,220
3 Tuesday,23,3 - heavy traffic,957
3 Tuesday,23,4 - stand still,1543.5
3 Tuesday,23.5,0- free flowing,33688
3 Tuesday,23.5,1 - light traffic,20
3 Tuesday,23.5,2 - medium traffic,250
3 Tuesday,23.5,3 - heavy traffic,663
3 Tuesday,23.5,4 - stand still,749
3 Tuesday,24,0- free flowing,28223
3 Tuesday,24,1 - light traffic,48
3 Tuesday,24,2 - medium traffic,92.5
3 Tuesday,24,3 - heavy traffic,294
3 Tuesday,24,4 - stand still,819
4 Wednesday,0.5,0- free flowing,24504
4 Wednesday,0.5,1 - light traffic,46
4 Wednesday,0.5,2 - medium traffic,62.5
4 Wednesday,0.5,3 - heavy traffic,159
4 Wednesday,0.5,4 - stand still,392
4 Wednesday,1,0- free flowing,20454
4 Wednesday,1,1 - light traffic,42
4 Wednesday,1,2 - medium traffic,52.5
4 Wednesday,1,3 - heavy traffic,138
4 Wednesday,1,4 - stand still,462
4 Wednesday,1.5,0- free flowing,17065
4 Wednesday,1.5,1 - light traffic,42
4 Wednesday,1.5,2 - medium traffic,52.5
4 Wednesday,1.5,3 - heavy traffic,99
4 Wednesday,1.5,4 - stand still,360.5
4 Wednesday,2,0- free flowing,14761
4 Wednesday,2,1 - light traffic,28
4 Wednesday,2,2 - medium traffic,22.5
4 Wednesday,2,3 - heavy traffic,72
4 Wednesday,2,4 - stand still,224
4 Wednesday,2.5,0- free flowing,13655
4 Wednesday,2.5,1 - light traffic,16
4 Wednesday,2.5,2 - medium traffic,15
4 Wednesday,2.5,3 - heavy traffic,39
4 Wednesday,2.5,4 - stand still,308
4 Wednesday,3,0- free flowing,13226
4 Wednesday,3,1 - light traffic,16
4 Wednesday,3,2 - medium traffic,20
4 Wednesday,3,3 - heavy traffic,48
4 Wednesday,3,4 - stand still,210
4 Wednesday,3.5,0- free flowing,12927
4 Wednesday,3.5,1 - light traffic,16
4 Wednesday,3.5,2 - medium traffic,42.5
4 Wednesday,3.5,3 - heavy traffic,36
4 Wednesday,3.5,4 - stand still,297.5
4 Wednesday,4,0- free flowing,14063
4 Wednesday,4,1 - light traffic,6
4 Wednesday,4,2 - medium traffic,35
4 Wednesday,4,3 - heavy traffic,87
4 Wednesday,4,4 - stand still,143.5
4 Wednesday,4.5,0- free flowing,17195
4 Wednesday,4.5,1 - light traffic,8
4 Wednesday,4.5,2 - medium traffic,20
4 Wednesday,4.5,3 - heavy traffic,105
4 Wednesday,4.5,4 - stand still,35
4 Wednesday,5,0- free flowing,22901
4 Wednesday,5,1 - light traffic,22
4 Wednesday,5,2 - medium traffic,35
4 Wednesday,5,3 - heavy traffic,96
4 Wednesday,5,4 - stand still,164.5
4 Wednesday,5.5,0- free flowing,30468
4 Wednesday,5.5,1 - light traffic,8
4 Wednesday,5.5,2 - medium traffic,42.5
4 Wednesday,5.5,3 - heavy traffic,249
4 Wednesday,5.5,4 - stand still,325.5
4 Wednesday,6,0- free flowing,36419
4 Wednesday,6,1 - light traffic,10
4 Wednesday,6,2 - medium traffic,72.5
4 Wednesday,6,3 - heavy traffic,219
4 Wednesday,6,4 - stand still,381.5
4 Wednesday,6.5,0- free flowing,47340
4 Wednesday,6.5,1 - light traffic,26
4 Wednesday,6.5,2 - medium traffic,122.5
4 Wednesday,6.5,3 - heavy traffic,138
4 Wednesday,6.5,4 - stand still,469
4 Wednesday,7,0- free flowing,67424
4 Wednesday,7,1 - light traffic,80
4 Wednesday,7,2 - medium traffic,522.5
4 Wednesday,7,3 - heavy traffic,924
4 Wednesday,7,4 - stand still,1277.5
4 Wednesday,7.5,0- free flowing,111105
4 Wednesday,7.5,1 - light traffic,1068
4 Wednesday,7.5,2 - medium traffic,7017.5
4 Wednesday,7.5,3 - heavy traffic,6603
4 Wednesday,7.5,4 - stand still,1939
4 Wednesday,8,0- free flowing,133421
4 Wednesday,8,1 - light traffic,1836
4 Wednesday,8,2 - medium traffic,12080
4 Wednesday,8,3 - heavy traffic,27018
4 Wednesday,8,4 - stand still,7143.5
4 Wednesday,8.5,0- free flowing,137514
4 Wednesday,8.5,1 - light traffic,1568
4 Wednesday,8.5,2 - medium traffic,7940
4 Wednesday,8.5,3 - heavy traffic,15702
4 Wednesday,8.5,4 - stand still,5565
4 Wednesday,9,0- free flowing,125031
4 Wednesday,9,1 - light traffic,874
4 Wednesday,9,2 - medium traffic,4187.5
4 Wednesday,9,3 - heavy traffic,8232
4 Wednesday,9,4 - stand still,3983
4 Wednesday,9.5,0- free flowing,117526
4 Wednesday,9.5,1 - light traffic,384
4 Wednesday,9.5,2 - medium traffic,2155
4 Wednesday,9.5,3 - heavy traffic,2658
4 Wednesday,9.5,4 - stand still,2488.5
4 Wednesday,10,0- free flowing,120094
4 Wednesday,10,1 - light traffic,262
4 Wednesday,10,2 - medium traffic,1387.5
4 Wednesday,10,3 - heavy traffic,2748
4 Wednesday,10,4 - stand still,1417.5
4 Wednesday,10.5,0- free flowing,121381
4 Wednesday,10.5,1 - light traffic,390
4 Wednesday,10.5,2 - medium traffic,1170
4 Wednesday,10.5,3 - heavy traffic,3381
4 Wednesday,10.5,4 - stand still,1211
4 Wednesday,11,0- free flowing,129011
4 Wednesday,11,1 - light traffic,694
4 Wednesday,11,2 - medium traffic,2205
4 Wednesday,11,3 - heavy traffic,3975
4 Wednesday,11,4 - stand still,4256
4 Wednesday,11.5,0- free flowing,136675
4 Wednesday,11.5,1 - light traffic,1084
4 Wednesday,11.5,2 - medium traffic,3795
4 Wednesday,11.5,3 - heavy traffic,6627
4 Wednesday,11.5,4 - stand still,5124
4 Wednesday,12,0- free flowing,143592
4 Wednesday,12,1 - light traffic,960
4 Wednesday,12,2 - medium traffic,6182.5
4 Wednesday,12,3 - heavy traffic,10812
4 Wednesday,12,4 - stand still,5558
4 Wednesday,12.5,0- free flowing,152218
4 Wednesday,12.5,1 - light traffic,1382
4 Wednesday,12.5,2 - medium traffic,7240
4 Wednesday,12.5,3 - heavy traffic,16218
4 Wednesday,12.5,4 - stand still,6296.5
4 Wednesday,13,0- free flowing,153626
4 Wednesday,13,1 - light traffic,1634
4 Wednesday,13,2 - medium traffic,8167.5
4 Wednesday,13,3 - heavy traffic,15168
4 Wednesday,13,4 - stand still,9093
4 Wednesday,13.5,0- free flowing,156962
4 Wednesday,13.5,1 - light traffic,1376
4 Wednesday,13.5,2 - medium traffic,9977.5
4 Wednesday,13.5,3 - heavy traffic,15462
4 Wednesday,13.5,4 - stand still,9975
4 Wednesday,14,0- free flowing,158209
4 Wednesday,14,1 - light traffic,1822
4 Wednesday,14,2 - medium traffic,10960
4 Wednesday,14,3 - heavy traffic,17019
4 Wednesday,14,4 - stand still,9299.5
4 Wednesday,14.5,0- free flowing,163571
4 Wednesday,14.5,1 - light traffic,2408
4 Wednesday,14.5,2 - medium traffic,15027.5
4 Wednesday,14.5,3 - heavy traffic,21060
4 Wednesday,14.5,4 - stand still,11585
4 Wednesday,15,0- free flowing,169992
4 Wednesday,15,1 - light traffic,4136
4 Wednesday,15,2 - medium traffic,17817.5
4 Wednesday,15,3 - heavy traffic,23838
4 Wednesday,15,4 - stand still,15053.5
4 Wednesday,15.5,0- free flowing,177902
4 Wednesday,15.5,1 - light traffic,4802
4 Wednesday,15.5,2 - medium traffic,22355
4 Wednesday,15.5,3 - heavy traffic,34443
4 Wednesday,15.5,4 - stand still,13524
4 Wednesday,16,0- free flowing,173507
4 Wednesday,16,1 - light traffic,3726
4 Wednesday,16,2 - medium traffic,31132.5
4 Wednesday,16,3 - heavy traffic,34632
4 Wednesday,16,4 - stand still,11630.5
4 Wednesday,16.5,0- free flowing,188720
4 Wednesday,16.5,1 - light traffic,2914
4 Wednesday,16.5,2 - medium traffic,34435
4 Wednesday,16.5,3 - heavy traffic,44808
4 Wednesday,16.5,4 - stand still,14584.5
4 Wednesday,17,0- free flowing,202681
4 Wednesday,17,1 - light traffic,3300
4 Wednesday,17,2 - medium traffic,31912.5
4 Wednesday,17,3 - heavy traffic,67221
4 Wednesday,17,4 - stand still,16019.5
4 Wednesday,17.5,0- free flowing,213606
4 Wednesday,17.5,1 - light traffic,4302
4 Wednesday,17.5,2 - medium traffic,26205
4 Wednesday,17.5,3 - heavy traffic,102987
4 Wednesday,17.5,4 - stand still,20401.5
4 Wednesday,18,0- free flowing,191608
4 Wednesday,18,1 - light traffic,3184
4 Wednesday,18,2 - medium traffic,22940
4 Wednesday,18,3 - heavy traffic,60939
4 Wednesday,18,4 - stand still,12407.5
4 Wednesday,18.5,0- free flowing,155138
4 Wednesday,18.5,1 - light traffic,2048
4 Wednesday,18.5,2 - medium traffic,18822.5
4 Wednesday,18.5,3 - heavy traffic,17454
4 Wednesday,18.5,4 - stand still,7591.5
4 Wednesday,19,0- free flowing,120376
4 Wednesday,19,1 - light traffic,1224
4 Wednesday,19,2 - medium traffic,6007.5
4 Wednesday,19,3 - heavy traffic,5259
4 Wednesday,19,4 - stand still,5173
4 Wednesday,19.5,0- free flowing,102138
4 Wednesday,19.5,1 - light traffic,314
4 Wednesday,19.5,2 - medium traffic,1717.5
4 Wednesday,19.5,3 - heavy traffic,2979
4 Wednesday,19.5,4 - stand still,1974
4 Wednesday,20,0- free flowing,87229
4 Wednesday,20,1 - light traffic,108
4 Wednesday,20,2 - medium traffic,1807.5
4 Wednesday,20,3 - heavy traffic,975
4 Wednesday,20,4 - stand still,973
4 Wednesday,20.5,0- free flowing,78407
4 Wednesday,20.5,1 - light traffic,196
4 Wednesday,20.5,2 - medium traffic,360
4 Wednesday,20.5,3 - heavy traffic,1293
4 Wednesday,20.5,4 - stand still,1809.5
4 Wednesday,21,0- free flowing,69043
4 Wednesday,21,1 - light traffic,130
4 Wednesday,21,2 - medium traffic,305
4 Wednesday,21,3 - heavy traffic,1194
4 Wednesday,21,4 - stand still,1256.5
4 Wednesday,21.5,0- free flowing,60564
4 Wednesday,21.5,1 - light traffic,142
4 Wednesday,21.5,2 - medium traffic,627.5
4 Wednesday,21.5,3 - heavy traffic,1950
4 Wednesday,21.5,4 - stand still,2093
4 Wednesday,22,0- free flowing,48656
4 Wednesday,22,1 - light traffic,48
4 Wednesday,22,2 - medium traffic,310
4 Wednesday,22,3 - heavy traffic,1194
4 Wednesday,22,4 - stand still,2446.5
4 Wednesday,22.5,0- free flowing,42969
4 Wednesday,22.5,1 - light traffic,48
4 Wednesday,22.5,2 - medium traffic,350
4 Wednesday,22.5,3 - heavy traffic,1119
4 Wednesday,22.5,4 - stand still,1869
4 Wednesday,23,0- free flowing,38715
4 Wednesday,23,1 - light traffic,38
4 Wednesday,23,2 - medium traffic,302.5
4 Wednesday,23,3 - heavy traffic,1056
4 Wednesday,23,4 - stand still,1466.5
4 Wednesday,23.5,0- free flowing,34877
4 Wednesday,23.5,1 - light traffic,26
4 Wednesday,23.5,2 - medium traffic,237.5
4 Wednesday,23.5,3 - heavy traffic,1134
4 Wednesday,23.5,4 - stand still,934.5
4 Wednesday,24,0- free flowing,28964
4 Wednesday,24,1 - light traffic,50
4 Wednesday,24,2 - medium traffic,115
4 Wednesday,24,3 - heavy traffic,501
4 Wednesday,24,4 - stand still,651
5 Thursday,0.5,0- free flowing,26566
5 Thursday,0.5,1 - light traffic,46
5 Thursday,0.5,2 - medium traffic,110
5 Thursday,0.5,3 - heavy traffic,465
5 Thursday,0.5,4 - stand still,637
5 Thursday,1,0- free flowing,22159
5 Thursday,1,1 - light traffic,32
5 Thursday,1,2 - medium traffic,75
5 Thursday,1,3 - heavy traffic,144
5 Thursday,1,4 - stand still,577.5
5 Thursday,1.5,0- free flowing,18034
5 Thursday,1.5,1 - light traffic,46
5 Thursday,1.5,2 - medium traffic,45
5 Thursday,1.5,3 - heavy traffic,135
5 Thursday,1.5,4 - stand still,287
5 Thursday,2,0- free flowing,16044
5 Thursday,2,1 - light traffic,34
5 Thursday,2,2 - medium traffic,32.5
5 Thursday,2,3 - heavy traffic,165
5 Thursday,2,4 - stand still,430.5
5 Thursday,2.5,0- free flowing,15008
5 Thursday,2.5,1 - light traffic,12
5 Thursday,2.5,2 - medium traffic,30
5 Thursday,2.5,3 - heavy traffic,84
5 Thursday,2.5,4 - stand still,234.5
5 Thursday,3,0- free flowing,14312
5 Thursday,3,1 - light traffic,16
5 Thursday,3,2 - medium traffic,42.5
5 Thursday,3,3 - heavy traffic,84
5 Thursday,3,4 - stand still,287
5 Thursday,3.5,0- free flowing,14486
5 Thursday,3.5,1 - light traffic,6
5 Thursday,3.5,2 - medium traffic,45
5 Thursday,3.5,3 - heavy traffic,144
5 Thursday,3.5,4 - stand still,385
5 Thursday,4,0- free flowing,14928
5 Thursday,4,1 - light traffic,8
5 Thursday,4,2 - medium traffic,22.5
5 Thursday,4,3 - heavy traffic,174
5 Thursday,4,4 - stand still,332.5
5 Thursday,4.5,0- free flowing,18316
5 Thursday,4.5,1 - light traffic,20
5 Thursday,4.5,2 - medium traffic,25
5 Thursday,4.5,3 - heavy traffic,111
5 Thursday,4.5,4 - stand still,350
5 Thursday,5,0- free flowing,24511
5 Thursday,5,1 - light traffic,16
5 Thursday,5,2 - medium traffic,47.5
5 Thursday,5,3 - heavy traffic,252
5 Thursday,5,4 - stand still,378
5 Thursday,5.5,0- free flowing,31357
5 Thursday,5.5,1 - light traffic,10
5 Thursday,5.5,2 - medium traffic,62.5
5 Thursday,5.5,3 - heavy traffic,255
5 Thursday,5.5,4 - stand still,441
5 Thursday,6,0- free flowing,36910
5 Thursday,6,1 - light traffic,12
5 Thursday,6,2 - medium traffic,35
5 Thursday,6,3 - heavy traffic,165
5 Thursday,6,4 - stand still,392
5 Thursday,6.5,0- free flowing,48338
5 Thursday,6.5,1 - light traffic,48
5 Thursday,6.5,2 - medium traffic,82.5
5 Thursday,6.5,3 - heavy traffic,201
5 Thursday,6.5,4 - stand still,308
5 Thursday,7,0- free flowing,69473
5 Thursday,7,1 - light traffic,70
5 Thursday,7,2 - medium traffic,390
5 Thursday,7,3 - heavy traffic,1110
5 Thursday,7,4 - stand still,1134
5 Thursday,7.5,0- free flowing,111140
5 Thursday,7.5,1 - light traffic,1332
5 Thursday,7.5,2 - medium traffic,5475
5 Thursday,7.5,3 - heavy traffic,8331
5 Thursday,7.5,4 - stand still,1974
5 Thursday,8,0- free flowing,136158
5 Thursday,8,1 - light traffic,1864
5 Thursday,8,2 - medium traffic,11687.5
5 Thursday,8,3 - heavy traffic,27342
5 Thursday,8,4 - stand still,6328
5 Thursday,8.5,0- free flowing,134188
5 Thursday,8.5,1 - light traffic,1328
5 Thursday,8.5,2 - medium traffic,8602.5
5 Thursday,8.5,3 - heavy traffic,12006
5 Thursday,8.5,4 - stand still,6601
5 Thursday,9,0- free flowing,123387
5 Thursday,9,1 - light traffic,706
5 Thursday,9,2 - medium traffic,4310
5 Thursday,9,3 - heavy traffic,7290
5 Thursday,9,4 - stand still,6419
5 Thursday,9.5,0- free flowing,117225
5 Thursday,9.5,1 - light traffic,454
5 Thursday,9.5,2 - medium traffic,1682.5
5 Thursday,9.5,3 - heavy traffic,3453
5 Thursday,9.5,4 - stand still,6205.5
5 Thursday,10,0- free flowing,117703
5 Thursday,10,1 - light traffic,370
5 Thursday,10,2 - medium traffic,1510
5 Thursday,10,3 - heavy traffic,3675
5 Thursday,10,4 - stand still,5456.5
5 Thursday,10.5,0- free flowing,125363
5 Thursday,10.5,1 - light traffic,930
5 Thursday,10.5,2 - medium traffic,2550
5 Thursday,10.5,3 - heavy traffic,2901
5 Thursday,10.5,4 - stand still,4025
5 Thursday,11,0- free flowing,133013
5 Thursday,11,1 - light traffic,976
5 Thursday,11,2 - medium traffic,5060
5 Thursday,11,3 - heavy traffic,4590
5 Thursday,11,4 - stand still,3031
5 Thursday,11.5,0- free flowing,142540
5 Thursday,11.5,1 - light traffic,1240
5 Thursday,11.5,2 - medium traffic,4470
5 Thursday,11.5,3 - heavy traffic,7728
5 Thursday,11.5,4 - stand still,4805.5
5 Thursday,12,0- free flowing,150026
5 Thursday,12,1 - light traffic,1936
5 Thursday,12,2 - medium traffic,6292.5
5 Thursday,12,3 - heavy traffic,11427
5 Thursday,12,4 - stand still,6667.5
5 Thursday,12.5,0- free flowing,157048
5 Thursday,12.5,1 - light traffic,1792
5 Thursday,12.5,2 - medium traffic,9785
5 Thursday,12.5,3 - heavy traffic,18126
5 Thursday,12.5,4 - stand still,6184.5
5 Thursday,13,0- free flowing,160831
5 Thursday,13,1 - light traffic,2508
5 Thursday,13,2 - medium traffic,11070
5 Thursday,13,3 - heavy traffic,22389
5 Thursday,13,4 - stand still,9530.5
5 Thursday,13.5,0- free flowing,163871
5 Thursday,13.5,1 - light traffic,3298
5 Thursday,13.5,2 - medium traffic,14737.5
5 Thursday,13.5,3 - heavy traffic,23190
5 Thursday,13.5,4 - stand still,8417.5
5 Thursday,14,0- free flowing,162497
5 Thursday,14,1 - light traffic,3932
5 Thursday,14,2 - medium traffic,16610
5 Thursday,14,3 - heavy traffic,23859
5 Thursday,14,4 - stand still,8571.5
5 Thursday,14.5,0- free flowing,162039
5 Thursday,14.5,1 - light traffic,3320
5 Thursday,14.5,2 - medium traffic,21555
5 Thursday,14.5,3 - heavy traffic,27315
5 Thursday,14.5,4 - stand still,7231
5 Thursday,15,0- free flowing,174597
5 Thursday,15,1 - light traffic,3676
5 Thursday,15,2 - medium traffic,25807.5
5 Thursday,15,3 - heavy traffic,35076
5 Thursday,15,4 - stand still,7549.5
5 Thursday,15.5,0- free flowing,182709
5 Thursday,15.5,1 - light traffic,4402
5 Thursday,15.5,2 - medium traffic,34277.5
5 Thursday,15.5,3 - heavy traffic,41796
5 Thursday,15.5,4 - stand still,10573.5
5 Thursday,16,0- free flowing,183205
5 Thursday,16,1 - light traffic,4114
5 Thursday,16,2 - medium traffic,43832.5
5 Thursday,16,3 - heavy traffic,53976
5 Thursday,16,4 - stand still,15249.5
5 Thursday,16.5,0- free flowing,204881
5 Thursday,16.5,1 - light traffic,4432
5 Thursday,16.5,2 - medium traffic,43587.5
5 Thursday,16.5,3 - heavy traffic,74748
5 Thursday,16.5,4 - stand still,16751
5 Thursday,17,0- free flowing,221864
5 Thursday,17,1 - light traffic,5402
5 Thursday,17,2 - medium traffic,38827.5
5 Thursday,17,3 - heavy traffic,102750
5 Thursday,17,4 - stand still,16856
5 Thursday,17.5,0- free flowing,234119
5 Thursday,17.5,1 - light traffic,5988
5 Thursday,17.5,2 - medium traffic,35210
5 Thursday,17.5,3 - heavy traffic,139374
5 Thursday,17.5,4 - stand still,23957.5
5 Thursday,18,0- free flowing,212365
5 Thursday,18,1 - light traffic,4452
5 Thursday,18,2 - medium traffic,36550
5 Thursday,18,3 - heavy traffic,72861
5 Thursday,18,4 - stand still,16705.5
5 Thursday,18.5,0- free flowing,172835
5 Thursday,18.5,1 - light traffic,3400
5 Thursday,18.5,2 - medium traffic,26267.5
5 Thursday,18.5,3 - heavy traffic,21213
5 Thursday,18.5,4 - stand still,9135
5 Thursday,19,0- free flowing,138166
5 Thursday,19,1 - light traffic,1476
5 Thursday,19,2 - medium traffic,7520
5 Thursday,19,3 - heavy traffic,7260
5 Thursday,19,4 - stand still,4518.5
5 Thursday,19.5,0- free flowing,119138
5 Thursday,19.5,1 - light traffic,658
5 Thursday,19.5,2 - medium traffic,2667.5
5 Thursday,19.5,3 - heavy traffic,2400
5 Thursday,19.5,4 - stand still,3010
5 Thursday,20,0- free flowing,103812
5 Thursday,20,1 - light traffic,352
5 Thursday,20,2 - medium traffic,1120
5 Thursday,20,3 - heavy traffic,1395
5 Thursday,20,4 - stand still,1669.5
5 Thursday,20.5,0- free flowing,92405
5 Thursday,20.5,1 - light traffic,190
5 Thursday,20.5,2 - medium traffic,710
5 Thursday,20.5,3 - heavy traffic,1548
5 Thursday,20.5,4 - stand still,1760.5
5 Thursday,21,0- free flowing,84879
5 Thursday,21,1 - light traffic,224
5 Thursday,21,2 - medium traffic,1125
5 Thursday,21,3 - heavy traffic,1935
5 Thursday,21,4 - stand still,1904
5 Thursday,21.5,0- free flowing,73032
5 Thursday,21.5,1 - light traffic,252
5 Thursday,21.5,2 - medium traffic,980
5 Thursday,21.5,3 - heavy traffic,3483
5 Thursday,21.5,4 - stand still,2919
5 Thursday,22,0- free flowing,59886
5 Thursday,22,1 - light traffic,138
5 Thursday,22,2 - medium traffic,707.5
5 Thursday,22,3 - heavy traffic,3006
5 Thursday,22,4 - stand still,3818.5
5 Thursday,22.5,0- free flowing,50366
5 Thursday,22.5,1 - light traffic,42
5 Thursday,22.5,2 - medium traffic,495
5 Thursday,22.5,3 - heavy traffic,1677
5 Thursday,22.5,4 - stand still,5659.5
5 Thursday,23,0- free flowing,45832
5 Thursday,23,1 - light traffic,92
5 Thursday,23,2 - medium traffic,717.5
5 Thursday,23,3 - heavy traffic,1512
5 Thursday,23,4 - stand still,4088
5 Thursday,23.5,0- free flowing,38966
5 Thursday,23.5,1 - light traffic,40
5 Thursday,23.5,2 - medium traffic,965
5 Thursday,23.5,3 - heavy traffic,1326
5 Thursday,23.5,4 - stand still,1267
5 Thursday,24,0- free flowing,30896
5 Thursday,24,1 - light traffic,50
5 Thursday,24,2 - medium traffic,267.5
5 Thursday,24,3 - heavy traffic,807
5 Thursday,24,4 - stand still,857.5
6 Friday,0.5,0- free flowing,31455
6 Friday,0.5,1 - light traffic,28
6 Friday,0.5,2 - medium traffic,102.5
6 Friday,0.5,3 - heavy traffic,459
6 Friday,0.5,4 - stand still,1473.5
6 Friday,1,0- free flowing,26563
6 Friday,1,1 - light traffic,30
6 Friday,1,2 - medium traffic,47.5
6 Friday,1,3 - heavy traffic,528
6 Friday,1,4 - stand still,966
6 Friday,1.5,0- free flowing,23181
6 Friday,1.5,1 - light traffic,38
6 Friday,1.5,2 - medium traffic,100
6 Friday,1.5,3 - heavy traffic,357
6 Friday,1.5,4 - stand still,630
6 Friday,2,0- free flowing,19711
6 Friday,2,1 - light traffic,22
6 Friday,2,2 - medium traffic,70
6 Friday,2,3 - heavy traffic,171
6 Friday,2,4 - stand still,385
6 Friday,2.5,0- free flowing,18641
6 Friday,2.5,1 - light traffic,14
6 Friday,2.5,2 - medium traffic,30
6 Friday,2.5,3 - heavy traffic,219
6 Friday,2.5,4 - stand still,290.5
6 Friday,3,0- free flowing,17658
6 Friday,3,1 - light traffic,30
6 Friday,3,2 - medium traffic,40
6 Friday,3,3 - heavy traffic,180
6 Friday,3,4 - stand still,483
6 Friday,3.5,0- free flowing,17624
6 Friday,3.5,1 - light traffic,16
6 Friday,3.5,2 - medium traffic,52.5
6 Friday,3.5,3 - heavy traffic,90
6 Friday,3.5,4 - stand still,518
6 Friday,4,0- free flowing,17868
6 Friday,4,1 - light traffic,8
6 Friday,4,2 - medium traffic,40
6 Friday,4,3 - heavy traffic,78
6 Friday,4,4 - stand still,346.5
6 Friday,4.5,0- free flowing,20343
6 Friday,4.5,1 - light traffic,14
6 Friday,4.5,2 - medium traffic,42.5
6 Friday,4.5,3 - heavy traffic,132
6 Friday,4.5,4 - stand still,367.5
6 Friday,5,0- free flowing,25189
6 Friday,5,1 - light traffic,2
6 Friday,5,2 - medium traffic,65
6 Friday,5,3 - heavy traffic,102
6 Friday,5,4 - stand still,259
6 Friday,5.5,0- free flowing,31437
6 Friday,5.5,1 - light traffic,14
6 Friday,5.5,2 - medium traffic,52.5
6 Friday,5.5,3 - heavy traffic,105
6 Friday,5.5,4 - stand still,192.5
6 Friday,6,0- free flowing,35100
6 Friday,6,1 - light traffic,16
6 Friday,6,2 - medium traffic,32.5
6 Friday,6,3 - heavy traffic,99
6 Friday,6,4 - stand still,196
6 Friday,6.5,0- free flowing,46198
6 Friday,6.5,1 - light traffic,6
6 Friday,6.5,2 - medium traffic,32.5
6 Friday,6.5,3 - heavy traffic,189
6 Friday,6.5,4 - stand still,290.5
6 Friday,7,0- free flowing,64231
6 Friday,7,1 - light traffic,58
6 Friday,7,2 - medium traffic,260
6 Friday,7,3 - heavy traffic,624
6 Friday,7,4 - stand still,896
6 Friday,7.5,0- free flowing,103657
6 Friday,7.5,1 - light traffic,572
6 Friday,7.5,2 - medium traffic,2885
6 Friday,7.5,3 - heavy traffic,3282
6 Friday,7.5,4 - stand still,1918
6 Friday,8,0- free flowing,127207
6 Friday,8,1 - light traffic,1272
6 Friday,8,2 - medium traffic,8772.5
6 Friday,8,3 - heavy traffic,12264
6 Friday,8,4 - stand still,4147.5
6 Friday,8.5,0- free flowing,131010
6 Friday,8.5,1 - light traffic,872
6 Friday,8.5,2 - medium traffic,3845
6 Friday,8.5,3 - heavy traffic,5922
6 Friday,8.5,4 - stand still,4574.5
6 Friday,9,0- free flowing,119988
6 Friday,9,1 - light traffic,478
6 Friday,9,2 - medium traffic,1850
6 Friday,9,3 - heavy traffic,4050
6 Friday,9,4 - stand still,3902.5
6 Friday,9.5,0- free flowing,121780
6 Friday,9.5,1 - light traffic,270
6 Friday,9.5,2 - medium traffic,1440
6 Friday,9.5,3 - heavy traffic,2955
6 Friday,9.5,4 - stand still,3888.5
6 Friday,10,0- free flowing,128779
6 Friday,10,1 - light traffic,338
6 Friday,10,2 - medium traffic,2220
6 Friday,10,3 - heavy traffic,3978
6 Friday,10,4 - stand still,3689
6 Friday,10.5,0- free flowing,136237
6 Friday,10.5,1 - light traffic,528
6 Friday,10.5,2 - medium traffic,3347.5
6 Friday,10.5,3 - heavy traffic,4386
6 Friday,10.5,4 - stand still,4392.5
6 Friday,11,0- free flowing,147706
6 Friday,11,1 - light traffic,1140
6 Friday,11,2 - medium traffic,5102.5
6 Friday,11,3 - heavy traffic,8787
6 Friday,11,4 - stand still,5029.5
6 Friday,11.5,0- free flowing,162427
6 Friday,11.5,1 - light traffic,1994
6 Friday,11.5,2 - medium traffic,9115
6 Friday,11.5,3 - heavy traffic,17871
6 Friday,11.5,4 - stand still,6380.5
6 Friday,12,0- free flowing,174361
6 Friday,12,1 - light traffic,3148
6 Friday,12,2 - medium traffic,15427.5
6 Friday,12,3 - heavy traffic,28251
6 Friday,12,4 - stand still,7378
6 Friday,12.5,0- free flowing,181464
6 Friday,12.5,1 - light traffic,4370
6 Friday,12.5,2 - medium traffic,22250
6 Friday,12.5,3 - heavy traffic,38190
6 Friday,12.5,4 - stand still,10993.5
6 Friday,13,0- free flowing,188686
6 Friday,13,1 - light traffic,4676
6 Friday,13,2 - medium traffic,29455
6 Friday,13,3 - heavy traffic,46767
6 Friday,13,4 - stand still,15869
6 Friday,13.5,0- free flowing,194554
6 Friday,13.5,1 - light traffic,6120
6 Friday,13.5,2 - medium traffic,34857.5
6 Friday,13.5,3 - heavy traffic,56952
6 Friday,13.5,4 - stand still,20979
6 Friday,14,0- free flowing,200642
6 Friday,14,1 - light traffic,5672
6 Friday,14,2 - medium traffic,44597.5
6 Friday,14,3 - heavy traffic,64524
6 Friday,14,4 - stand still,22134
6 Friday,14.5,0- free flowing,205234
6 Friday,14.5,1 - light traffic,5602
6 Friday,14.5,2 - medium traffic,54907.5
6 Friday,14.5,3 - heavy traffic,72741
6 Friday,14.5,4 - stand still,22260
6 Friday,15,0- free flowing,216343
6 Friday,15,1 - light traffic,6572
6 Friday,15,2 - medium traffic,60457.5
6 Friday,15,3 - heavy traffic,91608
6 Friday,15,4 - stand still,21350
6 Friday,15.5,0- free flowing,227573
6 Friday,15.5,1 - light traffic,5688
6 Friday,15.5,2 - medium traffic,59652.5
6 Friday,15.5,3 - heavy traffic,118272
6 Friday,15.5,4 - stand still,29344
6 Friday,16,0- free flowing,238684
6 Friday,16,1 - light traffic,5738
6 Friday,16,2 - medium traffic,62307.5
6 Friday,16,3 - heavy traffic,136044
6 Friday,16,4 - stand still,38839.5
6 Friday,16.5,0- free flowing,262148
6 Friday,16.5,1 - light traffic,5396
6 Friday,16.5,2 - medium traffic,62600
6 Friday,16.5,3 - heavy traffic,143712
6 Friday,16.5,4 - stand still,41107.5
6 Friday,17,0- free flowing,256770
6 Friday,17,1 - light traffic,6412
6 Friday,17,2 - medium traffic,55467.5
6 Friday,17,3 - heavy traffic,151566
6 Friday,17,4 - stand still,46921
6 Friday,17.5,0- free flowing,258271
6 Friday,17.5,1 - light traffic,6492
6 Friday,17.5,2 - medium traffic,57855
6 Friday,17.5,3 - heavy traffic,142389
6 Friday,17.5,4 - stand still,48282.5
6 Friday,18,0- free flowing,239773
6 Friday,18,1 - light traffic,6466
6 Friday,18,2 - medium traffic,54777.5
6 Friday,18,3 - heavy traffic,88467
6 Friday,18,4 - stand still,40768
6 Friday,18.5,0- free flowing,217617
6 Friday,18.5,1 - light traffic,6268
6 Friday,18.5,2 - medium traffic,38867.5
6 Friday,18.5,3 - heavy traffic,48366
6 Friday,18.5,4 - stand still,33943
6 Friday,19,0- free flowing,189108
6 Friday,19,1 - light traffic,3970
6 Friday,19,2 - medium traffic,25547.5
6 Friday,19,3 - heavy traffic,26640
6 Friday,19,4 - stand still,27737.5
6 Friday,19.5,0- free flowing,170115
6 Friday,19.5,1 - light traffic,2594
6 Friday,19.5,2 - medium traffic,16517.5
6 Friday,19.5,3 - heavy traffic,19986
6 Friday,19.5,4 - stand still,19778.5
6 Friday,20,0- free flowing,148197
6 Friday,20,1 - light traffic,1514
6 Friday,20,2 - medium traffic,12777.5
6 Friday,20,3 - heavy traffic,12978
6 Friday,20,4 - stand still,13016.5
6 Friday,20.5,0- free flowing,133855
6 Friday,20.5,1 - light traffic,1006
6 Friday,20.5,2 - medium traffic,7245
6 Friday,20.5,3 - heavy traffic,8637
6 Friday,20.5,4 - stand still,9929.5
6 Friday,21,0- free flowing,121053
6 Friday,21,1 - light traffic,588
6 Friday,21,2 - medium traffic,6690
6 Friday,21,3 - heavy traffic,9696
6 Friday,21,4 - stand still,7143.5
6 Friday,21.5,0- free flowing,109880
6 Friday,21.5,1 - light traffic,1080
6 Friday,21.5,2 - medium traffic,5485
6 Friday,21.5,3 - heavy traffic,6231
6 Friday,21.5,4 - stand still,5190.5
6 Friday,22,0- free flowing,93047
6 Friday,22,1 - light traffic,444
6 Friday,22,2 - medium traffic,3435
6 Friday,22,3 - heavy traffic,3294
6 Friday,22,4 - stand still,4504.5
6 Friday,22.5,0- free flowing,79324
6 Friday,22.5,1 - light traffic,592
6 Friday,22.5,2 - medium traffic,1535
6 Friday,22.5,3 - heavy traffic,2313
6 Friday,22.5,4 - stand still,2054.5
6 Friday,23,0- free flowing,65905
6 Friday,23,1 - light traffic,62
6 Friday,23,2 - medium traffic,130
6 Friday,23,3 - heavy traffic,579
6 Friday,23,4 - stand still,1207.5
6 Friday,23.5,0- free flowing,53338
6 Friday,23.5,1 - light traffic,12
6 Friday,23.5,2 - medium traffic,57.5
6 Friday,23.5,3 - heavy traffic,204
6 Friday,23.5,4 - stand still,864.5
6 Friday,24,0- free flowing,38162
6 Friday,24,1 - light traffic,24
6 Friday,24,2 - medium traffic,140
6 Friday,24,3 - heavy traffic,444
6 Friday,24,4 - stand still,1449
7 Saturday,0.5,0- free flowing,42051
7 Saturday,0.5,1 - light traffic,22
7 Saturday,0.5,2 - medium traffic,17.5
7 Saturday,0.5,3 - heavy traffic,54
7 Saturday,0.5,4 - stand still,542.5
7 Saturday,1,0- free flowing,35322
7 Saturday,1,1 - light traffic,14
7 Saturday,1,2 - medium traffic,20
7 Saturday,1,3 - heavy traffic,111
7 Saturday,1,4 - stand still,182
7 Saturday,1.5,0- free flowing,31858
7 Saturday,1.5,1 - light traffic,16
7 Saturday,1.5,2 - medium traffic,12.5
7 Saturday,1.5,3 - heavy traffic,90
7 Saturday,1.5,4 - stand still,87.5
7 Saturday,2,0- free flowing,28592
7 Saturday,2,1 - light traffic,16
7 Saturday,2,2 - medium traffic,22.5
7 Saturday,2,3 - heavy traffic,225
7 Saturday,2,4 - stand still,157.5
7 Saturday,2.5,0- free flowing,25332
7 Saturday,2.5,1 - light traffic,38
7 Saturday,2.5,2 - medium traffic,25
7 Saturday,2.5,3 - heavy traffic,60
7 Saturday,2.5,4 - stand still,196
7 Saturday,3,0- free flowing,22838
7 Saturday,3,1 - light traffic,2
7 Saturday,3,2 - medium traffic,17.5
7 Saturday,3,3 - heavy traffic,69
7 Saturday,3,4 - stand still,126
7 Saturday,3.5,0- free flowing,21320
7 Saturday,3.5,1 - light traffic,4
7 Saturday,3.5,2 - medium traffic,50
7 Saturday,3.5,3 - heavy traffic,93
7 Saturday,3.5,4 - stand still,154
7 Saturday,4,0- free flowing,19962
7 Saturday,4,1 - light traffic,24
7 Saturday,4,2 - medium traffic,7.5
7 Saturday,4,3 - heavy traffic,60
7 Saturday,4,4 - stand still,154
7 Saturday,4.5,0- free flowing,20057
7 Saturday,4.5,1 - light traffic,26
7 Saturday,4.5,2 - medium traffic,22.5
7 Saturday,4.5,3 - heavy traffic,96
7 Saturday,4.5,4 - stand still,178.5
7 Saturday,5,0- free flowing,22133
7 Saturday,5,1 - light traffic,8
7 Saturday,5,2 - medium traffic,22.5
7 Saturday,5,3 - heavy traffic,45
7 Saturday,5,4 - stand still,238
7 Saturday,5.5,0- free flowing,26162
7 Saturday,5.5,1 - light traffic,6
7 Saturday,5.5,2 - medium traffic,7.5
7 Saturday,5.5,3 - heavy traffic,57
7 Saturday,5.5,4 - stand still,311.5
7 Saturday,6,0- free flowing,30938
7 Saturday,6,1 - light traffic,8
7 Saturday,6,2 - medium traffic,25
7 Saturday,6,3 - heavy traffic,33
7 Saturday,6,4 - stand still,122.5
7 Saturday,6.5,0- free flowing,36666
7 Saturday,6.5,1 - light traffic,18
7 Saturday,6.5,2 - medium traffic,37.5
7 Saturday,6.5,3 - heavy traffic,156
7 Saturday,6.5,4 - stand still,234.5
7 Saturday,7,0- free flowing,40084
7 Saturday,7,1 - light traffic,28
7 Saturday,7,2 - medium traffic,60
7 Saturday,7,3 - heavy traffic,96
7 Saturday,7,4 - stand still,115.5
7 Saturday,7.5,0- free flowing,49792
7 Saturday,7.5,1 - light traffic,16
7 Saturday,7.5,2 - medium traffic,27.5
7 Saturday,7.5,3 - heavy traffic,279
7 Saturday,7.5,4 - stand still,189
7 Saturday,8,0- free flowing,62948
7 Saturday,8,1 - light traffic,42
7 Saturday,8,2 - medium traffic,100
7 Saturday,8,3 - heavy traffic,408
7 Saturday,8,4 - stand still,479.5
7 Saturday,8.5,0- free flowing,82086
7 Saturday,8.5,1 - light traffic,214
7 Saturday,8.5,2 - medium traffic,182.5
7 Saturday,8.5,3 - heavy traffic,780
7 Saturday,8.5,4 - stand still,903
7 Saturday,9,0- free flowing,94111
7 Saturday,9,1 - light traffic,308
7 Saturday,9,2 - medium traffic,307.5
7 Saturday,9,3 - heavy traffic,1701
7 Saturday,9,4 - stand still,1757
7 Saturday,9.5,0- free flowing,110917
7 Saturday,9.5,1 - light traffic,240
7 Saturday,9.5,2 - medium traffic,265
7 Saturday,9.5,3 - heavy traffic,2304
7 Saturday,9.5,4 - stand still,4144
7 Saturday,10,0- free flowing,127726
7 Saturday,10,1 - light traffic,496
7 Saturday,10,2 - medium traffic,1190
7 Saturday,10,3 - heavy traffic,4737
7 Saturday,10,4 - stand still,5617.5
7 Saturday,10.5,0- free flowing,140904
7 Saturday,10.5,1 - light traffic,590
7 Saturday,10.5,2 - medium traffic,2985
7 Saturday,10.5,3 - heavy traffic,7440
7 Saturday,10.5,4 - stand still,5883.5
7 Saturday,11,0- free flowing,152871
7 Saturday,11,1 - light traffic,724
7 Saturday,11,2 - medium traffic,4735
7 Saturday,11,3 - heavy traffic,14265
7 Saturday,11,4 - stand still,7654.5
7 Saturday,11.5,0- free flowing,165131
7 Saturday,11.5,1 - light traffic,1364
7 Saturday,11.5,2 - medium traffic,6627.5
7 Saturday,11.5,3 - heavy traffic,22401
7 Saturday,11.5,4 - stand still,9135
7 Saturday,12,0- free flowing,179094
7 Saturday,12,1 - light traffic,1912
7 Saturday,12,2 - medium traffic,9572.5
7 Saturday,12,3 - heavy traffic,27348
7 Saturday,12,4 - stand still,14199.5
7 Saturday,12.5,0- free flowing,191780
7 Saturday,12.5,1 - light traffic,2722
7 Saturday,12.5,2 - medium traffic,13690
7 Saturday,12.5,3 - heavy traffic,32430
7 Saturday,12.5,4 - stand still,18896.5
7 Saturday,13,0- free flowing,197717
7 Saturday,13,1 - light traffic,2920
7 Saturday,13,2 - medium traffic,16005
7 Saturday,13,3 - heavy traffic,38259
7 Saturday,13,4 - stand still,17286.5
7 Saturday,13.5,0- free flowing,196718
7 Saturday,13.5,1 - light traffic,2262
7 Saturday,13.5,2 - medium traffic,17372.5
7 Saturday,13.5,3 - heavy traffic,38157
7 Saturday,13.5,4 - stand still,15687
7 Saturday,14,0- free flowing,195440
7 Saturday,14,1 - light traffic,2270
7 Saturday,14,2 - medium traffic,16107.5
7 Saturday,14,3 - heavy traffic,35601
7 Saturday,14,4 - stand still,16905
7 Saturday,14.5,0- free flowing,191947
7 Saturday,14.5,1 - light traffic,2932
7 Saturday,14.5,2 - medium traffic,18152.5
7 Saturday,14.5,3 - heavy traffic,37731
7 Saturday,14.5,4 - stand still,15207.5
7 Saturday,15,0- free flowing,190404
7 Saturday,15,1 - light traffic,2740
7 Saturday,15,2 - medium traffic,19685
7 Saturday,15,3 - heavy traffic,33747
7 Saturday,15,4 - stand still,15547
7 Saturday,15.5,0- free flowing,189902
7 Saturday,15.5,1 - light traffic,2660
7 Saturday,15.5,2 - medium traffic,18520
7 Saturday,15.5,3 - heavy traffic,30462
7 Saturday,15.5,4 - stand still,15169
7 Saturday,16,0- free flowing,184657
7 Saturday,16,1 - light traffic,2052
7 Saturday,16,2 - medium traffic,15442.5
7 Saturday,16,3 - heavy traffic,28641
7 Saturday,16,4 - stand still,14878.5
7 Saturday,16.5,0- free flowing,180499
7 Saturday,16.5,1 - light traffic,2426
7 Saturday,16.5,2 - medium traffic,15347.5
7 Saturday,16.5,3 - heavy traffic,23202
7 Saturday,16.5,4 - stand still,12054
7 Saturday,17,0- free flowing,174827
7 Saturday,17,1 - light traffic,2496
7 Saturday,17,2 - medium traffic,13595
7 Saturday,17,3 - heavy traffic,18636
7 Saturday,17,4 - stand still,9075.5
7 Saturday,17.5,0- free flowing,171651
7 Saturday,17.5,1 - light traffic,2014
7 Saturday,17.5,2 - medium traffic,14227.5
7 Saturday,17.5,3 - heavy traffic,15510
7 Saturday,17.5,4 - stand still,6639.5
7 Saturday,18,0- free flowing,165563
7 Saturday,18,1 - light traffic,1940
7 Saturday,18,2 - medium traffic,10127.5
7 Saturday,18,3 - heavy traffic,12177
7 Saturday,18,4 - stand still,7164.5
7 Saturday,18.5,0- free flowing,157631
7 Saturday,18.5,1 - light traffic,1258
7 Saturday,18.5,2 - medium traffic,5977.5
7 Saturday,18.5,3 - heavy traffic,9195
7 Saturday,18.5,4 - stand still,6566
7 Saturday,19,0- free flowing,146097
7 Saturday,19,1 - light traffic,538
7 Saturday,19,2 - medium traffic,3767.5
7 Saturday,19,3 - heavy traffic,5898
7 Saturday,19,4 - stand still,5890.5
7 Saturday,19.5,0- free flowing,130857
7 Saturday,19.5,1 - light traffic,406
7 Saturday,19.5,2 - medium traffic,2855
7 Saturday,19.5,3 - heavy traffic,3477
7 Saturday,19.5,4 - stand still,4494
7 Saturday,20,0- free flowing,104502
7 Saturday,20,1 - light traffic,800
7 Saturday,20,2 - medium traffic,1137.5
7 Saturday,20,3 - heavy traffic,2202
7 Saturday,20,4 - stand still,3916.5
7 Saturday,20.5,0- free flowing,86578
7 Saturday,20.5,1 - light traffic,560
7 Saturday,20.5,2 - medium traffic,725
7 Saturday,20.5,3 - heavy traffic,1776
7 Saturday,20.5,4 - stand still,2159.5
7 Saturday,21,0- free flowing,92217
7 Saturday,21,1 - light traffic,82
7 Saturday,21,2 - medium traffic,195
7 Saturday,21,3 - heavy traffic,1467
7 Saturday,21,4 - stand still,2215.5
7 Saturday,21.5,0- free flowing,86944
7 Saturday,21.5,1 - light traffic,68
7 Saturday,21.5,2 - medium traffic,197.5
7 Saturday,21.5,3 - heavy traffic,975
7 Saturday,21.5,4 - stand still,1102.5
7 Saturday,22,0- free flowing,78220
7 Saturday,22,1 - light traffic,48
7 Saturday,22,2 - medium traffic,217.5
7 Saturday,22,3 - heavy traffic,597
7 Saturday,22,4 - stand still,766.5
7 Saturday,22.5,0- free flowing,69063
7 Saturday,22.5,1 - light traffic,22
7 Saturday,22.5,2 - medium traffic,85
7 Saturday,22.5,3 - heavy traffic,423
7 Saturday,22.5,4 - stand still,714
7 Saturday,23,0- free flowing,58240
7 Saturday,23,1 - light traffic,24
7 Saturday,23,2 - medium traffic,37.5
7 Saturday,23,3 - heavy traffic,336
7 Saturday,23,4 - stand still,332.5
7 Saturday,23.5,0- free flowing,48787
7 Saturday,23.5,1 - light traffic,2
7 Saturday,23.5,2 - medium traffic,55
7 Saturday,23.5,3 - heavy traffic,123
7 Saturday,23.5,4 - stand still,182
7 Saturday,24,0- free flowing,41826
7 Saturday,24,1 - light traffic,2
7 Saturday,24,2 - medium traffic,2.5
7 Saturday,24,3 - heavy traffic,159
7 Saturday,24,4 - stand still,549.5
