Day of Week,Time Half Hour,Traffic Level,Traffic Flow
1 Sunday,0.5,0- free flowing,41086
1 Sunday,0.5,1 - light traffic,22
1 Sunday,0.5,2 - medium traffic,2.5
1 Sunday,0.5,3 - heavy traffic,66
1 Sunday,0.5,4 - stand still,147
1 Sunday,1,0- free flowing,36614
1 Sunday,1,1 - light traffic,14
1 Sunday,1,2 - medium traffic,10
1 Sunday,1,3 - heavy traffic,99
1 Sunday,1,4 - stand still,119
1 Sunday,1.5,0- free flowing,31211
1 Sunday,1.5,1 - light traffic,8
1 Sunday,1.5,2 - medium traffic,5
1 Sunday,1.5,3 - heavy traffic,51
1 Sunday,1.5,4 - stand still,63
1 Sunday,2,0- free flowing,25511
1 Sunday,2,1 - light traffic,10
1 Sunday,2,2 - medium traffic,12.5
1 Sunday,2,3 - heavy traffic,36
1 Sunday,2,4 - stand still,66.5
1 Sunday,2.5,0- free flowing,21876
1 Sunday,2.5,1 - light traffic,2
1 Sunday,2.5,2 - medium traffic,0
1 Sunday,2.5,3 - heavy traffic,63
1 Sunday,2.5,4 - stand still,52.5
1 Sunday,3,0- free flowing,20333
1 Sunday,3,1 - light traffic,2
1 Sunday,3,2 - medium traffic,5
1 Sunday,3,3 - heavy traffic,30
1 Sunday,3,4 - stand still,77
1 Sunday,3.5,0- free flowing,18157
1 Sunday,3.5,1 - light traffic,4
1 Sunday,3.5,2 - medium traffic,10
1 Sunday,3.5,3 - heavy traffic,36
1 Sunday,3.5,4 - stand still,31.5
1 Sunday,4,0- free flowing,15779
1 Sunday,4,1 - light traffic,6
1 Sunday,4,2 - medium traffic,12.5
1 Sunday,4,3 - heavy traffic,54
1 Sunday,4,4 - stand still,28
1 Sunday,4.5,0- free flowing,15417
1 Sunday,4.5,1 - light traffic,12
1 Sunday,4.5,2 - medium traffic,7.5
1 Sunday,4.5,3 - heavy traffic,18
1 Sunday,4.5,4 - stand still,126
1 Sunday,5,0- free flowing,16429
1 Sunday,5,1 - light traffic,14
1 Sunday,5,2 - medium traffic,15
1 Sunday,5,3 - heavy traffic,51
1 Sunday,5,4 - stand still,98
1 Sunday,5.5,0- free flowing,19100
1 Sunday,5.5,1 - light traffic,14
1 Sunday,5.5,2 - medium traffic,5
1 Sunday,5.5,3 - heavy traffic,54
1 Sunday,5.5,4 - stand still,52.5
1 Sunday,6,0- free flowing,23310
1 Sunday,6,1 - light traffic,4
1 Sunday,6,2 - medium traffic,20
1 Sunday,6,3 - heavy traffic,84
1 Sunday,6,4 - stand still,360.5
1 Sunday,6.5,0- free flowing,29719
1 Sunday,6.5,1 - light traffic,10
1 Sunday,6.5,2 - medium traffic,12.5
1 Sunday,6.5,3 - heavy traffic,72
1 Sunday,6.5,4 - stand still,70
1 Sunday,7,0- free flowing,32994
1 Sunday,7,1 - light traffic,14
1 Sunday,7,2 - medium traffic,17.5
1 Sunday,7,3 - heavy traffic,90
1 Sunday,7,4 - stand still,140
1 Sunday,7.5,0- free flowing,37627
1 Sunday,7.5,1 - light traffic,10
1 Sunday,7.5,2 - medium traffic,45
1 Sunday,7.5,3 - heavy traffic,162
1 Sunday,7.5,4 - stand still,402.5
1 Sunday,8,0- free flowing,42506
1 Sunday,8,1 - light traffic,4
1 Sunday,8,2 - medium traffic,110
1 Sunday,8,3 - heavy traffic,102
1 Sunday,8,4 - stand still,1435
1 Sunday,8.5,0- free flowing,53857
1 Sunday,8.5,1 - light traffic,8
1 Sunday,8.5,2 - medium traffic,62.5
1 Sunday,8.5,3 - heavy traffic,318
1 Sunday,8.5,4 - stand still,2453.5
1 Sunday,9,0- free flowing,70256
1 Sunday,9,1 - light traffic,30
1 Sunday,9,2 - medium traffic,412.5
1 Sunday,9,3 - heavy traffic,441
1 Sunday,9,4 - stand still,2558.5
1 Sunday,9.5,0- free flowing,86820
1 Sunday,9.5,1 - light traffic,52
1 Sunday,9.5,2 - medium traffic,435
1 Sunday,9.5,3 - heavy traffic,1362
1 Sunday,9.5,4 - stand still,2415
1 Sunday,10,0- free flowing,98503
1 Sunday,10,1 - light traffic,52
1 Sunday,10,2 - medium traffic,347.5
1 Sunday,10,3 - heavy traffic,2271
1 Sunday,10,4 - stand still,4014.5
1 Sunday,10.5,0- free flowing,128401
1 Sunday,10.5,1 - light traffic,310
1 Sunday,10.5,2 - medium traffic,1047.5
1 Sunday,10.5,3 - heavy traffic,4020
1 Sunday,10.5,4 - stand still,7049
1 Sunday,11,0- free flowing,146012
1 Sunday,11,1 - light traffic,628
1 Sunday,11,2 - medium traffic,2885
1 Sunday,11,3 - heavy traffic,8175
1 Sunday,11,4 - stand still,7948.5
1 Sunday,11.5,0- free flowing,154402
1 Sunday,11.5,1 - light traffic,694
1 Sunday,11.5,2 - medium traffic,4090
1 Sunday,11.5,3 - heavy traffic,13569
1 Sunday,11.5,4 - stand still,10108
1 Sunday,12,0- free flowing,169377
1 Sunday,12,1 - light traffic,1472
1 Sunday,12,2 - medium traffic,6257.5
1 Sunday,12,3 - heavy traffic,19770
1 Sunday,12,4 - stand still,12467
1 Sunday,12.5,0- free flowing,190529
1 Sunday,12.5,1 - light traffic,3164
1 Sunday,12.5,2 - medium traffic,10400
1 Sunday,12.5,3 - heavy traffic,29079
1 Sunday,12.5,4 - stand still,13923
1 Sunday,13,0- free flowing,197866
1 Sunday,13,1 - light traffic,4896
1 Sunday,13,2 - medium traffic,21802.5
1 Sunday,13,3 - heavy traffic,40311
1 Sunday,13,4 - stand still,19341
1 Sunday,13.5,0- free flowing,197174
1 Sunday,13.5,1 - light traffic,5188
1 Sunday,13.5,2 - medium traffic,31722.5
1 Sunday,13.5,3 - heavy traffic,41256
1 Sunday,13.5,4 - stand still,19887
1 Sunday,14,0- free flowing,196766
1 Sunday,14,1 - light traffic,5232
1 Sunday,14,2 - medium traffic,31707.5
1 Sunday,14,3 - heavy traffic,43812
1 Sunday,14,4 - stand still,25298
1 Sunday,14.5,0- free flowing,198471
1 Sunday,14.5,1 - light traffic,5186
1 Sunday,14.5,2 - medium traffic,32870
1 Sunday,14.5,3 - heavy traffic,50568
1 Sunday,14.5,4 - stand still,27293
1 Sunday,15,0- free flowing,206359
1 Sunday,15,1 - light traffic,4690
1 Sunday,15,2 - medium traffic,33600
1 Sunday,15,3 - heavy traffic,53619
1 Sunday,15,4 - stand still,27293
1 Sunday,15.5,0- free flowing,200924
1 Sunday,15.5,1 - light traffic,4102
1 Sunday,15.5,2 - medium traffic,33780
1 Sunday,15.5,3 - heavy traffic,50502
1 Sunday,15.5,4 - stand still,25018
1 Sunday,16,0- free flowing,197312
1 Sunday,16,1 - light traffic,4238
1 Sunday,16,2 - medium traffic,35887.5
1 Sunday,16,3 - heavy traffic,48708
1 Sunday,16,4 - stand still,21759.5
1 Sunday,16.5,0- free flowing,196576
1 Sunday,16.5,1 - light traffic,3806
1 Sunday,16.5,2 - medium traffic,39507.5
1 Sunday,16.5,3 - heavy traffic,43998
1 Sunday,16.5,4 - stand still,19841.5
1 Sunday,17,0- free flowing,191384
1 Sunday,17,1 - light traffic,4916
1 Sunday,17,2 - medium traffic,33977.5
1 Sunday,17,3 - heavy traffic,39891
1 Sunday,17,4 - stand still,15946
1 Sunday,17.5,0- free flowing,183028
1 Sunday,17.5,1 - light traffic,3386
1 Sunday,17.5,2 - medium traffic,24970
1 Sunday,17.5,3 - heavy traffic,33486
1 Sunday,17.5,4 - stand still,15816.5
1 Sunday,18,0- free flowing,167814
1 Sunday,18,1 - light traffic,2594
1 Sunday,18,2 - medium traffic,19652.5
1 Sunday,18,3 - heavy traffic,23565
1 Sunday,18,4 - stand still,11329.5
1 Sunday,18.5,0- free flowing,157366
1 Sunday,18.5,1 - light traffic,2178
1 Sunday,18.5,2 - medium traffic,13722.5
1 Sunday,18.5,3 - heavy traffic,18162
1 Sunday,18.5,4 - stand still,7311.5
1 Sunday,19,0- free flowing,138577
1 Sunday,19,1 - light traffic,1014
1 Sunday,19,2 - medium traffic,9615
1 Sunday,19,3 - heavy traffic,11736
1 Sunday,19,4 - stand still,7087.5
1 Sunday,19.5,0- free flowing,127680
1 Sunday,19.5,1 - light traffic,810
1 Sunday,19.5,2 - medium traffic,4750
1 Sunday,19.5,3 - heavy traffic,9960
1 Sunday,19.5,4 - stand still,6429.5
1 Sunday,20,0- free flowing,108967
1 Sunday,20,1 - light traffic,772
1 Sunday,20,2 - medium traffic,4747.5
1 Sunday,20,3 - heavy traffic,4359
1 Sunday,20,4 - stand still,3395
1 Sunday,20.5,0- free flowing,97932
1 Sunday,20.5,1 - light traffic,440
1 Sunday,20.5,2 - medium traffic,2572.5
1 Sunday,20.5,3 - heavy traffic,2652
1 Sunday,20.5,4 - stand still,2765
1 Sunday,21,0- free flowing,86425
1 Sunday,21,1 - light traffic,454
1 Sunday,21,2 - medium traffic,1322.5
1 Sunday,21,3 - heavy traffic,2112
1 Sunday,21,4 - stand still,1925
1 Sunday,21.5,0- free flowing,73030
1 Sunday,21.5,1 - light traffic,220
1 Sunday,21.5,2 - medium traffic,872.5
1 Sunday,21.5,3 - heavy traffic,2028
1 Sunday,21.5,4 - stand still,3678.5
1 Sunday,22,0- free flowing,61537
1 Sunday,22,1 - light traffic,228
1 Sunday,22,2 - medium traffic,465
1 Sunday,22,3 - heavy traffic,1197
1 Sunday,22,4 - stand still,2684.5
1 Sunday,22.5,0- free flowing,51219
1 Sunday,22.5,1 - light traffic,158
1 Sunday,22.5,2 - medium traffic,382.5
1 Sunday,22.5,3 - heavy traffic,783
1 Sunday,22.5,4 - stand still,2376.5
1 Sunday,23,0- free flowing,42910
1 Sunday,23,1 - light traffic,150
1 Sunday,23,2 - medium traffic,370
1 Sunday,23,3 - heavy traffic,537
1 Sunday,23,4 - stand still,2425.5
1 Sunday,23.5,0- free flowing,36621
1 Sunday,23.5,1 - light traffic,64
1 Sunday,23.5,2 - medium traffic,170
1 Sunday,23.5,3 - heavy traffic,279
1 Sunday,23.5,4 - stand still,1708
1 Sunday,24,0- free flowing,42641
1 Sunday,24,1 - light traffic,32
1 Sunday,24,2 - medium traffic,112.5
1 Sunday,24,3 - heavy traffic,237
1 Sunday,24,4 - stand still,647.5
2 Monday,0.5,0- free flowing,28142
2 Monday,0.5,1 - light traffic,38
2 Monday,0.5,2 - medium traffic,50
2 Monday,0.5,3 - heavy traffic,144
2 Monday,0.5,4 - stand still,416.5
2 Monday,1,0- free flowing,23941
2 Monday,1,1 - light traffic,36
2 Monday,1,2 - medium traffic,25
2 Monday,1,3 - heavy traffic,81
2 Monday,1,4 - stand still,329
2 Monday,1.5,0- free flowing,20739
2 Monday,1.5,1 - light traffic,26
2 Monday,1.5,2 - medium traffic,15
2 Monday,1.5,3 - heavy traffic,69
2 Monday,1.5,4 - stand still,301
2 Monday,2,0- free flowing,18201
2 Monday,2,1 - light traffic,22
2 Monday,2,2 - medium traffic,47.5
2 Monday,2,3 - heavy traffic,69
2 Monday,2,4 - stand still,437.5
2 Monday,2.5,0- free flowing,16580
2 Monday,2.5,1 - light traffic,28
2 Monday,2.5,2 - medium traffic,25
2 Monday,2.5,3 - heavy traffic,93
2 Monday,2.5,4 - stand still,252
2 Monday,3,0- free flowing,14522
2 Monday,3,1 - light traffic,10
2 Monday,3,2 - medium traffic,20
2 Monday,3,3 - heavy traffic,78
2 Monday,3,4 - stand still,63
2 Monday,3.5,0- free flowing,14280
2 Monday,3.5,1 - light traffic,14
2 Monday,3.5,2 - medium traffic,27.5
2 Monday,3.5,3 - heavy traffic,39
2 Monday,3.5,4 - stand still,94.5
2 Monday,4,0- free flowing,15677
2 Monday,4,1 - light traffic,16
2 Monday,4,2 - medium traffic,55
2 Monday,4,3 - heavy traffic,45
2 Monday,4,4 - stand still,126
2 Monday,4.5,0- free flowing,18445
2 Monday,4.5,1 - light traffic,14
2 Monday,4.5,2 - medium traffic,20
2 Monday,4.5,3 - heavy traffic,39
2 Monday,4.5,4 - stand still,136.5
2 Monday,5,0- free flowing,24892
2 Monday,5,1 - light traffic,16
2 Monday,5,2 - medium traffic,10
2 Monday,5,3 - heavy traffic,60
2 Monday,5,4 - stand still,91
2 Monday,5.5,0- free flowing,32449
2 Monday,5.5,1 - light traffic,6
2 Monday,5.5,2 - medium traffic,40
2 Monday,5.5,3 - heavy traffic,132
2 Monday,5.5,4 - stand still,171.5
2 Monday,6,0- free flowing,37741
2 Monday,6,1 - light traffic,10
2 Monday,6,2 - medium traffic,22.5
2 Monday,6,3 - heavy traffic,165
2 Monday,6,4 - stand still,392
2 Monday,6.5,0- free flowing,49632
2 Monday,6.5,1 - light traffic,6
2 Monday,6.5,2 - medium traffic,72.5
2 Monday,6.5,3 - heavy traffic,372
2 Monday,6.5,4 - stand still,717.5
2 Monday,7,0- free flowing,69400
2 Monday,7,1 - light traffic,78
2 Monday,7,2 - medium traffic,512.5
2 Monday,7,3 - heavy traffic,1134
2 Monday,7,4 - stand still,2320.5
2 Monday,7.5,0- free flowing,110918
2 Monday,7.5,1 - light traffic,730
2 Monday,7.5,2 - medium traffic,3047.5
2 Monday,7.5,3 - heavy traffic,4824
2 Monday,7.5,4 - stand still,3843
2 Monday,8,0- free flowing,131442
2 Monday,8,1 - light traffic,1420
2 Monday,8,2 - medium traffic,9047.5
2 Monday,8,3 - heavy traffic,19185
2 Monday,8,4 - stand still,7451.5
2 Monday,8.5,0- free flowing,138129
2 Monday,8.5,1 - light traffic,994
2 Monday,8.5,2 - medium traffic,6170
2 Monday,8.5,3 - heavy traffic,11490
2 Monday,8.5,4 - stand still,7696.5
2 Monday,9,0- free flowing,127446
2 Monday,9,1 - light traffic,734
2 Monday,9,2 - medium traffic,3382.5
2 Monday,9,3 - heavy traffic,4698
2 Monday,9,4 - stand still,4795
2 Monday,9.5,0- free flowing,123569
2 Monday,9.5,1 - light traffic,148
2 Monday,9.5,2 - medium traffic,527.5
2 Monday,9.5,3 - heavy traffic,2511
2 Monday,9.5,4 - stand still,2320.5
2 Monday,10,0- free flowing,125528
2 Monday,10,1 - light traffic,170
2 Monday,10,2 - medium traffic,392.5
2 Monday,10,3 - heavy traffic,1455
2 Monday,10,4 - stand still,1872.5
2 Monday,10.5,0- free flowing,130679
2 Monday,10.5,1 - light traffic,120
2 Monday,10.5,2 - medium traffic,267.5
2 Monday,10.5,3 - heavy traffic,1062
2 Monday,10.5,4 - stand still,1463
2 Monday,11,0- free flowing,141945
2 Monday,11,1 - light traffic,196
2 Monday,11,2 - medium traffic,905
2 Monday,11,3 - heavy traffic,1893
2 Monday,11,4 - stand still,1673
2 Monday,11.5,0- free flowing,146021
2 Monday,11.5,1 - light traffic,578
2 Monday,11.5,2 - medium traffic,1587.5
2 Monday,11.5,3 - heavy traffic,4293
2 Monday,11.5,4 - stand still,1935.5
2 Monday,12,0- free flowing,154395
2 Monday,12,1 - light traffic,794
2 Monday,12,2 - medium traffic,2502.5
2 Monday,12,3 - heavy traffic,9846
2 Monday,12,4 - stand still,3948
2 Monday,12.5,0- free flowing,162239
2 Monday,12.5,1 - light traffic,1126
2 Monday,12.5,2 - medium traffic,4215
2 Monday,12.5,3 - heavy traffic,14748
2 Monday,12.5,4 - stand still,6300
2 Monday,13,0- free flowing,171288
2 Monday,13,1 - light traffic,1360
2 Monday,13,2 - medium traffic,7390
2 Monday,13,3 - heavy traffic,17715
2 Monday,13,4 - stand still,7304.5
2 Monday,13.5,0- free flowing,175040
2 Monday,13.5,1 - light traffic,1924
2 Monday,13.5,2 - medium traffic,9542.5
2 Monday,13.5,3 - heavy traffic,19725
2 Monday,13.5,4 - stand still,7952
2 Monday,14,0- free flowing,174111
2 Monday,14,1 - light traffic,1444
2 Monday,14,2 - medium traffic,12682.5
2 Monday,14,3 - heavy traffic,19821
2 Monday,14,4 - stand still,7028
2 Monday,14.5,0- free flowing,176302
2 Monday,14.5,1 - light traffic,2424
2 Monday,14.5,2 - medium traffic,13140
2 Monday,14.5,3 - heavy traffic,25422
2 Monday,14.5,4 - stand still,6727
2 Monday,15,0- free flowing,183735
2 Monday,15,1 - light traffic,2578
2 Monday,15,2 - medium traffic,13655
2 Monday,15,3 - heavy traffic,32556
2 Monday,15,4 - stand still,5449.5
2 Monday,15.5,0- free flowing,191121
2 Monday,15.5,1 - light traffic,3150
2 Monday,15.5,2 - medium traffic,19445
2 Monday,15.5,3 - heavy traffic,33141
2 Monday,15.5,4 - stand still,8879.5
2 Monday,16,0- free flowing,190981
2 Monday,16,1 - light traffic,3248
2 Monday,16,2 - medium traffic,26725
2 Monday,16,3 - heavy traffic,30909
2 Monday,16,4 - stand still,10510.5
2 Monday,16.5,0- free flowing,204807
2 Monday,16.5,1 - light traffic,2714
2 Monday,16.5,2 - medium traffic,29147.5
2 Monday,16.5,3 - heavy traffic,36798
2 Monday,16.5,4 - stand still,8365
2 Monday,17,0- free flowing,217618
2 Monday,17,1 - light traffic,2884
2 Monday,17,2 - medium traffic,30955
2 Monday,17,3 - heavy traffic,50274
2 Monday,17,4 - stand still,8921.5
2 Monday,17.5,0- free flowing,230156
2 Monday,17.5,1 - light traffic,3656
2 Monday,17.5,2 - medium traffic,33702.5
2 Monday,17.5,3 - heavy traffic,73803
2 Monday,17.5,4 - stand still,14619.5
2 Monday,18,0- free flowing,196262
2 Monday,18,1 - light traffic,3062
2 Monday,18,2 - medium traffic,21975
2 Monday,18,3 - heavy traffic,37863
2 Monday,18,4 - stand still,10164
2 Monday,18.5,0- free flowing,162234
2 Monday,18.5,1 - light traffic,1450
2 Monday,18.5,2 - medium traffic,9262.5
2 Monday,18.5,3 - heavy traffic,9111
2 Monday,18.5,4 - stand still,4427.5
2 Monday,19,0- free flowing,128679
2 Monday,19,1 - light traffic,510
2 Monday,19,2 - medium traffic,1957.5
2 Monday,19,3 - heavy traffic,2652
2 Monday,19,4 - stand still,2534
2 Monday,19.5,0- free flowing,110256
2 Monday,19.5,1 - light traffic,308
2 Monday,19.5,2 - medium traffic,502.5
2 Monday,19.5,3 - heavy traffic,1086
2 Monday,19.5,4 - stand still,3013.5
2 Monday,20,0- free flowing,96290
2 Monday,20,1 - light traffic,98
2 Monday,20,2 - medium traffic,467.5
2 Monday,20,3 - heavy traffic,519
2 Monday,20,4 - stand still,2355.5
2 Monday,20.5,0- free flowing,84435
2 Monday,20.5,1 - light traffic,226
2 Monday,20.5,2 - medium traffic,307.5
2 Monday,20.5,3 - heavy traffic,669
2 Monday,20.5,4 - stand still,1417.5
2 Monday,21,0- free flowing,74244
2 Monday,21,1 - light traffic,206
2 Monday,21,2 - medium traffic,157.5
2 Monday,21,3 - heavy traffic,717
2 Monday,21,4 - stand still,686
2 Monday,21.5,0- free flowing,64384
2 Monday,21.5,1 - light traffic,84
2 Monday,21.5,2 - medium traffic,370
2 Monday,21.5,3 - heavy traffic,1251
2 Monday,21.5,4 - stand still,2023
2 Monday,22,0- free flowing,52889
2 Monday,22,1 - light traffic,48
2 Monday,22,2 - medium traffic,85
2 Monday,22,3 - heavy traffic,1086
2 Monday,22,4 - stand still,2835
2 Monday,22.5,0- free flowing,45271
2 Monday,22.5,1 - light traffic,22
2 Monday,22.5,2 - medium traffic,167.5
2 Monday,22.5,3 - heavy traffic,756
2 Monday,22.5,4 - stand still,1522.5
2 Monday,23,0- free flowing,39554
2 Monday,23,1 - light traffic,30
2 Monday,23,2 - medium traffic,280
2 Monday,23,3 - heavy traffic,672
2 Monday,23,4 - stand still,1018.5
2 Monday,23.5,0- free flowing,35453
2 Monday,23.5,1 - light traffic,48
2 Monday,23.5,2 - medium traffic,172.5
2 Monday,23.5,3 - heavy traffic,552
2 Monday,23.5,4 - stand still,1393
2 Monday,24,0- free flowing,32217
2 Monday,24,1 - light traffic,58
2 Monday,24,2 - medium traffic,117.5
2 Monday,24,3 - heavy traffic,222
2 Monday,24,4 - stand still,1641.5
3 Tuesday,0.5,0- free flowing,26174
3 Tuesday,0.5,1 - light traffic,24
3 Tuesday,0.5,2 - medium traffic,72.5
3 Tuesday,0.5,3 - heavy traffic,264
3 Tuesday,0.5,4 - stand still,1267
3 Tuesday,1,0- free flowing,22072
3 Tuesday,1,1 - light traffic,56
3 Tuesday,1,2 - medium traffic,35
3 Tuesday,1,3 - heavy traffic,279
3 Tuesday,1,4 - stand still,903
3 Tuesday,1.5,0- free flowing,18199
3 Tuesday,1.5,1 - light traffic,28
3 Tuesday,1.5,2 - medium traffic,35
3 Tuesday,1.5,3 - heavy traffic,84
3 Tuesday,1.5,4 - stand still,521.5
3 Tuesday,2,0- free flowing,16087
3 Tuesday,2,1 - light traffic,48
3 Tuesday,2,2 - medium traffic,32.5
3 Tuesday,2,3 - heavy traffic,141
3 Tuesday,2,4 - stand still,360.5
3 Tuesday,2.5,0- free flowing,14680
3 Tuesday,2.5,1 - light traffic,40
3 Tuesday,2.5,2 - medium traffic,20
3 Tuesday,2.5,3 - heavy traffic,90
3 Tuesday,2.5,4 - stand still,451.5
3 Tuesday,3,0- free flowing,13946
3 Tuesday,3,1 - light traffic,10
3 Tuesday,3,2 - medium traffic,30
3 Tuesday,3,3 - heavy traffic,90
3 Tuesday,3,4 - stand still,192.5
3 Tuesday,3.5,0- free flowing,14251
3 Tuesday,3.5,1 - light traffic,16
3 Tuesday,3.5,2 - medium traffic,15
3 Tuesday,3.5,3 - heavy traffic,78
3 Tuesday,3.5,4 - stand still,126
3 Tuesday,4,0- free flowing,15244
3 Tuesday,4,1 - light traffic,16
3 Tuesday,4,2 - medium traffic,20
3 Tuesday,4,3 - heavy traffic,66
3 Tuesday,4,4 - stand still,192.5
3 Tuesday,4.5,0- free flowing,18070
3 Tuesday,4.5,1 - light traffic,16
3 Tuesday,4.5,2 - medium traffic,15
3 Tuesday,4.5,3 - heavy traffic,105
3 Tuesday,4.5,4 - stand still,182
3 Tuesday,5,0- free flowing,25490
3 Tuesday,5,1 - light traffic,10
3 Tuesday,5,2 - medium traffic,30
3 Tuesday,5,3 - heavy traffic,90
3 Tuesday,5,4 - stand still,231
3 Tuesday,5.5,0- free flowing,34704
3 Tuesday,5.5,1 - light traffic,20
3 Tuesday,5.5,2 - medium traffic,20
3 Tuesday,5.5,3 - heavy traffic,138
3 Tuesday,5.5,4 - stand still,301
3 Tuesday,6,0- free flowing,41892
3 Tuesday,6,1 - light traffic,12
3 Tuesday,6,2 - medium traffic,50
3 Tuesday,6,3 - heavy traffic,144
3 Tuesday,6,4 - stand still,143.5
3 Tuesday,6.5,0- free flowing,54226
3 Tuesday,6.5,1 - light traffic,8
3 Tuesday,6.5,2 - medium traffic,77.5
3 Tuesday,6.5,3 - heavy traffic,213
3 Tuesday,6.5,4 - stand still,350
3 Tuesday,7,0- free flowing,80852
3 Tuesday,7,1 - light traffic,80
3 Tuesday,7,2 - medium traffic,380
3 Tuesday,7,3 - heavy traffic,1101
3 Tuesday,7,4 - stand still,1064
3 Tuesday,7.5,0- free flowing,129750
3 Tuesday,7.5,1 - light traffic,1394
3 Tuesday,7.5,2 - medium traffic,6827.5
3 Tuesday,7.5,3 - heavy traffic,8802
3 Tuesday,7.5,4 - stand still,2894.5
3 Tuesday,8,0- free flowing,150073
3 Tuesday,8,1 - light traffic,1466
3 Tuesday,8,2 - medium traffic,13452.5
3 Tuesday,8,3 - heavy traffic,29157
3 Tuesday,8,4 - stand still,7444.5
3 Tuesday,8.5,0- free flowing,150146
3 Tuesday,8.5,1 - light traffic,1504
3 Tuesday,8.5,2 - medium traffic,8090
3 Tuesday,8.5,3 - heavy traffic,14385
3 Tuesday,8.5,4 - stand still,4725
3 Tuesday,9,0- free flowing,132758
3 Tuesday,9,1 - light traffic,844
3 Tuesday,9,2 - medium traffic,3905
3 Tuesday,9,3 - heavy traffic,6975
3 Tuesday,9,4 - stand still,5302.5
3 Tuesday,9.5,0- free flowing,121469
3 Tuesday,9.5,1 - light traffic,214
3 Tuesday,9.5,2 - medium traffic,1342.5
3 Tuesday,9.5,3 - heavy traffic,3435
3 Tuesday,9.5,4 - stand still,3825.5
3 Tuesday,10,0- free flowing,123423
3 Tuesday,10,1 - light traffic,210
3 Tuesday,10,2 - medium traffic,662.5
3 Tuesday,10,3 - heavy traffic,2553
3 Tuesday,10,4 - stand still,2177
3 Tuesday,10.5,0- free flowing,125667
3 Tuesday,10.5,1 - light traffic,218
3 Tuesday,10.5,2 - medium traffic,775
3 Tuesday,10.5,3 - heavy traffic,1839
3 Tuesday,10.5,4 - stand still,1813
3 Tuesday,11,0- free flowing,130651
3 Tuesday,11,1 - light traffic,150
3 Tuesday,11,2 - medium traffic,730
3 Tuesday,11,3 - heavy traffic,4017
3 Tuesday,11,4 - stand still,2282
3 Tuesday,11.5,0- free flowing,136939
3 Tuesday,11.5,1 - light traffic,282
3 Tuesday,11.5,2 - medium traffic,1092.5
3 Tuesday,11.5,3 - heavy traffic,5160
3 Tuesday,11.5,4 - stand still,2719.5
3 Tuesday,12,0- free flowing,143997
3 Tuesday,12,1 - light traffic,522
3 Tuesday,12,2 - medium traffic,2200
3 Tuesday,12,3 - heavy traffic,7074
3 Tuesday,12,4 - stand still,2565.5
3 Tuesday,12.5,0- free flowing,153230
3 Tuesday,12.5,1 - light traffic,972
3 Tuesday,12.5,2 - medium traffic,3377.5
3 Tuesday,12.5,3 - heavy traffic,9027
3 Tuesday,12.5,4 - stand still,3010
3 Tuesday,13,0- free flowing,152420
3 Tuesday,13,1 - light traffic,1078
3 Tuesday,13,2 - medium traffic,4765
3 Tuesday,13,3 - heavy traffic,12429
3 Tuesday,13,4 - stand still,3850
3 Tuesday,13.5,0- free flowing,152745
3 Tuesday,13.5,1 - light traffic,1050
3 Tuesday,13.5,2 - medium traffic,6240
3 Tuesday,13.5,3 - heavy traffic,16047
3 Tuesday,13.5,4 - stand still,4511.5
3 Tuesday,14,0- free flowing,144119
3 Tuesday,14,1 - light traffic,1624
3 Tuesday,14,2 - medium traffic,6550
3 Tuesday,14,3 - heavy traffic,16062
3 Tuesday,14,4 - stand still,5803
3 Tuesday,14.5,0- free flowing,156526
3 Tuesday,14.5,1 - light traffic,1896
3 Tuesday,14.5,2 - medium traffic,8010
3 Tuesday,14.5,3 - heavy traffic,18198
3 Tuesday,14.5,4 - stand still,6919.5
3 Tuesday,15,0- free flowing,165084
3 Tuesday,15,1 - light traffic,1756
3 Tuesday,15,2 - medium traffic,10602.5
3 Tuesday,15,3 - heavy traffic,18459
3 Tuesday,15,4 - stand still,8858.5
3 Tuesday,15.5,0- free flowing,175437
3 Tuesday,15.5,1 - light traffic,3980
3 Tuesday,15.5,2 - medium traffic,15650
3 Tuesday,15.5,3 - heavy traffic,19410
3 Tuesday,15.5,4 - stand still,10020.5
3 Tuesday,16,0- free flowing,179018
3 Tuesday,16,1 - light traffic,3254
3 Tuesday,16,2 - medium traffic,26615
3 Tuesday,16,3 - heavy traffic,24504
3 Tuesday,16,4 - stand still,10489.5
3 Tuesday,16.5,0- free flowing,193469
3 Tuesday,16.5,1 - light traffic,2204
3 Tuesday,16.5,2 - medium traffic,31137.5
3 Tuesday,16.5,3 - heavy traffic,32409
3 Tuesday,16.5,4 - stand still,12334
3 Tuesday,17,0- free flowing,204051
3 Tuesday,17,1 - light traffic,2918
3 Tuesday,17,2 - medium traffic,31977.5
3 Tuesday,17,3 - heavy traffic,45294
3 Tuesday,17,4 - stand still,14532
3 Tuesday,17.5,0- free flowing,216405
3 Tuesday,17.5,1 - light traffic,4328
3 Tuesday,17.5,2 - medium traffic,29567.5
3 Tuesday,17.5,3 - heavy traffic,79956
3 Tuesday,17.5,4 - stand still,22935.5
3 Tuesday,18,0- free flowing,187595
3 Tuesday,18,1 - light traffic,2434
3 Tuesday,18,2 - medium traffic,23580
3 Tuesday,18,3 - heavy traffic,41100
3 Tuesday,18,4 - stand still,12071.5
3 Tuesday,18.5,0- free flowing,157375
3 Tuesday,18.5,1 - light traffic,1702
3 Tuesday,18.5,2 - medium traffic,13802.5
3 Tuesday,18.5,3 - heavy traffic,11871
3 Tuesday,18.5,4 - stand still,6615
3 Tuesday,19,0- free flowing,120684
3 Tuesday,19,1 - light traffic,876
3 Tuesday,19,2 - medium traffic,2082.5
3 Tuesday,19,3 - heavy traffic,4863
3 Tuesday,19,4 - stand still,4319
3 Tuesday,19.5,0- free flowing,102096
3 Tuesday,19.5,1 - light traffic,402
3 Tuesday,19.5,2 - medium traffic,1255
3 Tuesday,19.5,3 - heavy traffic,1902
3 Tuesday,19.5,4 - stand still,2978.5
3 Tuesday,20,0- free flowing,86562
3 Tuesday,20,1 - light traffic,426
3 Tuesday,20,2 - medium traffic,602.5
3 Tuesday,20,3 - heavy traffic,948
3 Tuesday,20,4 - stand still,1771
3 Tuesday,20.5,0- free flowing,77575
3 Tuesday,20.5,1 - light traffic,214
3 Tuesday,20.5,2 - medium traffic,282.5
3 Tuesday,20.5,3 - heavy traffic,804
3 Tuesday,20.5,4 - stand still,1323
3 Tuesday,21,0- free flowing,69483
3 Tuesday,21,1 - light traffic,352
3 Tuesday,21,2 - medium traffic,432.5
3 Tuesday,21,3 - heavy traffic,924
3 Tuesday,21,4 - stand still,1403.5
3 Tuesday,21.5,0- free flowing,59326
3 Tuesday,21.5,1 - light traffic,98
3 Tuesday,21.5,2 - medium traffic,210
3 Tuesday,21.5,3 - heavy traffic,1545
3 Tuesday,21.5,4 - stand still,2425.5
3 Tuesday,22,0- free flowing,48653
3 Tuesday,22,1 - light traffic,32
3 Tuesday,22,2 - medium traffic,285
3 Tuesday,22,3 - heavy traffic,1107
3 Tuesday,22,4 - stand still,2751
3 Tuesday,22.5,0- free flowing,44244
3 Tuesday,22.5,1 - light traffic,24
3 Tuesday,22.5,2 - medium traffic,252.5
3 Tuesday,22.5,3 - heavy traffic,1035
3 Tuesday,22.5,4 - stand still,1960
3 Tuesday,23,0- free flowing,39320
3 Tuesday,23,1 - light traffic,32
3 Tuesday,23,2 - medium traffic,220
3 Tuesday,23,3 - heavy traffic,969
3 Tuesday,23,4 - stand still,1571.5
3 Tuesday,23.5,0- free flowing,34882
3 Tuesday,23.5,1 - light traffic,20
3 Tuesday,23.5,2 - medium traffic,250
3 Tuesday,23.5,3 - heavy traffic,669
3 Tuesday,23.5,4 - stand still,749
3 Tuesday,24,0- free flowing,29472
3 Tuesday,24,1 - light traffic,48
3 Tuesday,24,2 - medium traffic,95
3 Tuesday,24,3 - heavy traffic,405
3 Tuesday,24,4 - stand still,819
4 Wednesday,0.5,0- free flowing,25411
4 Wednesday,0.5,1 - light traffic,46
4 Wednesday,0.5,2 - medium traffic,65
4 Wednesday,0.5,3 - heavy traffic,177
4 Wednesday,0.5,4 - stand still,392
4 Wednesday,1,0- free flowing,21305
4 Wednesday,1,1 - light traffic,42
4 Wednesday,1,2 - medium traffic,52.5
4 Wednesday,1,3 - heavy traffic,138
4 Wednesday,1,4 - stand still,462
4 Wednesday,1.5,0- free flowing,17636
4 Wednesday,1.5,1 - light traffic,42
4 Wednesday,1.5,2 - medium traffic,52.5
4 Wednesday,1.5,3 - heavy traffic,99
4 Wednesday,1.5,4 - stand still,360.5
4 Wednesday,2,0- free flowing,15437
4 Wednesday,2,1 - light traffic,28
4 Wednesday,2,2 - medium traffic,22.5
4 Wednesday,2,3 - heavy traffic,72
4 Wednesday,2,4 - stand still,224
4 Wednesday,2.5,0- free flowing,14315
4 Wednesday,2.5,1 - light traffic,16
4 Wednesday,2.5,2 - medium traffic,15
4 Wednesday,2.5,3 - heavy traffic,39
4 Wednesday,2.5,4 - stand still,308
4 Wednesday,3,0- free flowing,13849
4 Wednesday,3,1 - light traffic,16
4 Wednesday,3,2 - medium traffic,20
4 Wednesday,3,3 - heavy traffic,48
4 Wednesday,3,4 - stand still,210
4 Wednesday,3.5,0- free flowing,13512
4 Wednesday,3.5,1 - light traffic,18
4 Wednesday,3.5,2 - medium traffic,42.5
4 Wednesday,3.5,3 - heavy traffic,36
4 Wednesday,3.5,4 - stand still,297.5
4 Wednesday,4,0- free flowing,14917
4 Wednesday,4,1 - light traffic,6
4 Wednesday,4,2 - medium traffic,35
4 Wednesday,4,3 - heavy traffic,87
4 Wednesday,4,4 - stand still,143.5
4 Wednesday,4.5,0- free flowing,18254
4 Wednesday,4.5,1 - light traffic,8
4 Wednesday,4.5,2 - medium traffic,20
4 Wednesday,4.5,3 - heavy traffic,105
4 Wednesday,4.5,4 - stand still,35
4 Wednesday,5,0- free flowing,24230
4 Wednesday,5,1 - light traffic,26
4 Wednesday,5,2 - medium traffic,35
4 Wednesday,5,3 - heavy traffic,99
4 Wednesday,5,4 - stand still,164.5
4 Wednesday,5.5,0- free flowing,32705
4 Wednesday,5.5,1 - light traffic,8
4 Wednesday,5.5,2 - medium traffic,42.5
4 Wednesday,5.5,3 - heavy traffic,252
4 Wednesday,5.5,4 - stand still,336
4 Wednesday,6,0- free flowing,39562
4 Wednesday,6,1 - light traffic,10
4 Wednesday,6,2 - medium traffic,75
4 Wednesday,6,3 - heavy traffic,237
4 Wednesday,6,4 - stand still,423.5
4 Wednesday,6.5,0- free flowing,52309
4 Wednesday,6.5,1 - light traffic,26
4 Wednesday,6.5,2 - medium traffic,132.5
4 Wednesday,6.5,3 - heavy traffic,246
4 Wednesday,6.5,4 - stand still,553
4 Wednesday,7,0- free flowing,74206
4 Wednesday,7,1 - light traffic,82
4 Wednesday,7,2 - medium traffic,550
4 Wednesday,7,3 - heavy traffic,1038
4 Wednesday,7,4 - stand still,1295
4 Wednesday,7.5,0- free flowing,119512
4 Wednesday,7.5,1 - light traffic,1198
4 Wednesday,7.5,2 - medium traffic,7477.5
4 Wednesday,7.5,3 - heavy traffic,7203
4 Wednesday,7.5,4 - stand still,2047.5
4 Wednesday,8,0- free flowing,143684
4 Wednesday,8,1 - light traffic,1906
4 Wednesday,8,2 - medium traffic,12857.5
4 Wednesday,8,3 - heavy traffic,28356
4 Wednesday,8,4 - stand still,7903
4 Wednesday,8.5,0- free flowing,147000
4 Wednesday,8.5,1 - light traffic,1630
4 Wednesday,8.5,2 - medium traffic,8360
4 Wednesday,8.5,3 - heavy traffic,16452
4 Wednesday,8.5,4 - stand still,6156.5
4 Wednesday,9,0- free flowing,129539
4 Wednesday,9,1 - light traffic,900
4 Wednesday,9,2 - medium traffic,4230
4 Wednesday,9,3 - heavy traffic,8409
4 Wednesday,9,4 - stand still,4182.5
4 Wednesday,9.5,0- free flowing,123542
4 Wednesday,9.5,1 - light traffic,490
4 Wednesday,9.5,2 - medium traffic,2220
4 Wednesday,9.5,3 - heavy traffic,2691
4 Wednesday,9.5,4 - stand still,2789.5
4 Wednesday,10,0- free flowing,126279
4 Wednesday,10,1 - light traffic,310
4 Wednesday,10,2 - medium traffic,1497.5
4 Wednesday,10,3 - heavy traffic,2820
4 Wednesday,10,4 - stand still,1585.5
4 Wednesday,10.5,0- free flowing,128315
4 Wednesday,10.5,1 - light traffic,406
4 Wednesday,10.5,2 - medium traffic,1232.5
4 Wednesday,10.5,3 - heavy traffic,3447
4 Wednesday,10.5,4 - stand still,1421
4 Wednesday,11,0- free flowing,135487
4 Wednesday,11,1 - light traffic,714
4 Wednesday,11,2 - medium traffic,2235
4 Wednesday,11,3 - heavy traffic,4029
4 Wednesday,11,4 - stand still,4473
4 Wednesday,11.5,0- free flowing,143404
4 Wednesday,11.5,1 - light traffic,1104
4 Wednesday,11.5,2 - medium traffic,3937.5
4 Wednesday,11.5,3 - heavy traffic,6813
4 Wednesday,11.5,4 - stand still,5460
4 Wednesday,12,0- free flowing,151697
4 Wednesday,12,1 - light traffic,1010
4 Wednesday,12,2 - medium traffic,6585
4 Wednesday,12,3 - heavy traffic,11130
4 Wednesday,12,4 - stand still,6405
4 Wednesday,12.5,0- free flowing,160338
4 Wednesday,12.5,1 - light traffic,1430
4 Wednesday,12.5,2 - medium traffic,7520
4 Wednesday,12.5,3 - heavy traffic,17184
4 Wednesday,12.5,4 - stand still,6797
4 Wednesday,13,0- free flowing,160053
4 Wednesday,13,1 - light traffic,1664
4 Wednesday,13,2 - medium traffic,8392.5
4 Wednesday,13,3 - heavy traffic,15990
4 Wednesday,13,4 - stand still,9656.5
4 Wednesday,13.5,0- free flowing,164531
4 Wednesday,13.5,1 - light traffic,1472
4 Wednesday,13.5,2 - medium traffic,10362.5
4 Wednesday,13.5,3 - heavy traffic,16185
4 Wednesday,13.5,4 - stand still,10234
4 Wednesday,14,0- free flowing,165530
4 Wednesday,14,1 - light traffic,1880
4 Wednesday,14,2 - medium traffic,11555
4 Wednesday,14,3 - heavy traffic,17487
4 Wednesday,14,4 - stand still,9660
4 Wednesday,14.5,0- free flowing,170080
4 Wednesday,14.5,1 - light traffic,2522
4 Wednesday,14.5,2 - medium traffic,15722.5
4 Wednesday,14.5,3 - heavy traffic,22284
4 Wednesday,14.5,4 - stand still,11693.5
4 Wednesday,15,0- free flowing,177709
4 Wednesday,15,1 - light traffic,4372
4 Wednesday,15,2 - medium traffic,18550
4 Wednesday,15,3 - heavy traffic,25671
4 Wednesday,15,4 - stand still,15519
4 Wednesday,15.5,0- free flowing,186173
4 Wednesday,15.5,1 - light traffic,4940
4 Wednesday,15.5,2 - medium traffic,23405
4 Wednesday,15.5,3 - heavy traffic,36414
4 Wednesday,15.5,4 - stand still,13611.5
4 Wednesday,16,0- free flowing,179906
4 Wednesday,16,1 - light traffic,3836
4 Wednesday,16,2 - medium traffic,32017.5
4 Wednesday,16,3 - heavy traffic,35853
4 Wednesday,16,4 - stand still,11970
4 Wednesday,16.5,0- free flowing,198020
4 Wednesday,16.5,1 - light traffic,3056
4 Wednesday,16.5,2 - medium traffic,35260
4 Wednesday,16.5,3 - heavy traffic,47985
4 Wednesday,16.5,4 - stand still,15351
4 Wednesday,17,0- free flowing,211005
4 Wednesday,17,1 - light traffic,3494
4 Wednesday,17,2 - medium traffic,32812.5
4 Wednesday,17,3 - heavy traffic,69888
4 Wednesday,17,4 - stand still,17531.5
4 Wednesday,17.5,0- free flowing,222445
4 Wednesday,17.5,1 - light traffic,4416
4 Wednesday,17.5,2 - medium traffic,27660
4 Wednesday,17.5,3 - heavy traffic,107025
4 Wednesday,17.5,4 - stand still,21210
4 Wednesday,18,0- free flowing,195523
4 Wednesday,18,1 - light traffic,3248
4 Wednesday,18,2 - medium traffic,23672.5
4 Wednesday,18,3 - heavy traffic,61725
4 Wednesday,18,4 - stand still,12589.5
4 Wednesday,18.5,0- free flowing,157219
4 Wednesday,18.5,1 - light traffic,2070
4 Wednesday,18.5,2 - medium traffic,18830
4 Wednesday,18.5,3 - heavy traffic,17613
4 Wednesday,18.5,4 - stand still,7595
4 Wednesday,19,0- free flowing,122807
4 Wednesday,19,1 - light traffic,1230
4 Wednesday,19,2 - medium traffic,6010
4 Wednesday,19,3 - heavy traffic,5319
4 Wednesday,19,4 - stand still,5190.5
4 Wednesday,19.5,0- free flowing,103615
4 Wednesday,19.5,1 - light traffic,314
4 Wednesday,19.5,2 - medium traffic,1727.5
4 Wednesday,19.5,3 - heavy traffic,2997
4 Wednesday,19.5,4 - stand still,1974
4 Wednesday,20,0- free flowing,89719
4 Wednesday,20,1 - light traffic,108
4 Wednesday,20,2 - medium traffic,1807.5
4 Wednesday,20,3 - heavy traffic,975
4 Wednesday,20,4 - stand still,980
4 Wednesday,20.5,0- free flowing,80193
4 Wednesday,20.5,1 - light traffic,196
4 Wednesday,20.5,2 - medium traffic,360
4 Wednesday,20.5,3 - heavy traffic,1296
4 Wednesday,20.5,4 - stand still,1809.5
4 Wednesday,21,0- free flowing,71568
4 Wednesday,21,1 - light traffic,142
4 Wednesday,21,2 - medium traffic,330
4 Wednesday,21,3 - heavy traffic,1218
4 Wednesday,21,4 - stand still,1256.5
4 Wednesday,21.5,0- free flowing,64078
4 Wednesday,21.5,1 - light traffic,158
4 Wednesday,21.5,2 - medium traffic,660
4 Wednesday,21.5,3 - heavy traffic,1980
4 Wednesday,21.5,4 - stand still,2481.5
4 Wednesday,22,0- free flowing,51747
4 Wednesday,22,1 - light traffic,48
4 Wednesday,22,2 - medium traffic,337.5
4 Wednesday,22,3 - heavy traffic,1233
4 Wednesday,22,4 - stand still,2789.5
4 Wednesday,22.5,0- free flowing,45027
4 Wednesday,22.5,1 - light traffic,48
4 Wednesday,22.5,2 - medium traffic,377.5
4 Wednesday,22.5,3 - heavy traffic,1143
4 Wednesday,22.5,4 - stand still,2124.5
4 Wednesday,23,0- free flowing,40426
4 Wednesday,23,1 - light traffic,60
4 Wednesday,23,2 - medium traffic,307.5
4 Wednesday,23,3 - heavy traffic,1080
4 Wednesday,23,4 - stand still,1648.5
4 Wednesday,23.5,0- free flowing,36177
4 Wednesday,23.5,1 - light traffic,28
4 Wednesday,23.5,2 - medium traffic,237.5
4 Wednesday,23.5,3 - heavy traffic,1170
4 Wednesday,23.5,4 - stand still,1050
4 Wednesday,24,0- free flowing,29969
4 Wednesday,24,1 - light traffic,50
4 Wednesday,24,2 - medium traffic,122.5
4 Wednesday,24,3 - heavy traffic,504
4 Wednesday,24,4 - stand still,651
5 Thursday,0.5,0- free flowing,27580
5 Thursday,0.5,1 - light traffic,46
5 Thursday,0.5,2 - medium traffic,110
5 Thursday,0.5,3 - heavy traffic,465
5 Thursday,0.5,4 - stand still,675.5
5 Thursday,1,0- free flowing,22987
5 Thursday,1,1 - light traffic,32
5 Thursday,1,2 - medium traffic,75
5 Thursday,1,3 - heavy traffic,144
5 Thursday,1,4 - stand still,626.5
5 Thursday,1.5,0- free flowing,18733
5 Thursday,1.5,1 - light traffic,46
5 Thursday,1.5,2 - medium traffic,45
5 Thursday,1.5,3 - heavy traffic,135
5 Thursday,1.5,4 - stand still,336
5 Thursday,2,0- free flowing,16697
5 Thursday,2,1 - light traffic,34
5 Thursday,2,2 - medium traffic,32.5
5 Thursday,2,3 - heavy traffic,168
5 Thursday,2,4 - stand still,486.5
5 Thursday,2.5,0- free flowing,15635
5 Thursday,2.5,1 - light traffic,12
5 Thursday,2.5,2 - medium traffic,30
5 Thursday,2.5,3 - heavy traffic,84
5 Thursday,2.5,4 - stand still,273
5 Thursday,3,0- free flowing,14985
5 Thursday,3,1 - light traffic,16
5 Thursday,3,2 - medium traffic,42.5
5 Thursday,3,3 - heavy traffic,84
5 Thursday,3,4 - stand still,308
5 Thursday,3.5,0- free flowing,15317
5 Thursday,3.5,1 - light traffic,6
5 Thursday,3.5,2 - medium traffic,50
5 Thursday,3.5,3 - heavy traffic,144
5 Thursday,3.5,4 - stand still,385
5 Thursday,4,0- free flowing,15775
5 Thursday,4,1 - light traffic,8
5 Thursday,4,2 - medium traffic,22.5
5 Thursday,4,3 - heavy traffic,177
5 Thursday,4,4 - stand still,357
5 Thursday,4.5,0- free flowing,19254
5 Thursday,4.5,1 - light traffic,22
5 Thursday,4.5,2 - medium traffic,25
5 Thursday,4.5,3 - heavy traffic,129
5 Thursday,4.5,4 - stand still,378
5 Thursday,5,0- free flowing,25834
5 Thursday,5,1 - light traffic,16
5 Thursday,5,2 - medium traffic,50
5 Thursday,5,3 - heavy traffic,276
5 Thursday,5,4 - stand still,378
5 Thursday,5.5,0- free flowing,33354
5 Thursday,5.5,1 - light traffic,10
5 Thursday,5.5,2 - medium traffic,62.5
5 Thursday,5.5,3 - heavy traffic,258
5 Thursday,5.5,4 - stand still,483
5 Thursday,6,0- free flowing,39320
5 Thursday,6,1 - light traffic,22
5 Thursday,6,2 - medium traffic,35
5 Thursday,6,3 - heavy traffic,225
5 Thursday,6,4 - stand still,392
5 Thursday,6.5,0- free flowing,52096
5 Thursday,6.5,1 - light traffic,48
5 Thursday,6.5,2 - medium traffic,82.5
5 Thursday,6.5,3 - heavy traffic,249
5 Thursday,6.5,4 - stand still,315
5 Thursday,7,0- free flowing,75990
5 Thursday,7,1 - light traffic,80
5 Thursday,7,2 - medium traffic,397.5
5 Thursday,7,3 - heavy traffic,1275
5 Thursday,7,4 - stand still,1207.5
5 Thursday,7.5,0- free flowing,118377
5 Thursday,7.5,1 - light traffic,1390
5 Thursday,7.5,2 - medium traffic,6100
5 Thursday,7.5,3 - heavy traffic,8709
5 Thursday,7.5,4 - stand still,2243.5
5 Thursday,8,0- free flowing,144730
5 Thursday,8,1 - light traffic,1884
5 Thursday,8,2 - medium traffic,12435
5 Thursday,8,3 - heavy traffic,28377
5 Thursday,8,4 - stand still,6615
5 Thursday,8.5,0- free flowing,138345
5 Thursday,8.5,1 - light traffic,1356
5 Thursday,8.5,2 - medium traffic,8727.5
5 Thursday,8.5,3 - heavy traffic,12315
5 Thursday,8.5,4 - stand still,6653.5
5 Thursday,9,0- free flowing,128456
5 Thursday,9,1 - light traffic,714
5 Thursday,9,2 - medium traffic,4427.5
5 Thursday,9,3 - heavy traffic,7464
5 Thursday,9,4 - stand still,6419
5 Thursday,9.5,0- free flowing,123622
5 Thursday,9.5,1 - light traffic,470
5 Thursday,9.5,2 - medium traffic,1745
5 Thursday,9.5,3 - heavy traffic,3678
5 Thursday,9.5,4 - stand still,6258
5 Thursday,10,0- free flowing,123013
5 Thursday,10,1 - light traffic,380
5 Thursday,10,2 - medium traffic,1542.5
5 Thursday,10,3 - heavy traffic,3873
5 Thursday,10,4 - stand still,5488
5 Thursday,10.5,0- free flowing,129832
5 Thursday,10.5,1 - light traffic,958
5 Thursday,10.5,2 - medium traffic,2570
5 Thursday,10.5,3 - heavy traffic,2976
5 Thursday,10.5,4 - stand still,4522
5 Thursday,11,0- free flowing,138841
5 Thursday,11,1 - light traffic,982
5 Thursday,11,2 - medium traffic,5122.5
5 Thursday,11,3 - heavy traffic,4728
5 Thursday,11,4 - stand still,3416
5 Thursday,11.5,0- free flowing,149605
5 Thursday,11.5,1 - light traffic,1350
5 Thursday,11.5,2 - medium traffic,4557.5
5 Thursday,11.5,3 - heavy traffic,8454
5 Thursday,11.5,4 - stand still,5096
5 Thursday,12,0- free flowing,154406
5 Thursday,12,1 - light traffic,1990
5 Thursday,12,2 - medium traffic,6420
5 Thursday,12,3 - heavy traffic,11907
5 Thursday,12,4 - stand still,7189
5 Thursday,12.5,0- free flowing,166089
5 Thursday,12.5,1 - light traffic,1836
5 Thursday,12.5,2 - medium traffic,10455
5 Thursday,12.5,3 - heavy traffic,18921
5 Thursday,12.5,4 - stand still,7084
5 Thursday,13,0- free flowing,169736
5 Thursday,13,1 - light traffic,2696
5 Thursday,13,2 - medium traffic,11992.5
5 Thursday,13,3 - heavy traffic,23268
5 Thursday,13,4 - stand still,10073
5 Thursday,13.5,0- free flowing,171728
5 Thursday,13.5,1 - light traffic,3458
5 Thursday,13.5,2 - medium traffic,15747.5
5 Thursday,13.5,3 - heavy traffic,24066
5 Thursday,13.5,4 - stand still,9037
5 Thursday,14,0- free flowing,170604
5 Thursday,14,1 - light traffic,4162
5 Thursday,14,2 - medium traffic,17467.5
5 Thursday,14,3 - heavy traffic,24990
5 Thursday,14,4 - stand still,8991.5
5 Thursday,14.5,0- free flowing,169067
5 Thursday,14.5,1 - light traffic,3426
5 Thursday,14.5,2 - medium traffic,22655
5 Thursday,14.5,3 - heavy traffic,28218
5 Thursday,14.5,4 - stand still,7770
5 Thursday,15,0- free flowing,184252
5 Thursday,15,1 - light traffic,3976
5 Thursday,15,2 - medium traffic,27662.5
5 Thursday,15,3 - heavy traffic,36777
5 Thursday,15,4 - stand still,7854
5 Thursday,15.5,0- free flowing,190428
5 Thursday,15.5,1 - light traffic,4594
5 Thursday,15.5,2 - medium traffic,35315
5 Thursday,15.5,3 - heavy traffic,44886
5 Thursday,15.5,4 - stand still,10780
5 Thursday,16,0- free flowing,189586
5 Thursday,16,1 - light traffic,4186
5 Thursday,16,2 - medium traffic,44962.5
5 Thursday,16,3 - heavy traffic,56433
5 Thursday,16,4 - stand still,16250.5
5 Thursday,16.5,0- free flowing,213165
5 Thursday,16.5,1 - light traffic,4708
5 Thursday,16.5,2 - medium traffic,44735
5 Thursday,16.5,3 - heavy traffic,77379
5 Thursday,16.5,4 - stand still,18137
5 Thursday,17,0- free flowing,225074
5 Thursday,17,1 - light traffic,5482
5 Thursday,17,2 - medium traffic,39290
5 Thursday,17,3 - heavy traffic,104580
5 Thursday,17,4 - stand still,17132.5
5 Thursday,17.5,0- free flowing,238837
5 Thursday,17.5,1 - light traffic,6116
5 Thursday,17.5,2 - medium traffic,35947.5
5 Thursday,17.5,3 - heavy traffic,141195
5 Thursday,17.5,4 - stand still,24507
5 Thursday,18,0- free flowing,217863
5 Thursday,18,1 - light traffic,4568
5 Thursday,18,2 - medium traffic,37717.5
5 Thursday,18,3 - heavy traffic,74688
5 Thursday,18,4 - stand still,16852.5
5 Thursday,18.5,0- free flowing,176208
5 Thursday,18.5,1 - light traffic,3558
5 Thursday,18.5,2 - medium traffic,26675
5 Thursday,18.5,3 - heavy traffic,21570
5 Thursday,18.5,4 - stand still,9173.5
5 Thursday,19,0- free flowing,141750
5 Thursday,19,1 - light traffic,1510
5 Thursday,19,2 - medium traffic,7607.5
5 Thursday,19,3 - heavy traffic,7338
5 Thursday,19,4 - stand still,4546.5
5 Thursday,19.5,0- free flowing,120550
5 Thursday,19.5,1 - light traffic,658
5 Thursday,19.5,2 - medium traffic,2667.5
5 Thursday,19.5,3 - heavy traffic,2400
5 Thursday,19.5,4 - stand still,3010
5 Thursday,20,0- free flowing,106647
5 Thursday,20,1 - light traffic,352
5 Thursday,20,2 - medium traffic,1120
5 Thursday,20,3 - heavy traffic,1398
5 Thursday,20,4 - stand still,1669.5
5 Thursday,20.5,0- free flowing,94288
5 Thursday,20.5,1 - light traffic,192
5 Thursday,20.5,2 - medium traffic,715
5 Thursday,20.5,3 - heavy traffic,1548
5 Thursday,20.5,4 - stand still,1760.5
5 Thursday,21,0- free flowing,88447
5 Thursday,21,1 - light traffic,226
5 Thursday,21,2 - medium traffic,1135
5 Thursday,21,3 - heavy traffic,1965
5 Thursday,21,4 - stand still,1904
5 Thursday,21.5,0- free flowing,75537
5 Thursday,21.5,1 - light traffic,254
5 Thursday,21.5,2 - medium traffic,997.5
5 Thursday,21.5,3 - heavy traffic,3483
5 Thursday,21.5,4 - stand still,2943.5
5 Thursday,22,0- free flowing,62376
5 Thursday,22,1 - light traffic,142
5 Thursday,22,2 - medium traffic,707.5
5 Thursday,22,3 - heavy traffic,3039
5 Thursday,22,4 - stand still,3836
5 Thursday,22.5,0- free flowing,54016
5 Thursday,22.5,1 - light traffic,48
5 Thursday,22.5,2 - medium traffic,500
5 Thursday,22.5,3 - heavy traffic,1695
5 Thursday,22.5,4 - stand still,5687.5
5 Thursday,23,0- free flowing,47772
5 Thursday,23,1 - light traffic,94
5 Thursday,23,2 - medium traffic,717.5
5 Thursday,23,3 - heavy traffic,1512
5 Thursday,23,4 - stand still,4137
5 Thursday,23.5,0- free flowing,40738
5 Thursday,23.5,1 - light traffic,40
5 Thursday,23.5,2 - medium traffic,972.5
5 Thursday,23.5,3 - heavy traffic,1326
5 Thursday,23.5,4 - stand still,1302
5 Thursday,24,0- free flowing,32181
5 Thursday,24,1 - light traffic,50
5 Thursday,24,2 - medium traffic,267.5
5 Thursday,24,3 - heavy traffic,825
5 Thursday,24,4 - stand still,903
6 Friday,0.5,0- free flowing,32753
6 Friday,0.5,1 - light traffic,30
6 Friday,0.5,2 - medium traffic,102.5
6 Friday,0.5,3 - heavy traffic,462
6 Friday,0.5,4 - stand still,1484
6 Friday,1,0- free flowing,27714
6 Friday,1,1 - light traffic,30
6 Friday,1,2 - medium traffic,47.5
6 Friday,1,3 - heavy traffic,528
6 Friday,1,4 - stand still,966
6 Friday,1.5,0- free flowing,24071
6 Friday,1.5,1 - light traffic,38
6 Friday,1.5,2 - medium traffic,100
6 Friday,1.5,3 - heavy traffic,357
6 Friday,1.5,4 - stand still,630
6 Friday,2,0- free flowing,20469
6 Friday,2,1 - light traffic,22
6 Friday,2,2 - medium traffic,70
6 Friday,2,3 - heavy traffic,171
6 Friday,2,4 - stand still,385
6 Friday,2.5,0- free flowing,19342
6 Friday,2.5,1 - light traffic,14
6 Friday,2.5,2 - medium traffic,30
6 Friday,2.5,3 - heavy traffic,219
6 Friday,2.5,4 - stand still,290.5
6 Friday,3,0- free flowing,18582
6 Friday,3,1 - light traffic,30
6 Friday,3,2 - medium traffic,40
6 Friday,3,3 - heavy traffic,180
6 Friday,3,4 - stand still,483
6 Friday,3.5,0- free flowing,18578
6 Friday,3.5,1 - light traffic,16
6 Friday,3.5,2 - medium traffic,52.5
6 Friday,3.5,3 - heavy traffic,93
6 Friday,3.5,4 - stand still,518
6 Friday,4,0- free flowing,18802
6 Friday,4,1 - light traffic,8
6 Friday,4,2 - medium traffic,40
6 Friday,4,3 - heavy traffic,78
6 Friday,4,4 - stand still,346.5
6 Friday,4.5,0- free flowing,21446
6 Friday,4.5,1 - light traffic,14
6 Friday,4.5,2 - medium traffic,42.5
6 Friday,4.5,3 - heavy traffic,132
6 Friday,4.5,4 - stand still,367.5
6 Friday,5,0- free flowing,26429
6 Friday,5,1 - light traffic,2
6 Friday,5,2 - medium traffic,65
6 Friday,5,3 - heavy traffic,105
6 Friday,5,4 - stand still,259
6 Friday,5.5,0- free flowing,33547
6 Friday,5.5,1 - light traffic,16
6 Friday,5.5,2 - medium traffic,52.5
6 Friday,5.5,3 - heavy traffic,108
6 Friday,5.5,4 - stand still,192.5
6 Friday,6,0- free flowing,37770
6 Friday,6,1 - light traffic,16
6 Friday,6,2 - medium traffic,35
6 Friday,6,3 - heavy traffic,102
6 Friday,6,4 - stand still,196
6 Friday,6.5,0- free flowing,50131
6 Friday,6.5,1 - light traffic,6
6 Friday,6.5,2 - medium traffic,32.5
6 Friday,6.5,3 - heavy traffic,189
6 Friday,6.5,4 - stand still,290.5
6 Friday,7,0- free flowing,70615
6 Friday,7,1 - light traffic,62
6 Friday,7,2 - medium traffic,265
6 Friday,7,3 - heavy traffic,789
6 Friday,7,4 - stand still,920.5
6 Friday,7.5,0- free flowing,108808
6 Friday,7.5,1 - light traffic,634
6 Friday,7.5,2 - medium traffic,3077.5
6 Friday,7.5,3 - heavy traffic,3513
6 Friday,7.5,4 - stand still,2145.5
6 Friday,8,0- free flowing,136732
6 Friday,8,1 - light traffic,1344
6 Friday,8,2 - medium traffic,9195
6 Friday,8,3 - heavy traffic,12936
6 Friday,8,4 - stand still,5064.5
6 Friday,8.5,0- free flowing,137207
6 Friday,8.5,1 - light traffic,916
6 Friday,8.5,2 - medium traffic,4020
6 Friday,8.5,3 - heavy traffic,6306
6 Friday,8.5,4 - stand still,5138
6 Friday,9,0- free flowing,126820
6 Friday,9,1 - light traffic,488
6 Friday,9,2 - medium traffic,1975
6 Friday,9,3 - heavy traffic,4476
6 Friday,9,4 - stand still,4371.5
6 Friday,9.5,0- free flowing,126454
6 Friday,9.5,1 - light traffic,282
6 Friday,9.5,2 - medium traffic,1452.5
6 Friday,9.5,3 - heavy traffic,3069
6 Friday,9.5,4 - stand still,4140.5
6 Friday,10,0- free flowing,132776
6 Friday,10,1 - light traffic,354
6 Friday,10,2 - medium traffic,2295
6 Friday,10,3 - heavy traffic,4053
6 Friday,10,4 - stand still,3930.5
6 Friday,10.5,0- free flowing,141334
6 Friday,10.5,1 - light traffic,528
6 Friday,10.5,2 - medium traffic,3492.5
6 Friday,10.5,3 - heavy traffic,4539
6 Friday,10.5,4 - stand still,4595.5
6 Friday,11,0- free flowing,152048
6 Friday,11,1 - light traffic,1226
6 Friday,11,2 - medium traffic,5305
6 Friday,11,3 - heavy traffic,9036
6 Friday,11,4 - stand still,5085.5
6 Friday,11.5,0- free flowing,168215
6 Friday,11.5,1 - light traffic,2112
6 Friday,11.5,2 - medium traffic,9450
6 Friday,11.5,3 - heavy traffic,18477
6 Friday,11.5,4 - stand still,6454
6 Friday,12,0- free flowing,177984
6 Friday,12,1 - light traffic,3248
6 Friday,12,2 - medium traffic,15892.5
6 Friday,12,3 - heavy traffic,29289
6 Friday,12,4 - stand still,7413
6 Friday,12.5,0- free flowing,184091
6 Friday,12.5,1 - light traffic,4430
6 Friday,12.5,2 - medium traffic,22542.5
6 Friday,12.5,3 - heavy traffic,39189
6 Friday,12.5,4 - stand still,11004
6 Friday,13,0- free flowing,198853
6 Friday,13,1 - light traffic,4838
6 Friday,13,2 - medium traffic,31370
6 Friday,13,3 - heavy traffic,49443
6 Friday,13,4 - stand still,15918
6 Friday,13.5,0- free flowing,202346
6 Friday,13.5,1 - light traffic,6364
6 Friday,13.5,2 - medium traffic,36447.5
6 Friday,13.5,3 - heavy traffic,59589
6 Friday,13.5,4 - stand still,21780.5
6 Friday,14,0- free flowing,207027
6 Friday,14,1 - light traffic,5842
6 Friday,14,2 - medium traffic,45895
6 Friday,14,3 - heavy traffic,67455
6 Friday,14,4 - stand still,22214.5
6 Friday,14.5,0- free flowing,212206
6 Friday,14.5,1 - light traffic,5816
6 Friday,14.5,2 - medium traffic,56710
6 Friday,14.5,3 - heavy traffic,75531
6 Friday,14.5,4 - stand still,22550.5
6 Friday,15,0- free flowing,223407
6 Friday,15,1 - light traffic,6882
6 Friday,15,2 - medium traffic,62482.5
6 Friday,15,3 - heavy traffic,94977
6 Friday,15,4 - stand still,21441
6 Friday,15.5,0- free flowing,236247
6 Friday,15.5,1 - light traffic,5812
6 Friday,15.5,2 - medium traffic,62157.5
6 Friday,15.5,3 - heavy traffic,122472
6 Friday,15.5,4 - stand still,30383.5
6 Friday,16,0- free flowing,246240
6 Friday,16,1 - light traffic,5928
6 Friday,16,2 - medium traffic,64017.5
6 Friday,16,3 - heavy traffic,139776
6 Friday,16,4 - stand still,39662
6 Friday,16.5,0- free flowing,270121
6 Friday,16.5,1 - light traffic,5528
6 Friday,16.5,2 - medium traffic,64097.5
6 Friday,16.5,3 - heavy traffic,148086
6 Friday,16.5,4 - stand still,41779.5
6 Friday,17,0- free flowing,263290
6 Friday,17,1 - light traffic,6618
6 Friday,17,2 - medium traffic,56817.5
6 Friday,17,3 - heavy traffic,154485
6 Friday,17,4 - stand still,47586
6 Friday,17.5,0- free flowing,261532
6 Friday,17.5,1 - light traffic,6516
6 Friday,17.5,2 - medium traffic,58147.5
6 Friday,17.5,3 - heavy traffic,144129
6 Friday,17.5,4 - stand still,49147
6 Friday,18,0- free flowing,242767
6 Friday,18,1 - light traffic,6510
6 Friday,18,2 - medium traffic,55347.5
6 Friday,18,3 - heavy traffic,89223
6 Friday,18,4 - stand still,41317.5
6 Friday,18.5,0- free flowing,222498
6 Friday,18.5,1 - light traffic,6384
6 Friday,18.5,2 - medium traffic,39832.5
6 Friday,18.5,3 - heavy traffic,49266
6 Friday,18.5,4 - stand still,34209
6 Friday,19,0- free flowing,193593
6 Friday,19,1 - light traffic,4192
6 Friday,19,2 - medium traffic,26067.5
6 Friday,19,3 - heavy traffic,27258
6 Friday,19,4 - stand still,27881
6 Friday,19.5,0- free flowing,174188
6 Friday,19.5,1 - light traffic,2754
6 Friday,19.5,2 - medium traffic,16660
6 Friday,19.5,3 - heavy traffic,20121
6 Friday,19.5,4 - stand still,19778.5
6 Friday,20,0- free flowing,150693
6 Friday,20,1 - light traffic,1518
6 Friday,20,2 - medium traffic,12777.5
6 Friday,20,3 - heavy traffic,13041
6 Friday,20,4 - stand still,13016.5
6 Friday,20.5,0- free flowing,136907
6 Friday,20.5,1 - light traffic,1012
6 Friday,20.5,2 - medium traffic,7282.5
6 Friday,20.5,3 - heavy traffic,8679
6 Friday,20.5,4 - stand still,9940
6 Friday,21,0- free flowing,125233
6 Friday,21,1 - light traffic,608
6 Friday,21,2 - medium traffic,6692.5
6 Friday,21,3 - heavy traffic,9726
6 Friday,21,4 - stand still,7143.5
6 Friday,21.5,0- free flowing,114845
6 Friday,21.5,1 - light traffic,1104
6 Friday,21.5,2 - medium traffic,5510
6 Friday,21.5,3 - heavy traffic,6267
6 Friday,21.5,4 - stand still,5190.5
6 Friday,22,0- free flowing,96794
6 Friday,22,1 - light traffic,460
6 Friday,22,2 - medium traffic,3487.5
6 Friday,22,3 - heavy traffic,3333
6 Friday,22,4 - stand still,4504.5
6 Friday,22.5,0- free flowing,83188
6 Friday,22.5,1 - light traffic,594
6 Friday,22.5,2 - medium traffic,1625
6 Friday,22.5,3 - heavy traffic,2421
6 Friday,22.5,4 - stand still,2075.5
6 Friday,23,0- free flowing,69431
6 Friday,23,1 - light traffic,62
6 Friday,23,2 - medium traffic,182.5
6 Friday,23,3 - heavy traffic,606
6 Friday,23,4 - stand still,1218
6 Friday,23.5,0- free flowing,55813
6 Friday,23.5,1 - light traffic,34
6 Friday,23.5,2 - medium traffic,60
6 Friday,23.5,3 - heavy traffic,204
6 Friday,23.5,4 - stand still,864.5
6 Friday,24,0- free flowing,39533
6 Friday,24,1 - light traffic,24
6 Friday,24,2 - medium traffic,142.5
6 Friday,24,3 - heavy traffic,447
6 Friday,24,4 - stand still,1522.5
7 Saturday,0.5,0- free flowing,45385
7 Saturday,0.5,1 - light traffic,22
7 Saturday,0.5,2 - medium traffic,17.5
7 Saturday,0.5,3 - heavy traffic,54
7 Saturday,0.5,4 - stand still,542.5
7 Saturday,1,0- free flowing,36870
7 Saturday,1,1 - light traffic,14
7 Saturday,1,2 - medium traffic,20
7 Saturday,1,3 - heavy traffic,111
7 Saturday,1,4 - stand still,182
7 Saturday,1.5,0- free flowing,33000
7 Saturday,1.5,1 - light traffic,16
7 Saturday,1.5,2 - medium traffic,15
7 Saturday,1.5,3 - heavy traffic,90
7 Saturday,1.5,4 - stand still,143.5
7 Saturday,2,0- free flowing,29624
7 Saturday,2,1 - light traffic,16
7 Saturday,2,2 - medium traffic,22.5
7 Saturday,2,3 - heavy traffic,225
7 Saturday,2,4 - stand still,213.5
7 Saturday,2.5,0- free flowing,26280
7 Saturday,2.5,1 - light traffic,38
7 Saturday,2.5,2 - medium traffic,25
7 Saturday,2.5,3 - heavy traffic,60
7 Saturday,2.5,4 - stand still,206.5
7 Saturday,3,0- free flowing,23735
7 Saturday,3,1 - light traffic,2
7 Saturday,3,2 - medium traffic,17.5
7 Saturday,3,3 - heavy traffic,69
7 Saturday,3,4 - stand still,182
7 Saturday,3.5,0- free flowing,22440
7 Saturday,3.5,1 - light traffic,4
7 Saturday,3.5,2 - medium traffic,50
7 Saturday,3.5,3 - heavy traffic,93
7 Saturday,3.5,4 - stand still,154
7 Saturday,4,0- free flowing,20944
7 Saturday,4,1 - light traffic,24
7 Saturday,4,2 - medium traffic,7.5
7 Saturday,4,3 - heavy traffic,60
7 Saturday,4,4 - stand still,154
7 Saturday,4.5,0- free flowing,20898
7 Saturday,4.5,1 - light traffic,26
7 Saturday,4.5,2 - medium traffic,22.5
7 Saturday,4.5,3 - heavy traffic,96
7 Saturday,4.5,4 - stand still,178.5
7 Saturday,5,0- free flowing,23273
7 Saturday,5,1 - light traffic,8
7 Saturday,5,2 - medium traffic,22.5
7 Saturday,5,3 - heavy traffic,45
7 Saturday,5,4 - stand still,238
7 Saturday,5.5,0- free flowing,27472
7 Saturday,5.5,1 - light traffic,6
7 Saturday,5.5,2 - medium traffic,7.5
7 Saturday,5.5,3 - heavy traffic,57
7 Saturday,5.5,4 - stand still,311.5
7 Saturday,6,0- free flowing,32567
7 Saturday,6,1 - light traffic,8
7 Saturday,6,2 - medium traffic,25
7 Saturday,6,3 - heavy traffic,33
7 Saturday,6,4 - stand still,122.5
7 Saturday,6.5,0- free flowing,39058
7 Saturday,6.5,1 - light traffic,18
7 Saturday,6.5,2 - medium traffic,37.5
7 Saturday,6.5,3 - heavy traffic,156
7 Saturday,6.5,4 - stand still,234.5
7 Saturday,7,0- free flowing,42873
7 Saturday,7,1 - light traffic,28
7 Saturday,7,2 - medium traffic,67.5
7 Saturday,7,3 - heavy traffic,96
7 Saturday,7,4 - stand still,115.5
7 Saturday,7.5,0- free flowing,53319
7 Saturday,7.5,1 - light traffic,20
7 Saturday,7.5,2 - medium traffic,27.5
7 Saturday,7.5,3 - heavy traffic,279
7 Saturday,7.5,4 - stand still,189
7 Saturday,8,0- free flowing,67500
7 Saturday,8,1 - light traffic,44
7 Saturday,8,2 - medium traffic,105
7 Saturday,8,3 - heavy traffic,420
7 Saturday,8,4 - stand still,479.5
7 Saturday,8.5,0- free flowing,87838
7 Saturday,8.5,1 - light traffic,230
7 Saturday,8.5,2 - medium traffic,182.5
7 Saturday,8.5,3 - heavy traffic,792
7 Saturday,8.5,4 - stand still,945
7 Saturday,9,0- free flowing,97507
7 Saturday,9,1 - light traffic,312
7 Saturday,9,2 - medium traffic,307.5
7 Saturday,9,3 - heavy traffic,1716
7 Saturday,9,4 - stand still,1757
7 Saturday,9.5,0- free flowing,113977
7 Saturday,9.5,1 - light traffic,242
7 Saturday,9.5,2 - medium traffic,282.5
7 Saturday,9.5,3 - heavy traffic,2307
7 Saturday,9.5,4 - stand still,4144
7 Saturday,10,0- free flowing,134579
7 Saturday,10,1 - light traffic,562
7 Saturday,10,2 - medium traffic,1207.5
7 Saturday,10,3 - heavy traffic,4848
7 Saturday,10,4 - stand still,5617.5
7 Saturday,10.5,0- free flowing,147105
7 Saturday,10.5,1 - light traffic,628
7 Saturday,10.5,2 - medium traffic,3045
7 Saturday,10.5,3 - heavy traffic,7899
7 Saturday,10.5,4 - stand still,5915
7 Saturday,11,0- free flowing,159653
7 Saturday,11,1 - light traffic,778
7 Saturday,11,2 - medium traffic,4972.5
7 Saturday,11,3 - heavy traffic,15006
7 Saturday,11,4 - stand still,7759.5
7 Saturday,11.5,0- free flowing,172311
7 Saturday,11.5,1 - light traffic,1532
7 Saturday,11.5,2 - medium traffic,7085
7 Saturday,11.5,3 - heavy traffic,23760
7 Saturday,11.5,4 - stand still,9345
7 Saturday,12,0- free flowing,185514
7 Saturday,12,1 - light traffic,2068
7 Saturday,12,2 - medium traffic,9860
7 Saturday,12,3 - heavy traffic,28818
7 Saturday,12,4 - stand still,14444.5
7 Saturday,12.5,0- free flowing,195705
7 Saturday,12.5,1 - light traffic,2826
7 Saturday,12.5,2 - medium traffic,14042.5
7 Saturday,12.5,3 - heavy traffic,33273
7 Saturday,12.5,4 - stand still,18952.5
7 Saturday,13,0- free flowing,201623
7 Saturday,13,1 - light traffic,3042
7 Saturday,13,2 - medium traffic,16615
7 Saturday,13,3 - heavy traffic,38754
7 Saturday,13,4 - stand still,17395
7 Saturday,13.5,0- free flowing,201904
7 Saturday,13.5,1 - light traffic,2392
7 Saturday,13.5,2 - medium traffic,18022.5
7 Saturday,13.5,3 - heavy traffic,38973
7 Saturday,13.5,4 - stand still,15757
7 Saturday,14,0- free flowing,200443
7 Saturday,14,1 - light traffic,2376
7 Saturday,14,2 - medium traffic,16960
7 Saturday,14,3 - heavy traffic,36234
7 Saturday,14,4 - stand still,17010
7 Saturday,14.5,0- free flowing,196925
7 Saturday,14.5,1 - light traffic,3088
7 Saturday,14.5,2 - medium traffic,18702.5
7 Saturday,14.5,3 - heavy traffic,38589
7 Saturday,14.5,4 - stand still,15407
7 Saturday,15,0- free flowing,195388
7 Saturday,15,1 - light traffic,2872
7 Saturday,15,2 - medium traffic,20157.5
7 Saturday,15,3 - heavy traffic,34488
7 Saturday,15,4 - stand still,15778
7 Saturday,15.5,0- free flowing,194839
7 Saturday,15.5,1 - light traffic,2702
7 Saturday,15.5,2 - medium traffic,18927.5
7 Saturday,15.5,3 - heavy traffic,31128
7 Saturday,15.5,4 - stand still,15372
7 Saturday,16,0- free flowing,192067
7 Saturday,16,1 - light traffic,2228
7 Saturday,16,2 - medium traffic,15952.5
7 Saturday,16,3 - heavy traffic,29907
7 Saturday,16,4 - stand still,15221.5
7 Saturday,16.5,0- free flowing,188842
7 Saturday,16.5,1 - light traffic,2538
7 Saturday,16.5,2 - medium traffic,15922.5
7 Saturday,16.5,3 - heavy traffic,24399
7 Saturday,16.5,4 - stand still,12393.5
7 Saturday,17,0- free flowing,183792
7 Saturday,17,1 - light traffic,2564
7 Saturday,17,2 - medium traffic,14307.5
7 Saturday,17,3 - heavy traffic,19569
7 Saturday,17,4 - stand still,9838.5
7 Saturday,17.5,0- free flowing,180978
7 Saturday,17.5,1 - light traffic,2048
7 Saturday,17.5,2 - medium traffic,14885
7 Saturday,17.5,3 - heavy traffic,16665
7 Saturday,17.5,4 - stand still,7325.5
7 Saturday,18,0- free flowing,173386
7 Saturday,18,1 - light traffic,1948
7 Saturday,18,2 - medium traffic,10427.5
7 Saturday,18,3 - heavy traffic,12939
7 Saturday,18,4 - stand still,7784
7 Saturday,18.5,0- free flowing,163034
7 Saturday,18.5,1 - light traffic,1286
7 Saturday,18.5,2 - medium traffic,6055
7 Saturday,18.5,3 - heavy traffic,9534
7 Saturday,18.5,4 - stand still,6779.5
7 Saturday,19,0- free flowing,152805
7 Saturday,19,1 - light traffic,550
7 Saturday,19,2 - medium traffic,3830
7 Saturday,19,3 - heavy traffic,6333
7 Saturday,19,4 - stand still,6202
7 Saturday,19.5,0- free flowing,137779
7 Saturday,19.5,1 - light traffic,418
7 Saturday,19.5,2 - medium traffic,3090
7 Saturday,19.5,3 - heavy traffic,3849
7 Saturday,19.5,4 - stand still,4508
7 Saturday,20,0- free flowing,109817
7 Saturday,20,1 - light traffic,814
7 Saturday,20,2 - medium traffic,1342.5
7 Saturday,20,3 - heavy traffic,2223
7 Saturday,20,4 - stand still,4189.5
7 Saturday,20.5,0- free flowing,90022
7 Saturday,20.5,1 - light traffic,560
7 Saturday,20.5,2 - medium traffic,732.5
7 Saturday,20.5,3 - heavy traffic,1809
7 Saturday,20.5,4 - stand still,2299.5
7 Saturday,21,0- free flowing,96653
7 Saturday,21,1 - light traffic,84
7 Saturday,21,2 - medium traffic,207.5
7 Saturday,21,3 - heavy traffic,1470
7 Saturday,21,4 - stand still,2215.5
7 Saturday,21.5,0- free flowing,91047
7 Saturday,21.5,1 - light traffic,68
7 Saturday,21.5,2 - medium traffic,200
7 Saturday,21.5,3 - heavy traffic,981
7 Saturday,21.5,4 - stand still,1102.5
7 Saturday,22,0- free flowing,81966
7 Saturday,22,1 - light traffic,48
7 Saturday,22,2 - medium traffic,222.5
7 Saturday,22,3 - heavy traffic,600
7 Saturday,22,4 - stand still,766.5
7 Saturday,22.5,0- free flowing,72955
7 Saturday,22.5,1 - light traffic,22
7 Saturday,22.5,2 - medium traffic,90
7 Saturday,22.5,3 - heavy traffic,426
7 Saturday,22.5,4 - stand still,714
7 Saturday,23,0- free flowing,61113
7 Saturday,23,1 - light traffic,28
7 Saturday,23,2 - medium traffic,40
7 Saturday,23,3 - heavy traffic,336
7 Saturday,23,4 - stand still,332.5
7 Saturday,23.5,0- free flowing,51481
7 Saturday,23.5,1 - light traffic,2
7 Saturday,23.5,2 - medium traffic,57.5
7 Saturday,23.5,3 - heavy traffic,126
7 Saturday,23.5,4 - stand still,185.5
7 Saturday,24,0- free flowing,42075
7 Saturday,24,1 - light traffic,2
7 Saturday,24,2 - medium traffic,2.5
7 Saturday,24,3 - heavy traffic,159
7 Saturday,24,4 - stand still,549.5
