Day of Week,Time Half Hour,Traffic Level,Traffic Flow
1 Sunday,0.5,0- free flowing,42793
1 Sunday,0.5,1 - light traffic,22
1 Sunday,0.5,2 - medium traffic,2.5
1 Sunday,0.5,3 - heavy traffic,66
1 Sunday,0.5,4 - stand still,150.5
1 Sunday,1,0- free flowing,37905
1 Sunday,1,1 - light traffic,14
1 Sunday,1,2 - medium traffic,10
1 Sunday,1,3 - heavy traffic,99
1 Sunday,1,4 - stand still,122.5
1 Sunday,1.5,0- free flowing,32324
1 Sunday,1.5,1 - light traffic,8
1 Sunday,1.5,2 - medium traffic,5
1 Sunday,1.5,3 - heavy traffic,51
1 Sunday,1.5,4 - stand still,63
1 Sunday,2,0- free flowing,26447
1 Sunday,2,1 - light traffic,10
1 Sunday,2,2 - medium traffic,12.5
1 Sunday,2,3 - heavy traffic,36
1 Sunday,2,4 - stand still,66.5
1 Sunday,2.5,0- free flowing,22696
1 Sunday,2.5,1 - light traffic,2
1 Sunday,2.5,2 - medium traffic,0
1 Sunday,2.5,3 - heavy traffic,63
1 Sunday,2.5,4 - stand still,56
1 Sunday,3,0- free flowing,21240
1 Sunday,3,1 - light traffic,2
1 Sunday,3,2 - medium traffic,5
1 Sunday,3,3 - heavy traffic,30
1 Sunday,3,4 - stand still,80.5
1 Sunday,3.5,0- free flowing,18923
1 Sunday,3.5,1 - light traffic,4
1 Sunday,3.5,2 - medium traffic,10
1 Sunday,3.5,3 - heavy traffic,36
1 Sunday,3.5,4 - stand still,31.5
1 Sunday,4,0- free flowing,16497
1 Sunday,4,1 - light traffic,6
1 Sunday,4,2 - medium traffic,12.5
1 Sunday,4,3 - heavy traffic,63
1 Sunday,4,4 - stand still,31.5
1 Sunday,4.5,0- free flowing,16033
1 Sunday,4.5,1 - light traffic,12
1 Sunday,4.5,2 - medium traffic,7.5
1 Sunday,4.5,3 - heavy traffic,21
1 Sunday,4.5,4 - stand still,126
1 Sunday,5,0- free flowing,17182
1 Sunday,5,1 - light traffic,14
1 Sunday,5,2 - medium traffic,15
1 Sunday,5,3 - heavy traffic,51
1 Sunday,5,4 - stand still,98
1 Sunday,5.5,0- free flowing,19919
1 Sunday,5.5,1 - light traffic,14
1 Sunday,5.5,2 - medium traffic,5
1 Sunday,5.5,3 - heavy traffic,54
1 Sunday,5.5,4 - stand still,52.5
1 Sunday,6,0- free flowing,24513
1 Sunday,6,1 - light traffic,4
1 Sunday,6,2 - medium traffic,20
1 Sunday,6,3 - heavy traffic,84
1 Sunday,6,4 - stand still,360.5
1 Sunday,6.5,0- free flowing,31276
1 Sunday,6.5,1 - light traffic,10
1 Sunday,6.5,2 - medium traffic,12.5
1 Sunday,6.5,3 - heavy traffic,72
1 Sunday,6.5,4 - stand still,70
1 Sunday,7,0- free flowing,34934
1 Sunday,7,1 - light traffic,14
1 Sunday,7,2 - medium traffic,20
1 Sunday,7,3 - heavy traffic,90
1 Sunday,7,4 - stand still,140
1 Sunday,7.5,0- free flowing,39831
1 Sunday,7.5,1 - light traffic,10
1 Sunday,7.5,2 - medium traffic,45
1 Sunday,7.5,3 - heavy traffic,162
1 Sunday,7.5,4 - stand still,402.5
1 Sunday,8,0- free flowing,45435
1 Sunday,8,1 - light traffic,4
1 Sunday,8,2 - medium traffic,110
1 Sunday,8,3 - heavy traffic,105
1 Sunday,8,4 - stand still,1435
1 Sunday,8.5,0- free flowing,57613
1 Sunday,8.5,1 - light traffic,8
1 Sunday,8.5,2 - medium traffic,62.5
1 Sunday,8.5,3 - heavy traffic,321
1 Sunday,8.5,4 - stand still,2453.5
1 Sunday,9,0- free flowing,75302
1 Sunday,9,1 - light traffic,30
1 Sunday,9,2 - medium traffic,415
1 Sunday,9,3 - heavy traffic,441
1 Sunday,9,4 - stand still,2558.5
1 Sunday,9.5,0- free flowing,93069
1 Sunday,9.5,1 - light traffic,52
1 Sunday,9.5,2 - medium traffic,435
1 Sunday,9.5,3 - heavy traffic,1362
1 Sunday,9.5,4 - stand still,2572.5
1 Sunday,10,0- free flowing,105592
1 Sunday,10,1 - light traffic,52
1 Sunday,10,2 - medium traffic,347.5
1 Sunday,10,3 - heavy traffic,2361
1 Sunday,10,4 - stand still,4210.5
1 Sunday,10.5,0- free flowing,135986
1 Sunday,10.5,1 - light traffic,328
1 Sunday,10.5,2 - medium traffic,1065
1 Sunday,10.5,3 - heavy traffic,4074
1 Sunday,10.5,4 - stand still,7119
1 Sunday,11,0- free flowing,153834
1 Sunday,11,1 - light traffic,630
1 Sunday,11,2 - medium traffic,2895
1 Sunday,11,3 - heavy traffic,8331
1 Sunday,11,4 - stand still,7959
1 Sunday,11.5,0- free flowing,163268
1 Sunday,11.5,1 - light traffic,716
1 Sunday,11.5,2 - medium traffic,4197.5
1 Sunday,11.5,3 - heavy traffic,14181
1 Sunday,11.5,4 - stand still,10615.5
1 Sunday,12,0- free flowing,179309
1 Sunday,12,1 - light traffic,1544
1 Sunday,12,2 - medium traffic,6647.5
1 Sunday,12,3 - heavy traffic,20442
1 Sunday,12,4 - stand still,13051.5
1 Sunday,12.5,0- free flowing,200536
1 Sunday,12.5,1 - light traffic,3240
1 Sunday,12.5,2 - medium traffic,11210
1 Sunday,12.5,3 - heavy traffic,30534
1 Sunday,12.5,4 - stand still,14213.5
1 Sunday,13,0- free flowing,207719
1 Sunday,13,1 - light traffic,5130
1 Sunday,13,2 - medium traffic,23082.5
1 Sunday,13,3 - heavy traffic,42579
1 Sunday,13,4 - stand still,19743.5
1 Sunday,13.5,0- free flowing,203473
1 Sunday,13.5,1 - light traffic,5334
1 Sunday,13.5,2 - medium traffic,32265
1 Sunday,13.5,3 - heavy traffic,41820
1 Sunday,13.5,4 - stand still,19950
1 Sunday,14,0- free flowing,205368
1 Sunday,14,1 - light traffic,5470
1 Sunday,14,2 - medium traffic,32392.5
1 Sunday,14,3 - heavy traffic,44649
1 Sunday,14,4 - stand still,25336.5
1 Sunday,14.5,0- free flowing,206753
1 Sunday,14.5,1 - light traffic,5316
1 Sunday,14.5,2 - medium traffic,33680
1 Sunday,14.5,3 - heavy traffic,51117
1 Sunday,14.5,4 - stand still,27303.5
1 Sunday,15,0- free flowing,214335
1 Sunday,15,1 - light traffic,4750
1 Sunday,15,2 - medium traffic,34465
1 Sunday,15,3 - heavy traffic,54327
1 Sunday,15,4 - stand still,27380.5
1 Sunday,15.5,0- free flowing,208864
1 Sunday,15.5,1 - light traffic,4228
1 Sunday,15.5,2 - medium traffic,34640
1 Sunday,15.5,3 - heavy traffic,51600
1 Sunday,15.5,4 - stand still,25067
1 Sunday,16,0- free flowing,206148
1 Sunday,16,1 - light traffic,4362
1 Sunday,16,2 - medium traffic,36665
1 Sunday,16,3 - heavy traffic,50211
1 Sunday,16,4 - stand still,21787.5
1 Sunday,16.5,0- free flowing,205259
1 Sunday,16.5,1 - light traffic,3910
1 Sunday,16.5,2 - medium traffic,40415
1 Sunday,16.5,3 - heavy traffic,45198
1 Sunday,16.5,4 - stand still,19890.5
1 Sunday,17,0- free flowing,199997
1 Sunday,17,1 - light traffic,5046
1 Sunday,17,2 - medium traffic,35047.5
1 Sunday,17,3 - heavy traffic,40740
1 Sunday,17,4 - stand still,16324
1 Sunday,17.5,0- free flowing,191717
1 Sunday,17.5,1 - light traffic,3546
1 Sunday,17.5,2 - medium traffic,25792.5
1 Sunday,17.5,3 - heavy traffic,34251
1 Sunday,17.5,4 - stand still,15876
1 Sunday,18,0- free flowing,175985
1 Sunday,18,1 - light traffic,2664
1 Sunday,18,2 - medium traffic,20182.5
1 Sunday,18,3 - heavy traffic,24573
1 Sunday,18,4 - stand still,11599
1 Sunday,18.5,0- free flowing,166039
1 Sunday,18.5,1 - light traffic,2196
1 Sunday,18.5,2 - medium traffic,14072.5
1 Sunday,18.5,3 - heavy traffic,18465
1 Sunday,18.5,4 - stand still,7311.5
1 Sunday,19,0- free flowing,146183
1 Sunday,19,1 - light traffic,1020
1 Sunday,19,2 - medium traffic,9862.5
1 Sunday,19,3 - heavy traffic,11988
1 Sunday,19,4 - stand still,7150.5
1 Sunday,19.5,0- free flowing,134380
1 Sunday,19.5,1 - light traffic,822
1 Sunday,19.5,2 - medium traffic,4995
1 Sunday,19.5,3 - heavy traffic,9978
1 Sunday,19.5,4 - stand still,6429.5
1 Sunday,20,0- free flowing,114779
1 Sunday,20,1 - light traffic,772
1 Sunday,20,2 - medium traffic,4765
1 Sunday,20,3 - heavy traffic,4416
1 Sunday,20,4 - stand still,3416
1 Sunday,20.5,0- free flowing,103097
1 Sunday,20.5,1 - light traffic,440
1 Sunday,20.5,2 - medium traffic,2572.5
1 Sunday,20.5,3 - heavy traffic,2682
1 Sunday,20.5,4 - stand still,2810.5
1 Sunday,21,0- free flowing,91053
1 Sunday,21,1 - light traffic,454
1 Sunday,21,2 - medium traffic,1337.5
1 Sunday,21,3 - heavy traffic,2124
1 Sunday,21,4 - stand still,1981
1 Sunday,21.5,0- free flowing,77147
1 Sunday,21.5,1 - light traffic,248
1 Sunday,21.5,2 - medium traffic,885
1 Sunday,21.5,3 - heavy traffic,2121
1 Sunday,21.5,4 - stand still,3895.5
1 Sunday,22,0- free flowing,65279
1 Sunday,22,1 - light traffic,228
1 Sunday,22,2 - medium traffic,470
1 Sunday,22,3 - heavy traffic,1227
1 Sunday,22,4 - stand still,2877
1 Sunday,22.5,0- free flowing,54422
1 Sunday,22.5,1 - light traffic,158
1 Sunday,22.5,2 - medium traffic,382.5
1 Sunday,22.5,3 - heavy traffic,846
1 Sunday,22.5,4 - stand still,2558.5
1 Sunday,23,0- free flowing,45029
1 Sunday,23,1 - light traffic,150
1 Sunday,23,2 - medium traffic,375
1 Sunday,23,3 - heavy traffic,555
1 Sunday,23,4 - stand still,2432.5
1 Sunday,23.5,0- free flowing,38219
1 Sunday,23.5,1 - light traffic,66
1 Sunday,23.5,2 - medium traffic,172.5
1 Sunday,23.5,3 - heavy traffic,279
1 Sunday,23.5,4 - stand still,1708
1 Sunday,24,0- free flowing,44467
1 Sunday,24,1 - light traffic,32
1 Sunday,24,2 - medium traffic,115
1 Sunday,24,3 - heavy traffic,237
1 Sunday,24,4 - stand still,647.5
2 Monday,0.5,0- free flowing,29318
2 Monday,0.5,1 - light traffic,38
2 Monday,0.5,2 - medium traffic,50
2 Monday,0.5,3 - heavy traffic,144
2 Monday,0.5,4 - stand still,416.5
2 Monday,1,0- free flowing,24848
2 Monday,1,1 - light traffic,36
2 Monday,1,2 - medium traffic,25
2 Monday,1,3 - heavy traffic,81
2 Monday,1,4 - stand still,329
2 Monday,1.5,0- free flowing,21522
2 Monday,1.5,1 - light traffic,26
2 Monday,1.5,2 - medium traffic,17.5
2 Monday,1.5,3 - heavy traffic,69
2 Monday,1.5,4 - stand still,301
2 Monday,2,0- free flowing,18928
2 Monday,2,1 - light traffic,22
2 Monday,2,2 - medium traffic,47.5
2 Monday,2,3 - heavy traffic,69
2 Monday,2,4 - stand still,437.5
2 Monday,2.5,0- free flowing,17180
2 Monday,2.5,1 - light traffic,28
2 Monday,2.5,2 - medium traffic,27.5
2 Monday,2.5,3 - heavy traffic,93
2 Monday,2.5,4 - stand still,252
2 Monday,3,0- free flowing,15198
2 Monday,3,1 - light traffic,12
2 Monday,3,2 - medium traffic,20
2 Monday,3,3 - heavy traffic,78
2 Monday,3,4 - stand still,63
2 Monday,3.5,0- free flowing,14980
2 Monday,3.5,1 - light traffic,14
2 Monday,3.5,2 - medium traffic,27.5
2 Monday,3.5,3 - heavy traffic,42
2 Monday,3.5,4 - stand still,94.5
2 Monday,4,0- free flowing,16484
2 Monday,4,1 - light traffic,16
2 Monday,4,2 - medium traffic,55
2 Monday,4,3 - heavy traffic,45
2 Monday,4,4 - stand still,126
2 Monday,4.5,0- free flowing,19388
2 Monday,4.5,1 - light traffic,14
2 Monday,4.5,2 - medium traffic,20
2 Monday,4.5,3 - heavy traffic,45
2 Monday,4.5,4 - stand still,136.5
2 Monday,5,0- free flowing,26323
2 Monday,5,1 - light traffic,16
2 Monday,5,2 - medium traffic,10
2 Monday,5,3 - heavy traffic,60
2 Monday,5,4 - stand still,94.5
2 Monday,5.5,0- free flowing,34384
2 Monday,5.5,1 - light traffic,6
2 Monday,5.5,2 - medium traffic,57.5
2 Monday,5.5,3 - heavy traffic,141
2 Monday,5.5,4 - stand still,171.5
2 Monday,6,0- free flowing,40664
2 Monday,6,1 - light traffic,10
2 Monday,6,2 - medium traffic,22.5
2 Monday,6,3 - heavy traffic,165
2 Monday,6,4 - stand still,392
2 Monday,6.5,0- free flowing,54076
2 Monday,6.5,1 - light traffic,6
2 Monday,6.5,2 - medium traffic,97.5
2 Monday,6.5,3 - heavy traffic,378
2 Monday,6.5,4 - stand still,717.5
2 Monday,7,0- free flowing,76041
2 Monday,7,1 - light traffic,80
2 Monday,7,2 - medium traffic,550
2 Monday,7,3 - heavy traffic,1263
2 Monday,7,4 - stand still,2327.5
2 Monday,7.5,0- free flowing,119969
2 Monday,7.5,1 - light traffic,816
2 Monday,7.5,2 - medium traffic,3220
2 Monday,7.5,3 - heavy traffic,4947
2 Monday,7.5,4 - stand still,3909.5
2 Monday,8,0- free flowing,142839
2 Monday,8,1 - light traffic,1510
2 Monday,8,2 - medium traffic,9867.5
2 Monday,8,3 - heavy traffic,19911
2 Monday,8,4 - stand still,7892.5
2 Monday,8.5,0- free flowing,148910
2 Monday,8.5,1 - light traffic,1024
2 Monday,8.5,2 - medium traffic,6397.5
2 Monday,8.5,3 - heavy traffic,12123
2 Monday,8.5,4 - stand still,8200.5
2 Monday,9,0- free flowing,136789
2 Monday,9,1 - light traffic,776
2 Monday,9,2 - medium traffic,3532.5
2 Monday,9,3 - heavy traffic,5007
2 Monday,9,4 - stand still,5365.5
2 Monday,9.5,0- free flowing,131273
2 Monday,9.5,1 - light traffic,194
2 Monday,9.5,2 - medium traffic,622.5
2 Monday,9.5,3 - heavy traffic,2577
2 Monday,9.5,4 - stand still,2870
2 Monday,10,0- free flowing,132409
2 Monday,10,1 - light traffic,174
2 Monday,10,2 - medium traffic,530
2 Monday,10,3 - heavy traffic,1581
2 Monday,10,4 - stand still,2009
2 Monday,10.5,0- free flowing,137807
2 Monday,10.5,1 - light traffic,138
2 Monday,10.5,2 - medium traffic,312.5
2 Monday,10.5,3 - heavy traffic,1086
2 Monday,10.5,4 - stand still,1466.5
2 Monday,11,0- free flowing,149432
2 Monday,11,1 - light traffic,204
2 Monday,11,2 - medium traffic,940
2 Monday,11,3 - heavy traffic,2148
2 Monday,11,4 - stand still,1676.5
2 Monday,11.5,0- free flowing,155081
2 Monday,11.5,1 - light traffic,636
2 Monday,11.5,2 - medium traffic,1675
2 Monday,11.5,3 - heavy traffic,4341
2 Monday,11.5,4 - stand still,1942.5
2 Monday,12,0- free flowing,165022
2 Monday,12,1 - light traffic,940
2 Monday,12,2 - medium traffic,2945
2 Monday,12,3 - heavy traffic,10122
2 Monday,12,4 - stand still,3965.5
2 Monday,12.5,0- free flowing,173230
2 Monday,12.5,1 - light traffic,1168
2 Monday,12.5,2 - medium traffic,4672.5
2 Monday,12.5,3 - heavy traffic,15336
2 Monday,12.5,4 - stand still,6359.5
2 Monday,13,0- free flowing,179977
2 Monday,13,1 - light traffic,1430
2 Monday,13,2 - medium traffic,7677.5
2 Monday,13,3 - heavy traffic,18453
2 Monday,13,4 - stand still,7353.5
2 Monday,13.5,0- free flowing,183402
2 Monday,13.5,1 - light traffic,1944
2 Monday,13.5,2 - medium traffic,10207.5
2 Monday,13.5,3 - heavy traffic,20232
2 Monday,13.5,4 - stand still,8025.5
2 Monday,14,0- free flowing,183397
2 Monday,14,1 - light traffic,1548
2 Monday,14,2 - medium traffic,13230
2 Monday,14,3 - heavy traffic,20619
2 Monday,14,4 - stand still,7164.5
2 Monday,14.5,0- free flowing,184960
2 Monday,14.5,1 - light traffic,2500
2 Monday,14.5,2 - medium traffic,13692.5
2 Monday,14.5,3 - heavy traffic,26136
2 Monday,14.5,4 - stand still,6800.5
2 Monday,15,0- free flowing,191294
2 Monday,15,1 - light traffic,2608
2 Monday,15,2 - medium traffic,14262.5
2 Monday,15,3 - heavy traffic,32928
2 Monday,15,4 - stand still,5505.5
2 Monday,15.5,0- free flowing,199152
2 Monday,15.5,1 - light traffic,3258
2 Monday,15.5,2 - medium traffic,20080
2 Monday,15.5,3 - heavy traffic,34113
2 Monday,15.5,4 - stand still,8984.5
2 Monday,16,0- free flowing,198070
2 Monday,16,1 - light traffic,3308
2 Monday,16,2 - medium traffic,27340
2 Monday,16,3 - heavy traffic,31806
2 Monday,16,4 - stand still,10706.5
2 Monday,16.5,0- free flowing,212162
2 Monday,16.5,1 - light traffic,2774
2 Monday,16.5,2 - medium traffic,30130
2 Monday,16.5,3 - heavy traffic,37359
2 Monday,16.5,4 - stand still,8634.5
2 Monday,17,0- free flowing,226940
2 Monday,17,1 - light traffic,2940
2 Monday,17,2 - medium traffic,31820
2 Monday,17,3 - heavy traffic,52041
2 Monday,17,4 - stand still,9040.5
2 Monday,17.5,0- free flowing,239700
2 Monday,17.5,1 - light traffic,3870
2 Monday,17.5,2 - medium traffic,34907.5
2 Monday,17.5,3 - heavy traffic,75768
2 Monday,17.5,4 - stand still,14822.5
2 Monday,18,0- free flowing,204586
2 Monday,18,1 - light traffic,3188
2 Monday,18,2 - medium traffic,22492.5
2 Monday,18,3 - heavy traffic,38367
2 Monday,18,4 - stand still,10276
2 Monday,18.5,0- free flowing,169764
2 Monday,18.5,1 - light traffic,1456
2 Monday,18.5,2 - medium traffic,9400
2 Monday,18.5,3 - heavy traffic,9171
2 Monday,18.5,4 - stand still,4459
2 Monday,19,0- free flowing,135693
2 Monday,19,1 - light traffic,510
2 Monday,19,2 - medium traffic,1992.5
2 Monday,19,3 - heavy traffic,2706
2 Monday,19,4 - stand still,2537.5
2 Monday,19.5,0- free flowing,115808
2 Monday,19.5,1 - light traffic,310
2 Monday,19.5,2 - medium traffic,510
2 Monday,19.5,3 - heavy traffic,1095
2 Monday,19.5,4 - stand still,3038
2 Monday,20,0- free flowing,100469
2 Monday,20,1 - light traffic,98
2 Monday,20,2 - medium traffic,467.5
2 Monday,20,3 - heavy traffic,525
2 Monday,20,4 - stand still,2387
2 Monday,20.5,0- free flowing,88142
2 Monday,20.5,1 - light traffic,226
2 Monday,20.5,2 - medium traffic,332.5
2 Monday,20.5,3 - heavy traffic,669
2 Monday,20.5,4 - stand still,1435
2 Monday,21,0- free flowing,77379
2 Monday,21,1 - light traffic,206
2 Monday,21,2 - medium traffic,162.5
2 Monday,21,3 - heavy traffic,717
2 Monday,21,4 - stand still,707
2 Monday,21.5,0- free flowing,67593
2 Monday,21.5,1 - light traffic,84
2 Monday,21.5,2 - medium traffic,372.5
2 Monday,21.5,3 - heavy traffic,1275
2 Monday,21.5,4 - stand still,2320.5
2 Monday,22,0- free flowing,54773
2 Monday,22,1 - light traffic,48
2 Monday,22,2 - medium traffic,85
2 Monday,22,3 - heavy traffic,1122
2 Monday,22,4 - stand still,3027.5
2 Monday,22.5,0- free flowing,46959
2 Monday,22.5,1 - light traffic,26
2 Monday,22.5,2 - medium traffic,167.5
2 Monday,22.5,3 - heavy traffic,777
2 Monday,22.5,4 - stand still,1694
2 Monday,23,0- free flowing,41003
2 Monday,23,1 - light traffic,30
2 Monday,23,2 - medium traffic,280
2 Monday,23,3 - heavy traffic,693
2 Monday,23,4 - stand still,1218
2 Monday,23.5,0- free flowing,36712
2 Monday,23.5,1 - light traffic,48
2 Monday,23.5,2 - medium traffic,172.5
2 Monday,23.5,3 - heavy traffic,564
2 Monday,23.5,4 - stand still,1582
2 Monday,24,0- free flowing,33568
2 Monday,24,1 - light traffic,58
2 Monday,24,2 - medium traffic,117.5
2 Monday,24,3 - heavy traffic,222
2 Monday,24,4 - stand still,1641.5
3 Tuesday,0.5,0- free flowing,27200
3 Tuesday,0.5,1 - light traffic,24
3 Tuesday,0.5,2 - medium traffic,72.5
3 Tuesday,0.5,3 - heavy traffic,267
3 Tuesday,0.5,4 - stand still,1330
3 Tuesday,1,0- free flowing,22893
3 Tuesday,1,1 - light traffic,56
3 Tuesday,1,2 - medium traffic,42.5
3 Tuesday,1,3 - heavy traffic,279
3 Tuesday,1,4 - stand still,934.5
3 Tuesday,1.5,0- free flowing,18861
3 Tuesday,1.5,1 - light traffic,30
3 Tuesday,1.5,2 - medium traffic,35
3 Tuesday,1.5,3 - heavy traffic,84
3 Tuesday,1.5,4 - stand still,556.5
3 Tuesday,2,0- free flowing,16691
3 Tuesday,2,1 - light traffic,48
3 Tuesday,2,2 - medium traffic,32.5
3 Tuesday,2,3 - heavy traffic,174
3 Tuesday,2,4 - stand still,378
3 Tuesday,2.5,0- free flowing,15205
3 Tuesday,2.5,1 - light traffic,40
3 Tuesday,2.5,2 - medium traffic,22.5
3 Tuesday,2.5,3 - heavy traffic,90
3 Tuesday,2.5,4 - stand still,504
3 Tuesday,3,0- free flowing,14553
3 Tuesday,3,1 - light traffic,10
3 Tuesday,3,2 - medium traffic,37.5
3 Tuesday,3,3 - heavy traffic,90
3 Tuesday,3,4 - stand still,220.5
3 Tuesday,3.5,0- free flowing,14789
3 Tuesday,3.5,1 - light traffic,16
3 Tuesday,3.5,2 - medium traffic,15
3 Tuesday,3.5,3 - heavy traffic,87
3 Tuesday,3.5,4 - stand still,150.5
3 Tuesday,4,0- free flowing,15986
3 Tuesday,4,1 - light traffic,16
3 Tuesday,4,2 - medium traffic,20
3 Tuesday,4,3 - heavy traffic,66
3 Tuesday,4,4 - stand still,224
3 Tuesday,4.5,0- free flowing,18771
3 Tuesday,4.5,1 - light traffic,16
3 Tuesday,4.5,2 - medium traffic,17.5
3 Tuesday,4.5,3 - heavy traffic,108
3 Tuesday,4.5,4 - stand still,182
3 Tuesday,5,0- free flowing,26858
3 Tuesday,5,1 - light traffic,10
3 Tuesday,5,2 - medium traffic,32.5
3 Tuesday,5,3 - heavy traffic,90
3 Tuesday,5,4 - stand still,248.5
3 Tuesday,5.5,0- free flowing,36376
3 Tuesday,5.5,1 - light traffic,20
3 Tuesday,5.5,2 - medium traffic,30
3 Tuesday,5.5,3 - heavy traffic,147
3 Tuesday,5.5,4 - stand still,329
3 Tuesday,6,0- free flowing,44510
3 Tuesday,6,1 - light traffic,12
3 Tuesday,6,2 - medium traffic,50
3 Tuesday,6,3 - heavy traffic,150
3 Tuesday,6,4 - stand still,168
3 Tuesday,6.5,0- free flowing,58973
3 Tuesday,6.5,1 - light traffic,8
3 Tuesday,6.5,2 - medium traffic,77.5
3 Tuesday,6.5,3 - heavy traffic,213
3 Tuesday,6.5,4 - stand still,430.5
3 Tuesday,7,0- free flowing,88036
3 Tuesday,7,1 - light traffic,92
3 Tuesday,7,2 - medium traffic,425
3 Tuesday,7,3 - heavy traffic,1227
3 Tuesday,7,4 - stand still,1235.5
3 Tuesday,7.5,0- free flowing,140962
3 Tuesday,7.5,1 - light traffic,1480
3 Tuesday,7.5,2 - medium traffic,7355
3 Tuesday,7.5,3 - heavy traffic,9498
3 Tuesday,7.5,4 - stand still,3234
3 Tuesday,8,0- free flowing,160605
3 Tuesday,8,1 - light traffic,1540
3 Tuesday,8,2 - medium traffic,14410
3 Tuesday,8,3 - heavy traffic,30378
3 Tuesday,8,4 - stand still,7735
3 Tuesday,8.5,0- free flowing,159135
3 Tuesday,8.5,1 - light traffic,1552
3 Tuesday,8.5,2 - medium traffic,8357.5
3 Tuesday,8.5,3 - heavy traffic,15084
3 Tuesday,8.5,4 - stand still,4826.5
3 Tuesday,9,0- free flowing,138718
3 Tuesday,9,1 - light traffic,850
3 Tuesday,9,2 - medium traffic,4047.5
3 Tuesday,9,3 - heavy traffic,7146
3 Tuesday,9,4 - stand still,5313
3 Tuesday,9.5,0- free flowing,127459
3 Tuesday,9.5,1 - light traffic,220
3 Tuesday,9.5,2 - medium traffic,1410
3 Tuesday,9.5,3 - heavy traffic,3444
3 Tuesday,9.5,4 - stand still,3825.5
3 Tuesday,10,0- free flowing,128478
3 Tuesday,10,1 - light traffic,226
3 Tuesday,10,2 - medium traffic,722.5
3 Tuesday,10,3 - heavy traffic,2601
3 Tuesday,10,4 - stand still,2177
3 Tuesday,10.5,0- free flowing,130640
3 Tuesday,10.5,1 - light traffic,218
3 Tuesday,10.5,2 - medium traffic,817.5
3 Tuesday,10.5,3 - heavy traffic,1890
3 Tuesday,10.5,4 - stand still,1816.5
3 Tuesday,11,0- free flowing,136084
3 Tuesday,11,1 - light traffic,152
3 Tuesday,11,2 - medium traffic,747.5
3 Tuesday,11,3 - heavy traffic,4026
3 Tuesday,11,4 - stand still,2471
3 Tuesday,11.5,0- free flowing,142609
3 Tuesday,11.5,1 - light traffic,284
3 Tuesday,11.5,2 - medium traffic,1122.5
3 Tuesday,11.5,3 - heavy traffic,5190
3 Tuesday,11.5,4 - stand still,2726.5
3 Tuesday,12,0- free flowing,150972
3 Tuesday,12,1 - light traffic,522
3 Tuesday,12,2 - medium traffic,2272.5
3 Tuesday,12,3 - heavy traffic,7116
3 Tuesday,12,4 - stand still,2572.5
3 Tuesday,12.5,0- free flowing,161529
3 Tuesday,12.5,1 - light traffic,998
3 Tuesday,12.5,2 - medium traffic,3422.5
3 Tuesday,12.5,3 - heavy traffic,9225
3 Tuesday,12.5,4 - stand still,3059
3 Tuesday,13,0- free flowing,159553
3 Tuesday,13,1 - light traffic,1090
3 Tuesday,13,2 - medium traffic,4817.5
3 Tuesday,13,3 - heavy traffic,12507
3 Tuesday,13,4 - stand still,3881.5
3 Tuesday,13.5,0- free flowing,158688
3 Tuesday,13.5,1 - light traffic,1130
3 Tuesday,13.5,2 - medium traffic,6375
3 Tuesday,13.5,3 - heavy traffic,16164
3 Tuesday,13.5,4 - stand still,4525.5
3 Tuesday,14,0- free flowing,149139
3 Tuesday,14,1 - light traffic,1662
3 Tuesday,14,2 - medium traffic,6677.5
3 Tuesday,14,3 - heavy traffic,16332
3 Tuesday,14,4 - stand still,5831
3 Tuesday,14.5,0- free flowing,160825
3 Tuesday,14.5,1 - light traffic,1926
3 Tuesday,14.5,2 - medium traffic,8155
3 Tuesday,14.5,3 - heavy traffic,18309
3 Tuesday,14.5,4 - stand still,7063
3 Tuesday,15,0- free flowing,171919
3 Tuesday,15,1 - light traffic,1828
3 Tuesday,15,2 - medium traffic,10835
3 Tuesday,15,3 - heavy traffic,19197
3 Tuesday,15,4 - stand still,9121
3 Tuesday,15.5,0- free flowing,181376
3 Tuesday,15.5,1 - light traffic,4062
3 Tuesday,15.5,2 - medium traffic,16052.5
3 Tuesday,15.5,3 - heavy traffic,19995
3 Tuesday,15.5,4 - stand still,10115
3 Tuesday,16,0- free flowing,185106
3 Tuesday,16,1 - light traffic,3338
3 Tuesday,16,2 - medium traffic,27390
3 Tuesday,16,3 - heavy traffic,24966
3 Tuesday,16,4 - stand still,10538.5
3 Tuesday,16.5,0- free flowing,200029
3 Tuesday,16.5,1 - light traffic,2256
3 Tuesday,16.5,2 - medium traffic,31810
3 Tuesday,16.5,3 - heavy traffic,33201
3 Tuesday,16.5,4 - stand still,12484.5
3 Tuesday,17,0- free flowing,209499
3 Tuesday,17,1 - light traffic,3000
3 Tuesday,17,2 - medium traffic,32665
3 Tuesday,17,3 - heavy traffic,45873
3 Tuesday,17,4 - stand still,14595
3 Tuesday,17.5,0- free flowing,222308
3 Tuesday,17.5,1 - light traffic,4396
3 Tuesday,17.5,2 - medium traffic,30292.5
3 Tuesday,17.5,3 - heavy traffic,81396
3 Tuesday,17.5,4 - stand still,23159.5
3 Tuesday,18,0- free flowing,192521
3 Tuesday,18,1 - light traffic,2502
3 Tuesday,18,2 - medium traffic,23957.5
3 Tuesday,18,3 - heavy traffic,41418
3 Tuesday,18,4 - stand still,12131
3 Tuesday,18.5,0- free flowing,161347
3 Tuesday,18.5,1 - light traffic,1704
3 Tuesday,18.5,2 - medium traffic,13890
3 Tuesday,18.5,3 - heavy traffic,11892
3 Tuesday,18.5,4 - stand still,6650
3 Tuesday,19,0- free flowing,123844
3 Tuesday,19,1 - light traffic,878
3 Tuesday,19,2 - medium traffic,2127.5
3 Tuesday,19,3 - heavy traffic,4866
3 Tuesday,19,4 - stand still,4392.5
3 Tuesday,19.5,0- free flowing,104128
3 Tuesday,19.5,1 - light traffic,410
3 Tuesday,19.5,2 - medium traffic,1257.5
3 Tuesday,19.5,3 - heavy traffic,1911
3 Tuesday,19.5,4 - stand still,3003
3 Tuesday,20,0- free flowing,88931
3 Tuesday,20,1 - light traffic,426
3 Tuesday,20,2 - medium traffic,602.5
3 Tuesday,20,3 - heavy traffic,948
3 Tuesday,20,4 - stand still,1799
3 Tuesday,20.5,0- free flowing,79764
3 Tuesday,20.5,1 - light traffic,214
3 Tuesday,20.5,2 - medium traffic,282.5
3 Tuesday,20.5,3 - heavy traffic,807
3 Tuesday,20.5,4 - stand still,1323
3 Tuesday,21,0- free flowing,71374
3 Tuesday,21,1 - light traffic,352
3 Tuesday,21,2 - medium traffic,432.5
3 Tuesday,21,3 - heavy traffic,948
3 Tuesday,21,4 - stand still,1407
3 Tuesday,21.5,0- free flowing,62167
3 Tuesday,21.5,1 - light traffic,100
3 Tuesday,21.5,2 - medium traffic,212.5
3 Tuesday,21.5,3 - heavy traffic,1569
3 Tuesday,21.5,4 - stand still,2502.5
3 Tuesday,22,0- free flowing,51377
3 Tuesday,22,1 - light traffic,32
3 Tuesday,22,2 - medium traffic,287.5
3 Tuesday,22,3 - heavy traffic,1197
3 Tuesday,22,4 - stand still,2768.5
3 Tuesday,22.5,0- free flowing,46593
3 Tuesday,22.5,1 - light traffic,24
3 Tuesday,22.5,2 - medium traffic,257.5
3 Tuesday,22.5,3 - heavy traffic,1116
3 Tuesday,22.5,4 - stand still,2012.5
3 Tuesday,23,0- free flowing,41354
3 Tuesday,23,1 - light traffic,32
3 Tuesday,23,2 - medium traffic,222.5
3 Tuesday,23,3 - heavy traffic,1026
3 Tuesday,23,4 - stand still,1582
3 Tuesday,23.5,0- free flowing,36304
3 Tuesday,23.5,1 - light traffic,20
3 Tuesday,23.5,2 - medium traffic,250
3 Tuesday,23.5,3 - heavy traffic,693
3 Tuesday,23.5,4 - stand still,766.5
3 Tuesday,24,0- free flowing,30719
3 Tuesday,24,1 - light traffic,48
3 Tuesday,24,2 - medium traffic,102.5
3 Tuesday,24,3 - heavy traffic,420
3 Tuesday,24,4 - stand still,903
4 Wednesday,0.5,0- free flowing,26332
4 Wednesday,0.5,1 - light traffic,46
4 Wednesday,0.5,2 - medium traffic,65
4 Wednesday,0.5,3 - heavy traffic,177
4 Wednesday,0.5,4 - stand still,392
4 Wednesday,1,0- free flowing,21925
4 Wednesday,1,1 - light traffic,42
4 Wednesday,1,2 - medium traffic,52.5
4 Wednesday,1,3 - heavy traffic,138
4 Wednesday,1,4 - stand still,462
4 Wednesday,1.5,0- free flowing,18169
4 Wednesday,1.5,1 - light traffic,42
4 Wednesday,1.5,2 - medium traffic,52.5
4 Wednesday,1.5,3 - heavy traffic,99
4 Wednesday,1.5,4 - stand still,360.5
4 Wednesday,2,0- free flowing,15966
4 Wednesday,2,1 - light traffic,28
4 Wednesday,2,2 - medium traffic,22.5
4 Wednesday,2,3 - heavy traffic,72
4 Wednesday,2,4 - stand still,224
4 Wednesday,2.5,0- free flowing,14889
4 Wednesday,2.5,1 - light traffic,18
4 Wednesday,2.5,2 - medium traffic,15
4 Wednesday,2.5,3 - heavy traffic,39
4 Wednesday,2.5,4 - stand still,308
4 Wednesday,3,0- free flowing,14384
4 Wednesday,3,1 - light traffic,16
4 Wednesday,3,2 - medium traffic,22.5
4 Wednesday,3,3 - heavy traffic,48
4 Wednesday,3,4 - stand still,210
4 Wednesday,3.5,0- free flowing,14120
4 Wednesday,3.5,1 - light traffic,18
4 Wednesday,3.5,2 - medium traffic,42.5
4 Wednesday,3.5,3 - heavy traffic,36
4 Wednesday,3.5,4 - stand still,297.5
4 Wednesday,4,0- free flowing,15626
4 Wednesday,4,1 - light traffic,6
4 Wednesday,4,2 - medium traffic,35
4 Wednesday,4,3 - heavy traffic,87
4 Wednesday,4,4 - stand still,143.5
4 Wednesday,4.5,0- free flowing,19146
4 Wednesday,4.5,1 - light traffic,8
4 Wednesday,4.5,2 - medium traffic,20
4 Wednesday,4.5,3 - heavy traffic,105
4 Wednesday,4.5,4 - stand still,35
4 Wednesday,5,0- free flowing,25626
4 Wednesday,5,1 - light traffic,26
4 Wednesday,5,2 - medium traffic,35
4 Wednesday,5,3 - heavy traffic,99
4 Wednesday,5,4 - stand still,164.5
4 Wednesday,5.5,0- free flowing,34924
4 Wednesday,5.5,1 - light traffic,8
4 Wednesday,5.5,2 - medium traffic,50
4 Wednesday,5.5,3 - heavy traffic,255
4 Wednesday,5.5,4 - stand still,336
4 Wednesday,6,0- free flowing,42486
4 Wednesday,6,1 - light traffic,10
4 Wednesday,6,2 - medium traffic,75
4 Wednesday,6,3 - heavy traffic,240
4 Wednesday,6,4 - stand still,423.5
4 Wednesday,6.5,0- free flowing,56495
4 Wednesday,6.5,1 - light traffic,26
4 Wednesday,6.5,2 - medium traffic,145
4 Wednesday,6.5,3 - heavy traffic,255
4 Wednesday,6.5,4 - stand still,553
4 Wednesday,7,0- free flowing,80361
4 Wednesday,7,1 - light traffic,90
4 Wednesday,7,2 - medium traffic,610
4 Wednesday,7,3 - heavy traffic,1077
4 Wednesday,7,4 - stand still,1316
4 Wednesday,7.5,0- free flowing,127779
4 Wednesday,7.5,1 - light traffic,1258
4 Wednesday,7.5,2 - medium traffic,7822.5
4 Wednesday,7.5,3 - heavy traffic,7491
4 Wednesday,7.5,4 - stand still,2065
4 Wednesday,8,0- free flowing,152269
4 Wednesday,8,1 - light traffic,2008
4 Wednesday,8,2 - medium traffic,13495
4 Wednesday,8,3 - heavy traffic,29379
4 Wednesday,8,4 - stand still,8200.5
4 Wednesday,8.5,0- free flowing,156008
4 Wednesday,8.5,1 - light traffic,1720
4 Wednesday,8.5,2 - medium traffic,8605
4 Wednesday,8.5,3 - heavy traffic,17451
4 Wednesday,8.5,4 - stand still,6209
4 Wednesday,9,0- free flowing,135387
4 Wednesday,9,1 - light traffic,942
4 Wednesday,9,2 - medium traffic,4325
4 Wednesday,9,3 - heavy traffic,8586
4 Wednesday,9,4 - stand still,4406.5
4 Wednesday,9.5,0- free flowing,129525
4 Wednesday,9.5,1 - light traffic,508
4 Wednesday,9.5,2 - medium traffic,2225
4 Wednesday,9.5,3 - heavy traffic,2697
4 Wednesday,9.5,4 - stand still,2947
4 Wednesday,10,0- free flowing,131445
4 Wednesday,10,1 - light traffic,330
4 Wednesday,10,2 - medium traffic,1510
4 Wednesday,10,3 - heavy traffic,2832
4 Wednesday,10,4 - stand still,1589
4 Wednesday,10.5,0- free flowing,134529
4 Wednesday,10.5,1 - light traffic,416
4 Wednesday,10.5,2 - medium traffic,1257.5
4 Wednesday,10.5,3 - heavy traffic,3477
4 Wednesday,10.5,4 - stand still,1421
4 Wednesday,11,0- free flowing,142034
4 Wednesday,11,1 - light traffic,728
4 Wednesday,11,2 - medium traffic,2337.5
4 Wednesday,11,3 - heavy traffic,4197
4 Wednesday,11,4 - stand still,4487
4 Wednesday,11.5,0- free flowing,149154
4 Wednesday,11.5,1 - light traffic,1150
4 Wednesday,11.5,2 - medium traffic,4032.5
4 Wednesday,11.5,3 - heavy traffic,7023
4 Wednesday,11.5,4 - stand still,5512.5
4 Wednesday,12,0- free flowing,158867
4 Wednesday,12,1 - light traffic,1116
4 Wednesday,12,2 - medium traffic,6627.5
4 Wednesday,12,3 - heavy traffic,11268
4 Wednesday,12,4 - stand still,6569.5
4 Wednesday,12.5,0- free flowing,167874
4 Wednesday,12.5,1 - light traffic,1496
4 Wednesday,12.5,2 - medium traffic,7727.5
4 Wednesday,12.5,3 - heavy traffic,17487
4 Wednesday,12.5,4 - stand still,6930
4 Wednesday,13,0- free flowing,168521
4 Wednesday,13,1 - light traffic,1744
4 Wednesday,13,2 - medium traffic,8807.5
4 Wednesday,13,3 - heavy traffic,16533
4 Wednesday,13,4 - stand still,10115
4 Wednesday,13.5,0- free flowing,174162
4 Wednesday,13.5,1 - light traffic,1596
4 Wednesday,13.5,2 - medium traffic,10787.5
4 Wednesday,13.5,3 - heavy traffic,16932
4 Wednesday,13.5,4 - stand still,10556
4 Wednesday,14,0- free flowing,175077
4 Wednesday,14,1 - light traffic,2000
4 Wednesday,14,2 - medium traffic,12000
4 Wednesday,14,3 - heavy traffic,18195
4 Wednesday,14,4 - stand still,9803.5
4 Wednesday,14.5,0- free flowing,178848
4 Wednesday,14.5,1 - light traffic,2622
4 Wednesday,14.5,2 - medium traffic,16420
4 Wednesday,14.5,3 - heavy traffic,22815
4 Wednesday,14.5,4 - stand still,11896.5
4 Wednesday,15,0- free flowing,185457
4 Wednesday,15,1 - light traffic,4394
4 Wednesday,15,2 - medium traffic,19015
4 Wednesday,15,3 - heavy traffic,26760
4 Wednesday,15,4 - stand still,15729
4 Wednesday,15.5,0- free flowing,194773
4 Wednesday,15.5,1 - light traffic,5076
4 Wednesday,15.5,2 - medium traffic,23965
4 Wednesday,15.5,3 - heavy traffic,37902
4 Wednesday,15.5,4 - stand still,14329
4 Wednesday,16,0- free flowing,188814
4 Wednesday,16,1 - light traffic,3994
4 Wednesday,16,2 - medium traffic,32795
4 Wednesday,16,3 - heavy traffic,37857
4 Wednesday,16,4 - stand still,12722.5
4 Wednesday,16.5,0- free flowing,204673
4 Wednesday,16.5,1 - light traffic,3130
4 Wednesday,16.5,2 - medium traffic,36360
4 Wednesday,16.5,3 - heavy traffic,49734
4 Wednesday,16.5,4 - stand still,15519
4 Wednesday,17,0- free flowing,216754
4 Wednesday,17,1 - light traffic,3514
4 Wednesday,17,2 - medium traffic,33392.5
4 Wednesday,17,3 - heavy traffic,72069
4 Wednesday,17,4 - stand still,17580.5
4 Wednesday,17.5,0- free flowing,231363
4 Wednesday,17.5,1 - light traffic,4654
4 Wednesday,17.5,2 - medium traffic,28355
4 Wednesday,17.5,3 - heavy traffic,111012
4 Wednesday,17.5,4 - stand still,21532
4 Wednesday,18,0- free flowing,200700
4 Wednesday,18,1 - light traffic,3290
4 Wednesday,18,2 - medium traffic,24690
4 Wednesday,18,3 - heavy traffic,62277
4 Wednesday,18,4 - stand still,12645.5
4 Wednesday,18.5,0- free flowing,163467
4 Wednesday,18.5,1 - light traffic,2222
4 Wednesday,18.5,2 - medium traffic,19152.5
4 Wednesday,18.5,3 - heavy traffic,17883
4 Wednesday,18.5,4 - stand still,7605.5
4 Wednesday,19,0- free flowing,127766
4 Wednesday,19,1 - light traffic,1230
4 Wednesday,19,2 - medium traffic,6050
4 Wednesday,19,3 - heavy traffic,5472
4 Wednesday,19,4 - stand still,5204.5
4 Wednesday,19.5,0- free flowing,107231
4 Wednesday,19.5,1 - light traffic,314
4 Wednesday,19.5,2 - medium traffic,1732.5
4 Wednesday,19.5,3 - heavy traffic,3045
4 Wednesday,19.5,4 - stand still,1988
4 Wednesday,20,0- free flowing,93695
4 Wednesday,20,1 - light traffic,108
4 Wednesday,20,2 - medium traffic,1810
4 Wednesday,20,3 - heavy traffic,1014
4 Wednesday,20,4 - stand still,1039.5
4 Wednesday,20.5,0- free flowing,83788
4 Wednesday,20.5,1 - light traffic,196
4 Wednesday,20.5,2 - medium traffic,360
4 Wednesday,20.5,3 - heavy traffic,1341
4 Wednesday,20.5,4 - stand still,1865.5
4 Wednesday,21,0- free flowing,75730
4 Wednesday,21,1 - light traffic,148
4 Wednesday,21,2 - medium traffic,352.5
4 Wednesday,21,3 - heavy traffic,1236
4 Wednesday,21,4 - stand still,1312.5
4 Wednesday,21.5,0- free flowing,67653
4 Wednesday,21.5,1 - light traffic,180
4 Wednesday,21.5,2 - medium traffic,667.5
4 Wednesday,21.5,3 - heavy traffic,2001
4 Wednesday,21.5,4 - stand still,2625
4 Wednesday,22,0- free flowing,54533
4 Wednesday,22,1 - light traffic,52
4 Wednesday,22,2 - medium traffic,357.5
4 Wednesday,22,3 - heavy traffic,1284
4 Wednesday,22,4 - stand still,3174.5
4 Wednesday,22.5,0- free flowing,47531
4 Wednesday,22.5,1 - light traffic,48
4 Wednesday,22.5,2 - medium traffic,392.5
4 Wednesday,22.5,3 - heavy traffic,1221
4 Wednesday,22.5,4 - stand still,2558.5
4 Wednesday,23,0- free flowing,42818
4 Wednesday,23,1 - light traffic,60
4 Wednesday,23,2 - medium traffic,312.5
4 Wednesday,23,3 - heavy traffic,1080
4 Wednesday,23,4 - stand still,1914.5
4 Wednesday,23.5,0- free flowing,37825
4 Wednesday,23.5,1 - light traffic,32
4 Wednesday,23.5,2 - medium traffic,257.5
4 Wednesday,23.5,3 - heavy traffic,1179
4 Wednesday,23.5,4 - stand still,1368.5
4 Wednesday,24,0- free flowing,31107
4 Wednesday,24,1 - light traffic,58
4 Wednesday,24,2 - medium traffic,130
4 Wednesday,24,3 - heavy traffic,504
4 Wednesday,24,4 - stand still,651
5 Thursday,0.5,0- free flowing,28646
5 Thursday,0.5,1 - light traffic,48
5 Thursday,0.5,2 - medium traffic,120
5 Thursday,0.5,3 - heavy traffic,492
5 Thursday,0.5,4 - stand still,766.5
5 Thursday,1,0- free flowing,23867
5 Thursday,1,1 - light traffic,32
5 Thursday,1,2 - medium traffic,77.5
5 Thursday,1,3 - heavy traffic,150
5 Thursday,1,4 - stand still,647.5
5 Thursday,1.5,0- free flowing,19423
5 Thursday,1.5,1 - light traffic,46
5 Thursday,1.5,2 - medium traffic,60
5 Thursday,1.5,3 - heavy traffic,138
5 Thursday,1.5,4 - stand still,364
5 Thursday,2,0- free flowing,17339
5 Thursday,2,1 - light traffic,46
5 Thursday,2,2 - medium traffic,42.5
5 Thursday,2,3 - heavy traffic,171
5 Thursday,2,4 - stand still,486.5
5 Thursday,2.5,0- free flowing,16136
5 Thursday,2.5,1 - light traffic,16
5 Thursday,2.5,2 - medium traffic,30
5 Thursday,2.5,3 - heavy traffic,84
5 Thursday,2.5,4 - stand still,290.5
5 Thursday,3,0- free flowing,15696
5 Thursday,3,1 - light traffic,16
5 Thursday,3,2 - medium traffic,42.5
5 Thursday,3,3 - heavy traffic,84
5 Thursday,3,4 - stand still,343
5 Thursday,3.5,0- free flowing,16056
5 Thursday,3.5,1 - light traffic,6
5 Thursday,3.5,2 - medium traffic,50
5 Thursday,3.5,3 - heavy traffic,159
5 Thursday,3.5,4 - stand still,388.5
5 Thursday,4,0- free flowing,16527
5 Thursday,4,1 - light traffic,8
5 Thursday,4,2 - medium traffic,25
5 Thursday,4,3 - heavy traffic,177
5 Thursday,4,4 - stand still,357
5 Thursday,4.5,0- free flowing,20096
5 Thursday,4.5,1 - light traffic,22
5 Thursday,4.5,2 - medium traffic,27.5
5 Thursday,4.5,3 - heavy traffic,129
5 Thursday,4.5,4 - stand still,378
5 Thursday,5,0- free flowing,27128
5 Thursday,5,1 - light traffic,18
5 Thursday,5,2 - medium traffic,55
5 Thursday,5,3 - heavy traffic,327
5 Thursday,5,4 - stand still,385
5 Thursday,5.5,0- free flowing,35302
5 Thursday,5.5,1 - light traffic,10
5 Thursday,5.5,2 - medium traffic,62.5
5 Thursday,5.5,3 - heavy traffic,279
5 Thursday,5.5,4 - stand still,539
5 Thursday,6,0- free flowing,41877
5 Thursday,6,1 - light traffic,22
5 Thursday,6,2 - medium traffic,42.5
5 Thursday,6,3 - heavy traffic,234
5 Thursday,6,4 - stand still,434
5 Thursday,6.5,0- free flowing,56025
5 Thursday,6.5,1 - light traffic,48
5 Thursday,6.5,2 - medium traffic,87.5
5 Thursday,6.5,3 - heavy traffic,279
5 Thursday,6.5,4 - stand still,395.5
5 Thursday,7,0- free flowing,83386
5 Thursday,7,1 - light traffic,84
5 Thursday,7,2 - medium traffic,432.5
5 Thursday,7,3 - heavy traffic,1551
5 Thursday,7,4 - stand still,1253
5 Thursday,7.5,0- free flowing,127849
5 Thursday,7.5,1 - light traffic,1514
5 Thursday,7.5,2 - medium traffic,6577.5
5 Thursday,7.5,3 - heavy traffic,9210
5 Thursday,7.5,4 - stand still,2436
5 Thursday,8,0- free flowing,152170
5 Thursday,8,1 - light traffic,2042
5 Thursday,8,2 - medium traffic,12972.5
5 Thursday,8,3 - heavy traffic,29322
5 Thursday,8,4 - stand still,7322
5 Thursday,8.5,0- free flowing,147727
5 Thursday,8.5,1 - light traffic,1510
5 Thursday,8.5,2 - medium traffic,9162.5
5 Thursday,8.5,3 - heavy traffic,13353
5 Thursday,8.5,4 - stand still,7241.5
5 Thursday,9,0- free flowing,136866
5 Thursday,9,1 - light traffic,804
5 Thursday,9,2 - medium traffic,4767.5
5 Thursday,9,3 - heavy traffic,7935
5 Thursday,9,4 - stand still,6664
5 Thursday,9.5,0- free flowing,131346
5 Thursday,9.5,1 - light traffic,484
5 Thursday,9.5,2 - medium traffic,1912.5
5 Thursday,9.5,3 - heavy traffic,3747
5 Thursday,9.5,4 - stand still,6583.5
5 Thursday,10,0- free flowing,131699
5 Thursday,10,1 - light traffic,386
5 Thursday,10,2 - medium traffic,1717.5
5 Thursday,10,3 - heavy traffic,3924
5 Thursday,10,4 - stand still,5533.5
5 Thursday,10.5,0- free flowing,138955
5 Thursday,10.5,1 - light traffic,992
5 Thursday,10.5,2 - medium traffic,2797.5
5 Thursday,10.5,3 - heavy traffic,3030
5 Thursday,10.5,4 - stand still,4686.5
5 Thursday,11,0- free flowing,148248
5 Thursday,11,1 - light traffic,1044
5 Thursday,11,2 - medium traffic,5252.5
5 Thursday,11,3 - heavy traffic,4872
5 Thursday,11,4 - stand still,3591
5 Thursday,11.5,0- free flowing,158650
5 Thursday,11.5,1 - light traffic,1376
5 Thursday,11.5,2 - medium traffic,4697.5
5 Thursday,11.5,3 - heavy traffic,8760
5 Thursday,11.5,4 - stand still,5159
5 Thursday,12,0- free flowing,162925
5 Thursday,12,1 - light traffic,2068
5 Thursday,12,2 - medium traffic,6657.5
5 Thursday,12,3 - heavy traffic,12093
5 Thursday,12,4 - stand still,7441
5 Thursday,12.5,0- free flowing,173917
5 Thursday,12.5,1 - light traffic,1876
5 Thursday,12.5,2 - medium traffic,10742.5
5 Thursday,12.5,3 - heavy traffic,19518
5 Thursday,12.5,4 - stand still,7112
5 Thursday,13,0- free flowing,176314
5 Thursday,13,1 - light traffic,2758
5 Thursday,13,2 - medium traffic,12545
5 Thursday,13,3 - heavy traffic,23697
5 Thursday,13,4 - stand still,10101
5 Thursday,13.5,0- free flowing,178151
5 Thursday,13.5,1 - light traffic,3582
5 Thursday,13.5,2 - medium traffic,16267.5
5 Thursday,13.5,3 - heavy traffic,24738
5 Thursday,13.5,4 - stand still,9058
5 Thursday,14,0- free flowing,177159
5 Thursday,14,1 - light traffic,4266
5 Thursday,14,2 - medium traffic,17845
5 Thursday,14,3 - heavy traffic,25695
5 Thursday,14,4 - stand still,9016
5 Thursday,14.5,0- free flowing,175708
5 Thursday,14.5,1 - light traffic,3490
5 Thursday,14.5,2 - medium traffic,23400
5 Thursday,14.5,3 - heavy traffic,29007
5 Thursday,14.5,4 - stand still,7805
5 Thursday,15,0- free flowing,189842
5 Thursday,15,1 - light traffic,4106
5 Thursday,15,2 - medium traffic,27837.5
5 Thursday,15,3 - heavy traffic,37611
5 Thursday,15,4 - stand still,7889
5 Thursday,15.5,0- free flowing,196265
5 Thursday,15.5,1 - light traffic,4780
5 Thursday,15.5,2 - medium traffic,36055
5 Thursday,15.5,3 - heavy traffic,46395
5 Thursday,15.5,4 - stand still,10857
5 Thursday,16,0- free flowing,194229
5 Thursday,16,1 - light traffic,4310
5 Thursday,16,2 - medium traffic,45687.5
5 Thursday,16,3 - heavy traffic,57792
5 Thursday,16,4 - stand still,16639
5 Thursday,16.5,0- free flowing,221132
5 Thursday,16.5,1 - light traffic,4786
5 Thursday,16.5,2 - medium traffic,45777.5
5 Thursday,16.5,3 - heavy traffic,79824
5 Thursday,16.5,4 - stand still,18739
5 Thursday,17,0- free flowing,237886
5 Thursday,17,1 - light traffic,5780
5 Thursday,17,2 - medium traffic,41270
5 Thursday,17,3 - heavy traffic,108243
5 Thursday,17,4 - stand still,18179
5 Thursday,17.5,0- free flowing,252257
5 Thursday,17.5,1 - light traffic,6238
5 Thursday,17.5,2 - medium traffic,38210
5 Thursday,17.5,3 - heavy traffic,146112
5 Thursday,17.5,4 - stand still,26176.5
5 Thursday,18,0- free flowing,226927
5 Thursday,18,1 - light traffic,4628
5 Thursday,18,2 - medium traffic,38740
5 Thursday,18,3 - heavy traffic,76128
5 Thursday,18,4 - stand still,17808
5 Thursday,18.5,0- free flowing,184718
5 Thursday,18.5,1 - light traffic,3710
5 Thursday,18.5,2 - medium traffic,26985
5 Thursday,18.5,3 - heavy traffic,21999
5 Thursday,18.5,4 - stand still,9464
5 Thursday,19,0- free flowing,148527
5 Thursday,19,1 - light traffic,1510
5 Thursday,19,2 - medium traffic,7695
5 Thursday,19,3 - heavy traffic,7515
5 Thursday,19,4 - stand still,4553.5
5 Thursday,19.5,0- free flowing,126408
5 Thursday,19.5,1 - light traffic,674
5 Thursday,19.5,2 - medium traffic,2715
5 Thursday,19.5,3 - heavy traffic,2553
5 Thursday,19.5,4 - stand still,3017
5 Thursday,20,0- free flowing,110717
5 Thursday,20,1 - light traffic,354
5 Thursday,20,2 - medium traffic,1122.5
5 Thursday,20,3 - heavy traffic,1470
5 Thursday,20,4 - stand still,1669.5
5 Thursday,20.5,0- free flowing,98186
5 Thursday,20.5,1 - light traffic,192
5 Thursday,20.5,2 - medium traffic,785
5 Thursday,20.5,3 - heavy traffic,1548
5 Thursday,20.5,4 - stand still,1764
5 Thursday,21,0- free flowing,92436
5 Thursday,21,1 - light traffic,226
5 Thursday,21,2 - medium traffic,1147.5
5 Thursday,21,3 - heavy traffic,1974
5 Thursday,21,4 - stand still,1907.5
5 Thursday,21.5,0- free flowing,78851
5 Thursday,21.5,1 - light traffic,260
5 Thursday,21.5,2 - medium traffic,1042.5
5 Thursday,21.5,3 - heavy traffic,3492
5 Thursday,21.5,4 - stand still,3013.5
5 Thursday,22,0- free flowing,64810
5 Thursday,22,1 - light traffic,142
5 Thursday,22,2 - medium traffic,710
5 Thursday,22,3 - heavy traffic,3105
5 Thursday,22,4 - stand still,4000.5
5 Thursday,22.5,0- free flowing,56219
5 Thursday,22.5,1 - light traffic,48
5 Thursday,22.5,2 - medium traffic,500
5 Thursday,22.5,3 - heavy traffic,1731
5 Thursday,22.5,4 - stand still,5988.5
5 Thursday,23,0- free flowing,50164
5 Thursday,23,1 - light traffic,94
5 Thursday,23,2 - medium traffic,720
5 Thursday,23,3 - heavy traffic,1548
5 Thursday,23,4 - stand still,4350.5
5 Thursday,23.5,0- free flowing,42704
5 Thursday,23.5,1 - light traffic,40
5 Thursday,23.5,2 - medium traffic,977.5
5 Thursday,23.5,3 - heavy traffic,1350
5 Thursday,23.5,4 - stand still,1403.5
5 Thursday,24,0- free flowing,33445
5 Thursday,24,1 - light traffic,52
5 Thursday,24,2 - medium traffic,267.5
5 Thursday,24,3 - heavy traffic,876
5 Thursday,24,4 - stand still,1057
6 Friday,0.5,0- free flowing,33818
6 Friday,0.5,1 - light traffic,38
6 Friday,0.5,2 - medium traffic,102.5
6 Friday,0.5,3 - heavy traffic,471
6 Friday,0.5,4 - stand still,1522.5
6 Friday,1,0- free flowing,28595
6 Friday,1,1 - light traffic,30
6 Friday,1,2 - medium traffic,47.5
6 Friday,1,3 - heavy traffic,528
6 Friday,1,4 - stand still,966
6 Friday,1.5,0- free flowing,24887
6 Friday,1.5,1 - light traffic,38
6 Friday,1.5,2 - medium traffic,100
6 Friday,1.5,3 - heavy traffic,357
6 Friday,1.5,4 - stand still,630
6 Friday,2,0- free flowing,21236
6 Friday,2,1 - light traffic,22
6 Friday,2,2 - medium traffic,70
6 Friday,2,3 - heavy traffic,174
6 Friday,2,4 - stand still,385
6 Friday,2.5,0- free flowing,20163
6 Friday,2.5,1 - light traffic,14
6 Friday,2.5,2 - medium traffic,30
6 Friday,2.5,3 - heavy traffic,219
6 Friday,2.5,4 - stand still,294
6 Friday,3,0- free flowing,19354
6 Friday,3,1 - light traffic,30
6 Friday,3,2 - medium traffic,40
6 Friday,3,3 - heavy traffic,180
6 Friday,3,4 - stand still,483
6 Friday,3.5,0- free flowing,19376
6 Friday,3.5,1 - light traffic,16
6 Friday,3.5,2 - medium traffic,52.5
6 Friday,3.5,3 - heavy traffic,93
6 Friday,3.5,4 - stand still,518
6 Friday,4,0- free flowing,19707
6 Friday,4,1 - light traffic,8
6 Friday,4,2 - medium traffic,42.5
6 Friday,4,3 - heavy traffic,81
6 Friday,4,4 - stand still,350
6 Friday,4.5,0- free flowing,22430
6 Friday,4.5,1 - light traffic,14
6 Friday,4.5,2 - medium traffic,45
6 Friday,4.5,3 - heavy traffic,132
6 Friday,4.5,4 - stand still,367.5
6 Friday,5,0- free flowing,27931
6 Friday,5,1 - light traffic,16
6 Friday,5,2 - medium traffic,77.5
6 Friday,5,3 - heavy traffic,117
6 Friday,5,4 - stand still,259
6 Friday,5.5,0- free flowing,35756
6 Friday,5.5,1 - light traffic,16
6 Friday,5.5,2 - medium traffic,55
6 Friday,5.5,3 - heavy traffic,108
6 Friday,5.5,4 - stand still,192.5
6 Friday,6,0- free flowing,40676
6 Friday,6,1 - light traffic,16
6 Friday,6,2 - medium traffic,35
6 Friday,6,3 - heavy traffic,102
6 Friday,6,4 - stand still,196
6 Friday,6.5,0- free flowing,54768
6 Friday,6.5,1 - light traffic,6
6 Friday,6.5,2 - medium traffic,32.5
6 Friday,6.5,3 - heavy traffic,192
6 Friday,6.5,4 - stand still,294
6 Friday,7,0- free flowing,76692
6 Friday,7,1 - light traffic,66
6 Friday,7,2 - medium traffic,315
6 Friday,7,3 - heavy traffic,807
6 Friday,7,4 - stand still,931
6 Friday,7.5,0- free flowing,116096
6 Friday,7.5,1 - light traffic,676
6 Friday,7.5,2 - medium traffic,3162.5
6 Friday,7.5,3 - heavy traffic,3690
6 Friday,7.5,4 - stand still,2191
6 Friday,8,0- free flowing,143894
6 Friday,8,1 - light traffic,1352
6 Friday,8,2 - medium traffic,9552.5
6 Friday,8,3 - heavy traffic,13302
6 Friday,8,4 - stand still,5201
6 Friday,8.5,0- free flowing,145082
6 Friday,8.5,1 - light traffic,952
6 Friday,8.5,2 - medium traffic,4070
6 Friday,8.5,3 - heavy traffic,6555
6 Friday,8.5,4 - stand still,5201
6 Friday,9,0- free flowing,134107
6 Friday,9,1 - light traffic,506
6 Friday,9,2 - medium traffic,2035
6 Friday,9,3 - heavy traffic,4527
6 Friday,9,4 - stand still,4396
6 Friday,9.5,0- free flowing,132494
6 Friday,9.5,1 - light traffic,282
6 Friday,9.5,2 - medium traffic,1545
6 Friday,9.5,3 - heavy traffic,3093
6 Friday,9.5,4 - stand still,4140.5
6 Friday,10,0- free flowing,140152
6 Friday,10,1 - light traffic,362
6 Friday,10,2 - medium traffic,2305
6 Friday,10,3 - heavy traffic,4158
6 Friday,10,4 - stand still,3944.5
6 Friday,10.5,0- free flowing,149211
6 Friday,10.5,1 - light traffic,560
6 Friday,10.5,2 - medium traffic,3690
6 Friday,10.5,3 - heavy traffic,4632
6 Friday,10.5,4 - stand still,4613
6 Friday,11,0- free flowing,163637
6 Friday,11,1 - light traffic,1326
6 Friday,11,2 - medium traffic,5967.5
6 Friday,11,3 - heavy traffic,9642
6 Friday,11,4 - stand still,5155.5
6 Friday,11.5,0- free flowing,180704
6 Friday,11.5,1 - light traffic,2512
6 Friday,11.5,2 - medium traffic,10132.5
6 Friday,11.5,3 - heavy traffic,19671
6 Friday,11.5,4 - stand still,6804
6 Friday,12,0- free flowing,191322
6 Friday,12,1 - light traffic,3434
6 Friday,12,2 - medium traffic,16980
6 Friday,12,3 - heavy traffic,31158
6 Friday,12,4 - stand still,8053.5
6 Friday,12.5,0- free flowing,196882
6 Friday,12.5,1 - light traffic,4716
6 Friday,12.5,2 - medium traffic,23932.5
6 Friday,12.5,3 - heavy traffic,41577
6 Friday,12.5,4 - stand still,11679.5
6 Friday,13,0- free flowing,210504
6 Friday,13,1 - light traffic,4992
6 Friday,13,2 - medium traffic,32377.5
6 Friday,13,3 - heavy traffic,52599
6 Friday,13,4 - stand still,16569
6 Friday,13.5,0- free flowing,212349
6 Friday,13.5,1 - light traffic,6474
6 Friday,13.5,2 - medium traffic,37630
6 Friday,13.5,3 - heavy traffic,62790
6 Friday,13.5,4 - stand still,21987
6 Friday,14,0- free flowing,215928
6 Friday,14,1 - light traffic,5984
6 Friday,14,2 - medium traffic,46840
6 Friday,14,3 - heavy traffic,70572
6 Friday,14,4 - stand still,23446.5
6 Friday,14.5,0- free flowing,219903
6 Friday,14.5,1 - light traffic,5926
6 Friday,14.5,2 - medium traffic,57790
6 Friday,14.5,3 - heavy traffic,78018
6 Friday,14.5,4 - stand still,22634.5
6 Friday,15,0- free flowing,227455
6 Friday,15,1 - light traffic,6964
6 Friday,15,2 - medium traffic,62967.5
6 Friday,15,3 - heavy traffic,96168
6 Friday,15,4 - stand still,21616
6 Friday,15.5,0- free flowing,243264
6 Friday,15.5,1 - light traffic,5960
6 Friday,15.5,2 - medium traffic,63267.5
6 Friday,15.5,3 - heavy traffic,124206
6 Friday,15.5,4 - stand still,30548
6 Friday,16,0- free flowing,253293
6 Friday,16,1 - light traffic,5976
6 Friday,16,2 - medium traffic,64885
6 Friday,16,3 - heavy traffic,142416
6 Friday,16,4 - stand still,39907
6 Friday,16.5,0- free flowing,279000
6 Friday,16.5,1 - light traffic,5738
6 Friday,16.5,2 - medium traffic,65717.5
6 Friday,16.5,3 - heavy traffic,152040
6 Friday,16.5,4 - stand still,43221.5
6 Friday,17,0- free flowing,272227
6 Friday,17,1 - light traffic,6678
6 Friday,17,2 - medium traffic,58657.5
6 Friday,17,3 - heavy traffic,157680
6 Friday,17,4 - stand still,49052.5
6 Friday,17.5,0- free flowing,268912
6 Friday,17.5,1 - light traffic,6812
6 Friday,17.5,2 - medium traffic,59330
6 Friday,17.5,3 - heavy traffic,146748
6 Friday,17.5,4 - stand still,50095.5
6 Friday,18,0- free flowing,248088
6 Friday,18,1 - light traffic,6538
6 Friday,18,2 - medium traffic,56327.5
6 Friday,18,3 - heavy traffic,90432
6 Friday,18,4 - stand still,41884.5
6 Friday,18.5,0- free flowing,225989
6 Friday,18.5,1 - light traffic,6390
6 Friday,18.5,2 - medium traffic,40307.5
6 Friday,18.5,3 - heavy traffic,49275
6 Friday,18.5,4 - stand still,34734
6 Friday,19,0- free flowing,197899
6 Friday,19,1 - light traffic,4200
6 Friday,19,2 - medium traffic,26180
6 Friday,19,3 - heavy traffic,27576
6 Friday,19,4 - stand still,27909
6 Friday,19.5,0- free flowing,178632
6 Friday,19.5,1 - light traffic,2756
6 Friday,19.5,2 - medium traffic,16677.5
6 Friday,19.5,3 - heavy traffic,20505
6 Friday,19.5,4 - stand still,19834.5
6 Friday,20,0- free flowing,155724
6 Friday,20,1 - light traffic,1518
6 Friday,20,2 - medium traffic,12917.5
6 Friday,20,3 - heavy traffic,13185
6 Friday,20,4 - stand still,13100.5
6 Friday,20.5,0- free flowing,143013
6 Friday,20.5,1 - light traffic,1016
6 Friday,20.5,2 - medium traffic,7327.5
6 Friday,20.5,3 - heavy traffic,8763
6 Friday,20.5,4 - stand still,9985.5
6 Friday,21,0- free flowing,131438
6 Friday,21,1 - light traffic,610
6 Friday,21,2 - medium traffic,6760
6 Friday,21,3 - heavy traffic,9885
6 Friday,21,4 - stand still,7343
6 Friday,21.5,0- free flowing,120979
6 Friday,21.5,1 - light traffic,1114
6 Friday,21.5,2 - medium traffic,5540
6 Friday,21.5,3 - heavy traffic,6615
6 Friday,21.5,4 - stand still,5281.5
6 Friday,22,0- free flowing,102734
6 Friday,22,1 - light traffic,462
6 Friday,22,2 - medium traffic,3500
6 Friday,22,3 - heavy traffic,3402
6 Friday,22,4 - stand still,4536
6 Friday,22.5,0- free flowing,88181
6 Friday,22.5,1 - light traffic,594
6 Friday,22.5,2 - medium traffic,1627.5
6 Friday,22.5,3 - heavy traffic,2433
6 Friday,22.5,4 - stand still,2096.5
6 Friday,23,0- free flowing,73533
6 Friday,23,1 - light traffic,64
6 Friday,23,2 - medium traffic,187.5
6 Friday,23,3 - heavy traffic,612
6 Friday,23,4 - stand still,1221.5
6 Friday,23.5,0- free flowing,58722
6 Friday,23.5,1 - light traffic,58
6 Friday,23.5,2 - medium traffic,62.5
6 Friday,23.5,3 - heavy traffic,240
6 Friday,23.5,4 - stand still,864.5
6 Friday,24,0- free flowing,41232
6 Friday,24,1 - light traffic,24
6 Friday,24,2 - medium traffic,160
6 Friday,24,3 - heavy traffic,519
6 Friday,24,4 - stand still,1589
7 Saturday,0.5,0- free flowing,48901
7 Saturday,0.5,1 - light traffic,22
7 Saturday,0.5,2 - medium traffic,17.5
7 Saturday,0.5,3 - heavy traffic,54
7 Saturday,0.5,4 - stand still,542.5
7 Saturday,1,0- free flowing,38223
7 Saturday,1,1 - light traffic,14
7 Saturday,1,2 - medium traffic,22.5
7 Saturday,1,3 - heavy traffic,111
7 Saturday,1,4 - stand still,182
7 Saturday,1.5,0- free flowing,34641
7 Saturday,1.5,1 - light traffic,16
7 Saturday,1.5,2 - medium traffic,15
7 Saturday,1.5,3 - heavy traffic,90
7 Saturday,1.5,4 - stand still,143.5
7 Saturday,2,0- free flowing,30821
7 Saturday,2,1 - light traffic,16
7 Saturday,2,2 - medium traffic,22.5
7 Saturday,2,3 - heavy traffic,225
7 Saturday,2,4 - stand still,213.5
7 Saturday,2.5,0- free flowing,27166
7 Saturday,2.5,1 - light traffic,38
7 Saturday,2.5,2 - medium traffic,25
7 Saturday,2.5,3 - heavy traffic,60
7 Saturday,2.5,4 - stand still,206.5
7 Saturday,3,0- free flowing,24690
7 Saturday,3,1 - light traffic,2
7 Saturday,3,2 - medium traffic,17.5
7 Saturday,3,3 - heavy traffic,69
7 Saturday,3,4 - stand still,182
7 Saturday,3.5,0- free flowing,23318
7 Saturday,3.5,1 - light traffic,4
7 Saturday,3.5,2 - medium traffic,50
7 Saturday,3.5,3 - heavy traffic,93
7 Saturday,3.5,4 - stand still,154
7 Saturday,4,0- free flowing,21760
7 Saturday,4,1 - light traffic,24
7 Saturday,4,2 - medium traffic,7.5
7 Saturday,4,3 - heavy traffic,60
7 Saturday,4,4 - stand still,154
7 Saturday,4.5,0- free flowing,21595
7 Saturday,4.5,1 - light traffic,26
7 Saturday,4.5,2 - medium traffic,22.5
7 Saturday,4.5,3 - heavy traffic,96
7 Saturday,4.5,4 - stand still,178.5
7 Saturday,5,0- free flowing,24102
7 Saturday,5,1 - light traffic,8
7 Saturday,5,2 - medium traffic,22.5
7 Saturday,5,3 - heavy traffic,45
7 Saturday,5,4 - stand still,238
7 Saturday,5.5,0- free flowing,28288
7 Saturday,5.5,1 - light traffic,6
7 Saturday,5.5,2 - medium traffic,7.5
7 Saturday,5.5,3 - heavy traffic,57
7 Saturday,5.5,4 - stand still,311.5
7 Saturday,6,0- free flowing,33775
7 Saturday,6,1 - light traffic,8
7 Saturday,6,2 - medium traffic,25
7 Saturday,6,3 - heavy traffic,33
7 Saturday,6,4 - stand still,122.5
7 Saturday,6.5,0- free flowing,41368
7 Saturday,6.5,1 - light traffic,18
7 Saturday,6.5,2 - medium traffic,40
7 Saturday,6.5,3 - heavy traffic,156
7 Saturday,6.5,4 - stand still,234.5
7 Saturday,7,0- free flowing,45523
7 Saturday,7,1 - light traffic,28
7 Saturday,7,2 - medium traffic,67.5
7 Saturday,7,3 - heavy traffic,102
7 Saturday,7,4 - stand still,115.5
7 Saturday,7.5,0- free flowing,57147
7 Saturday,7.5,1 - light traffic,20
7 Saturday,7.5,2 - medium traffic,27.5
7 Saturday,7.5,3 - heavy traffic,282
7 Saturday,7.5,4 - stand still,189
7 Saturday,8,0- free flowing,72201
7 Saturday,8,1 - light traffic,44
7 Saturday,8,2 - medium traffic,105
7 Saturday,8,3 - heavy traffic,423
7 Saturday,8,4 - stand still,479.5
7 Saturday,8.5,0- free flowing,93318
7 Saturday,8.5,1 - light traffic,232
7 Saturday,8.5,2 - medium traffic,182.5
7 Saturday,8.5,3 - heavy traffic,810
7 Saturday,8.5,4 - stand still,945
7 Saturday,9,0- free flowing,103861
7 Saturday,9,1 - light traffic,312
7 Saturday,9,2 - medium traffic,312.5
7 Saturday,9,3 - heavy traffic,1812
7 Saturday,9,4 - stand still,1757
7 Saturday,9.5,0- free flowing,121296
7 Saturday,9.5,1 - light traffic,242
7 Saturday,9.5,2 - medium traffic,285
7 Saturday,9.5,3 - heavy traffic,2307
7 Saturday,9.5,4 - stand still,4144
7 Saturday,10,0- free flowing,143112
7 Saturday,10,1 - light traffic,562
7 Saturday,10,2 - medium traffic,1235
7 Saturday,10,3 - heavy traffic,4869
7 Saturday,10,4 - stand still,5617.5
7 Saturday,10.5,0- free flowing,156254
7 Saturday,10.5,1 - light traffic,718
7 Saturday,10.5,2 - medium traffic,3067.5
7 Saturday,10.5,3 - heavy traffic,8088
7 Saturday,10.5,4 - stand still,5925.5
7 Saturday,11,0- free flowing,169638
7 Saturday,11,1 - light traffic,808
7 Saturday,11,2 - medium traffic,5200
7 Saturday,11,3 - heavy traffic,15393
7 Saturday,11,4 - stand still,7861
7 Saturday,11.5,0- free flowing,182677
7 Saturday,11.5,1 - light traffic,1608
7 Saturday,11.5,2 - medium traffic,7602.5
7 Saturday,11.5,3 - heavy traffic,24486
7 Saturday,11.5,4 - stand still,9429
7 Saturday,12,0- free flowing,197724
7 Saturday,12,1 - light traffic,2290
7 Saturday,12,2 - medium traffic,10462.5
7 Saturday,12,3 - heavy traffic,30456
7 Saturday,12,4 - stand still,14644
7 Saturday,12.5,0- free flowing,209272
7 Saturday,12.5,1 - light traffic,2996
7 Saturday,12.5,2 - medium traffic,15145
7 Saturday,12.5,3 - heavy traffic,35223
7 Saturday,12.5,4 - stand still,19215
7 Saturday,13,0- free flowing,215510
7 Saturday,13,1 - light traffic,3212
7 Saturday,13,2 - medium traffic,17762.5
7 Saturday,13,3 - heavy traffic,41085
7 Saturday,13,4 - stand still,17671.5
7 Saturday,13.5,0- free flowing,213080
7 Saturday,13.5,1 - light traffic,2630
7 Saturday,13.5,2 - medium traffic,19115
7 Saturday,13.5,3 - heavy traffic,40137
7 Saturday,13.5,4 - stand still,16296
7 Saturday,14,0- free flowing,210252
7 Saturday,14,1 - light traffic,2480
7 Saturday,14,2 - medium traffic,17432.5
7 Saturday,14,3 - heavy traffic,37686
7 Saturday,14,4 - stand still,17552.5
7 Saturday,14.5,0- free flowing,207606
7 Saturday,14.5,1 - light traffic,3180
7 Saturday,14.5,2 - medium traffic,19645
7 Saturday,14.5,3 - heavy traffic,39780
7 Saturday,14.5,4 - stand still,15862
7 Saturday,15,0- free flowing,205848
7 Saturday,15,1 - light traffic,2982
7 Saturday,15,2 - medium traffic,20867.5
7 Saturday,15,3 - heavy traffic,35439
7 Saturday,15,4 - stand still,16058
7 Saturday,15.5,0- free flowing,203910
7 Saturday,15.5,1 - light traffic,2758
7 Saturday,15.5,2 - medium traffic,19355
7 Saturday,15.5,3 - heavy traffic,32178
7 Saturday,15.5,4 - stand still,15575
7 Saturday,16,0- free flowing,202301
7 Saturday,16,1 - light traffic,2518
7 Saturday,16,2 - medium traffic,16820
7 Saturday,16,3 - heavy traffic,30534
7 Saturday,16,4 - stand still,15344
7 Saturday,16.5,0- free flowing,198906
7 Saturday,16.5,1 - light traffic,2596
7 Saturday,16.5,2 - medium traffic,16627.5
7 Saturday,16.5,3 - heavy traffic,25164
7 Saturday,16.5,4 - stand still,12432
7 Saturday,17,0- free flowing,193949
7 Saturday,17,1 - light traffic,2712
7 Saturday,17,2 - medium traffic,14825
7 Saturday,17,3 - heavy traffic,20340
7 Saturday,17,4 - stand still,9877
7 Saturday,17.5,0- free flowing,187471
7 Saturday,17.5,1 - light traffic,2212
7 Saturday,17.5,2 - medium traffic,15202.5
7 Saturday,17.5,3 - heavy traffic,17064
7 Saturday,17.5,4 - stand still,7714
7 Saturday,18,0- free flowing,180994
7 Saturday,18,1 - light traffic,1998
7 Saturday,18,2 - medium traffic,10595
7 Saturday,18,3 - heavy traffic,13242
7 Saturday,18,4 - stand still,7962.5
7 Saturday,18.5,0- free flowing,169941
7 Saturday,18.5,1 - light traffic,1348
7 Saturday,18.5,2 - medium traffic,6082.5
7 Saturday,18.5,3 - heavy traffic,9687
7 Saturday,18.5,4 - stand still,6783
7 Saturday,19,0- free flowing,159021
7 Saturday,19,1 - light traffic,550
7 Saturday,19,2 - medium traffic,3867.5
7 Saturday,19,3 - heavy traffic,6537
7 Saturday,19,4 - stand still,6209
7 Saturday,19.5,0- free flowing,143418
7 Saturday,19.5,1 - light traffic,436
7 Saturday,19.5,2 - medium traffic,3155
7 Saturday,19.5,3 - heavy traffic,3915
7 Saturday,19.5,4 - stand still,4672.5
7 Saturday,20,0- free flowing,114899
7 Saturday,20,1 - light traffic,836
7 Saturday,20,2 - medium traffic,1355
7 Saturday,20,3 - heavy traffic,2277
7 Saturday,20,4 - stand still,4315.5
7 Saturday,20.5,0- free flowing,94767
7 Saturday,20.5,1 - light traffic,560
7 Saturday,20.5,2 - medium traffic,742.5
7 Saturday,20.5,3 - heavy traffic,1818
7 Saturday,20.5,4 - stand still,2383.5
7 Saturday,21,0- free flowing,100934
7 Saturday,21,1 - light traffic,88
7 Saturday,21,2 - medium traffic,212.5
7 Saturday,21,3 - heavy traffic,1476
7 Saturday,21,4 - stand still,2215.5
7 Saturday,21.5,0- free flowing,96049
7 Saturday,21.5,1 - light traffic,68
7 Saturday,21.5,2 - medium traffic,220
7 Saturday,21.5,3 - heavy traffic,999
7 Saturday,21.5,4 - stand still,1106
7 Saturday,22,0- free flowing,86393
7 Saturday,22,1 - light traffic,54
7 Saturday,22,2 - medium traffic,225
7 Saturday,22,3 - heavy traffic,603
7 Saturday,22,4 - stand still,766.5
7 Saturday,22.5,0- free flowing,77560
7 Saturday,22.5,1 - light traffic,22
7 Saturday,22.5,2 - medium traffic,95
7 Saturday,22.5,3 - heavy traffic,438
7 Saturday,22.5,4 - stand still,714
7 Saturday,23,0- free flowing,64302
7 Saturday,23,1 - light traffic,28
7 Saturday,23,2 - medium traffic,40
7 Saturday,23,3 - heavy traffic,339
7 Saturday,23,4 - stand still,332.5
7 Saturday,23.5,0- free flowing,53835
7 Saturday,23.5,1 - light traffic,2
7 Saturday,23.5,2 - medium traffic,62.5
7 Saturday,23.5,3 - heavy traffic,129
7 Saturday,23.5,4 - stand still,185.5
7 Saturday,24,0- free flowing,42550
7 Saturday,24,1 - light traffic,2
7 Saturday,24,2 - medium traffic,2.5
7 Saturday,24,3 - heavy traffic,159
7 Saturday,24,4 - stand still,549.5
