Day of Week,Time Half Hour,Traffic Level,Traffic Flow
1 Sunday,0.5,0- free flowing,38778
1 Sunday,0.5,1 - light traffic,22
1 Sunday,0.5,2 - medium traffic,2.5
1 Sunday,0.5,3 - heavy traffic,63
1 Sunday,0.5,4 - stand still,126
1 Sunday,1,0- free flowing,34582
1 Sunday,1,1 - light traffic,12
1 Sunday,1,2 - medium traffic,7.5
1 Sunday,1,3 - heavy traffic,99
1 Sunday,1,4 - stand still,108.5
1 Sunday,1.5,0- free flowing,29692
1 Sunday,1.5,1 - light traffic,8
1 Sunday,1.5,2 - medium traffic,5
1 Sunday,1.5,3 - heavy traffic,33
1 Sunday,1.5,4 - stand still,63
1 Sunday,2,0- free flowing,24338
1 Sunday,2,1 - light traffic,8
1 Sunday,2,2 - medium traffic,12.5
1 Sunday,2,3 - heavy traffic,36
1 Sunday,2,4 - stand still,49
1 Sunday,2.5,0- free flowing,20887
1 Sunday,2.5,1 - light traffic,2
1 Sunday,2.5,2 - medium traffic,0
1 Sunday,2.5,3 - heavy traffic,60
1 Sunday,2.5,4 - stand still,49
1 Sunday,3,0- free flowing,19209
1 Sunday,3,1 - light traffic,2
1 Sunday,3,2 - medium traffic,5
1 Sunday,3,3 - heavy traffic,27
1 Sunday,3,4 - stand still,77
1 Sunday,3.5,0- free flowing,17196
1 Sunday,3.5,1 - light traffic,4
1 Sunday,3.5,2 - medium traffic,10
1 Sunday,3.5,3 - heavy traffic,33
1 Sunday,3.5,4 - stand still,31.5
1 Sunday,4,0- free flowing,14891
1 Sunday,4,1 - light traffic,6
1 Sunday,4,2 - medium traffic,12.5
1 Sunday,4,3 - heavy traffic,54
1 Sunday,4,4 - stand still,28
1 Sunday,4.5,0- free flowing,14468
1 Sunday,4.5,1 - light traffic,12
1 Sunday,4.5,2 - medium traffic,7.5
1 Sunday,4.5,3 - heavy traffic,18
1 Sunday,4.5,4 - stand still,126
1 Sunday,5,0- free flowing,15543
1 Sunday,5,1 - light traffic,14
1 Sunday,5,2 - medium traffic,15
1 Sunday,5,3 - heavy traffic,48
1 Sunday,5,4 - stand still,98
1 Sunday,5.5,0- free flowing,17926
1 Sunday,5.5,1 - light traffic,12
1 Sunday,5.5,2 - medium traffic,5
1 Sunday,5.5,3 - heavy traffic,51
1 Sunday,5.5,4 - stand still,52.5
1 Sunday,6,0- free flowing,21777
1 Sunday,6,1 - light traffic,4
1 Sunday,6,2 - medium traffic,20
1 Sunday,6,3 - heavy traffic,81
1 Sunday,6,4 - stand still,360.5
1 Sunday,6.5,0- free flowing,27872
1 Sunday,6.5,1 - light traffic,10
1 Sunday,6.5,2 - medium traffic,12.5
1 Sunday,6.5,3 - heavy traffic,72
1 Sunday,6.5,4 - stand still,70
1 Sunday,7,0- free flowing,30648
1 Sunday,7,1 - light traffic,14
1 Sunday,7,2 - medium traffic,17.5
1 Sunday,7,3 - heavy traffic,90
1 Sunday,7,4 - stand still,140
1 Sunday,7.5,0- free flowing,34397
1 Sunday,7.5,1 - light traffic,8
1 Sunday,7.5,2 - medium traffic,45
1 Sunday,7.5,3 - heavy traffic,159
1 Sunday,7.5,4 - stand still,402.5
1 Sunday,8,0- free flowing,39017
1 Sunday,8,1 - light traffic,4
1 Sunday,8,2 - medium traffic,110
1 Sunday,8,3 - heavy traffic,102
1 Sunday,8,4 - stand still,1361.5
1 Sunday,8.5,0- free flowing,49169
1 Sunday,8.5,1 - light traffic,8
1 Sunday,8.5,2 - medium traffic,62.5
1 Sunday,8.5,3 - heavy traffic,318
1 Sunday,8.5,4 - stand still,2453.5
1 Sunday,9,0- free flowing,65248
1 Sunday,9,1 - light traffic,30
1 Sunday,9,2 - medium traffic,412.5
1 Sunday,9,3 - heavy traffic,438
1 Sunday,9,4 - stand still,2555
1 Sunday,9.5,0- free flowing,81011
1 Sunday,9.5,1 - light traffic,48
1 Sunday,9.5,2 - medium traffic,422.5
1 Sunday,9.5,3 - heavy traffic,1350
1 Sunday,9.5,4 - stand still,2415
1 Sunday,10,0- free flowing,90777
1 Sunday,10,1 - light traffic,50
1 Sunday,10,2 - medium traffic,330
1 Sunday,10,3 - heavy traffic,2172
1 Sunday,10,4 - stand still,3993.5
1 Sunday,10.5,0- free flowing,117670
1 Sunday,10.5,1 - light traffic,308
1 Sunday,10.5,2 - medium traffic,1025
1 Sunday,10.5,3 - heavy traffic,3699
1 Sunday,10.5,4 - stand still,7024.5
1 Sunday,11,0- free flowing,135546
1 Sunday,11,1 - light traffic,606
1 Sunday,11,2 - medium traffic,2847.5
1 Sunday,11,3 - heavy traffic,7530
1 Sunday,11,4 - stand still,7836.5
1 Sunday,11.5,0- free flowing,143500
1 Sunday,11.5,1 - light traffic,626
1 Sunday,11.5,2 - medium traffic,3832.5
1 Sunday,11.5,3 - heavy traffic,12588
1 Sunday,11.5,4 - stand still,9943.5
1 Sunday,12,0- free flowing,158532
1 Sunday,12,1 - light traffic,1402
1 Sunday,12,2 - medium traffic,5995
1 Sunday,12,3 - heavy traffic,18714
1 Sunday,12,4 - stand still,12393.5
1 Sunday,12.5,0- free flowing,177531
1 Sunday,12.5,1 - light traffic,3054
1 Sunday,12.5,2 - medium traffic,9795
1 Sunday,12.5,3 - heavy traffic,27858
1 Sunday,12.5,4 - stand still,13674.5
1 Sunday,13,0- free flowing,186868
1 Sunday,13,1 - light traffic,4776
1 Sunday,13,2 - medium traffic,20335
1 Sunday,13,3 - heavy traffic,37302
1 Sunday,13,4 - stand still,18585
1 Sunday,13.5,0- free flowing,187607
1 Sunday,13.5,1 - light traffic,5002
1 Sunday,13.5,2 - medium traffic,30152.5
1 Sunday,13.5,3 - heavy traffic,39381
1 Sunday,13.5,4 - stand still,19323.5
1 Sunday,14,0- free flowing,189479
1 Sunday,14,1 - light traffic,4930
1 Sunday,14,2 - medium traffic,30285
1 Sunday,14,3 - heavy traffic,42804
1 Sunday,14,4 - stand still,25186
1 Sunday,14.5,0- free flowing,190196
1 Sunday,14.5,1 - light traffic,4976
1 Sunday,14.5,2 - medium traffic,31300
1 Sunday,14.5,3 - heavy traffic,48996
1 Sunday,14.5,4 - stand still,26901
1 Sunday,15,0- free flowing,194762
1 Sunday,15,1 - light traffic,4418
1 Sunday,15,2 - medium traffic,31000
1 Sunday,15,3 - heavy traffic,51696
1 Sunday,15,4 - stand still,26733
1 Sunday,15.5,0- free flowing,191894
1 Sunday,15.5,1 - light traffic,3998
1 Sunday,15.5,2 - medium traffic,31267.5
1 Sunday,15.5,3 - heavy traffic,48951
1 Sunday,15.5,4 - stand still,24958.5
1 Sunday,16,0- free flowing,189469
1 Sunday,16,1 - light traffic,4028
1 Sunday,16,2 - medium traffic,34112.5
1 Sunday,16,3 - heavy traffic,47097
1 Sunday,16,4 - stand still,21479.5
1 Sunday,16.5,0- free flowing,185570
1 Sunday,16.5,1 - light traffic,3468
1 Sunday,16.5,2 - medium traffic,37445
1 Sunday,16.5,3 - heavy traffic,41829
1 Sunday,16.5,4 - stand still,19516
1 Sunday,17,0- free flowing,180715
1 Sunday,17,1 - light traffic,4566
1 Sunday,17,2 - medium traffic,32567.5
1 Sunday,17,3 - heavy traffic,37887
1 Sunday,17,4 - stand still,15823.5
1 Sunday,17.5,0- free flowing,171133
1 Sunday,17.5,1 - light traffic,3224
1 Sunday,17.5,2 - medium traffic,23732.5
1 Sunday,17.5,3 - heavy traffic,32187
1 Sunday,17.5,4 - stand still,15263.5
1 Sunday,18,0- free flowing,159704
1 Sunday,18,1 - light traffic,2276
1 Sunday,18,2 - medium traffic,18942.5
1 Sunday,18,3 - heavy traffic,22572
1 Sunday,18,4 - stand still,11210.5
1 Sunday,18.5,0- free flowing,148055
1 Sunday,18.5,1 - light traffic,2018
1 Sunday,18.5,2 - medium traffic,13275
1 Sunday,18.5,3 - heavy traffic,17355
1 Sunday,18.5,4 - stand still,6968.5
1 Sunday,19,0- free flowing,130490
1 Sunday,19,1 - light traffic,1014
1 Sunday,19,2 - medium traffic,9412.5
1 Sunday,19,3 - heavy traffic,11649
1 Sunday,19,4 - stand still,6993
1 Sunday,19.5,0- free flowing,118812
1 Sunday,19.5,1 - light traffic,788
1 Sunday,19.5,2 - medium traffic,4705
1 Sunday,19.5,3 - heavy traffic,9807
1 Sunday,19.5,4 - stand still,6426
1 Sunday,20,0- free flowing,101797
1 Sunday,20,1 - light traffic,768
1 Sunday,20,2 - medium traffic,4740
1 Sunday,20,3 - heavy traffic,4245
1 Sunday,20,4 - stand still,3388
1 Sunday,20.5,0- free flowing,91079
1 Sunday,20.5,1 - light traffic,438
1 Sunday,20.5,2 - medium traffic,2572.5
1 Sunday,20.5,3 - heavy traffic,2601
1 Sunday,20.5,4 - stand still,2737
1 Sunday,21,0- free flowing,79864
1 Sunday,21,1 - light traffic,452
1 Sunday,21,2 - medium traffic,1320
1 Sunday,21,3 - heavy traffic,2109
1 Sunday,21,4 - stand still,1862
1 Sunday,21.5,0- free flowing,68332
1 Sunday,21.5,1 - light traffic,220
1 Sunday,21.5,2 - medium traffic,810
1 Sunday,21.5,3 - heavy traffic,1920
1 Sunday,21.5,4 - stand still,3419.5
1 Sunday,22,0- free flowing,58341
1 Sunday,22,1 - light traffic,228
1 Sunday,22,2 - medium traffic,460
1 Sunday,22,3 - heavy traffic,1053
1 Sunday,22,4 - stand still,2474.5
1 Sunday,22.5,0- free flowing,48928
1 Sunday,22.5,1 - light traffic,158
1 Sunday,22.5,2 - medium traffic,382.5
1 Sunday,22.5,3 - heavy traffic,720
1 Sunday,22.5,4 - stand still,2278.5
1 Sunday,23,0- free flowing,41618
1 Sunday,23,1 - light traffic,144
1 Sunday,23,2 - medium traffic,370
1 Sunday,23,3 - heavy traffic,489
1 Sunday,23,4 - stand still,2418.5
1 Sunday,23.5,0- free flowing,35587
1 Sunday,23.5,1 - light traffic,64
1 Sunday,23.5,2 - medium traffic,170
1 Sunday,23.5,3 - heavy traffic,279
1 Sunday,23.5,4 - stand still,1673
1 Sunday,24,0- free flowing,40018
1 Sunday,24,1 - light traffic,30
1 Sunday,24,2 - medium traffic,112.5
1 Sunday,24,3 - heavy traffic,237
1 Sunday,24,4 - stand still,644
2 Monday,0.5,0- free flowing,26947
2 Monday,0.5,1 - light traffic,34
2 Monday,0.5,2 - medium traffic,50
2 Monday,0.5,3 - heavy traffic,144
2 Monday,0.5,4 - stand still,416.5
2 Monday,1,0- free flowing,23101
2 Monday,1,1 - light traffic,36
2 Monday,1,2 - medium traffic,25
2 Monday,1,3 - heavy traffic,81
2 Monday,1,4 - stand still,329
2 Monday,1.5,0- free flowing,19899
2 Monday,1.5,1 - light traffic,26
2 Monday,1.5,2 - medium traffic,15
2 Monday,1.5,3 - heavy traffic,69
2 Monday,1.5,4 - stand still,301
2 Monday,2,0- free flowing,17500
2 Monday,2,1 - light traffic,22
2 Monday,2,2 - medium traffic,30
2 Monday,2,3 - heavy traffic,69
2 Monday,2,4 - stand still,437.5
2 Monday,2.5,0- free flowing,15815
2 Monday,2.5,1 - light traffic,26
2 Monday,2.5,2 - medium traffic,22.5
2 Monday,2.5,3 - heavy traffic,93
2 Monday,2.5,4 - stand still,252
2 Monday,3,0- free flowing,13821
2 Monday,3,1 - light traffic,10
2 Monday,3,2 - medium traffic,20
2 Monday,3,3 - heavy traffic,78
2 Monday,3,4 - stand still,63
2 Monday,3.5,0- free flowing,13416
2 Monday,3.5,1 - light traffic,14
2 Monday,3.5,2 - medium traffic,27.5
2 Monday,3.5,3 - heavy traffic,39
2 Monday,3.5,4 - stand still,94.5
2 Monday,4,0- free flowing,14777
2 Monday,4,1 - light traffic,16
2 Monday,4,2 - medium traffic,55
2 Monday,4,3 - heavy traffic,45
2 Monday,4,4 - stand still,126
2 Monday,4.5,0- free flowing,17206
2 Monday,4.5,1 - light traffic,8
2 Monday,4.5,2 - medium traffic,20
2 Monday,4.5,3 - heavy traffic,39
2 Monday,4.5,4 - stand still,136.5
2 Monday,5,0- free flowing,23062
2 Monday,5,1 - light traffic,16
2 Monday,5,2 - medium traffic,10
2 Monday,5,3 - heavy traffic,60
2 Monday,5,4 - stand still,91
2 Monday,5.5,0- free flowing,29977
2 Monday,5.5,1 - light traffic,6
2 Monday,5.5,2 - medium traffic,35
2 Monday,5.5,3 - heavy traffic,123
2 Monday,5.5,4 - stand still,171.5
2 Monday,6,0- free flowing,34403
2 Monday,6,1 - light traffic,10
2 Monday,6,2 - medium traffic,22.5
2 Monday,6,3 - heavy traffic,165
2 Monday,6,4 - stand still,392
2 Monday,6.5,0- free flowing,44984
2 Monday,6.5,1 - light traffic,6
2 Monday,6.5,2 - medium traffic,72.5
2 Monday,6.5,3 - heavy traffic,372
2 Monday,6.5,4 - stand still,717.5
2 Monday,7,0- free flowing,64006
2 Monday,7,1 - light traffic,62
2 Monday,7,2 - medium traffic,492.5
2 Monday,7,3 - heavy traffic,1101
2 Monday,7,4 - stand still,2317
2 Monday,7.5,0- free flowing,102282
2 Monday,7.5,1 - light traffic,652
2 Monday,7.5,2 - medium traffic,2877.5
2 Monday,7.5,3 - heavy traffic,4647
2 Monday,7.5,4 - stand still,3801
2 Monday,8,0- free flowing,123394
2 Monday,8,1 - light traffic,1370
2 Monday,8,2 - medium traffic,8450
2 Monday,8,3 - heavy traffic,18444
2 Monday,8,4 - stand still,7252
2 Monday,8.5,0- free flowing,129251
2 Monday,8.5,1 - light traffic,956
2 Monday,8.5,2 - medium traffic,5980
2 Monday,8.5,3 - heavy traffic,11097
2 Monday,8.5,4 - stand still,7633.5
2 Monday,9,0- free flowing,120939
2 Monday,9,1 - light traffic,708
2 Monday,9,2 - medium traffic,3310
2 Monday,9,3 - heavy traffic,4572
2 Monday,9,4 - stand still,4784.5
2 Monday,9.5,0- free flowing,114923
2 Monday,9.5,1 - light traffic,134
2 Monday,9.5,2 - medium traffic,517.5
2 Monday,9.5,3 - heavy traffic,2481
2 Monday,9.5,4 - stand still,2152.5
2 Monday,10,0- free flowing,120135
2 Monday,10,1 - light traffic,158
2 Monday,10,2 - medium traffic,380
2 Monday,10,3 - heavy traffic,1365
2 Monday,10,4 - stand still,1862
2 Monday,10.5,0- free flowing,125972
2 Monday,10.5,1 - light traffic,92
2 Monday,10.5,2 - medium traffic,257.5
2 Monday,10.5,3 - heavy traffic,1047
2 Monday,10.5,4 - stand still,1463
2 Monday,11,0- free flowing,135255
2 Monday,11,1 - light traffic,196
2 Monday,11,2 - medium traffic,875
2 Monday,11,3 - heavy traffic,1845
2 Monday,11,4 - stand still,1410.5
2 Monday,11.5,0- free flowing,142599
2 Monday,11.5,1 - light traffic,564
2 Monday,11.5,2 - medium traffic,1565
2 Monday,11.5,3 - heavy traffic,4284
2 Monday,11.5,4 - stand still,1935.5
2 Monday,12,0- free flowing,149427
2 Monday,12,1 - light traffic,746
2 Monday,12,2 - medium traffic,2447.5
2 Monday,12,3 - heavy traffic,9669
2 Monday,12,4 - stand still,3930.5
2 Monday,12.5,0- free flowing,156884
2 Monday,12.5,1 - light traffic,1092
2 Monday,12.5,2 - medium traffic,4032.5
2 Monday,12.5,3 - heavy traffic,14631
2 Monday,12.5,4 - stand still,6300
2 Monday,13,0- free flowing,165170
2 Monday,13,1 - light traffic,1222
2 Monday,13,2 - medium traffic,7207.5
2 Monday,13,3 - heavy traffic,17472
2 Monday,13,4 - stand still,7189
2 Monday,13.5,0- free flowing,168105
2 Monday,13.5,1 - light traffic,1888
2 Monday,13.5,2 - medium traffic,9360
2 Monday,13.5,3 - heavy traffic,19320
2 Monday,13.5,4 - stand still,7637
2 Monday,14,0- free flowing,169018
2 Monday,14,1 - light traffic,1408
2 Monday,14,2 - medium traffic,12160
2 Monday,14,3 - heavy traffic,19338
2 Monday,14,4 - stand still,6846
2 Monday,14.5,0- free flowing,172329
2 Monday,14.5,1 - light traffic,2372
2 Monday,14.5,2 - medium traffic,12935
2 Monday,14.5,3 - heavy traffic,25143
2 Monday,14.5,4 - stand still,6709.5
2 Monday,15,0- free flowing,179799
2 Monday,15,1 - light traffic,2554
2 Monday,15,2 - medium traffic,13452.5
2 Monday,15,3 - heavy traffic,32196
2 Monday,15,4 - stand still,5425
2 Monday,15.5,0- free flowing,183431
2 Monday,15.5,1 - light traffic,3044
2 Monday,15.5,2 - medium traffic,18770
2 Monday,15.5,3 - heavy traffic,32190
2 Monday,15.5,4 - stand still,8844.5
2 Monday,16,0- free flowing,182148
2 Monday,16,1 - light traffic,3128
2 Monday,16,2 - medium traffic,26055
2 Monday,16,3 - heavy traffic,29676
2 Monday,16,4 - stand still,10475.5
2 Monday,16.5,0- free flowing,194198
2 Monday,16.5,1 - light traffic,2540
2 Monday,16.5,2 - medium traffic,28010
2 Monday,16.5,3 - heavy traffic,35934
2 Monday,16.5,4 - stand still,8281
2 Monday,17,0- free flowing,208891
2 Monday,17,1 - light traffic,2764
2 Monday,17,2 - medium traffic,29845
2 Monday,17,3 - heavy traffic,49593
2 Monday,17,4 - stand still,8830.5
2 Monday,17.5,0- free flowing,218037
2 Monday,17.5,1 - light traffic,3538
2 Monday,17.5,2 - medium traffic,32365
2 Monday,17.5,3 - heavy traffic,71574
2 Monday,17.5,4 - stand still,14441
2 Monday,18,0- free flowing,188165
2 Monday,18,1 - light traffic,3044
2 Monday,18,2 - medium traffic,21457.5
2 Monday,18,3 - heavy traffic,37608
2 Monday,18,4 - stand still,10038
2 Monday,18.5,0- free flowing,153430
2 Monday,18.5,1 - light traffic,1440
2 Monday,18.5,2 - medium traffic,9230
2 Monday,18.5,3 - heavy traffic,9018
2 Monday,18.5,4 - stand still,4424
2 Monday,19,0- free flowing,120840
2 Monday,19,1 - light traffic,508
2 Monday,19,2 - medium traffic,1957.5
2 Monday,19,3 - heavy traffic,2652
2 Monday,19,4 - stand still,2534
2 Monday,19.5,0- free flowing,103134
2 Monday,19.5,1 - light traffic,308
2 Monday,19.5,2 - medium traffic,500
2 Monday,19.5,3 - heavy traffic,1065
2 Monday,19.5,4 - stand still,3013.5
2 Monday,20,0- free flowing,89479
2 Monday,20,1 - light traffic,98
2 Monday,20,2 - medium traffic,462.5
2 Monday,20,3 - heavy traffic,504
2 Monday,20,4 - stand still,2285.5
2 Monday,20.5,0- free flowing,78786
2 Monday,20.5,1 - light traffic,224
2 Monday,20.5,2 - medium traffic,295
2 Monday,20.5,3 - heavy traffic,669
2 Monday,20.5,4 - stand still,1417.5
2 Monday,21,0- free flowing,68383
2 Monday,21,1 - light traffic,204
2 Monday,21,2 - medium traffic,142.5
2 Monday,21,3 - heavy traffic,717
2 Monday,21,4 - stand still,686
2 Monday,21.5,0- free flowing,59387
2 Monday,21.5,1 - light traffic,84
2 Monday,21.5,2 - medium traffic,290
2 Monday,21.5,3 - heavy traffic,1221
2 Monday,21.5,4 - stand still,1932
2 Monday,22,0- free flowing,49462
2 Monday,22,1 - light traffic,42
2 Monday,22,2 - medium traffic,85
2 Monday,22,3 - heavy traffic,975
2 Monday,22,4 - stand still,2758
2 Monday,22.5,0- free flowing,42302
2 Monday,22.5,1 - light traffic,20
2 Monday,22.5,2 - medium traffic,137.5
2 Monday,22.5,3 - heavy traffic,708
2 Monday,22.5,4 - stand still,1494.5
2 Monday,23,0- free flowing,37317
2 Monday,23,1 - light traffic,30
2 Monday,23,2 - medium traffic,230
2 Monday,23,3 - heavy traffic,672
2 Monday,23,4 - stand still,997.5
2 Monday,23.5,0- free flowing,33864
2 Monday,23.5,1 - light traffic,48
2 Monday,23.5,2 - medium traffic,162.5
2 Monday,23.5,3 - heavy traffic,552
2 Monday,23.5,4 - stand still,1372
2 Monday,24,0- free flowing,31162
2 Monday,24,1 - light traffic,58
2 Monday,24,2 - medium traffic,117.5
2 Monday,24,3 - heavy traffic,195
2 Monday,24,4 - stand still,1641.5
3 Tuesday,0.5,0- free flowing,24930
3 Tuesday,0.5,1 - light traffic,24
3 Tuesday,0.5,2 - medium traffic,72.5
3 Tuesday,0.5,3 - heavy traffic,189
3 Tuesday,0.5,4 - stand still,1267
3 Tuesday,1,0- free flowing,20990
3 Tuesday,1,1 - light traffic,56
3 Tuesday,1,2 - medium traffic,35
3 Tuesday,1,3 - heavy traffic,198
3 Tuesday,1,4 - stand still,903
3 Tuesday,1.5,0- free flowing,17416
3 Tuesday,1.5,1 - light traffic,28
3 Tuesday,1.5,2 - medium traffic,35
3 Tuesday,1.5,3 - heavy traffic,84
3 Tuesday,1.5,4 - stand still,521.5
3 Tuesday,2,0- free flowing,15354
3 Tuesday,2,1 - light traffic,48
3 Tuesday,2,2 - medium traffic,12.5
3 Tuesday,2,3 - heavy traffic,126
3 Tuesday,2,4 - stand still,360.5
3 Tuesday,2.5,0- free flowing,14029
3 Tuesday,2.5,1 - light traffic,40
3 Tuesday,2.5,2 - medium traffic,15
3 Tuesday,2.5,3 - heavy traffic,90
3 Tuesday,2.5,4 - stand still,451.5
3 Tuesday,3,0- free flowing,13189
3 Tuesday,3,1 - light traffic,10
3 Tuesday,3,2 - medium traffic,30
3 Tuesday,3,3 - heavy traffic,90
3 Tuesday,3,4 - stand still,192.5
3 Tuesday,3.5,0- free flowing,13446
3 Tuesday,3.5,1 - light traffic,16
3 Tuesday,3.5,2 - medium traffic,15
3 Tuesday,3.5,3 - heavy traffic,78
3 Tuesday,3.5,4 - stand still,126
3 Tuesday,4,0- free flowing,14307
3 Tuesday,4,1 - light traffic,16
3 Tuesday,4,2 - medium traffic,20
3 Tuesday,4,3 - heavy traffic,66
3 Tuesday,4,4 - stand still,192.5
3 Tuesday,4.5,0- free flowing,16848
3 Tuesday,4.5,1 - light traffic,16
3 Tuesday,4.5,2 - medium traffic,15
3 Tuesday,4.5,3 - heavy traffic,105
3 Tuesday,4.5,4 - stand still,182
3 Tuesday,5,0- free flowing,23656
3 Tuesday,5,1 - light traffic,10
3 Tuesday,5,2 - medium traffic,30
3 Tuesday,5,3 - heavy traffic,87
3 Tuesday,5,4 - stand still,231
3 Tuesday,5.5,0- free flowing,31607
3 Tuesday,5.5,1 - light traffic,20
3 Tuesday,5.5,2 - medium traffic,20
3 Tuesday,5.5,3 - heavy traffic,138
3 Tuesday,5.5,4 - stand still,301
3 Tuesday,6,0- free flowing,38159
3 Tuesday,6,1 - light traffic,12
3 Tuesday,6,2 - medium traffic,15
3 Tuesday,6,3 - heavy traffic,144
3 Tuesday,6,4 - stand still,143.5
3 Tuesday,6.5,0- free flowing,48398
3 Tuesday,6.5,1 - light traffic,8
3 Tuesday,6.5,2 - medium traffic,75
3 Tuesday,6.5,3 - heavy traffic,213
3 Tuesday,6.5,4 - stand still,350
3 Tuesday,7,0- free flowing,71749
3 Tuesday,7,1 - light traffic,64
3 Tuesday,7,2 - medium traffic,337.5
3 Tuesday,7,3 - heavy traffic,954
3 Tuesday,7,4 - stand still,1046.5
3 Tuesday,7.5,0- free flowing,117564
3 Tuesday,7.5,1 - light traffic,1176
3 Tuesday,7.5,2 - medium traffic,6360
3 Tuesday,7.5,3 - heavy traffic,8202
3 Tuesday,7.5,4 - stand still,2779
3 Tuesday,8,0- free flowing,138256
3 Tuesday,8,1 - light traffic,1400
3 Tuesday,8,2 - medium traffic,12355
3 Tuesday,8,3 - heavy traffic,28035
3 Tuesday,8,4 - stand still,6986
3 Tuesday,8.5,0- free flowing,138858
3 Tuesday,8.5,1 - light traffic,1374
3 Tuesday,8.5,2 - medium traffic,7840
3 Tuesday,8.5,3 - heavy traffic,13497
3 Tuesday,8.5,4 - stand still,4028.5
3 Tuesday,9,0- free flowing,122525
3 Tuesday,9,1 - light traffic,778
3 Tuesday,9,2 - medium traffic,3672.5
3 Tuesday,9,3 - heavy traffic,6486
3 Tuesday,9,4 - stand still,4875.5
3 Tuesday,9.5,0- free flowing,112294
3 Tuesday,9.5,1 - light traffic,200
3 Tuesday,9.5,2 - medium traffic,1265
3 Tuesday,9.5,3 - heavy traffic,3021
3 Tuesday,9.5,4 - stand still,3360
3 Tuesday,10,0- free flowing,114327
3 Tuesday,10,1 - light traffic,166
3 Tuesday,10,2 - medium traffic,622.5
3 Tuesday,10,3 - heavy traffic,2382
3 Tuesday,10,4 - stand still,1820
3 Tuesday,10.5,0- free flowing,116547
3 Tuesday,10.5,1 - light traffic,176
3 Tuesday,10.5,2 - medium traffic,670
3 Tuesday,10.5,3 - heavy traffic,1707
3 Tuesday,10.5,4 - stand still,1578.5
3 Tuesday,11,0- free flowing,122721
3 Tuesday,11,1 - light traffic,120
3 Tuesday,11,2 - medium traffic,657.5
3 Tuesday,11,3 - heavy traffic,3750
3 Tuesday,11,4 - stand still,2254
3 Tuesday,11.5,0- free flowing,129679
3 Tuesday,11.5,1 - light traffic,270
3 Tuesday,11.5,2 - medium traffic,1035
3 Tuesday,11.5,3 - heavy traffic,5019
3 Tuesday,11.5,4 - stand still,2702
3 Tuesday,12,0- free flowing,134438
3 Tuesday,12,1 - light traffic,492
3 Tuesday,12,2 - medium traffic,2002.5
3 Tuesday,12,3 - heavy traffic,6723
3 Tuesday,12,4 - stand still,2513
3 Tuesday,12.5,0- free flowing,143132
3 Tuesday,12.5,1 - light traffic,870
3 Tuesday,12.5,2 - medium traffic,3095
3 Tuesday,12.5,3 - heavy traffic,8718
3 Tuesday,12.5,4 - stand still,2912
3 Tuesday,13,0- free flowing,144282
3 Tuesday,13,1 - light traffic,1022
3 Tuesday,13,2 - medium traffic,4490
3 Tuesday,13,3 - heavy traffic,11814
3 Tuesday,13,4 - stand still,3794
3 Tuesday,13.5,0- free flowing,143817
3 Tuesday,13.5,1 - light traffic,912
3 Tuesday,13.5,2 - medium traffic,5820
3 Tuesday,13.5,3 - heavy traffic,15369
3 Tuesday,13.5,4 - stand still,4200
3 Tuesday,14,0- free flowing,137144
3 Tuesday,14,1 - light traffic,1424
3 Tuesday,14,2 - medium traffic,6347.5
3 Tuesday,14,3 - heavy traffic,15693
3 Tuesday,14,4 - stand still,5575.5
3 Tuesday,14.5,0- free flowing,147509
3 Tuesday,14.5,1 - light traffic,1804
3 Tuesday,14.5,2 - medium traffic,7605
3 Tuesday,14.5,3 - heavy traffic,17571
3 Tuesday,14.5,4 - stand still,6755
3 Tuesday,15,0- free flowing,159817
3 Tuesday,15,1 - light traffic,1734
3 Tuesday,15,2 - medium traffic,10060
3 Tuesday,15,3 - heavy traffic,18246
3 Tuesday,15,4 - stand still,8851.5
3 Tuesday,15.5,0- free flowing,167627
3 Tuesday,15.5,1 - light traffic,3790
3 Tuesday,15.5,2 - medium traffic,15105
3 Tuesday,15.5,3 - heavy traffic,18543
3 Tuesday,15.5,4 - stand still,9954
3 Tuesday,16,0- free flowing,171144
3 Tuesday,16,1 - light traffic,3060
3 Tuesday,16,2 - medium traffic,25762.5
3 Tuesday,16,3 - heavy traffic,23340
3 Tuesday,16,4 - stand still,10367
3 Tuesday,16.5,0- free flowing,184734
3 Tuesday,16.5,1 - light traffic,2082
3 Tuesday,16.5,2 - medium traffic,30392.5
3 Tuesday,16.5,3 - heavy traffic,30849
3 Tuesday,16.5,4 - stand still,11802
3 Tuesday,17,0- free flowing,193277
3 Tuesday,17,1 - light traffic,2686
3 Tuesday,17,2 - medium traffic,30490
3 Tuesday,17,3 - heavy traffic,43329
3 Tuesday,17,4 - stand still,14252
3 Tuesday,17.5,0- free flowing,205139
3 Tuesday,17.5,1 - light traffic,4150
3 Tuesday,17.5,2 - medium traffic,27625
3 Tuesday,17.5,3 - heavy traffic,77130
3 Tuesday,17.5,4 - stand still,22624
3 Tuesday,18,0- free flowing,181495
3 Tuesday,18,1 - light traffic,2410
3 Tuesday,18,2 - medium traffic,22612.5
3 Tuesday,18,3 - heavy traffic,40833
3 Tuesday,18,4 - stand still,11984
3 Tuesday,18.5,0- free flowing,149792
3 Tuesday,18.5,1 - light traffic,1662
3 Tuesday,18.5,2 - medium traffic,13617.5
3 Tuesday,18.5,3 - heavy traffic,11799
3 Tuesday,18.5,4 - stand still,6597.5
3 Tuesday,19,0- free flowing,115557
3 Tuesday,19,1 - light traffic,874
3 Tuesday,19,2 - medium traffic,2067.5
3 Tuesday,19,3 - heavy traffic,4860
3 Tuesday,19,4 - stand still,4301.5
3 Tuesday,19.5,0- free flowing,97567
3 Tuesday,19.5,1 - light traffic,402
3 Tuesday,19.5,2 - medium traffic,1247.5
3 Tuesday,19.5,3 - heavy traffic,1749
3 Tuesday,19.5,4 - stand still,2978.5
3 Tuesday,20,0- free flowing,82675
3 Tuesday,20,1 - light traffic,422
3 Tuesday,20,2 - medium traffic,590
3 Tuesday,20,3 - heavy traffic,948
3 Tuesday,20,4 - stand still,1771
3 Tuesday,20.5,0- free flowing,73462
3 Tuesday,20.5,1 - light traffic,212
3 Tuesday,20.5,2 - medium traffic,275
3 Tuesday,20.5,3 - heavy traffic,801
3 Tuesday,20.5,4 - stand still,1323
3 Tuesday,21,0- free flowing,65220
3 Tuesday,21,1 - light traffic,344
3 Tuesday,21,2 - medium traffic,357.5
3 Tuesday,21,3 - heavy traffic,924
3 Tuesday,21,4 - stand still,1403.5
3 Tuesday,21.5,0- free flowing,55901
3 Tuesday,21.5,1 - light traffic,90
3 Tuesday,21.5,2 - medium traffic,187.5
3 Tuesday,21.5,3 - heavy traffic,1377
3 Tuesday,21.5,4 - stand still,2380
3 Tuesday,22,0- free flowing,46301
3 Tuesday,22,1 - light traffic,30
3 Tuesday,22,2 - medium traffic,285
3 Tuesday,22,3 - heavy traffic,975
3 Tuesday,22,4 - stand still,2733.5
3 Tuesday,22.5,0- free flowing,41822
3 Tuesday,22.5,1 - light traffic,22
3 Tuesday,22.5,2 - medium traffic,227.5
3 Tuesday,22.5,3 - heavy traffic,882
3 Tuesday,22.5,4 - stand still,1858.5
3 Tuesday,23,0- free flowing,37368
3 Tuesday,23,1 - light traffic,32
3 Tuesday,23,2 - medium traffic,220
3 Tuesday,23,3 - heavy traffic,957
3 Tuesday,23,4 - stand still,1470
3 Tuesday,23.5,0- free flowing,33401
3 Tuesday,23.5,1 - light traffic,20
3 Tuesday,23.5,2 - medium traffic,242.5
3 Tuesday,23.5,3 - heavy traffic,663
3 Tuesday,23.5,4 - stand still,710.5
3 Tuesday,24,0- free flowing,28020
3 Tuesday,24,1 - light traffic,48
3 Tuesday,24,2 - medium traffic,92.5
3 Tuesday,24,3 - heavy traffic,294
3 Tuesday,24,4 - stand still,815.5
4 Wednesday,0.5,0- free flowing,24321
4 Wednesday,0.5,1 - light traffic,46
4 Wednesday,0.5,2 - medium traffic,62.5
4 Wednesday,0.5,3 - heavy traffic,144
4 Wednesday,0.5,4 - stand still,378
4 Wednesday,1,0- free flowing,20316
4 Wednesday,1,1 - light traffic,42
4 Wednesday,1,2 - medium traffic,52.5
4 Wednesday,1,3 - heavy traffic,126
4 Wednesday,1,4 - stand still,462
4 Wednesday,1.5,0- free flowing,16942
4 Wednesday,1.5,1 - light traffic,42
4 Wednesday,1.5,2 - medium traffic,50
4 Wednesday,1.5,3 - heavy traffic,99
4 Wednesday,1.5,4 - stand still,360.5
4 Wednesday,2,0- free flowing,14654
4 Wednesday,2,1 - light traffic,28
4 Wednesday,2,2 - medium traffic,22.5
4 Wednesday,2,3 - heavy traffic,72
4 Wednesday,2,4 - stand still,224
4 Wednesday,2.5,0- free flowing,13578
4 Wednesday,2.5,1 - light traffic,16
4 Wednesday,2.5,2 - medium traffic,15
4 Wednesday,2.5,3 - heavy traffic,39
4 Wednesday,2.5,4 - stand still,308
4 Wednesday,3,0- free flowing,13142
4 Wednesday,3,1 - light traffic,16
4 Wednesday,3,2 - medium traffic,20
4 Wednesday,3,3 - heavy traffic,48
4 Wednesday,3,4 - stand still,210
4 Wednesday,3.5,0- free flowing,12825
4 Wednesday,3.5,1 - light traffic,16
4 Wednesday,3.5,2 - medium traffic,40
4 Wednesday,3.5,3 - heavy traffic,36
4 Wednesday,3.5,4 - stand still,297.5
4 Wednesday,4,0- free flowing,13941
4 Wednesday,4,1 - light traffic,6
4 Wednesday,4,2 - medium traffic,35
4 Wednesday,4,3 - heavy traffic,87
4 Wednesday,4,4 - stand still,143.5
4 Wednesday,4.5,0- free flowing,17050
4 Wednesday,4.5,1 - light traffic,8
4 Wednesday,4.5,2 - medium traffic,20
4 Wednesday,4.5,3 - heavy traffic,105
4 Wednesday,4.5,4 - stand still,35
4 Wednesday,5,0- free flowing,22687
4 Wednesday,5,1 - light traffic,22
4 Wednesday,5,2 - medium traffic,35
4 Wednesday,5,3 - heavy traffic,96
4 Wednesday,5,4 - stand still,136.5
4 Wednesday,5.5,0- free flowing,30119
4 Wednesday,5.5,1 - light traffic,8
4 Wednesday,5.5,2 - medium traffic,42.5
4 Wednesday,5.5,3 - heavy traffic,249
4 Wednesday,5.5,4 - stand still,283.5
4 Wednesday,6,0- free flowing,35983
4 Wednesday,6,1 - light traffic,8
4 Wednesday,6,2 - medium traffic,72.5
4 Wednesday,6,3 - heavy traffic,219
4 Wednesday,6,4 - stand still,325.5
4 Wednesday,6.5,0- free flowing,46594
4 Wednesday,6.5,1 - light traffic,26
4 Wednesday,6.5,2 - medium traffic,122.5
4 Wednesday,6.5,3 - heavy traffic,132
4 Wednesday,6.5,4 - stand still,378
4 Wednesday,7,0- free flowing,66260
4 Wednesday,7,1 - light traffic,76
4 Wednesday,7,2 - medium traffic,522.5
4 Wednesday,7,3 - heavy traffic,909
4 Wednesday,7,4 - stand still,1176
4 Wednesday,7.5,0- free flowing,109297
4 Wednesday,7.5,1 - light traffic,1068
4 Wednesday,7.5,2 - medium traffic,6942.5
4 Wednesday,7.5,3 - heavy traffic,6543
4 Wednesday,7.5,4 - stand still,1732.5
4 Wednesday,8,0- free flowing,131252
4 Wednesday,8,1 - light traffic,1794
4 Wednesday,8,2 - medium traffic,11965
4 Wednesday,8,3 - heavy traffic,26613
4 Wednesday,8,4 - stand still,6891.5
4 Wednesday,8.5,0- free flowing,135503
4 Wednesday,8.5,1 - light traffic,1564
4 Wednesday,8.5,2 - medium traffic,7820
4 Wednesday,8.5,3 - heavy traffic,15474
4 Wednesday,8.5,4 - stand still,5390
4 Wednesday,9,0- free flowing,123309
4 Wednesday,9,1 - light traffic,814
4 Wednesday,9,2 - medium traffic,4140
4 Wednesday,9,3 - heavy traffic,8109
4 Wednesday,9,4 - stand still,3965.5
4 Wednesday,9.5,0- free flowing,115896
4 Wednesday,9.5,1 - light traffic,384
4 Wednesday,9.5,2 - medium traffic,2155
4 Wednesday,9.5,3 - heavy traffic,2652
4 Wednesday,9.5,4 - stand still,2488.5
4 Wednesday,10,0- free flowing,118516
4 Wednesday,10,1 - light traffic,256
4 Wednesday,10,2 - medium traffic,1387.5
4 Wednesday,10,3 - heavy traffic,2745
4 Wednesday,10,4 - stand still,1407
4 Wednesday,10.5,0- free flowing,119873
4 Wednesday,10.5,1 - light traffic,390
4 Wednesday,10.5,2 - medium traffic,1170
4 Wednesday,10.5,3 - heavy traffic,3381
4 Wednesday,10.5,4 - stand still,1211
4 Wednesday,11,0- free flowing,127418
4 Wednesday,11,1 - light traffic,694
4 Wednesday,11,2 - medium traffic,2205
4 Wednesday,11,3 - heavy traffic,3972
4 Wednesday,11,4 - stand still,4256
4 Wednesday,11.5,0- free flowing,134933
4 Wednesday,11.5,1 - light traffic,1082
4 Wednesday,11.5,2 - medium traffic,3747.5
4 Wednesday,11.5,3 - heavy traffic,6621
4 Wednesday,11.5,4 - stand still,5019
4 Wednesday,12,0- free flowing,141779
4 Wednesday,12,1 - light traffic,952
4 Wednesday,12,2 - medium traffic,6152.5
4 Wednesday,12,3 - heavy traffic,10749
4 Wednesday,12,4 - stand still,5558
4 Wednesday,12.5,0- free flowing,150269
4 Wednesday,12.5,1 - light traffic,1372
4 Wednesday,12.5,2 - medium traffic,7185
4 Wednesday,12.5,3 - heavy traffic,16215
4 Wednesday,12.5,4 - stand still,6296.5
4 Wednesday,13,0- free flowing,151777
4 Wednesday,13,1 - light traffic,1612
4 Wednesday,13,2 - medium traffic,8077.5
4 Wednesday,13,3 - heavy traffic,15087
4 Wednesday,13,4 - stand still,9075.5
4 Wednesday,13.5,0- free flowing,155088
4 Wednesday,13.5,1 - light traffic,1294
4 Wednesday,13.5,2 - medium traffic,9910
4 Wednesday,13.5,3 - heavy traffic,15366
4 Wednesday,13.5,4 - stand still,9975
4 Wednesday,14,0- free flowing,156243
4 Wednesday,14,1 - light traffic,1820
4 Wednesday,14,2 - medium traffic,10845
4 Wednesday,14,3 - heavy traffic,16818
4 Wednesday,14,4 - stand still,9247
4 Wednesday,14.5,0- free flowing,161566
4 Wednesday,14.5,1 - light traffic,2378
4 Wednesday,14.5,2 - medium traffic,14835
4 Wednesday,14.5,3 - heavy traffic,21000
4 Wednesday,14.5,4 - stand still,11581.5
4 Wednesday,15,0- free flowing,167895
4 Wednesday,15,1 - light traffic,4132
4 Wednesday,15,2 - medium traffic,17550
4 Wednesday,15,3 - heavy traffic,23700
4 Wednesday,15,4 - stand still,15043
4 Wednesday,15.5,0- free flowing,175801
4 Wednesday,15.5,1 - light traffic,4788
4 Wednesday,15.5,2 - medium traffic,22060
4 Wednesday,15.5,3 - heavy traffic,34143
4 Wednesday,15.5,4 - stand still,13524
4 Wednesday,16,0- free flowing,171306
4 Wednesday,16,1 - light traffic,3708
4 Wednesday,16,2 - medium traffic,30977.5
4 Wednesday,16,3 - heavy traffic,34062
4 Wednesday,16,4 - stand still,11620
4 Wednesday,16.5,0- free flowing,186233
4 Wednesday,16.5,1 - light traffic,2888
4 Wednesday,16.5,2 - medium traffic,34080
4 Wednesday,16.5,3 - heavy traffic,44277
4 Wednesday,16.5,4 - stand still,14539
4 Wednesday,17,0- free flowing,200061
4 Wednesday,17,1 - light traffic,3274
4 Wednesday,17,2 - medium traffic,31637.5
4 Wednesday,17,3 - heavy traffic,66177
4 Wednesday,17,4 - stand still,15879.5
4 Wednesday,17.5,0- free flowing,210763
4 Wednesday,17.5,1 - light traffic,4272
4 Wednesday,17.5,2 - medium traffic,25940
4 Wednesday,17.5,3 - heavy traffic,101814
4 Wednesday,17.5,4 - stand still,20191.5
4 Wednesday,18,0- free flowing,190457
4 Wednesday,18,1 - light traffic,3172
4 Wednesday,18,2 - medium traffic,22807.5
4 Wednesday,18,3 - heavy traffic,60819
4 Wednesday,18,4 - stand still,12407.5
4 Wednesday,18.5,0- free flowing,153144
4 Wednesday,18.5,1 - light traffic,2044
4 Wednesday,18.5,2 - medium traffic,18695
4 Wednesday,18.5,3 - heavy traffic,17337
4 Wednesday,18.5,4 - stand still,7567
4 Wednesday,19,0- free flowing,118879
4 Wednesday,19,1 - light traffic,1224
4 Wednesday,19,2 - medium traffic,6005
4 Wednesday,19,3 - heavy traffic,5256
4 Wednesday,19,4 - stand still,5173
4 Wednesday,19.5,0- free flowing,100719
4 Wednesday,19.5,1 - light traffic,314
4 Wednesday,19.5,2 - medium traffic,1707.5
4 Wednesday,19.5,3 - heavy traffic,2979
4 Wednesday,19.5,4 - stand still,1974
4 Wednesday,20,0- free flowing,85987
4 Wednesday,20,1 - light traffic,106
4 Wednesday,20,2 - medium traffic,1805
4 Wednesday,20,3 - heavy traffic,975
4 Wednesday,20,4 - stand still,973
4 Wednesday,20.5,0- free flowing,77281
4 Wednesday,20.5,1 - light traffic,194
4 Wednesday,20.5,2 - medium traffic,357.5
4 Wednesday,20.5,3 - heavy traffic,1293
4 Wednesday,20.5,4 - stand still,1809.5
4 Wednesday,21,0- free flowing,68043
4 Wednesday,21,1 - light traffic,130
4 Wednesday,21,2 - medium traffic,305
4 Wednesday,21,3 - heavy traffic,1194
4 Wednesday,21,4 - stand still,1256.5
4 Wednesday,21.5,0- free flowing,59716
4 Wednesday,21.5,1 - light traffic,142
4 Wednesday,21.5,2 - medium traffic,612.5
4 Wednesday,21.5,3 - heavy traffic,1914
4 Wednesday,21.5,4 - stand still,2093
4 Wednesday,22,0- free flowing,48274
4 Wednesday,22,1 - light traffic,48
4 Wednesday,22,2 - medium traffic,310
4 Wednesday,22,3 - heavy traffic,1194
4 Wednesday,22,4 - stand still,2446.5
4 Wednesday,22.5,0- free flowing,42407
4 Wednesday,22.5,1 - light traffic,48
4 Wednesday,22.5,2 - medium traffic,335
4 Wednesday,22.5,3 - heavy traffic,1119
4 Wednesday,22.5,4 - stand still,1869
4 Wednesday,23,0- free flowing,38260
4 Wednesday,23,1 - light traffic,38
4 Wednesday,23,2 - medium traffic,300
4 Wednesday,23,3 - heavy traffic,1056
4 Wednesday,23,4 - stand still,1466.5
4 Wednesday,23.5,0- free flowing,34533
4 Wednesday,23.5,1 - light traffic,26
4 Wednesday,23.5,2 - medium traffic,230
4 Wednesday,23.5,3 - heavy traffic,1134
4 Wednesday,23.5,4 - stand still,934.5
4 Wednesday,24,0- free flowing,28723
4 Wednesday,24,1 - light traffic,50
4 Wednesday,24,2 - medium traffic,112.5
4 Wednesday,24,3 - heavy traffic,501
4 Wednesday,24,4 - stand still,637
5 Thursday,0.5,0- free flowing,26373
5 Thursday,0.5,1 - light traffic,46
5 Thursday,0.5,2 - medium traffic,110
5 Thursday,0.5,3 - heavy traffic,465
5 Thursday,0.5,4 - stand still,637
5 Thursday,1,0- free flowing,22004
5 Thursday,1,1 - light traffic,32
5 Thursday,1,2 - medium traffic,75
5 Thursday,1,3 - heavy traffic,144
5 Thursday,1,4 - stand still,577.5
5 Thursday,1.5,0- free flowing,17888
5 Thursday,1.5,1 - light traffic,46
5 Thursday,1.5,2 - medium traffic,45
5 Thursday,1.5,3 - heavy traffic,135
5 Thursday,1.5,4 - stand still,287
5 Thursday,2,0- free flowing,15934
5 Thursday,2,1 - light traffic,34
5 Thursday,2,2 - medium traffic,32.5
5 Thursday,2,3 - heavy traffic,165
5 Thursday,2,4 - stand still,430.5
5 Thursday,2.5,0- free flowing,14896
5 Thursday,2.5,1 - light traffic,12
5 Thursday,2.5,2 - medium traffic,30
5 Thursday,2.5,3 - heavy traffic,84
5 Thursday,2.5,4 - stand still,234.5
5 Thursday,3,0- free flowing,14190
5 Thursday,3,1 - light traffic,16
5 Thursday,3,2 - medium traffic,42.5
5 Thursday,3,3 - heavy traffic,84
5 Thursday,3,4 - stand still,287
5 Thursday,3.5,0- free flowing,14384
5 Thursday,3.5,1 - light traffic,6
5 Thursday,3.5,2 - medium traffic,45
5 Thursday,3.5,3 - heavy traffic,144
5 Thursday,3.5,4 - stand still,385
5 Thursday,4,0- free flowing,14792
5 Thursday,4,1 - light traffic,8
5 Thursday,4,2 - medium traffic,22.5
5 Thursday,4,3 - heavy traffic,174
5 Thursday,4,4 - stand still,332.5
5 Thursday,4.5,0- free flowing,18133
5 Thursday,4.5,1 - light traffic,20
5 Thursday,4.5,2 - medium traffic,25
5 Thursday,4.5,3 - heavy traffic,111
5 Thursday,4.5,4 - stand still,350
5 Thursday,5,0- free flowing,24298
5 Thursday,5,1 - light traffic,14
5 Thursday,5,2 - medium traffic,47.5
5 Thursday,5,3 - heavy traffic,252
5 Thursday,5,4 - stand still,378
5 Thursday,5.5,0- free flowing,31014
5 Thursday,5.5,1 - light traffic,10
5 Thursday,5.5,2 - medium traffic,62.5
5 Thursday,5.5,3 - heavy traffic,255
5 Thursday,5.5,4 - stand still,441
5 Thursday,6,0- free flowing,36688
5 Thursday,6,1 - light traffic,12
5 Thursday,6,2 - medium traffic,35
5 Thursday,6,3 - heavy traffic,165
5 Thursday,6,4 - stand still,392
5 Thursday,6.5,0- free flowing,47646
5 Thursday,6.5,1 - light traffic,48
5 Thursday,6.5,2 - medium traffic,82.5
5 Thursday,6.5,3 - heavy traffic,201
5 Thursday,6.5,4 - stand still,308
5 Thursday,7,0- free flowing,68364
5 Thursday,7,1 - light traffic,70
5 Thursday,7,2 - medium traffic,382.5
5 Thursday,7,3 - heavy traffic,1098
5 Thursday,7,4 - stand still,1130.5
5 Thursday,7.5,0- free flowing,109326
5 Thursday,7.5,1 - light traffic,1322
5 Thursday,7.5,2 - medium traffic,5470
5 Thursday,7.5,3 - heavy traffic,8316
5 Thursday,7.5,4 - stand still,1974
5 Thursday,8,0- free flowing,134097
5 Thursday,8,1 - light traffic,1822
5 Thursday,8,2 - medium traffic,11567.5
5 Thursday,8,3 - heavy traffic,27150
5 Thursday,8,4 - stand still,6303.5
5 Thursday,8.5,0- free flowing,132155
5 Thursday,8.5,1 - light traffic,1272
5 Thursday,8.5,2 - medium traffic,8585
5 Thursday,8.5,3 - heavy traffic,11943
5 Thursday,8.5,4 - stand still,6429.5
5 Thursday,9,0- free flowing,121670
5 Thursday,9,1 - light traffic,698
5 Thursday,9,2 - medium traffic,4277.5
5 Thursday,9,3 - heavy traffic,7197
5 Thursday,9,4 - stand still,6223
5 Thursday,9.5,0- free flowing,115514
5 Thursday,9.5,1 - light traffic,454
5 Thursday,9.5,2 - medium traffic,1677.5
5 Thursday,9.5,3 - heavy traffic,3405
5 Thursday,9.5,4 - stand still,6048
5 Thursday,10,0- free flowing,116834
5 Thursday,10,1 - light traffic,370
5 Thursday,10,2 - medium traffic,1502.5
5 Thursday,10,3 - heavy traffic,3528
5 Thursday,10,4 - stand still,5456.5
5 Thursday,10.5,0- free flowing,123060
5 Thursday,10.5,1 - light traffic,906
5 Thursday,10.5,2 - medium traffic,2460
5 Thursday,10.5,3 - heavy traffic,2901
5 Thursday,10.5,4 - stand still,4025
5 Thursday,11,0- free flowing,131264
5 Thursday,11,1 - light traffic,976
5 Thursday,11,2 - medium traffic,5055
5 Thursday,11,3 - heavy traffic,4590
5 Thursday,11,4 - stand still,3031
5 Thursday,11.5,0- free flowing,140725
5 Thursday,11.5,1 - light traffic,1226
5 Thursday,11.5,2 - medium traffic,4400
5 Thursday,11.5,3 - heavy traffic,7722
5 Thursday,11.5,4 - stand still,4805.5
5 Thursday,12,0- free flowing,148014
5 Thursday,12,1 - light traffic,1934
5 Thursday,12,2 - medium traffic,6177.5
5 Thursday,12,3 - heavy traffic,11403
5 Thursday,12,4 - stand still,6667.5
5 Thursday,12.5,0- free flowing,154927
5 Thursday,12.5,1 - light traffic,1770
5 Thursday,12.5,2 - medium traffic,9640
5 Thursday,12.5,3 - heavy traffic,18081
5 Thursday,12.5,4 - stand still,6184.5
5 Thursday,13,0- free flowing,158718
5 Thursday,13,1 - light traffic,2492
5 Thursday,13,2 - medium traffic,10942.5
5 Thursday,13,3 - heavy traffic,22233
5 Thursday,13,4 - stand still,9509.5
5 Thursday,13.5,0- free flowing,161846
5 Thursday,13.5,1 - light traffic,3232
5 Thursday,13.5,2 - medium traffic,14535
5 Thursday,13.5,3 - heavy traffic,23049
5 Thursday,13.5,4 - stand still,8393
5 Thursday,14,0- free flowing,160354
5 Thursday,14,1 - light traffic,3830
5 Thursday,14,2 - medium traffic,16450
5 Thursday,14,3 - heavy traffic,23436
5 Thursday,14,4 - stand still,8557.5
5 Thursday,14.5,0- free flowing,159734
5 Thursday,14.5,1 - light traffic,3298
5 Thursday,14.5,2 - medium traffic,21277.5
5 Thursday,14.5,3 - heavy traffic,26973
5 Thursday,14.5,4 - stand still,7210
5 Thursday,15,0- free flowing,172259
5 Thursday,15,1 - light traffic,3596
5 Thursday,15,2 - medium traffic,25485
5 Thursday,15,3 - heavy traffic,34650
5 Thursday,15,4 - stand still,7493.5
5 Thursday,15.5,0- free flowing,180194
5 Thursday,15.5,1 - light traffic,4378
5 Thursday,15.5,2 - medium traffic,33910
5 Thursday,15.5,3 - heavy traffic,41310
5 Thursday,15.5,4 - stand still,10164
5 Thursday,16,0- free flowing,181963
5 Thursday,16,1 - light traffic,4066
5 Thursday,16,2 - medium traffic,43672.5
5 Thursday,16,3 - heavy traffic,53529
5 Thursday,16,4 - stand still,15172.5
5 Thursday,16.5,0- free flowing,202210
5 Thursday,16.5,1 - light traffic,4396
5 Thursday,16.5,2 - medium traffic,43077.5
5 Thursday,16.5,3 - heavy traffic,73746
5 Thursday,16.5,4 - stand still,16646
5 Thursday,17,0- free flowing,220519
5 Thursday,17,1 - light traffic,5364
5 Thursday,17,2 - medium traffic,38540
5 Thursday,17,3 - heavy traffic,102477
5 Thursday,17,4 - stand still,16828
5 Thursday,17.5,0- free flowing,232745
5 Thursday,17.5,1 - light traffic,5976
5 Thursday,17.5,2 - medium traffic,34912.5
5 Thursday,17.5,3 - heavy traffic,138972
5 Thursday,17.5,4 - stand still,23919
5 Thursday,18,0- free flowing,211104
5 Thursday,18,1 - light traffic,4448
5 Thursday,18,2 - medium traffic,36412.5
5 Thursday,18,3 - heavy traffic,72795
5 Thursday,18,4 - stand still,16702
5 Thursday,18.5,0- free flowing,171725
5 Thursday,18.5,1 - light traffic,3400
5 Thursday,18.5,2 - medium traffic,26147.5
5 Thursday,18.5,3 - heavy traffic,21201
5 Thursday,18.5,4 - stand still,9135
5 Thursday,19,0- free flowing,137283
5 Thursday,19,1 - light traffic,1474
5 Thursday,19,2 - medium traffic,7512.5
5 Thursday,19,3 - heavy traffic,7248
5 Thursday,19,4 - stand still,4515
5 Thursday,19.5,0- free flowing,118387
5 Thursday,19.5,1 - light traffic,658
5 Thursday,19.5,2 - medium traffic,2655
5 Thursday,19.5,3 - heavy traffic,2394
5 Thursday,19.5,4 - stand still,3010
5 Thursday,20,0- free flowing,103083
5 Thursday,20,1 - light traffic,352
5 Thursday,20,2 - medium traffic,1112.5
5 Thursday,20,3 - heavy traffic,1389
5 Thursday,20,4 - stand still,1666
5 Thursday,20.5,0- free flowing,91729
5 Thursday,20.5,1 - light traffic,190
5 Thursday,20.5,2 - medium traffic,705
5 Thursday,20.5,3 - heavy traffic,1536
5 Thursday,20.5,4 - stand still,1760.5
5 Thursday,21,0- free flowing,84272
5 Thursday,21,1 - light traffic,222
5 Thursday,21,2 - medium traffic,1122.5
5 Thursday,21,3 - heavy traffic,1935
5 Thursday,21,4 - stand still,1904
5 Thursday,21.5,0- free flowing,72111
5 Thursday,21.5,1 - light traffic,252
5 Thursday,21.5,2 - medium traffic,950
5 Thursday,21.5,3 - heavy traffic,3471
5 Thursday,21.5,4 - stand still,2919
5 Thursday,22,0- free flowing,59176
5 Thursday,22,1 - light traffic,138
5 Thursday,22,2 - medium traffic,675
5 Thursday,22,3 - heavy traffic,2988
5 Thursday,22,4 - stand still,3815
5 Thursday,22.5,0- free flowing,49715
5 Thursday,22.5,1 - light traffic,42
5 Thursday,22.5,2 - medium traffic,487.5
5 Thursday,22.5,3 - heavy traffic,1611
5 Thursday,22.5,4 - stand still,5659.5
5 Thursday,23,0- free flowing,45264
5 Thursday,23,1 - light traffic,92
5 Thursday,23,2 - medium traffic,717.5
5 Thursday,23,3 - heavy traffic,1446
5 Thursday,23,4 - stand still,4088
5 Thursday,23.5,0- free flowing,38553
5 Thursday,23.5,1 - light traffic,40
5 Thursday,23.5,2 - medium traffic,962.5
5 Thursday,23.5,3 - heavy traffic,1290
5 Thursday,23.5,4 - stand still,1267
5 Thursday,24,0- free flowing,30658
5 Thursday,24,1 - light traffic,50
5 Thursday,24,2 - medium traffic,267.5
5 Thursday,24,3 - heavy traffic,807
5 Thursday,24,4 - stand still,857.5
6 Friday,0.5,0- free flowing,31151
6 Friday,0.5,1 - light traffic,26
6 Friday,0.5,2 - medium traffic,92.5
6 Friday,0.5,3 - heavy traffic,456
6 Friday,0.5,4 - stand still,1473.5
6 Friday,1,0- free flowing,26313
6 Friday,1,1 - light traffic,30
6 Friday,1,2 - medium traffic,47.5
6 Friday,1,3 - heavy traffic,525
6 Friday,1,4 - stand still,966
6 Friday,1.5,0- free flowing,23071
6 Friday,1.5,1 - light traffic,38
6 Friday,1.5,2 - medium traffic,100
6 Friday,1.5,3 - heavy traffic,357
6 Friday,1.5,4 - stand still,630
6 Friday,2,0- free flowing,19540
6 Friday,2,1 - light traffic,22
6 Friday,2,2 - medium traffic,70
6 Friday,2,3 - heavy traffic,171
6 Friday,2,4 - stand still,385
6 Friday,2.5,0- free flowing,18443
6 Friday,2.5,1 - light traffic,14
6 Friday,2.5,2 - medium traffic,30
6 Friday,2.5,3 - heavy traffic,213
6 Friday,2.5,4 - stand still,290.5
6 Friday,3,0- free flowing,17466
6 Friday,3,1 - light traffic,30
6 Friday,3,2 - medium traffic,40
6 Friday,3,3 - heavy traffic,180
6 Friday,3,4 - stand still,483
6 Friday,3.5,0- free flowing,17454
6 Friday,3.5,1 - light traffic,16
6 Friday,3.5,2 - medium traffic,52.5
6 Friday,3.5,3 - heavy traffic,87
6 Friday,3.5,4 - stand still,518
6 Friday,4,0- free flowing,17679
6 Friday,4,1 - light traffic,8
6 Friday,4,2 - medium traffic,40
6 Friday,4,3 - heavy traffic,75
6 Friday,4,4 - stand still,346.5
6 Friday,4.5,0- free flowing,20121
6 Friday,4.5,1 - light traffic,14
6 Friday,4.5,2 - medium traffic,42.5
6 Friday,4.5,3 - heavy traffic,129
6 Friday,4.5,4 - stand still,367.5
6 Friday,5,0- free flowing,24931
6 Friday,5,1 - light traffic,2
6 Friday,5,2 - medium traffic,65
6 Friday,5,3 - heavy traffic,99
6 Friday,5,4 - stand still,259
6 Friday,5.5,0- free flowing,31074
6 Friday,5.5,1 - light traffic,14
6 Friday,5.5,2 - medium traffic,52.5
6 Friday,5.5,3 - heavy traffic,105
6 Friday,5.5,4 - stand still,192.5
6 Friday,6,0- free flowing,34634
6 Friday,6,1 - light traffic,16
6 Friday,6,2 - medium traffic,32.5
6 Friday,6,3 - heavy traffic,99
6 Friday,6,4 - stand still,196
6 Friday,6.5,0- free flowing,45545
6 Friday,6.5,1 - light traffic,6
6 Friday,6.5,2 - medium traffic,32.5
6 Friday,6.5,3 - heavy traffic,186
6 Friday,6.5,4 - stand still,290.5
6 Friday,7,0- free flowing,63152
6 Friday,7,1 - light traffic,58
6 Friday,7,2 - medium traffic,257.5
6 Friday,7,3 - heavy traffic,621
6 Friday,7,4 - stand still,896
6 Friday,7.5,0- free flowing,103004
6 Friday,7.5,1 - light traffic,492
6 Friday,7.5,2 - medium traffic,2885
6 Friday,7.5,3 - heavy traffic,3282
6 Friday,7.5,4 - stand still,1918
6 Friday,8,0- free flowing,127207
6 Friday,8,1 - light traffic,1272
6 Friday,8,2 - medium traffic,8772.5
6 Friday,8,3 - heavy traffic,12264
6 Friday,8,4 - stand still,4147.5
6 Friday,8.5,0- free flowing,130247
6 Friday,8.5,1 - light traffic,872
6 Friday,8.5,2 - medium traffic,3835
6 Friday,8.5,3 - heavy traffic,5832
6 Friday,8.5,4 - stand still,4522
6 Friday,9,0- free flowing,119260
6 Friday,9,1 - light traffic,446
6 Friday,9,2 - medium traffic,1847.5
6 Friday,9,3 - heavy traffic,4035
6 Friday,9,4 - stand still,3902.5
6 Friday,9.5,0- free flowing,121053
6 Friday,9.5,1 - light traffic,270
6 Friday,9.5,2 - medium traffic,1440
6 Friday,9.5,3 - heavy traffic,2955
6 Friday,9.5,4 - stand still,3888.5
6 Friday,10,0- free flowing,128065
6 Friday,10,1 - light traffic,338
6 Friday,10,2 - medium traffic,2165
6 Friday,10,3 - heavy traffic,3978
6 Friday,10,4 - stand still,3689
6 Friday,10.5,0- free flowing,135464
6 Friday,10.5,1 - light traffic,528
6 Friday,10.5,2 - medium traffic,3345
6 Friday,10.5,3 - heavy traffic,4383
6 Friday,10.5,4 - stand still,4392.5
6 Friday,11,0- free flowing,146825
6 Friday,11,1 - light traffic,1138
6 Friday,11,2 - medium traffic,5100
6 Friday,11,3 - heavy traffic,8787
6 Friday,11,4 - stand still,5029.5
6 Friday,11.5,0- free flowing,161489
6 Friday,11.5,1 - light traffic,1994
6 Friday,11.5,2 - medium traffic,9070
6 Friday,11.5,3 - heavy traffic,17844
6 Friday,11.5,4 - stand still,6377
6 Friday,12,0- free flowing,173378
6 Friday,12,1 - light traffic,3148
6 Friday,12,2 - medium traffic,15365
6 Friday,12,3 - heavy traffic,28188
6 Friday,12,4 - stand still,7360.5
6 Friday,12.5,0- free flowing,180409
6 Friday,12.5,1 - light traffic,4350
6 Friday,12.5,2 - medium traffic,22245
6 Friday,12.5,3 - heavy traffic,38034
6 Friday,12.5,4 - stand still,10969
6 Friday,13,0- free flowing,187556
6 Friday,13,1 - light traffic,4668
6 Friday,13,2 - medium traffic,29340
6 Friday,13,3 - heavy traffic,46602
6 Friday,13,4 - stand still,15869
6 Friday,13.5,0- free flowing,193501
6 Friday,13.5,1 - light traffic,6102
6 Friday,13.5,2 - medium traffic,34765
6 Friday,13.5,3 - heavy traffic,56628
6 Friday,13.5,4 - stand still,20972
6 Friday,14,0- free flowing,199526
6 Friday,14,1 - light traffic,5622
6 Friday,14,2 - medium traffic,44465
6 Friday,14,3 - heavy traffic,64341
6 Friday,14,4 - stand still,22134
6 Friday,14.5,0- free flowing,204046
6 Friday,14.5,1 - light traffic,5600
6 Friday,14.5,2 - medium traffic,54800
6 Friday,14.5,3 - heavy traffic,72348
6 Friday,14.5,4 - stand still,22260
6 Friday,15,0- free flowing,215209
6 Friday,15,1 - light traffic,6522
6 Friday,15,2 - medium traffic,60350
6 Friday,15,3 - heavy traffic,91086
6 Friday,15,4 - stand still,21350
6 Friday,15.5,0- free flowing,226389
6 Friday,15.5,1 - light traffic,5642
6 Friday,15.5,2 - medium traffic,59650
6 Friday,15.5,3 - heavy traffic,117519
6 Friday,15.5,4 - stand still,29340.5
6 Friday,16,0- free flowing,237420
6 Friday,16,1 - light traffic,5710
6 Friday,16,2 - medium traffic,62142.5
6 Friday,16,3 - heavy traffic,135450
6 Friday,16,4 - stand still,38839.5
6 Friday,16.5,0- free flowing,260892
6 Friday,16.5,1 - light traffic,5372
6 Friday,16.5,2 - medium traffic,62145
6 Friday,16.5,3 - heavy traffic,143367
6 Friday,16.5,4 - stand still,41107.5
6 Friday,17,0- free flowing,255443
6 Friday,17,1 - light traffic,6412
6 Friday,17,2 - medium traffic,55095
6 Friday,17,3 - heavy traffic,150963
6 Friday,17,4 - stand still,46921
6 Friday,17.5,0- free flowing,256895
6 Friday,17.5,1 - light traffic,6470
6 Friday,17.5,2 - medium traffic,57572.5
6 Friday,17.5,3 - heavy traffic,141831
6 Friday,17.5,4 - stand still,48282.5
6 Friday,18,0- free flowing,238479
6 Friday,18,1 - light traffic,6442
6 Friday,18,2 - medium traffic,54590
6 Friday,18,3 - heavy traffic,88113
6 Friday,18,4 - stand still,40768
6 Friday,18.5,0- free flowing,216410
6 Friday,18.5,1 - light traffic,6266
6 Friday,18.5,2 - medium traffic,38792.5
6 Friday,18.5,3 - heavy traffic,48252
6 Friday,18.5,4 - stand still,33943
6 Friday,19,0- free flowing,188105
6 Friday,19,1 - light traffic,3970
6 Friday,19,2 - medium traffic,25492.5
6 Friday,19,3 - heavy traffic,26550
6 Friday,19,4 - stand still,27737.5
6 Friday,19.5,0- free flowing,169223
6 Friday,19.5,1 - light traffic,2590
6 Friday,19.5,2 - medium traffic,16507.5
6 Friday,19.5,3 - heavy traffic,19908
6 Friday,19.5,4 - stand still,19778.5
6 Friday,20,0- free flowing,147325
6 Friday,20,1 - light traffic,1514
6 Friday,20,2 - medium traffic,12765
6 Friday,20,3 - heavy traffic,12873
6 Friday,20,4 - stand still,13002.5
6 Friday,20.5,0- free flowing,133090
6 Friday,20.5,1 - light traffic,1006
6 Friday,20.5,2 - medium traffic,7240
6 Friday,20.5,3 - heavy traffic,8616
6 Friday,20.5,4 - stand still,9929.5
6 Friday,21,0- free flowing,119705
6 Friday,21,1 - light traffic,588
6 Friday,21,2 - medium traffic,6677.5
6 Friday,21,3 - heavy traffic,9693
6 Friday,21,4 - stand still,7143.5
6 Friday,21.5,0- free flowing,108121
6 Friday,21.5,1 - light traffic,1078
6 Friday,21.5,2 - medium traffic,5480
6 Friday,21.5,3 - heavy traffic,6219
6 Friday,21.5,4 - stand still,5190.5
6 Friday,22,0- free flowing,91565
6 Friday,22,1 - light traffic,444
6 Friday,22,2 - medium traffic,3430
6 Friday,22,3 - heavy traffic,3267
6 Friday,22,4 - stand still,4504.5
6 Friday,22.5,0- free flowing,77998
6 Friday,22.5,1 - light traffic,590
6 Friday,22.5,2 - medium traffic,1535
6 Friday,22.5,3 - heavy traffic,2304
6 Friday,22.5,4 - stand still,2054.5
6 Friday,23,0- free flowing,64875
6 Friday,23,1 - light traffic,60
6 Friday,23,2 - medium traffic,130
6 Friday,23,3 - heavy traffic,573
6 Friday,23,4 - stand still,1207.5
6 Friday,23.5,0- free flowing,52509
6 Friday,23.5,1 - light traffic,12
6 Friday,23.5,2 - medium traffic,57.5
6 Friday,23.5,3 - heavy traffic,201
6 Friday,23.5,4 - stand still,864.5
6 Friday,24,0- free flowing,37822
6 Friday,24,1 - light traffic,24
6 Friday,24,2 - medium traffic,112.5
6 Friday,24,3 - heavy traffic,441
6 Friday,24,4 - stand still,1449
7 Saturday,0.5,0- free flowing,41435
7 Saturday,0.5,1 - light traffic,22
7 Saturday,0.5,2 - medium traffic,17.5
7 Saturday,0.5,3 - heavy traffic,45
7 Saturday,0.5,4 - stand still,542.5
7 Saturday,1,0- free flowing,34811
7 Saturday,1,1 - light traffic,14
7 Saturday,1,2 - medium traffic,20
7 Saturday,1,3 - heavy traffic,108
7 Saturday,1,4 - stand still,182
7 Saturday,1.5,0- free flowing,31395
7 Saturday,1.5,1 - light traffic,16
7 Saturday,1.5,2 - medium traffic,7.5
7 Saturday,1.5,3 - heavy traffic,87
7 Saturday,1.5,4 - stand still,87.5
7 Saturday,2,0- free flowing,28172
7 Saturday,2,1 - light traffic,16
7 Saturday,2,2 - medium traffic,15
7 Saturday,2,3 - heavy traffic,225
7 Saturday,2,4 - stand still,157.5
7 Saturday,2.5,0- free flowing,24962
7 Saturday,2.5,1 - light traffic,38
7 Saturday,2.5,2 - medium traffic,25
7 Saturday,2.5,3 - heavy traffic,57
7 Saturday,2.5,4 - stand still,196
7 Saturday,3,0- free flowing,22524
7 Saturday,3,1 - light traffic,2
7 Saturday,3,2 - medium traffic,17.5
7 Saturday,3,3 - heavy traffic,66
7 Saturday,3,4 - stand still,126
7 Saturday,3.5,0- free flowing,21017
7 Saturday,3.5,1 - light traffic,4
7 Saturday,3.5,2 - medium traffic,47.5
7 Saturday,3.5,3 - heavy traffic,93
7 Saturday,3.5,4 - stand still,154
7 Saturday,4,0- free flowing,19799
7 Saturday,4,1 - light traffic,24
7 Saturday,4,2 - medium traffic,7.5
7 Saturday,4,3 - heavy traffic,60
7 Saturday,4,4 - stand still,154
7 Saturday,4.5,0- free flowing,19895
7 Saturday,4.5,1 - light traffic,26
7 Saturday,4.5,2 - medium traffic,22.5
7 Saturday,4.5,3 - heavy traffic,96
7 Saturday,4.5,4 - stand still,178.5
7 Saturday,5,0- free flowing,21950
7 Saturday,5,1 - light traffic,8
7 Saturday,5,2 - medium traffic,22.5
7 Saturday,5,3 - heavy traffic,42
7 Saturday,5,4 - stand still,238
7 Saturday,5.5,0- free flowing,25711
7 Saturday,5.5,1 - light traffic,6
7 Saturday,5.5,2 - medium traffic,7.5
7 Saturday,5.5,3 - heavy traffic,54
7 Saturday,5.5,4 - stand still,311.5
7 Saturday,6,0- free flowing,30449
7 Saturday,6,1 - light traffic,8
7 Saturday,6,2 - medium traffic,22.5
7 Saturday,6,3 - heavy traffic,33
7 Saturday,6,4 - stand still,122.5
7 Saturday,6.5,0- free flowing,36030
7 Saturday,6.5,1 - light traffic,18
7 Saturday,6.5,2 - medium traffic,35
7 Saturday,6.5,3 - heavy traffic,150
7 Saturday,6.5,4 - stand still,234.5
7 Saturday,7,0- free flowing,39269
7 Saturday,7,1 - light traffic,28
7 Saturday,7,2 - medium traffic,57.5
7 Saturday,7,3 - heavy traffic,96
7 Saturday,7,4 - stand still,115.5
7 Saturday,7.5,0- free flowing,49138
7 Saturday,7.5,1 - light traffic,16
7 Saturday,7.5,2 - medium traffic,27.5
7 Saturday,7.5,3 - heavy traffic,279
7 Saturday,7.5,4 - stand still,189
7 Saturday,8,0- free flowing,62089
7 Saturday,8,1 - light traffic,42
7 Saturday,8,2 - medium traffic,100
7 Saturday,8,3 - heavy traffic,402
7 Saturday,8,4 - stand still,479.5
7 Saturday,8.5,0- free flowing,80963
7 Saturday,8.5,1 - light traffic,214
7 Saturday,8.5,2 - medium traffic,182.5
7 Saturday,8.5,3 - heavy traffic,774
7 Saturday,8.5,4 - stand still,903
7 Saturday,9,0- free flowing,92825
7 Saturday,9,1 - light traffic,306
7 Saturday,9,2 - medium traffic,307.5
7 Saturday,9,3 - heavy traffic,1701
7 Saturday,9,4 - stand still,1757
7 Saturday,9.5,0- free flowing,109380
7 Saturday,9.5,1 - light traffic,240
7 Saturday,9.5,2 - medium traffic,265
7 Saturday,9.5,3 - heavy traffic,2304
7 Saturday,9.5,4 - stand still,4144
7 Saturday,10,0- free flowing,125944
7 Saturday,10,1 - light traffic,496
7 Saturday,10,2 - medium traffic,1172.5
7 Saturday,10,3 - heavy traffic,4722
7 Saturday,10,4 - stand still,5617.5
7 Saturday,10.5,0- free flowing,139040
7 Saturday,10.5,1 - light traffic,588
7 Saturday,10.5,2 - medium traffic,2982.5
7 Saturday,10.5,3 - heavy traffic,7410
7 Saturday,10.5,4 - stand still,5880
7 Saturday,11,0- free flowing,150731
7 Saturday,11,1 - light traffic,724
7 Saturday,11,2 - medium traffic,4735
7 Saturday,11,3 - heavy traffic,14151
7 Saturday,11,4 - stand still,7612.5
7 Saturday,11.5,0- free flowing,162949
7 Saturday,11.5,1 - light traffic,1292
7 Saturday,11.5,2 - medium traffic,6560
7 Saturday,11.5,3 - heavy traffic,22308
7 Saturday,11.5,4 - stand still,9135
7 Saturday,12,0- free flowing,176819
7 Saturday,12,1 - light traffic,1880
7 Saturday,12,2 - medium traffic,9437.5
7 Saturday,12,3 - heavy traffic,27126
7 Saturday,12,4 - stand still,14168
7 Saturday,12.5,0- free flowing,189442
7 Saturday,12.5,1 - light traffic,2670
7 Saturday,12.5,2 - medium traffic,13537.5
7 Saturday,12.5,3 - heavy traffic,31980
7 Saturday,12.5,4 - stand still,18886
7 Saturday,13,0- free flowing,195329
7 Saturday,13,1 - light traffic,2856
7 Saturday,13,2 - medium traffic,15820
7 Saturday,13,3 - heavy traffic,37839
7 Saturday,13,4 - stand still,17223.5
7 Saturday,13.5,0- free flowing,194332
7 Saturday,13.5,1 - light traffic,2174
7 Saturday,13.5,2 - medium traffic,17167.5
7 Saturday,13.5,3 - heavy traffic,37776
7 Saturday,13.5,4 - stand still,15655.5
7 Saturday,14,0- free flowing,193057
7 Saturday,14,1 - light traffic,2246
7 Saturday,14,2 - medium traffic,15947.5
7 Saturday,14,3 - heavy traffic,35034
7 Saturday,14,4 - stand still,16838.5
7 Saturday,14.5,0- free flowing,189523
7 Saturday,14.5,1 - light traffic,2846
7 Saturday,14.5,2 - medium traffic,17790
7 Saturday,14.5,3 - heavy traffic,37527
7 Saturday,14.5,4 - stand still,15165.5
7 Saturday,15,0- free flowing,188192
7 Saturday,15,1 - light traffic,2642
7 Saturday,15,2 - medium traffic,19195
7 Saturday,15,3 - heavy traffic,33348
7 Saturday,15,4 - stand still,15505
7 Saturday,15.5,0- free flowing,187674
7 Saturday,15.5,1 - light traffic,2550
7 Saturday,15.5,2 - medium traffic,18107.5
7 Saturday,15.5,3 - heavy traffic,30174
7 Saturday,15.5,4 - stand still,15151.5
7 Saturday,16,0- free flowing,182318
7 Saturday,16,1 - light traffic,2020
7 Saturday,16,2 - medium traffic,15135
7 Saturday,16,3 - heavy traffic,28215
7 Saturday,16,4 - stand still,14854
7 Saturday,16.5,0- free flowing,178260
7 Saturday,16.5,1 - light traffic,2426
7 Saturday,16.5,2 - medium traffic,15140
7 Saturday,16.5,3 - heavy traffic,22704
7 Saturday,16.5,4 - stand still,12029.5
7 Saturday,17,0- free flowing,173817
7 Saturday,17,1 - light traffic,2464
7 Saturday,17,2 - medium traffic,13532.5
7 Saturday,17,3 - heavy traffic,18630
7 Saturday,17,4 - stand still,8743
7 Saturday,17.5,0- free flowing,170605
7 Saturday,17.5,1 - light traffic,2012
7 Saturday,17.5,2 - medium traffic,14137.5
7 Saturday,17.5,3 - heavy traffic,15435
7 Saturday,17.5,4 - stand still,6415.5
7 Saturday,18,0- free flowing,164509
7 Saturday,18,1 - light traffic,1938
7 Saturday,18,2 - medium traffic,10117.5
7 Saturday,18,3 - heavy traffic,12177
7 Saturday,18,4 - stand still,6937
7 Saturday,18.5,0- free flowing,156638
7 Saturday,18.5,1 - light traffic,1258
7 Saturday,18.5,2 - medium traffic,5855
7 Saturday,18.5,3 - heavy traffic,9153
7 Saturday,18.5,4 - stand still,6566
7 Saturday,19,0- free flowing,145267
7 Saturday,19,1 - light traffic,538
7 Saturday,19,2 - medium traffic,3637.5
7 Saturday,19,3 - heavy traffic,5895
7 Saturday,19,4 - stand still,5890.5
7 Saturday,19.5,0- free flowing,130175
7 Saturday,19.5,1 - light traffic,374
7 Saturday,19.5,2 - medium traffic,2850
7 Saturday,19.5,3 - heavy traffic,3474
7 Saturday,19.5,4 - stand still,4494
7 Saturday,20,0- free flowing,103057
7 Saturday,20,1 - light traffic,798
7 Saturday,20,2 - medium traffic,1135
7 Saturday,20,3 - heavy traffic,2157
7 Saturday,20,4 - stand still,3843
7 Saturday,20.5,0- free flowing,85122
7 Saturday,20.5,1 - light traffic,558
7 Saturday,20.5,2 - medium traffic,720
7 Saturday,20.5,3 - heavy traffic,1707
7 Saturday,20.5,4 - stand still,2159.5
7 Saturday,21,0- free flowing,90964
7 Saturday,21,1 - light traffic,82
7 Saturday,21,2 - medium traffic,177.5
7 Saturday,21,3 - heavy traffic,1467
7 Saturday,21,4 - stand still,2215.5
7 Saturday,21.5,0- free flowing,85356
7 Saturday,21.5,1 - light traffic,68
7 Saturday,21.5,2 - medium traffic,192.5
7 Saturday,21.5,3 - heavy traffic,975
7 Saturday,21.5,4 - stand still,1102.5
7 Saturday,22,0- free flowing,76832
7 Saturday,22,1 - light traffic,48
7 Saturday,22,2 - medium traffic,212.5
7 Saturday,22,3 - heavy traffic,594
7 Saturday,22,4 - stand still,766.5
7 Saturday,22.5,0- free flowing,67871
7 Saturday,22.5,1 - light traffic,22
7 Saturday,22.5,2 - medium traffic,80
7 Saturday,22.5,3 - heavy traffic,423
7 Saturday,22.5,4 - stand still,714
7 Saturday,23,0- free flowing,57242
7 Saturday,23,1 - light traffic,24
7 Saturday,23,2 - medium traffic,37.5
7 Saturday,23,3 - heavy traffic,327
7 Saturday,23,4 - stand still,332.5
7 Saturday,23.5,0- free flowing,47996
7 Saturday,23.5,1 - light traffic,2
7 Saturday,23.5,2 - medium traffic,42.5
7 Saturday,23.5,3 - heavy traffic,123
7 Saturday,23.5,4 - stand still,182
7 Saturday,24,0- free flowing,41400
7 Saturday,24,1 - light traffic,2
7 Saturday,24,2 - medium traffic,0
7 Saturday,24,3 - heavy traffic,153
7 Saturday,24,4 - stand still,549.5
