Day of Week,Time Half Hour,Traffic Level,Traffic Flow
1 Sunday,0.5,0- free flowing,38514
1 Sunday,0.5,1 - light traffic,22
1 Sunday,0.5,2 - medium traffic,2.5
1 Sunday,0.5,3 - heavy traffic,63
1 Sunday,0.5,4 - stand still,126
1 Sunday,1,0- free flowing,34342
1 Sunday,1,1 - light traffic,12
1 Sunday,1,2 - medium traffic,7.5
1 Sunday,1,3 - heavy traffic,99
1 Sunday,1,4 - stand still,108.5
1 Sunday,1.5,0- free flowing,29514
1 Sunday,1.5,1 - light traffic,8
1 Sunday,1.5,2 - medium traffic,5
1 Sunday,1.5,3 - heavy traffic,33
1 Sunday,1.5,4 - stand still,63
1 Sunday,2,0- free flowing,24172
1 Sunday,2,1 - light traffic,6
1 Sunday,2,2 - medium traffic,10
1 Sunday,2,3 - heavy traffic,36
1 Sunday,2,4 - stand still,49
1 Sunday,2.5,0- free flowing,20733
1 Sunday,2.5,1 - light traffic,2
1 Sunday,2.5,2 - medium traffic,0
1 Sunday,2.5,3 - heavy traffic,60
1 Sunday,2.5,4 - stand still,49
1 Sunday,3,0- free flowing,19084
1 Sunday,3,1 - light traffic,2
1 Sunday,3,2 - medium traffic,5
1 Sunday,3,3 - heavy traffic,27
1 Sunday,3,4 - stand still,77
1 Sunday,3.5,0- free flowing,17106
1 Sunday,3.5,1 - light traffic,4
1 Sunday,3.5,2 - medium traffic,10
1 Sunday,3.5,3 - heavy traffic,33
1 Sunday,3.5,4 - stand still,31.5
1 Sunday,4,0- free flowing,14782
1 Sunday,4,1 - light traffic,6
1 Sunday,4,2 - medium traffic,10
1 Sunday,4,3 - heavy traffic,54
1 Sunday,4,4 - stand still,28
1 Sunday,4.5,0- free flowing,14372
1 Sunday,4.5,1 - light traffic,12
1 Sunday,4.5,2 - medium traffic,7.5
1 Sunday,4.5,3 - heavy traffic,18
1 Sunday,4.5,4 - stand still,126
1 Sunday,5,0- free flowing,15441
1 Sunday,5,1 - light traffic,14
1 Sunday,5,2 - medium traffic,15
1 Sunday,5,3 - heavy traffic,48
1 Sunday,5,4 - stand still,98
1 Sunday,5.5,0- free flowing,17800
1 Sunday,5.5,1 - light traffic,12
1 Sunday,5.5,2 - medium traffic,5
1 Sunday,5.5,3 - heavy traffic,51
1 Sunday,5.5,4 - stand still,52.5
1 Sunday,6,0- free flowing,21582
1 Sunday,6,1 - light traffic,4
1 Sunday,6,2 - medium traffic,20
1 Sunday,6,3 - heavy traffic,81
1 Sunday,6,4 - stand still,360.5
1 Sunday,6.5,0- free flowing,27635
1 Sunday,6.5,1 - light traffic,10
1 Sunday,6.5,2 - medium traffic,12.5
1 Sunday,6.5,3 - heavy traffic,72
1 Sunday,6.5,4 - stand still,70
1 Sunday,7,0- free flowing,30351
1 Sunday,7,1 - light traffic,14
1 Sunday,7,2 - medium traffic,17.5
1 Sunday,7,3 - heavy traffic,90
1 Sunday,7,4 - stand still,140
1 Sunday,7.5,0- free flowing,34045
1 Sunday,7.5,1 - light traffic,8
1 Sunday,7.5,2 - medium traffic,45
1 Sunday,7.5,3 - heavy traffic,159
1 Sunday,7.5,4 - stand still,402.5
1 Sunday,8,0- free flowing,38566
1 Sunday,8,1 - light traffic,4
1 Sunday,8,2 - medium traffic,110
1 Sunday,8,3 - heavy traffic,102
1 Sunday,8,4 - stand still,1361.5
1 Sunday,8.5,0- free flowing,48544
1 Sunday,8.5,1 - light traffic,8
1 Sunday,8.5,2 - medium traffic,62.5
1 Sunday,8.5,3 - heavy traffic,318
1 Sunday,8.5,4 - stand still,2453.5
1 Sunday,9,0- free flowing,64425
1 Sunday,9,1 - light traffic,30
1 Sunday,9,2 - medium traffic,410
1 Sunday,9,3 - heavy traffic,438
1 Sunday,9,4 - stand still,2544.5
1 Sunday,9.5,0- free flowing,79966
1 Sunday,9.5,1 - light traffic,48
1 Sunday,9.5,2 - medium traffic,422.5
1 Sunday,9.5,3 - heavy traffic,1350
1 Sunday,9.5,4 - stand still,2411.5
1 Sunday,10,0- free flowing,89558
1 Sunday,10,1 - light traffic,48
1 Sunday,10,2 - medium traffic,330
1 Sunday,10,3 - heavy traffic,2172
1 Sunday,10,4 - stand still,3993.5
1 Sunday,10.5,0- free flowing,116157
1 Sunday,10.5,1 - light traffic,308
1 Sunday,10.5,2 - medium traffic,1020
1 Sunday,10.5,3 - heavy traffic,3699
1 Sunday,10.5,4 - stand still,7024.5
1 Sunday,11,0- free flowing,133929
1 Sunday,11,1 - light traffic,606
1 Sunday,11,2 - medium traffic,2842.5
1 Sunday,11,3 - heavy traffic,7524
1 Sunday,11,4 - stand still,7836.5
1 Sunday,11.5,0- free flowing,141861
1 Sunday,11.5,1 - light traffic,626
1 Sunday,11.5,2 - medium traffic,3830
1 Sunday,11.5,3 - heavy traffic,12561
1 Sunday,11.5,4 - stand still,9936.5
1 Sunday,12,0- free flowing,156609
1 Sunday,12,1 - light traffic,1402
1 Sunday,12,2 - medium traffic,5995
1 Sunday,12,3 - heavy traffic,18693
1 Sunday,12,4 - stand still,12390
1 Sunday,12.5,0- free flowing,175346
1 Sunday,12.5,1 - light traffic,3054
1 Sunday,12.5,2 - medium traffic,9762.5
1 Sunday,12.5,3 - heavy traffic,27780
1 Sunday,12.5,4 - stand still,13653.5
1 Sunday,13,0- free flowing,184643
1 Sunday,13,1 - light traffic,4746
1 Sunday,13,2 - medium traffic,20310
1 Sunday,13,3 - heavy traffic,36879
1 Sunday,13,4 - stand still,18564
1 Sunday,13.5,0- free flowing,185335
1 Sunday,13.5,1 - light traffic,4982
1 Sunday,13.5,2 - medium traffic,29992.5
1 Sunday,13.5,3 - heavy traffic,38823
1 Sunday,13.5,4 - stand still,19292
1 Sunday,14,0- free flowing,187301
1 Sunday,14,1 - light traffic,4850
1 Sunday,14,2 - medium traffic,30120
1 Sunday,14,3 - heavy traffic,42447
1 Sunday,14,4 - stand still,25154.5
1 Sunday,14.5,0- free flowing,187936
1 Sunday,14.5,1 - light traffic,4944
1 Sunday,14.5,2 - medium traffic,31085
1 Sunday,14.5,3 - heavy traffic,48849
1 Sunday,14.5,4 - stand still,26901
1 Sunday,15,0- free flowing,192777
1 Sunday,15,1 - light traffic,4408
1 Sunday,15,2 - medium traffic,30802.5
1 Sunday,15,3 - heavy traffic,51573
1 Sunday,15,4 - stand still,26386.5
1 Sunday,15.5,0- free flowing,189772
1 Sunday,15.5,1 - light traffic,3928
1 Sunday,15.5,2 - medium traffic,31127.5
1 Sunday,15.5,3 - heavy traffic,48900
1 Sunday,15.5,4 - stand still,24465
1 Sunday,16,0- free flowing,187238
1 Sunday,16,1 - light traffic,4008
1 Sunday,16,2 - medium traffic,33892.5
1 Sunday,16,3 - heavy traffic,46881
1 Sunday,16,4 - stand still,21248.5
1 Sunday,16.5,0- free flowing,183567
1 Sunday,16.5,1 - light traffic,3462
1 Sunday,16.5,2 - medium traffic,37102.5
1 Sunday,16.5,3 - heavy traffic,41658
1 Sunday,16.5,4 - stand still,19449.5
1 Sunday,17,0- free flowing,178628
1 Sunday,17,1 - light traffic,4508
1 Sunday,17,2 - medium traffic,32337.5
1 Sunday,17,3 - heavy traffic,37437
1 Sunday,17,4 - stand still,15753.5
1 Sunday,17.5,0- free flowing,169314
1 Sunday,17.5,1 - light traffic,3190
1 Sunday,17.5,2 - medium traffic,23527.5
1 Sunday,17.5,3 - heavy traffic,32076
1 Sunday,17.5,4 - stand still,14892.5
1 Sunday,18,0- free flowing,157866
1 Sunday,18,1 - light traffic,2074
1 Sunday,18,2 - medium traffic,18927.5
1 Sunday,18,3 - heavy traffic,22572
1 Sunday,18,4 - stand still,11210.5
1 Sunday,18.5,0- free flowing,146499
1 Sunday,18.5,1 - light traffic,2018
1 Sunday,18.5,2 - medium traffic,13275
1 Sunday,18.5,3 - heavy traffic,17355
1 Sunday,18.5,4 - stand still,6968.5
1 Sunday,19,0- free flowing,129003
1 Sunday,19,1 - light traffic,1010
1 Sunday,19,2 - medium traffic,9412.5
1 Sunday,19,3 - heavy traffic,11646
1 Sunday,19,4 - stand still,6993
1 Sunday,19.5,0- free flowing,117574
1 Sunday,19.5,1 - light traffic,788
1 Sunday,19.5,2 - medium traffic,4705
1 Sunday,19.5,3 - heavy traffic,9804
1 Sunday,19.5,4 - stand still,6426
1 Sunday,20,0- free flowing,100754
1 Sunday,20,1 - light traffic,768
1 Sunday,20,2 - medium traffic,4740
1 Sunday,20,3 - heavy traffic,4245
1 Sunday,20,4 - stand still,3388
1 Sunday,20.5,0- free flowing,90159
1 Sunday,20.5,1 - light traffic,438
1 Sunday,20.5,2 - medium traffic,2572.5
1 Sunday,20.5,3 - heavy traffic,2601
1 Sunday,20.5,4 - stand still,2737
1 Sunday,21,0- free flowing,79061
1 Sunday,21,1 - light traffic,450
1 Sunday,21,2 - medium traffic,1320
1 Sunday,21,3 - heavy traffic,2109
1 Sunday,21,4 - stand still,1862
1 Sunday,21.5,0- free flowing,67718
1 Sunday,21.5,1 - light traffic,220
1 Sunday,21.5,2 - medium traffic,810
1 Sunday,21.5,3 - heavy traffic,1875
1 Sunday,21.5,4 - stand still,3419.5
1 Sunday,22,0- free flowing,57832
1 Sunday,22,1 - light traffic,228
1 Sunday,22,2 - medium traffic,460
1 Sunday,22,3 - heavy traffic,1029
1 Sunday,22,4 - stand still,2474.5
1 Sunday,22.5,0- free flowing,48542
1 Sunday,22.5,1 - light traffic,158
1 Sunday,22.5,2 - medium traffic,382.5
1 Sunday,22.5,3 - heavy traffic,696
1 Sunday,22.5,4 - stand still,2278.5
1 Sunday,23,0- free flowing,41305
1 Sunday,23,1 - light traffic,132
1 Sunday,23,2 - medium traffic,370
1 Sunday,23,3 - heavy traffic,489
1 Sunday,23,4 - stand still,2418.5
1 Sunday,23.5,0- free flowing,35356
1 Sunday,23.5,1 - light traffic,62
1 Sunday,23.5,2 - medium traffic,170
1 Sunday,23.5,3 - heavy traffic,279
1 Sunday,23.5,4 - stand still,1673
1 Sunday,24,0- free flowing,39652
1 Sunday,24,1 - light traffic,30
1 Sunday,24,2 - medium traffic,112.5
1 Sunday,24,3 - heavy traffic,237
1 Sunday,24,4 - stand still,644
2 Monday,0.5,0- free flowing,26773
2 Monday,0.5,1 - light traffic,32
2 Monday,0.5,2 - medium traffic,50
2 Monday,0.5,3 - heavy traffic,144
2 Monday,0.5,4 - stand still,416.5
2 Monday,1,0- free flowing,22978
2 Monday,1,1 - light traffic,36
2 Monday,1,2 - medium traffic,25
2 Monday,1,3 - heavy traffic,81
2 Monday,1,4 - stand still,329
2 Monday,1.5,0- free flowing,19771
2 Monday,1.5,1 - light traffic,26
2 Monday,1.5,2 - medium traffic,15
2 Monday,1.5,3 - heavy traffic,69
2 Monday,1.5,4 - stand still,301
2 Monday,2,0- free flowing,17398
2 Monday,2,1 - light traffic,22
2 Monday,2,2 - medium traffic,30
2 Monday,2,3 - heavy traffic,69
2 Monday,2,4 - stand still,423.5
2 Monday,2.5,0- free flowing,15747
2 Monday,2.5,1 - light traffic,26
2 Monday,2.5,2 - medium traffic,22.5
2 Monday,2.5,3 - heavy traffic,93
2 Monday,2.5,4 - stand still,252
2 Monday,3,0- free flowing,13726
2 Monday,3,1 - light traffic,10
2 Monday,3,2 - medium traffic,20
2 Monday,3,3 - heavy traffic,78
2 Monday,3,4 - stand still,63
2 Monday,3.5,0- free flowing,13317
2 Monday,3.5,1 - light traffic,14
2 Monday,3.5,2 - medium traffic,27.5
2 Monday,3.5,3 - heavy traffic,39
2 Monday,3.5,4 - stand still,94.5
2 Monday,4,0- free flowing,14644
2 Monday,4,1 - light traffic,16
2 Monday,4,2 - medium traffic,55
2 Monday,4,3 - heavy traffic,45
2 Monday,4,4 - stand still,126
2 Monday,4.5,0- free flowing,17026
2 Monday,4.5,1 - light traffic,8
2 Monday,4.5,2 - medium traffic,20
2 Monday,4.5,3 - heavy traffic,39
2 Monday,4.5,4 - stand still,136.5
2 Monday,5,0- free flowing,22825
2 Monday,5,1 - light traffic,16
2 Monday,5,2 - medium traffic,10
2 Monday,5,3 - heavy traffic,60
2 Monday,5,4 - stand still,91
2 Monday,5.5,0- free flowing,29613
2 Monday,5.5,1 - light traffic,6
2 Monday,5.5,2 - medium traffic,35
2 Monday,5.5,3 - heavy traffic,123
2 Monday,5.5,4 - stand still,171.5
2 Monday,6,0- free flowing,33914
2 Monday,6,1 - light traffic,10
2 Monday,6,2 - medium traffic,22.5
2 Monday,6,3 - heavy traffic,165
2 Monday,6,4 - stand still,392
2 Monday,6.5,0- free flowing,44252
2 Monday,6.5,1 - light traffic,6
2 Monday,6.5,2 - medium traffic,72.5
2 Monday,6.5,3 - heavy traffic,369
2 Monday,6.5,4 - stand still,717.5
2 Monday,7,0- free flowing,62776
2 Monday,7,1 - light traffic,62
2 Monday,7,2 - medium traffic,490
2 Monday,7,3 - heavy traffic,1083
2 Monday,7,4 - stand still,2317
2 Monday,7.5,0- free flowing,100296
2 Monday,7.5,1 - light traffic,646
2 Monday,7.5,2 - medium traffic,2847.5
2 Monday,7.5,3 - heavy traffic,4581
2 Monday,7.5,4 - stand still,3783.5
2 Monday,8,0- free flowing,121100
2 Monday,8,1 - light traffic,1368
2 Monday,8,2 - medium traffic,8245
2 Monday,8,3 - heavy traffic,18216
2 Monday,8,4 - stand still,7206.5
2 Monday,8.5,0- free flowing,127311
2 Monday,8.5,1 - light traffic,912
2 Monday,8.5,2 - medium traffic,5975
2 Monday,8.5,3 - heavy traffic,10986
2 Monday,8.5,4 - stand still,7623
2 Monday,9,0- free flowing,119424
2 Monday,9,1 - light traffic,686
2 Monday,9,2 - medium traffic,3290
2 Monday,9,3 - heavy traffic,4569
2 Monday,9,4 - stand still,4784.5
2 Monday,9.5,0- free flowing,113471
2 Monday,9.5,1 - light traffic,134
2 Monday,9.5,2 - medium traffic,517.5
2 Monday,9.5,3 - heavy traffic,2481
2 Monday,9.5,4 - stand still,2149
2 Monday,10,0- free flowing,118732
2 Monday,10,1 - light traffic,158
2 Monday,10,2 - medium traffic,380
2 Monday,10,3 - heavy traffic,1365
2 Monday,10,4 - stand still,1862
2 Monday,10.5,0- free flowing,124539
2 Monday,10.5,1 - light traffic,92
2 Monday,10.5,2 - medium traffic,257.5
2 Monday,10.5,3 - heavy traffic,1044
2 Monday,10.5,4 - stand still,1459.5
2 Monday,11,0- free flowing,133782
2 Monday,11,1 - light traffic,180
2 Monday,11,2 - medium traffic,812.5
2 Monday,11,3 - heavy traffic,1845
2 Monday,11,4 - stand still,1410.5
2 Monday,11.5,0- free flowing,141084
2 Monday,11.5,1 - light traffic,556
2 Monday,11.5,2 - medium traffic,1555
2 Monday,11.5,3 - heavy traffic,4284
2 Monday,11.5,4 - stand still,1935.5
2 Monday,12,0- free flowing,147765
2 Monday,12,1 - light traffic,746
2 Monday,12,2 - medium traffic,2445
2 Monday,12,3 - heavy traffic,9666
2 Monday,12,4 - stand still,3930.5
2 Monday,12.5,0- free flowing,155169
2 Monday,12.5,1 - light traffic,1092
2 Monday,12.5,2 - medium traffic,4015
2 Monday,12.5,3 - heavy traffic,14610
2 Monday,12.5,4 - stand still,6300
2 Monday,13,0- free flowing,163407
2 Monday,13,1 - light traffic,1222
2 Monday,13,2 - medium traffic,7207.5
2 Monday,13,3 - heavy traffic,17382
2 Monday,13,4 - stand still,7189
2 Monday,13.5,0- free flowing,166296
2 Monday,13.5,1 - light traffic,1872
2 Monday,13.5,2 - medium traffic,9312.5
2 Monday,13.5,3 - heavy traffic,19311
2 Monday,13.5,4 - stand still,7637
2 Monday,14,0- free flowing,167259
2 Monday,14,1 - light traffic,1398
2 Monday,14,2 - medium traffic,12155
2 Monday,14,3 - heavy traffic,19320
2 Monday,14,4 - stand still,6835.5
2 Monday,14.5,0- free flowing,170560
2 Monday,14.5,1 - light traffic,2370
2 Monday,14.5,2 - medium traffic,12922.5
2 Monday,14.5,3 - heavy traffic,24930
2 Monday,14.5,4 - stand still,6709.5
2 Monday,15,0- free flowing,177744
2 Monday,15,1 - light traffic,2542
2 Monday,15,2 - medium traffic,13352.5
2 Monday,15,3 - heavy traffic,32040
2 Monday,15,4 - stand still,5425
2 Monday,15.5,0- free flowing,181186
2 Monday,15.5,1 - light traffic,3040
2 Monday,15.5,2 - medium traffic,18685
2 Monday,15.5,3 - heavy traffic,32160
2 Monday,15.5,4 - stand still,8841
2 Monday,16,0- free flowing,179966
2 Monday,16,1 - light traffic,3104
2 Monday,16,2 - medium traffic,25830
2 Monday,16,3 - heavy traffic,29607
2 Monday,16,4 - stand still,10447.5
2 Monday,16.5,0- free flowing,191841
2 Monday,16.5,1 - light traffic,2540
2 Monday,16.5,2 - medium traffic,27880
2 Monday,16.5,3 - heavy traffic,35709
2 Monday,16.5,4 - stand still,8277.5
2 Monday,17,0- free flowing,206542
2 Monday,17,1 - light traffic,2754
2 Monday,17,2 - medium traffic,29527.5
2 Monday,17,3 - heavy traffic,49413
2 Monday,17,4 - stand still,8809.5
2 Monday,17.5,0- free flowing,215368
2 Monday,17.5,1 - light traffic,3506
2 Monday,17.5,2 - medium traffic,31962.5
2 Monday,17.5,3 - heavy traffic,71295
2 Monday,17.5,4 - stand still,14406
2 Monday,18,0- free flowing,185910
2 Monday,18,1 - light traffic,3010
2 Monday,18,2 - medium traffic,21405
2 Monday,18,3 - heavy traffic,37467
2 Monday,18,4 - stand still,10031
2 Monday,18.5,0- free flowing,151776
2 Monday,18.5,1 - light traffic,1440
2 Monday,18.5,2 - medium traffic,9225
2 Monday,18.5,3 - heavy traffic,8994
2 Monday,18.5,4 - stand still,4413.5
2 Monday,19,0- free flowing,119470
2 Monday,19,1 - light traffic,508
2 Monday,19,2 - medium traffic,1955
2 Monday,19,3 - heavy traffic,2652
2 Monday,19,4 - stand still,2530.5
2 Monday,19.5,0- free flowing,101929
2 Monday,19.5,1 - light traffic,308
2 Monday,19.5,2 - medium traffic,500
2 Monday,19.5,3 - heavy traffic,1065
2 Monday,19.5,4 - stand still,3010
2 Monday,20,0- free flowing,88464
2 Monday,20,1 - light traffic,94
2 Monday,20,2 - medium traffic,462.5
2 Monday,20,3 - heavy traffic,504
2 Monday,20,4 - stand still,2285.5
2 Monday,20.5,0- free flowing,77941
2 Monday,20.5,1 - light traffic,224
2 Monday,20.5,2 - medium traffic,280
2 Monday,20.5,3 - heavy traffic,669
2 Monday,20.5,4 - stand still,1417.5
2 Monday,21,0- free flowing,67656
2 Monday,21,1 - light traffic,204
2 Monday,21,2 - medium traffic,135
2 Monday,21,3 - heavy traffic,666
2 Monday,21,4 - stand still,658
2 Monday,21.5,0- free flowing,58710
2 Monday,21.5,1 - light traffic,84
2 Monday,21.5,2 - medium traffic,285
2 Monday,21.5,3 - heavy traffic,1200
2 Monday,21.5,4 - stand still,1855
2 Monday,22,0- free flowing,49013
2 Monday,22,1 - light traffic,38
2 Monday,22,2 - medium traffic,77.5
2 Monday,22,3 - heavy traffic,975
2 Monday,22,4 - stand still,2737
2 Monday,22.5,0- free flowing,41933
2 Monday,22.5,1 - light traffic,20
2 Monday,22.5,2 - medium traffic,137.5
2 Monday,22.5,3 - heavy traffic,696
2 Monday,22.5,4 - stand still,1494.5
2 Monday,23,0- free flowing,37024
2 Monday,23,1 - light traffic,26
2 Monday,23,2 - medium traffic,230
2 Monday,23,3 - heavy traffic,672
2 Monday,23,4 - stand still,997.5
2 Monday,23.5,0- free flowing,33595
2 Monday,23.5,1 - light traffic,48
2 Monday,23.5,2 - medium traffic,162.5
2 Monday,23.5,3 - heavy traffic,552
2 Monday,23.5,4 - stand still,1372
2 Monday,24,0- free flowing,30953
2 Monday,24,1 - light traffic,58
2 Monday,24,2 - medium traffic,117.5
2 Monday,24,3 - heavy traffic,195
2 Monday,24,4 - stand still,1641.5
3 Tuesday,0.5,0- free flowing,24800
3 Tuesday,0.5,1 - light traffic,24
3 Tuesday,0.5,2 - medium traffic,72.5
3 Tuesday,0.5,3 - heavy traffic,189
3 Tuesday,0.5,4 - stand still,1267
3 Tuesday,1,0- free flowing,20893
3 Tuesday,1,1 - light traffic,56
3 Tuesday,1,2 - medium traffic,35
3 Tuesday,1,3 - heavy traffic,198
3 Tuesday,1,4 - stand still,903
3 Tuesday,1.5,0- free flowing,17317
3 Tuesday,1.5,1 - light traffic,28
3 Tuesday,1.5,2 - medium traffic,35
3 Tuesday,1.5,3 - heavy traffic,84
3 Tuesday,1.5,4 - stand still,521.5
3 Tuesday,2,0- free flowing,15253
3 Tuesday,2,1 - light traffic,48
3 Tuesday,2,2 - medium traffic,12.5
3 Tuesday,2,3 - heavy traffic,126
3 Tuesday,2,4 - stand still,360.5
3 Tuesday,2.5,0- free flowing,13942
3 Tuesday,2.5,1 - light traffic,40
3 Tuesday,2.5,2 - medium traffic,15
3 Tuesday,2.5,3 - heavy traffic,90
3 Tuesday,2.5,4 - stand still,451.5
3 Tuesday,3,0- free flowing,13092
3 Tuesday,3,1 - light traffic,10
3 Tuesday,3,2 - medium traffic,30
3 Tuesday,3,3 - heavy traffic,90
3 Tuesday,3,4 - stand still,192.5
3 Tuesday,3.5,0- free flowing,13358
3 Tuesday,3.5,1 - light traffic,16
3 Tuesday,3.5,2 - medium traffic,15
3 Tuesday,3.5,3 - heavy traffic,78
3 Tuesday,3.5,4 - stand still,126
3 Tuesday,4,0- free flowing,14202
3 Tuesday,4,1 - light traffic,16
3 Tuesday,4,2 - medium traffic,20
3 Tuesday,4,3 - heavy traffic,66
3 Tuesday,4,4 - stand still,192.5
3 Tuesday,4.5,0- free flowing,16692
3 Tuesday,4.5,1 - light traffic,16
3 Tuesday,4.5,2 - medium traffic,15
3 Tuesday,4.5,3 - heavy traffic,105
3 Tuesday,4.5,4 - stand still,182
3 Tuesday,5,0- free flowing,23441
3 Tuesday,5,1 - light traffic,10
3 Tuesday,5,2 - medium traffic,30
3 Tuesday,5,3 - heavy traffic,87
3 Tuesday,5,4 - stand still,231
3 Tuesday,5.5,0- free flowing,31225
3 Tuesday,5.5,1 - light traffic,20
3 Tuesday,5.5,2 - medium traffic,20
3 Tuesday,5.5,3 - heavy traffic,117
3 Tuesday,5.5,4 - stand still,301
3 Tuesday,6,0- free flowing,37716
3 Tuesday,6,1 - light traffic,12
3 Tuesday,6,2 - medium traffic,15
3 Tuesday,6,3 - heavy traffic,135
3 Tuesday,6,4 - stand still,143.5
3 Tuesday,6.5,0- free flowing,47608
3 Tuesday,6.5,1 - light traffic,8
3 Tuesday,6.5,2 - medium traffic,75
3 Tuesday,6.5,3 - heavy traffic,213
3 Tuesday,6.5,4 - stand still,350
3 Tuesday,7,0- free flowing,70484
3 Tuesday,7,1 - light traffic,62
3 Tuesday,7,2 - medium traffic,332.5
3 Tuesday,7,3 - heavy traffic,951
3 Tuesday,7,4 - stand still,1046.5
3 Tuesday,7.5,0- free flowing,115626
3 Tuesday,7.5,1 - light traffic,1164
3 Tuesday,7.5,2 - medium traffic,6090
3 Tuesday,7.5,3 - heavy traffic,8031
3 Tuesday,7.5,4 - stand still,2726.5
3 Tuesday,8,0- free flowing,135842
3 Tuesday,8,1 - light traffic,1398
3 Tuesday,8,2 - medium traffic,12150
3 Tuesday,8,3 - heavy traffic,27267
3 Tuesday,8,4 - stand still,6821.5
3 Tuesday,8.5,0- free flowing,136676
3 Tuesday,8.5,1 - light traffic,1346
3 Tuesday,8.5,2 - medium traffic,7575
3 Tuesday,8.5,3 - heavy traffic,13062
3 Tuesday,8.5,4 - stand still,3867.5
3 Tuesday,9,0- free flowing,120799
3 Tuesday,9,1 - light traffic,778
3 Tuesday,9,2 - medium traffic,3612.5
3 Tuesday,9,3 - heavy traffic,6327
3 Tuesday,9,4 - stand still,4336.5
3 Tuesday,9.5,0- free flowing,110689
3 Tuesday,9.5,1 - light traffic,200
3 Tuesday,9.5,2 - medium traffic,1202.5
3 Tuesday,9.5,3 - heavy traffic,2940
3 Tuesday,9.5,4 - stand still,3010
3 Tuesday,10,0- free flowing,112727
3 Tuesday,10,1 - light traffic,166
3 Tuesday,10,2 - medium traffic,602.5
3 Tuesday,10,3 - heavy traffic,2265
3 Tuesday,10,4 - stand still,1578.5
3 Tuesday,10.5,0- free flowing,114948
3 Tuesday,10.5,1 - light traffic,176
3 Tuesday,10.5,2 - medium traffic,655
3 Tuesday,10.5,3 - heavy traffic,1644
3 Tuesday,10.5,4 - stand still,1316
3 Tuesday,11,0- free flowing,121077
3 Tuesday,11,1 - light traffic,120
3 Tuesday,11,2 - medium traffic,625
3 Tuesday,11,3 - heavy traffic,3654
3 Tuesday,11,4 - stand still,1988
3 Tuesday,11.5,0- free flowing,127957
3 Tuesday,11.5,1 - light traffic,268
3 Tuesday,11.5,2 - medium traffic,1030
3 Tuesday,11.5,3 - heavy traffic,4887
3 Tuesday,11.5,4 - stand still,2338
3 Tuesday,12,0- free flowing,132659
3 Tuesday,12,1 - light traffic,458
3 Tuesday,12,2 - medium traffic,1850
3 Tuesday,12,3 - heavy traffic,6534
3 Tuesday,12,4 - stand still,2495.5
3 Tuesday,12.5,0- free flowing,141275
3 Tuesday,12.5,1 - light traffic,870
3 Tuesday,12.5,2 - medium traffic,3087.5
3 Tuesday,12.5,3 - heavy traffic,8553
3 Tuesday,12.5,4 - stand still,2467.5
3 Tuesday,13,0- free flowing,143440
3 Tuesday,13,1 - light traffic,1022
3 Tuesday,13,2 - medium traffic,4485
3 Tuesday,13,3 - heavy traffic,11793
3 Tuesday,13,4 - stand still,3794
3 Tuesday,13.5,0- free flowing,142010
3 Tuesday,13.5,1 - light traffic,908
3 Tuesday,13.5,2 - medium traffic,5787.5
3 Tuesday,13.5,3 - heavy traffic,14949
3 Tuesday,13.5,4 - stand still,3892
3 Tuesday,14,0- free flowing,135285
3 Tuesday,14,1 - light traffic,1420
3 Tuesday,14,2 - medium traffic,6325
3 Tuesday,14,3 - heavy traffic,15597
3 Tuesday,14,4 - stand still,5082
3 Tuesday,14.5,0- free flowing,145587
3 Tuesday,14.5,1 - light traffic,1804
3 Tuesday,14.5,2 - medium traffic,7552.5
3 Tuesday,14.5,3 - heavy traffic,17358
3 Tuesday,14.5,4 - stand still,6513.5
3 Tuesday,15,0- free flowing,157742
3 Tuesday,15,1 - light traffic,1728
3 Tuesday,15,2 - medium traffic,10005
3 Tuesday,15,3 - heavy traffic,17901
3 Tuesday,15,4 - stand still,8662.5
3 Tuesday,15.5,0- free flowing,165387
3 Tuesday,15.5,1 - light traffic,3782
3 Tuesday,15.5,2 - medium traffic,14885
3 Tuesday,15.5,3 - heavy traffic,18129
3 Tuesday,15.5,4 - stand still,9866.5
3 Tuesday,16,0- free flowing,168745
3 Tuesday,16,1 - light traffic,3058
3 Tuesday,16,2 - medium traffic,25645
3 Tuesday,16,3 - heavy traffic,22581
3 Tuesday,16,4 - stand still,10276
3 Tuesday,16.5,0- free flowing,182278
3 Tuesday,16.5,1 - light traffic,2070
3 Tuesday,16.5,2 - medium traffic,30092.5
3 Tuesday,16.5,3 - heavy traffic,30060
3 Tuesday,16.5,4 - stand still,11672.5
3 Tuesday,17,0- free flowing,190606
3 Tuesday,17,1 - light traffic,2668
3 Tuesday,17,2 - medium traffic,30252.5
3 Tuesday,17,3 - heavy traffic,42531
3 Tuesday,17,4 - stand still,14122.5
3 Tuesday,17.5,0- free flowing,202380
3 Tuesday,17.5,1 - light traffic,4138
3 Tuesday,17.5,2 - medium traffic,27282.5
3 Tuesday,17.5,3 - heavy traffic,76152
3 Tuesday,17.5,4 - stand still,22480.5
3 Tuesday,18,0- free flowing,179099
3 Tuesday,18,1 - light traffic,2364
3 Tuesday,18,2 - medium traffic,22495
3 Tuesday,18,3 - heavy traffic,40356
3 Tuesday,18,4 - stand still,11942
3 Tuesday,18.5,0- free flowing,148055
3 Tuesday,18.5,1 - light traffic,1660
3 Tuesday,18.5,2 - medium traffic,13462.5
3 Tuesday,18.5,3 - heavy traffic,11769
3 Tuesday,18.5,4 - stand still,6597.5
3 Tuesday,19,0- free flowing,114183
3 Tuesday,19,1 - light traffic,874
3 Tuesday,19,2 - medium traffic,2067.5
3 Tuesday,19,3 - heavy traffic,4857
3 Tuesday,19,4 - stand still,4294.5
3 Tuesday,19.5,0- free flowing,96485
3 Tuesday,19.5,1 - light traffic,402
3 Tuesday,19.5,2 - medium traffic,1242.5
3 Tuesday,19.5,3 - heavy traffic,1749
3 Tuesday,19.5,4 - stand still,2978.5
3 Tuesday,20,0- free flowing,81742
3 Tuesday,20,1 - light traffic,422
3 Tuesday,20,2 - medium traffic,590
3 Tuesday,20,3 - heavy traffic,948
3 Tuesday,20,4 - stand still,1771
3 Tuesday,20.5,0- free flowing,72648
3 Tuesday,20.5,1 - light traffic,212
3 Tuesday,20.5,2 - medium traffic,275
3 Tuesday,20.5,3 - heavy traffic,801
3 Tuesday,20.5,4 - stand still,1323
3 Tuesday,21,0- free flowing,64533
3 Tuesday,21,1 - light traffic,342
3 Tuesday,21,2 - medium traffic,357.5
3 Tuesday,21,3 - heavy traffic,924
3 Tuesday,21,4 - stand still,1403.5
3 Tuesday,21.5,0- free flowing,55320
3 Tuesday,21.5,1 - light traffic,90
3 Tuesday,21.5,2 - medium traffic,187.5
3 Tuesday,21.5,3 - heavy traffic,1377
3 Tuesday,21.5,4 - stand still,2380
3 Tuesday,22,0- free flowing,45826
3 Tuesday,22,1 - light traffic,30
3 Tuesday,22,2 - medium traffic,285
3 Tuesday,22,3 - heavy traffic,975
3 Tuesday,22,4 - stand still,2733.5
3 Tuesday,22.5,0- free flowing,41471
3 Tuesday,22.5,1 - light traffic,20
3 Tuesday,22.5,2 - medium traffic,227.5
3 Tuesday,22.5,3 - heavy traffic,882
3 Tuesday,22.5,4 - stand still,1858.5
3 Tuesday,23,0- free flowing,37030
3 Tuesday,23,1 - light traffic,32
3 Tuesday,23,2 - medium traffic,220
3 Tuesday,23,3 - heavy traffic,957
3 Tuesday,23,4 - stand still,1470
3 Tuesday,23.5,0- free flowing,33142
3 Tuesday,23.5,1 - light traffic,20
3 Tuesday,23.5,2 - medium traffic,242.5
3 Tuesday,23.5,3 - heavy traffic,663
3 Tuesday,23.5,4 - stand still,710.5
3 Tuesday,24,0- free flowing,27836
3 Tuesday,24,1 - light traffic,48
3 Tuesday,24,2 - medium traffic,92.5
3 Tuesday,24,3 - heavy traffic,294
3 Tuesday,24,4 - stand still,815.5
4 Wednesday,0.5,0- free flowing,24173
4 Wednesday,0.5,1 - light traffic,46
4 Wednesday,0.5,2 - medium traffic,62.5
4 Wednesday,0.5,3 - heavy traffic,144
4 Wednesday,0.5,4 - stand still,378
4 Wednesday,1,0- free flowing,20180
4 Wednesday,1,1 - light traffic,42
4 Wednesday,1,2 - medium traffic,52.5
4 Wednesday,1,3 - heavy traffic,126
4 Wednesday,1,4 - stand still,462
4 Wednesday,1.5,0- free flowing,16840
4 Wednesday,1.5,1 - light traffic,42
4 Wednesday,1.5,2 - medium traffic,50
4 Wednesday,1.5,3 - heavy traffic,99
4 Wednesday,1.5,4 - stand still,360.5
4 Wednesday,2,0- free flowing,14575
4 Wednesday,2,1 - light traffic,28
4 Wednesday,2,2 - medium traffic,22.5
4 Wednesday,2,3 - heavy traffic,72
4 Wednesday,2,4 - stand still,224
4 Wednesday,2.5,0- free flowing,13500
4 Wednesday,2.5,1 - light traffic,16
4 Wednesday,2.5,2 - medium traffic,15
4 Wednesday,2.5,3 - heavy traffic,39
4 Wednesday,2.5,4 - stand still,308
4 Wednesday,3,0- free flowing,13054
4 Wednesday,3,1 - light traffic,16
4 Wednesday,3,2 - medium traffic,20
4 Wednesday,3,3 - heavy traffic,48
4 Wednesday,3,4 - stand still,210
4 Wednesday,3.5,0- free flowing,12736
4 Wednesday,3.5,1 - light traffic,16
4 Wednesday,3.5,2 - medium traffic,40
4 Wednesday,3.5,3 - heavy traffic,36
4 Wednesday,3.5,4 - stand still,297.5
4 Wednesday,4,0- free flowing,13841
4 Wednesday,4,1 - light traffic,6
4 Wednesday,4,2 - medium traffic,35
4 Wednesday,4,3 - heavy traffic,87
4 Wednesday,4,4 - stand still,143.5
4 Wednesday,4.5,0- free flowing,16897
4 Wednesday,4.5,1 - light traffic,8
4 Wednesday,4.5,2 - medium traffic,20
4 Wednesday,4.5,3 - heavy traffic,105
4 Wednesday,4.5,4 - stand still,35
4 Wednesday,5,0- free flowing,22460
4 Wednesday,5,1 - light traffic,22
4 Wednesday,5,2 - medium traffic,35
4 Wednesday,5,3 - heavy traffic,96
4 Wednesday,5,4 - stand still,136.5
4 Wednesday,5.5,0- free flowing,29791
4 Wednesday,5.5,1 - light traffic,8
4 Wednesday,5.5,2 - medium traffic,42.5
4 Wednesday,5.5,3 - heavy traffic,249
4 Wednesday,5.5,4 - stand still,283.5
4 Wednesday,6,0- free flowing,35519
4 Wednesday,6,1 - light traffic,8
4 Wednesday,6,2 - medium traffic,72.5
4 Wednesday,6,3 - heavy traffic,219
4 Wednesday,6,4 - stand still,325.5
4 Wednesday,6.5,0- free flowing,45808
4 Wednesday,6.5,1 - light traffic,26
4 Wednesday,6.5,2 - medium traffic,122.5
4 Wednesday,6.5,3 - heavy traffic,132
4 Wednesday,6.5,4 - stand still,378
4 Wednesday,7,0- free flowing,65031
4 Wednesday,7,1 - light traffic,76
4 Wednesday,7,2 - medium traffic,502.5
4 Wednesday,7,3 - heavy traffic,900
4 Wednesday,7,4 - stand still,1172.5
4 Wednesday,7.5,0- free flowing,107324
4 Wednesday,7.5,1 - light traffic,1008
4 Wednesday,7.5,2 - medium traffic,6652.5
4 Wednesday,7.5,3 - heavy traffic,6453
4 Wednesday,7.5,4 - stand still,1729
4 Wednesday,8,0- free flowing,128894
4 Wednesday,8,1 - light traffic,1774
4 Wednesday,8,2 - medium traffic,11495
4 Wednesday,8,3 - heavy traffic,26199
4 Wednesday,8,4 - stand still,6807.5
4 Wednesday,8.5,0- free flowing,133338
4 Wednesday,8.5,1 - light traffic,1464
4 Wednesday,8.5,2 - medium traffic,7697.5
4 Wednesday,8.5,3 - heavy traffic,15159
4 Wednesday,8.5,4 - stand still,5341
4 Wednesday,9,0- free flowing,121483
4 Wednesday,9,1 - light traffic,774
4 Wednesday,9,2 - medium traffic,4055
4 Wednesday,9,3 - heavy traffic,7998
4 Wednesday,9,4 - stand still,3920
4 Wednesday,9.5,0- free flowing,114361
4 Wednesday,9.5,1 - light traffic,378
4 Wednesday,9.5,2 - medium traffic,2102.5
4 Wednesday,9.5,3 - heavy traffic,2628
4 Wednesday,9.5,4 - stand still,2474.5
4 Wednesday,10,0- free flowing,117058
4 Wednesday,10,1 - light traffic,216
4 Wednesday,10,2 - medium traffic,1370
4 Wednesday,10,3 - heavy traffic,2739
4 Wednesday,10,4 - stand still,1403.5
4 Wednesday,10.5,0- free flowing,118538
4 Wednesday,10.5,1 - light traffic,388
4 Wednesday,10.5,2 - medium traffic,1170
4 Wednesday,10.5,3 - heavy traffic,3381
4 Wednesday,10.5,4 - stand still,1211
4 Wednesday,11,0- free flowing,125972
4 Wednesday,11,1 - light traffic,694
4 Wednesday,11,2 - medium traffic,2205
4 Wednesday,11,3 - heavy traffic,3960
4 Wednesday,11,4 - stand still,4252.5
4 Wednesday,11.5,0- free flowing,133345
4 Wednesday,11.5,1 - light traffic,1054
4 Wednesday,11.5,2 - medium traffic,3690
4 Wednesday,11.5,3 - heavy traffic,6612
4 Wednesday,11.5,4 - stand still,5019
4 Wednesday,12,0- free flowing,140078
4 Wednesday,12,1 - light traffic,950
4 Wednesday,12,2 - medium traffic,6147.5
4 Wednesday,12,3 - heavy traffic,10680
4 Wednesday,12,4 - stand still,5327
4 Wednesday,12.5,0- free flowing,148457
4 Wednesday,12.5,1 - light traffic,1348
4 Wednesday,12.5,2 - medium traffic,7007.5
4 Wednesday,12.5,3 - heavy traffic,15996
4 Wednesday,12.5,4 - stand still,6289.5
4 Wednesday,13,0- free flowing,150043
4 Wednesday,13,1 - light traffic,1600
4 Wednesday,13,2 - medium traffic,7907.5
4 Wednesday,13,3 - heavy traffic,14913
4 Wednesday,13,4 - stand still,9068.5
4 Wednesday,13.5,0- free flowing,153356
4 Wednesday,13.5,1 - light traffic,1272
4 Wednesday,13.5,2 - medium traffic,9672.5
4 Wednesday,13.5,3 - heavy traffic,15171
4 Wednesday,13.5,4 - stand still,9971.5
4 Wednesday,14,0- free flowing,154454
4 Wednesday,14,1 - light traffic,1814
4 Wednesday,14,2 - medium traffic,10610
4 Wednesday,14,3 - heavy traffic,16743
4 Wednesday,14,4 - stand still,9240
4 Wednesday,14.5,0- free flowing,159608
4 Wednesday,14.5,1 - light traffic,2354
4 Wednesday,14.5,2 - medium traffic,14632.5
4 Wednesday,14.5,3 - heavy traffic,20943
4 Wednesday,14.5,4 - stand still,11543
4 Wednesday,15,0- free flowing,165825
4 Wednesday,15,1 - light traffic,4132
4 Wednesday,15,2 - medium traffic,17362.5
4 Wednesday,15,3 - heavy traffic,23628
4 Wednesday,15,4 - stand still,15036
4 Wednesday,15.5,0- free flowing,173653
4 Wednesday,15.5,1 - light traffic,4752
4 Wednesday,15.5,2 - medium traffic,22020
4 Wednesday,15.5,3 - heavy traffic,33894
4 Wednesday,15.5,4 - stand still,13520.5
4 Wednesday,16,0- free flowing,169127
4 Wednesday,16,1 - light traffic,3708
4 Wednesday,16,2 - medium traffic,30820
4 Wednesday,16,3 - heavy traffic,33768
4 Wednesday,16,4 - stand still,11546.5
4 Wednesday,16.5,0- free flowing,183819
4 Wednesday,16.5,1 - light traffic,2876
4 Wednesday,16.5,2 - medium traffic,33862.5
4 Wednesday,16.5,3 - heavy traffic,44142
4 Wednesday,16.5,4 - stand still,14178.5
4 Wednesday,17,0- free flowing,197571
4 Wednesday,17,1 - light traffic,3272
4 Wednesday,17,2 - medium traffic,31360
4 Wednesday,17,3 - heavy traffic,65859
4 Wednesday,17,4 - stand still,15729
4 Wednesday,17.5,0- free flowing,208124
4 Wednesday,17.5,1 - light traffic,4208
4 Wednesday,17.5,2 - medium traffic,25787.5
4 Wednesday,17.5,3 - heavy traffic,101085
4 Wednesday,17.5,4 - stand still,20114.5
4 Wednesday,18,0- free flowing,188198
4 Wednesday,18,1 - light traffic,3162
4 Wednesday,18,2 - medium traffic,22765
4 Wednesday,18,3 - heavy traffic,60357
4 Wednesday,18,4 - stand still,12404
4 Wednesday,18.5,0- free flowing,151254
4 Wednesday,18.5,1 - light traffic,2040
4 Wednesday,18.5,2 - medium traffic,18695
4 Wednesday,18.5,3 - heavy traffic,17148
4 Wednesday,18.5,4 - stand still,7567
4 Wednesday,19,0- free flowing,117459
4 Wednesday,19,1 - light traffic,1224
4 Wednesday,19,2 - medium traffic,6005
4 Wednesday,19,3 - heavy traffic,5139
4 Wednesday,19,4 - stand still,5173
4 Wednesday,19.5,0- free flowing,99534
4 Wednesday,19.5,1 - light traffic,314
4 Wednesday,19.5,2 - medium traffic,1677.5
4 Wednesday,19.5,3 - heavy traffic,2973
4 Wednesday,19.5,4 - stand still,1974
4 Wednesday,20,0- free flowing,84933
4 Wednesday,20,1 - light traffic,106
4 Wednesday,20,2 - medium traffic,1805
4 Wednesday,20,3 - heavy traffic,975
4 Wednesday,20,4 - stand still,973
4 Wednesday,20.5,0- free flowing,76403
4 Wednesday,20.5,1 - light traffic,194
4 Wednesday,20.5,2 - medium traffic,355
4 Wednesday,20.5,3 - heavy traffic,1293
4 Wednesday,20.5,4 - stand still,1729
4 Wednesday,21,0- free flowing,67281
4 Wednesday,21,1 - light traffic,130
4 Wednesday,21,2 - medium traffic,305
4 Wednesday,21,3 - heavy traffic,1194
4 Wednesday,21,4 - stand still,1179.5
4 Wednesday,21.5,0- free flowing,59028
4 Wednesday,21.5,1 - light traffic,140
4 Wednesday,21.5,2 - medium traffic,612.5
4 Wednesday,21.5,3 - heavy traffic,1914
4 Wednesday,21.5,4 - stand still,2019.5
4 Wednesday,22,0- free flowing,47763
4 Wednesday,22,1 - light traffic,48
4 Wednesday,22,2 - medium traffic,302.5
4 Wednesday,22,3 - heavy traffic,1194
4 Wednesday,22,4 - stand still,2404.5
4 Wednesday,22.5,0- free flowing,42002
4 Wednesday,22.5,1 - light traffic,48
4 Wednesday,22.5,2 - medium traffic,335
4 Wednesday,22.5,3 - heavy traffic,1107
4 Wednesday,22.5,4 - stand still,1869
4 Wednesday,23,0- free flowing,37923
4 Wednesday,23,1 - light traffic,38
4 Wednesday,23,2 - medium traffic,292.5
4 Wednesday,23,3 - heavy traffic,1056
4 Wednesday,23,4 - stand still,1466.5
4 Wednesday,23.5,0- free flowing,34234
4 Wednesday,23.5,1 - light traffic,26
4 Wednesday,23.5,2 - medium traffic,230
4 Wednesday,23.5,3 - heavy traffic,1134
4 Wednesday,23.5,4 - stand still,934.5
4 Wednesday,24,0- free flowing,28535
4 Wednesday,24,1 - light traffic,50
4 Wednesday,24,2 - medium traffic,112.5
4 Wednesday,24,3 - heavy traffic,501
4 Wednesday,24,4 - stand still,637
5 Thursday,0.5,0- free flowing,26205
5 Thursday,0.5,1 - light traffic,46
5 Thursday,0.5,2 - medium traffic,110
5 Thursday,0.5,3 - heavy traffic,465
5 Thursday,0.5,4 - stand still,637
5 Thursday,1,0- free flowing,21872
5 Thursday,1,1 - light traffic,32
5 Thursday,1,2 - medium traffic,75
5 Thursday,1,3 - heavy traffic,144
5 Thursday,1,4 - stand still,577.5
5 Thursday,1.5,0- free flowing,17786
5 Thursday,1.5,1 - light traffic,46
5 Thursday,1.5,2 - medium traffic,45
5 Thursday,1.5,3 - heavy traffic,135
5 Thursday,1.5,4 - stand still,287
5 Thursday,2,0- free flowing,15822
5 Thursday,2,1 - light traffic,34
5 Thursday,2,2 - medium traffic,32.5
5 Thursday,2,3 - heavy traffic,165
5 Thursday,2,4 - stand still,430.5
5 Thursday,2.5,0- free flowing,14788
5 Thursday,2.5,1 - light traffic,12
5 Thursday,2.5,2 - medium traffic,30
5 Thursday,2.5,3 - heavy traffic,84
5 Thursday,2.5,4 - stand still,234.5
5 Thursday,3,0- free flowing,14076
5 Thursday,3,1 - light traffic,16
5 Thursday,3,2 - medium traffic,42.5
5 Thursday,3,3 - heavy traffic,84
5 Thursday,3,4 - stand still,287
5 Thursday,3.5,0- free flowing,14280
5 Thursday,3.5,1 - light traffic,6
5 Thursday,3.5,2 - medium traffic,45
5 Thursday,3.5,3 - heavy traffic,144
5 Thursday,3.5,4 - stand still,385
5 Thursday,4,0- free flowing,14662
5 Thursday,4,1 - light traffic,8
5 Thursday,4,2 - medium traffic,22.5
5 Thursday,4,3 - heavy traffic,174
5 Thursday,4,4 - stand still,332.5
5 Thursday,4.5,0- free flowing,17971
5 Thursday,4.5,1 - light traffic,20
5 Thursday,4.5,2 - medium traffic,17.5
5 Thursday,4.5,3 - heavy traffic,111
5 Thursday,4.5,4 - stand still,350
5 Thursday,5,0- free flowing,24068
5 Thursday,5,1 - light traffic,14
5 Thursday,5,2 - medium traffic,47.5
5 Thursday,5,3 - heavy traffic,237
5 Thursday,5,4 - stand still,378
5 Thursday,5.5,0- free flowing,30672
5 Thursday,5.5,1 - light traffic,10
5 Thursday,5.5,2 - medium traffic,62.5
5 Thursday,5.5,3 - heavy traffic,243
5 Thursday,5.5,4 - stand still,441
5 Thursday,6,0- free flowing,36232
5 Thursday,6,1 - light traffic,10
5 Thursday,6,2 - medium traffic,35
5 Thursday,6,3 - heavy traffic,165
5 Thursday,6,4 - stand still,392
5 Thursday,6.5,0- free flowing,46860
5 Thursday,6.5,1 - light traffic,48
5 Thursday,6.5,2 - medium traffic,82.5
5 Thursday,6.5,3 - heavy traffic,201
5 Thursday,6.5,4 - stand still,308
5 Thursday,7,0- free flowing,67137
5 Thursday,7,1 - light traffic,70
5 Thursday,7,2 - medium traffic,380
5 Thursday,7,3 - heavy traffic,1083
5 Thursday,7,4 - stand still,1127
5 Thursday,7.5,0- free flowing,107314
5 Thursday,7.5,1 - light traffic,1296
5 Thursday,7.5,2 - medium traffic,5465
5 Thursday,7.5,3 - heavy traffic,8229
5 Thursday,7.5,4 - stand still,1970.5
5 Thursday,8,0- free flowing,131850
5 Thursday,8,1 - light traffic,1798
5 Thursday,8,2 - medium traffic,11357.5
5 Thursday,8,3 - heavy traffic,26919
5 Thursday,8,4 - stand still,6212.5
5 Thursday,8.5,0- free flowing,130008
5 Thursday,8.5,1 - light traffic,1240
5 Thursday,8.5,2 - medium traffic,8445
5 Thursday,8.5,3 - heavy traffic,11772
5 Thursday,8.5,4 - stand still,6380.5
5 Thursday,9,0- free flowing,119849
5 Thursday,9,1 - light traffic,694
5 Thursday,9,2 - medium traffic,4200
5 Thursday,9,3 - heavy traffic,7092
5 Thursday,9,4 - stand still,6184.5
5 Thursday,9.5,0- free flowing,113911
5 Thursday,9.5,1 - light traffic,452
5 Thursday,9.5,2 - medium traffic,1675
5 Thursday,9.5,3 - heavy traffic,3396
5 Thursday,9.5,4 - stand still,6041
5 Thursday,10,0- free flowing,115326
5 Thursday,10,1 - light traffic,370
5 Thursday,10,2 - medium traffic,1502.5
5 Thursday,10,3 - heavy traffic,3528
5 Thursday,10,4 - stand still,5453
5 Thursday,10.5,0- free flowing,121497
5 Thursday,10.5,1 - light traffic,906
5 Thursday,10.5,2 - medium traffic,2457.5
5 Thursday,10.5,3 - heavy traffic,2901
5 Thursday,10.5,4 - stand still,4025
5 Thursday,11,0- free flowing,129666
5 Thursday,11,1 - light traffic,972
5 Thursday,11,2 - medium traffic,5052.5
5 Thursday,11,3 - heavy traffic,4590
5 Thursday,11,4 - stand still,3027.5
5 Thursday,11.5,0- free flowing,138941
5 Thursday,11.5,1 - light traffic,1208
5 Thursday,11.5,2 - medium traffic,4397.5
5 Thursday,11.5,3 - heavy traffic,7641
5 Thursday,11.5,4 - stand still,4802
5 Thursday,12,0- free flowing,146098
5 Thursday,12,1 - light traffic,1906
5 Thursday,12,2 - medium traffic,6115
5 Thursday,12,3 - heavy traffic,11388
5 Thursday,12,4 - stand still,6667.5
5 Thursday,12.5,0- free flowing,152956
5 Thursday,12.5,1 - light traffic,1758
5 Thursday,12.5,2 - medium traffic,9617.5
5 Thursday,12.5,3 - heavy traffic,18060
5 Thursday,12.5,4 - stand still,6181
5 Thursday,13,0- free flowing,156752
5 Thursday,13,1 - light traffic,2474
5 Thursday,13,2 - medium traffic,10832.5
5 Thursday,13,3 - heavy traffic,22095
5 Thursday,13,4 - stand still,9509.5
5 Thursday,13.5,0- free flowing,160855
5 Thursday,13.5,1 - light traffic,3232
5 Thursday,13.5,2 - medium traffic,14525
5 Thursday,13.5,3 - heavy traffic,22845
5 Thursday,13.5,4 - stand still,8393
5 Thursday,14,0- free flowing,157306
5 Thursday,14,1 - light traffic,3804
5 Thursday,14,2 - medium traffic,16367.5
5 Thursday,14,3 - heavy traffic,23076
5 Thursday,14,4 - stand still,8123.5
5 Thursday,14.5,0- free flowing,157627
5 Thursday,14.5,1 - light traffic,3272
5 Thursday,14.5,2 - medium traffic,21037.5
5 Thursday,14.5,3 - heavy traffic,26889
5 Thursday,14.5,4 - stand still,6996.5
5 Thursday,15,0- free flowing,170005
5 Thursday,15,1 - light traffic,3536
5 Thursday,15,2 - medium traffic,25050
5 Thursday,15,3 - heavy traffic,34263
5 Thursday,15,4 - stand still,7462
5 Thursday,15.5,0- free flowing,177817
5 Thursday,15.5,1 - light traffic,4256
5 Thursday,15.5,2 - medium traffic,33672.5
5 Thursday,15.5,3 - heavy traffic,40362
5 Thursday,15.5,4 - stand still,10129
5 Thursday,16,0- free flowing,179520
5 Thursday,16,1 - light traffic,4036
5 Thursday,16,2 - medium traffic,43242.5
5 Thursday,16,3 - heavy traffic,52761
5 Thursday,16,4 - stand still,14973
5 Thursday,16.5,0- free flowing,199444
5 Thursday,16.5,1 - light traffic,4350
5 Thursday,16.5,2 - medium traffic,42795
5 Thursday,16.5,3 - heavy traffic,72858
5 Thursday,16.5,4 - stand still,16383.5
5 Thursday,17,0- free flowing,217560
5 Thursday,17,1 - light traffic,5358
5 Thursday,17,2 - medium traffic,38265
5 Thursday,17,3 - heavy traffic,101343
5 Thursday,17,4 - stand still,16569
5 Thursday,17.5,0- free flowing,229749
5 Thursday,17.5,1 - light traffic,5944
5 Thursday,17.5,2 - medium traffic,34612.5
5 Thursday,17.5,3 - heavy traffic,137565
5 Thursday,17.5,4 - stand still,23653
5 Thursday,18,0- free flowing,208395
5 Thursday,18,1 - light traffic,4382
5 Thursday,18,2 - medium traffic,35880
5 Thursday,18,3 - heavy traffic,72567
5 Thursday,18,4 - stand still,16439.5
5 Thursday,18.5,0- free flowing,169556
5 Thursday,18.5,1 - light traffic,3396
5 Thursday,18.5,2 - medium traffic,25915
5 Thursday,18.5,3 - heavy traffic,21135
5 Thursday,18.5,4 - stand still,9114
5 Thursday,19,0- free flowing,135470
5 Thursday,19,1 - light traffic,1474
5 Thursday,19,2 - medium traffic,7512.5
5 Thursday,19,3 - heavy traffic,7245
5 Thursday,19,4 - stand still,4504.5
5 Thursday,19.5,0- free flowing,116806
5 Thursday,19.5,1 - light traffic,658
5 Thursday,19.5,2 - medium traffic,2652.5
5 Thursday,19.5,3 - heavy traffic,2391
5 Thursday,19.5,4 - stand still,3010
5 Thursday,20,0- free flowing,101726
5 Thursday,20,1 - light traffic,352
5 Thursday,20,2 - medium traffic,1110
5 Thursday,20,3 - heavy traffic,1389
5 Thursday,20,4 - stand still,1666
5 Thursday,20.5,0- free flowing,90667
5 Thursday,20.5,1 - light traffic,190
5 Thursday,20.5,2 - medium traffic,705
5 Thursday,20.5,3 - heavy traffic,1467
5 Thursday,20.5,4 - stand still,1760.5
5 Thursday,21,0- free flowing,83322
5 Thursday,21,1 - light traffic,222
5 Thursday,21,2 - medium traffic,1122.5
5 Thursday,21,3 - heavy traffic,1821
5 Thursday,21,4 - stand still,1781.5
5 Thursday,21.5,0- free flowing,71286
5 Thursday,21.5,1 - light traffic,250
5 Thursday,21.5,2 - medium traffic,950
5 Thursday,21.5,3 - heavy traffic,3471
5 Thursday,21.5,4 - stand still,2695
5 Thursday,22,0- free flowing,58537
5 Thursday,22,1 - light traffic,138
5 Thursday,22,2 - medium traffic,655
5 Thursday,22,3 - heavy traffic,2988
5 Thursday,22,4 - stand still,3657.5
5 Thursday,22.5,0- free flowing,49227
5 Thursday,22.5,1 - light traffic,42
5 Thursday,22.5,2 - medium traffic,487.5
5 Thursday,22.5,3 - heavy traffic,1596
5 Thursday,22.5,4 - stand still,5600
5 Thursday,23,0- free flowing,44847
5 Thursday,23,1 - light traffic,92
5 Thursday,23,2 - medium traffic,700
5 Thursday,23,3 - heavy traffic,1431
5 Thursday,23,4 - stand still,4084.5
5 Thursday,23.5,0- free flowing,38228
5 Thursday,23.5,1 - light traffic,40
5 Thursday,23.5,2 - medium traffic,955
5 Thursday,23.5,3 - heavy traffic,1290
5 Thursday,23.5,4 - stand still,1267
5 Thursday,24,0- free flowing,30427
5 Thursday,24,1 - light traffic,50
5 Thursday,24,2 - medium traffic,267.5
5 Thursday,24,3 - heavy traffic,807
5 Thursday,24,4 - stand still,857.5
6 Friday,0.5,0- free flowing,30923
6 Friday,0.5,1 - light traffic,26
6 Friday,0.5,2 - medium traffic,92.5
6 Friday,0.5,3 - heavy traffic,456
6 Friday,0.5,4 - stand still,1473.5
6 Friday,1,0- free flowing,26143
6 Friday,1,1 - light traffic,28
6 Friday,1,2 - medium traffic,47.5
6 Friday,1,3 - heavy traffic,525
6 Friday,1,4 - stand still,966
6 Friday,1.5,0- free flowing,22944
6 Friday,1.5,1 - light traffic,38
6 Friday,1.5,2 - medium traffic,100
6 Friday,1.5,3 - heavy traffic,357
6 Friday,1.5,4 - stand still,630
6 Friday,2,0- free flowing,19401
6 Friday,2,1 - light traffic,22
6 Friday,2,2 - medium traffic,70
6 Friday,2,3 - heavy traffic,171
6 Friday,2,4 - stand still,385
6 Friday,2.5,0- free flowing,18321
6 Friday,2.5,1 - light traffic,14
6 Friday,2.5,2 - medium traffic,30
6 Friday,2.5,3 - heavy traffic,213
6 Friday,2.5,4 - stand still,290.5
6 Friday,3,0- free flowing,17349
6 Friday,3,1 - light traffic,30
6 Friday,3,2 - medium traffic,40
6 Friday,3,3 - heavy traffic,180
6 Friday,3,4 - stand still,483
6 Friday,3.5,0- free flowing,17324
6 Friday,3.5,1 - light traffic,16
6 Friday,3.5,2 - medium traffic,52.5
6 Friday,3.5,3 - heavy traffic,87
6 Friday,3.5,4 - stand still,518
6 Friday,4,0- free flowing,17528
6 Friday,4,1 - light traffic,8
6 Friday,4,2 - medium traffic,37.5
6 Friday,4,3 - heavy traffic,75
6 Friday,4,4 - stand still,343
6 Friday,4.5,0- free flowing,19937
6 Friday,4.5,1 - light traffic,14
6 Friday,4.5,2 - medium traffic,42.5
6 Friday,4.5,3 - heavy traffic,129
6 Friday,4.5,4 - stand still,367.5
6 Friday,5,0- free flowing,24712
6 Friday,5,1 - light traffic,2
6 Friday,5,2 - medium traffic,65
6 Friday,5,3 - heavy traffic,99
6 Friday,5,4 - stand still,259
6 Friday,5.5,0- free flowing,30680
6 Friday,5.5,1 - light traffic,14
6 Friday,5.5,2 - medium traffic,52.5
6 Friday,5.5,3 - heavy traffic,105
6 Friday,5.5,4 - stand still,192.5
6 Friday,6,0- free flowing,34169
6 Friday,6,1 - light traffic,16
6 Friday,6,2 - medium traffic,32.5
6 Friday,6,3 - heavy traffic,99
6 Friday,6,4 - stand still,196
6 Friday,6.5,0- free flowing,44832
6 Friday,6.5,1 - light traffic,6
6 Friday,6.5,2 - medium traffic,32.5
6 Friday,6.5,3 - heavy traffic,186
6 Friday,6.5,4 - stand still,290.5
6 Friday,7,0- free flowing,61939
6 Friday,7,1 - light traffic,58
6 Friday,7,2 - medium traffic,255
6 Friday,7,3 - heavy traffic,606
6 Friday,7,4 - stand still,896
6 Friday,7.5,0- free flowing,101129
6 Friday,7.5,1 - light traffic,492
6 Friday,7.5,2 - medium traffic,2835
6 Friday,7.5,3 - heavy traffic,3255
6 Friday,7.5,4 - stand still,1911
6 Friday,8,0- free flowing,124934
6 Friday,8,1 - light traffic,1256
6 Friday,8,2 - medium traffic,8640
6 Friday,8,3 - heavy traffic,12165
6 Friday,8,4 - stand still,4133.5
6 Friday,8.5,0- free flowing,128215
6 Friday,8.5,1 - light traffic,872
6 Friday,8.5,2 - medium traffic,3767.5
6 Friday,8.5,3 - heavy traffic,5799
6 Friday,8.5,4 - stand still,4511.5
6 Friday,9,0- free flowing,117563
6 Friday,9,1 - light traffic,442
6 Friday,9,2 - medium traffic,1845
6 Friday,9,3 - heavy traffic,3972
6 Friday,9,4 - stand still,3902.5
6 Friday,9.5,0- free flowing,119505
6 Friday,9.5,1 - light traffic,270
6 Friday,9.5,2 - medium traffic,1440
6 Friday,9.5,3 - heavy traffic,2919
6 Friday,9.5,4 - stand still,3888.5
6 Friday,10,0- free flowing,126438
6 Friday,10,1 - light traffic,332
6 Friday,10,2 - medium traffic,2160
6 Friday,10,3 - heavy traffic,3966
6 Friday,10,4 - stand still,3689
6 Friday,10.5,0- free flowing,133776
6 Friday,10.5,1 - light traffic,494
6 Friday,10.5,2 - medium traffic,3327.5
6 Friday,10.5,3 - heavy traffic,4383
6 Friday,10.5,4 - stand still,4392.5
6 Friday,11,0- free flowing,145107
6 Friday,11,1 - light traffic,1118
6 Friday,11,2 - medium traffic,5030
6 Friday,11,3 - heavy traffic,8781
6 Friday,11,4 - stand still,5022.5
6 Friday,11.5,0- free flowing,159632
6 Friday,11.5,1 - light traffic,1964
6 Friday,11.5,2 - medium traffic,9000
6 Friday,11.5,3 - heavy traffic,17808
6 Friday,11.5,4 - stand still,6373.5
6 Friday,12,0- free flowing,171386
6 Friday,12,1 - light traffic,3108
6 Friday,12,2 - medium traffic,15217.5
6 Friday,12,3 - heavy traffic,28104
6 Friday,12,4 - stand still,7360.5
6 Friday,12.5,0- free flowing,178355
6 Friday,12.5,1 - light traffic,4320
6 Friday,12.5,2 - medium traffic,21962.5
6 Friday,12.5,3 - heavy traffic,37818
6 Friday,12.5,4 - stand still,10965.5
6 Friday,13,0- free flowing,185375
6 Friday,13,1 - light traffic,4654
6 Friday,13,2 - medium traffic,29005
6 Friday,13,3 - heavy traffic,46212
6 Friday,13,4 - stand still,15851.5
6 Friday,13.5,0- free flowing,191313
6 Friday,13.5,1 - light traffic,6094
6 Friday,13.5,2 - medium traffic,34145
6 Friday,13.5,3 - heavy traffic,56334
6 Friday,13.5,4 - stand still,20961.5
6 Friday,14,0- free flowing,197271
6 Friday,14,1 - light traffic,5582
6 Friday,14,2 - medium traffic,44097.5
6 Friday,14,3 - heavy traffic,63393
6 Friday,14,4 - stand still,22109.5
6 Friday,14.5,0- free flowing,201614
6 Friday,14.5,1 - light traffic,5572
6 Friday,14.5,2 - medium traffic,54325
6 Friday,14.5,3 - heavy traffic,71148
6 Friday,14.5,4 - stand still,22204
6 Friday,15,0- free flowing,212657
6 Friday,15,1 - light traffic,6492
6 Friday,15,2 - medium traffic,59920
6 Friday,15,3 - heavy traffic,89673
6 Friday,15,4 - stand still,20807.5
6 Friday,15.5,0- free flowing,223729
6 Friday,15.5,1 - light traffic,5566
6 Friday,15.5,2 - medium traffic,59182.5
6 Friday,15.5,3 - heavy traffic,115764
6 Friday,15.5,4 - stand still,28707
6 Friday,16,0- free flowing,234373
6 Friday,16,1 - light traffic,5600
6 Friday,16,2 - medium traffic,61460
6 Friday,16,3 - heavy traffic,134190
6 Friday,16,4 - stand still,38426.5
6 Friday,16.5,0- free flowing,258033
6 Friday,16.5,1 - light traffic,5282
6 Friday,16.5,2 - medium traffic,61745
6 Friday,16.5,3 - heavy traffic,141612
6 Friday,16.5,4 - stand still,40656
6 Friday,17,0- free flowing,252441
6 Friday,17,1 - light traffic,6302
6 Friday,17,2 - medium traffic,54752.5
6 Friday,17,3 - heavy traffic,149232
6 Friday,17,4 - stand still,46487
6 Friday,17.5,0- free flowing,253911
6 Friday,17.5,1 - light traffic,6310
6 Friday,17.5,2 - medium traffic,57202.5
6 Friday,17.5,3 - heavy traffic,140670
6 Friday,17.5,4 - stand still,47719
6 Friday,18,0- free flowing,235789
6 Friday,18,1 - light traffic,6374
6 Friday,18,2 - medium traffic,54257.5
6 Friday,18,3 - heavy traffic,87510
6 Friday,18,4 - stand still,40533.5
6 Friday,18.5,0- free flowing,214126
6 Friday,18.5,1 - light traffic,6234
6 Friday,18.5,2 - medium traffic,38560
6 Friday,18.5,3 - heavy traffic,47790
6 Friday,18.5,4 - stand still,33607
6 Friday,19,0- free flowing,186023
6 Friday,19,1 - light traffic,3918
6 Friday,19,2 - medium traffic,25377.5
6 Friday,19,3 - heavy traffic,26541
6 Friday,19,4 - stand still,27545
6 Friday,19.5,0- free flowing,167395
6 Friday,19.5,1 - light traffic,2590
6 Friday,19.5,2 - medium traffic,16505
6 Friday,19.5,3 - heavy traffic,19872
6 Friday,19.5,4 - stand still,19442.5
6 Friday,20,0- free flowing,145789
6 Friday,20,1 - light traffic,1510
6 Friday,20,2 - medium traffic,12747.5
6 Friday,20,3 - heavy traffic,12549
6 Friday,20,4 - stand still,13002.5
6 Friday,20.5,0- free flowing,131711
6 Friday,20.5,1 - light traffic,988
6 Friday,20.5,2 - medium traffic,7235
6 Friday,20.5,3 - heavy traffic,8466
6 Friday,20.5,4 - stand still,9929.5
6 Friday,21,0- free flowing,118491
6 Friday,21,1 - light traffic,588
6 Friday,21,2 - medium traffic,6655
6 Friday,21,3 - heavy traffic,9654
6 Friday,21,4 - stand still,7143.5
6 Friday,21.5,0- free flowing,107134
6 Friday,21.5,1 - light traffic,1078
6 Friday,21.5,2 - medium traffic,5480
6 Friday,21.5,3 - heavy traffic,6219
6 Friday,21.5,4 - stand still,5190.5
6 Friday,22,0- free flowing,90782
6 Friday,22,1 - light traffic,444
6 Friday,22,2 - medium traffic,3427.5
6 Friday,22,3 - heavy traffic,3267
6 Friday,22,4 - stand still,4504.5
6 Friday,22.5,0- free flowing,77265
6 Friday,22.5,1 - light traffic,590
6 Friday,22.5,2 - medium traffic,1535
6 Friday,22.5,3 - heavy traffic,2304
6 Friday,22.5,4 - stand still,2054.5
6 Friday,23,0- free flowing,64297
6 Friday,23,1 - light traffic,60
6 Friday,23,2 - medium traffic,130
6 Friday,23,3 - heavy traffic,573
6 Friday,23,4 - stand still,1207.5
6 Friday,23.5,0- free flowing,52063
6 Friday,23.5,1 - light traffic,12
6 Friday,23.5,2 - medium traffic,57.5
6 Friday,23.5,3 - heavy traffic,201
6 Friday,23.5,4 - stand still,864.5
6 Friday,24,0- free flowing,37575
6 Friday,24,1 - light traffic,24
6 Friday,24,2 - medium traffic,112.5
6 Friday,24,3 - heavy traffic,441
6 Friday,24,4 - stand still,1449
7 Saturday,0.5,0- free flowing,40979
7 Saturday,0.5,1 - light traffic,18
7 Saturday,0.5,2 - medium traffic,17.5
7 Saturday,0.5,3 - heavy traffic,45
7 Saturday,0.5,4 - stand still,542.5
7 Saturday,1,0- free flowing,34578
7 Saturday,1,1 - light traffic,14
7 Saturday,1,2 - medium traffic,20
7 Saturday,1,3 - heavy traffic,108
7 Saturday,1,4 - stand still,182
7 Saturday,1.5,0- free flowing,31209
7 Saturday,1.5,1 - light traffic,16
7 Saturday,1.5,2 - medium traffic,7.5
7 Saturday,1.5,3 - heavy traffic,87
7 Saturday,1.5,4 - stand still,87.5
7 Saturday,2,0- free flowing,27998
7 Saturday,2,1 - light traffic,16
7 Saturday,2,2 - medium traffic,15
7 Saturday,2,3 - heavy traffic,225
7 Saturday,2,4 - stand still,157.5
7 Saturday,2.5,0- free flowing,24827
7 Saturday,2.5,1 - light traffic,38
7 Saturday,2.5,2 - medium traffic,25
7 Saturday,2.5,3 - heavy traffic,57
7 Saturday,2.5,4 - stand still,196
7 Saturday,3,0- free flowing,22384
7 Saturday,3,1 - light traffic,2
7 Saturday,3,2 - medium traffic,17.5
7 Saturday,3,3 - heavy traffic,66
7 Saturday,3,4 - stand still,126
7 Saturday,3.5,0- free flowing,20873
7 Saturday,3.5,1 - light traffic,4
7 Saturday,3.5,2 - medium traffic,47.5
7 Saturday,3.5,3 - heavy traffic,93
7 Saturday,3.5,4 - stand still,154
7 Saturday,4,0- free flowing,19682
7 Saturday,4,1 - light traffic,24
7 Saturday,4,2 - medium traffic,7.5
7 Saturday,4,3 - heavy traffic,60
7 Saturday,4,4 - stand still,154
7 Saturday,4.5,0- free flowing,19775
7 Saturday,4.5,1 - light traffic,26
7 Saturday,4.5,2 - medium traffic,22.5
7 Saturday,4.5,3 - heavy traffic,96
7 Saturday,4.5,4 - stand still,178.5
7 Saturday,5,0- free flowing,21825
7 Saturday,5,1 - light traffic,8
7 Saturday,5,2 - medium traffic,22.5
7 Saturday,5,3 - heavy traffic,42
7 Saturday,5,4 - stand still,238
7 Saturday,5.5,0- free flowing,25503
7 Saturday,5.5,1 - light traffic,6
7 Saturday,5.5,2 - medium traffic,7.5
7 Saturday,5.5,3 - heavy traffic,54
7 Saturday,5.5,4 - stand still,311.5
7 Saturday,6,0- free flowing,30201
7 Saturday,6,1 - light traffic,8
7 Saturday,6,2 - medium traffic,22.5
7 Saturday,6,3 - heavy traffic,33
7 Saturday,6,4 - stand still,122.5
7 Saturday,6.5,0- free flowing,35699
7 Saturday,6.5,1 - light traffic,18
7 Saturday,6.5,2 - medium traffic,35
7 Saturday,6.5,3 - heavy traffic,150
7 Saturday,6.5,4 - stand still,234.5
7 Saturday,7,0- free flowing,38839
7 Saturday,7,1 - light traffic,28
7 Saturday,7,2 - medium traffic,57.5
7 Saturday,7,3 - heavy traffic,96
7 Saturday,7,4 - stand still,115.5
7 Saturday,7.5,0- free flowing,48555
7 Saturday,7.5,1 - light traffic,16
7 Saturday,7.5,2 - medium traffic,27.5
7 Saturday,7.5,3 - heavy traffic,279
7 Saturday,7.5,4 - stand still,189
7 Saturday,8,0- free flowing,61328
7 Saturday,8,1 - light traffic,40
7 Saturday,8,2 - medium traffic,100
7 Saturday,8,3 - heavy traffic,402
7 Saturday,8,4 - stand still,479.5
7 Saturday,8.5,0- free flowing,79997
7 Saturday,8.5,1 - light traffic,214
7 Saturday,8.5,2 - medium traffic,182.5
7 Saturday,8.5,3 - heavy traffic,774
7 Saturday,8.5,4 - stand still,903
7 Saturday,9,0- free flowing,91688
7 Saturday,9,1 - light traffic,306
7 Saturday,9,2 - medium traffic,307.5
7 Saturday,9,3 - heavy traffic,1701
7 Saturday,9,4 - stand still,1757
7 Saturday,9.5,0- free flowing,107933
7 Saturday,9.5,1 - light traffic,240
7 Saturday,9.5,2 - medium traffic,265
7 Saturday,9.5,3 - heavy traffic,2301
7 Saturday,9.5,4 - stand still,4144
7 Saturday,10,0- free flowing,124249
7 Saturday,10,1 - light traffic,496
7 Saturday,10,2 - medium traffic,1172.5
7 Saturday,10,3 - heavy traffic,4722
7 Saturday,10,4 - stand still,5617.5
7 Saturday,10.5,0- free flowing,137230
7 Saturday,10.5,1 - light traffic,588
7 Saturday,10.5,2 - medium traffic,2982.5
7 Saturday,10.5,3 - heavy traffic,7407
7 Saturday,10.5,4 - stand still,5880
7 Saturday,11,0- free flowing,148797
7 Saturday,11,1 - light traffic,724
7 Saturday,11,2 - medium traffic,4732.5
7 Saturday,11,3 - heavy traffic,14145
7 Saturday,11,4 - stand still,7605.5
7 Saturday,11.5,0- free flowing,160895
7 Saturday,11.5,1 - light traffic,1292
7 Saturday,11.5,2 - medium traffic,6547.5
7 Saturday,11.5,3 - heavy traffic,22242
7 Saturday,11.5,4 - stand still,9131.5
7 Saturday,12,0- free flowing,174695
7 Saturday,12,1 - light traffic,1848
7 Saturday,12,2 - medium traffic,9372.5
7 Saturday,12,3 - heavy traffic,27087
7 Saturday,12,4 - stand still,14161
7 Saturday,12.5,0- free flowing,187303
7 Saturday,12.5,1 - light traffic,2650
7 Saturday,12.5,2 - medium traffic,13460
7 Saturday,12.5,3 - heavy traffic,31869
7 Saturday,12.5,4 - stand still,18875.5
7 Saturday,13,0- free flowing,193140
7 Saturday,13,1 - light traffic,2774
7 Saturday,13,2 - medium traffic,15657.5
7 Saturday,13,3 - heavy traffic,37767
7 Saturday,13,4 - stand still,17216.5
7 Saturday,13.5,0- free flowing,192174
7 Saturday,13.5,1 - light traffic,2156
7 Saturday,13.5,2 - medium traffic,17007.5
7 Saturday,13.5,3 - heavy traffic,37605
7 Saturday,13.5,4 - stand still,15610
7 Saturday,14,0- free flowing,190839
7 Saturday,14,1 - light traffic,2236
7 Saturday,14,2 - medium traffic,15752.5
7 Saturday,14,3 - heavy traffic,34941
7 Saturday,14,4 - stand still,16789.5
7 Saturday,14.5,0- free flowing,187384
7 Saturday,14.5,1 - light traffic,2844
7 Saturday,14.5,2 - medium traffic,17655
7 Saturday,14.5,3 - heavy traffic,37365
7 Saturday,14.5,4 - stand still,15134
7 Saturday,15,0- free flowing,186027
7 Saturday,15,1 - light traffic,2574
7 Saturday,15,2 - medium traffic,19167.5
7 Saturday,15,3 - heavy traffic,33285
7 Saturday,15,4 - stand still,15487.5
7 Saturday,15.5,0- free flowing,185553
7 Saturday,15.5,1 - light traffic,2522
7 Saturday,15.5,2 - medium traffic,17992.5
7 Saturday,15.5,3 - heavy traffic,30132
7 Saturday,15.5,4 - stand still,15137.5
7 Saturday,16,0- free flowing,180290
7 Saturday,16,1 - light traffic,2008
7 Saturday,16,2 - medium traffic,15045
7 Saturday,16,3 - heavy traffic,28065
7 Saturday,16,4 - stand still,14696.5
7 Saturday,16.5,0- free flowing,176169
7 Saturday,16.5,1 - light traffic,2390
7 Saturday,16.5,2 - medium traffic,14897.5
7 Saturday,16.5,3 - heavy traffic,22605
7 Saturday,16.5,4 - stand still,12029.5
7 Saturday,17,0- free flowing,171756
7 Saturday,17,1 - light traffic,2464
7 Saturday,17,2 - medium traffic,13445
7 Saturday,17,3 - heavy traffic,18219
7 Saturday,17,4 - stand still,8690.5
7 Saturday,17.5,0- free flowing,168505
7 Saturday,17.5,1 - light traffic,1984
7 Saturday,17.5,2 - medium traffic,14115
7 Saturday,17.5,3 - heavy traffic,15213
7 Saturday,17.5,4 - stand still,6279
7 Saturday,18,0- free flowing,163445
7 Saturday,18,1 - light traffic,1938
7 Saturday,18,2 - medium traffic,10080
7 Saturday,18,3 - heavy traffic,12141
7 Saturday,18,4 - stand still,6923
7 Saturday,18.5,0- free flowing,154799
7 Saturday,18.5,1 - light traffic,1250
7 Saturday,18.5,2 - medium traffic,5800
7 Saturday,18.5,3 - heavy traffic,9120
7 Saturday,18.5,4 - stand still,6566
7 Saturday,19,0- free flowing,143556
7 Saturday,19,1 - light traffic,538
7 Saturday,19,2 - medium traffic,3627.5
7 Saturday,19,3 - heavy traffic,5862
7 Saturday,19,4 - stand still,5876.5
7 Saturday,19.5,0- free flowing,128700
7 Saturday,19.5,1 - light traffic,374
7 Saturday,19.5,2 - medium traffic,2837.5
7 Saturday,19.5,3 - heavy traffic,3471
7 Saturday,19.5,4 - stand still,4494
7 Saturday,20,0- free flowing,101832
7 Saturday,20,1 - light traffic,798
7 Saturday,20,2 - medium traffic,1135
7 Saturday,20,3 - heavy traffic,2157
7 Saturday,20,4 - stand still,3843
7 Saturday,20.5,0- free flowing,84072
7 Saturday,20.5,1 - light traffic,558
7 Saturday,20.5,2 - medium traffic,717.5
7 Saturday,20.5,3 - heavy traffic,1707
7 Saturday,20.5,4 - stand still,2159.5
7 Saturday,21,0- free flowing,89958
7 Saturday,21,1 - light traffic,78
7 Saturday,21,2 - medium traffic,177.5
7 Saturday,21,3 - heavy traffic,1467
7 Saturday,21,4 - stand still,2212
7 Saturday,21.5,0- free flowing,84469
7 Saturday,21.5,1 - light traffic,68
7 Saturday,21.5,2 - medium traffic,192.5
7 Saturday,21.5,3 - heavy traffic,969
7 Saturday,21.5,4 - stand still,1102.5
7 Saturday,22,0- free flowing,76072
7 Saturday,22,1 - light traffic,48
7 Saturday,22,2 - medium traffic,210
7 Saturday,22,3 - heavy traffic,594
7 Saturday,22,4 - stand still,766.5
7 Saturday,22.5,0- free flowing,67257
7 Saturday,22.5,1 - light traffic,20
7 Saturday,22.5,2 - medium traffic,80
7 Saturday,22.5,3 - heavy traffic,423
7 Saturday,22.5,4 - stand still,682.5
7 Saturday,23,0- free flowing,56569
7 Saturday,23,1 - light traffic,24
7 Saturday,23,2 - medium traffic,35
7 Saturday,23,3 - heavy traffic,327
7 Saturday,23,4 - stand still,332.5
7 Saturday,23.5,0- free flowing,47491
7 Saturday,23.5,1 - light traffic,2
7 Saturday,23.5,2 - medium traffic,42.5
7 Saturday,23.5,3 - heavy traffic,123
7 Saturday,23.5,4 - stand still,182
7 Saturday,24,0- free flowing,41221
7 Saturday,24,1 - light traffic,2
7 Saturday,24,2 - medium traffic,0
7 Saturday,24,3 - heavy traffic,153
7 Saturday,24,4 - stand still,549.5
