Day of Week,Time Half Hour,Traffic Level,Traffic Flow
1 Sunday,0.5,0- free flowing,41492
1 Sunday,0.5,1 - light traffic,22
1 Sunday,0.5,2 - medium traffic,2.5
1 Sunday,0.5,3 - heavy traffic,66
1 Sunday,0.5,4 - stand still,150.5
1 Sunday,1,0- free flowing,36925
1 Sunday,1,1 - light traffic,14
1 Sunday,1,2 - medium traffic,10
1 Sunday,1,3 - heavy traffic,99
1 Sunday,1,4 - stand still,122.5
1 Sunday,1.5,0- free flowing,31482
1 Sunday,1.5,1 - light traffic,8
1 Sunday,1.5,2 - medium traffic,5
1 Sunday,1.5,3 - heavy traffic,51
1 Sunday,1.5,4 - stand still,63
1 Sunday,2,0- free flowing,25708
1 Sunday,2,1 - light traffic,10
1 Sunday,2,2 - medium traffic,12.5
1 Sunday,2,3 - heavy traffic,36
1 Sunday,2,4 - stand still,66.5
1 Sunday,2.5,0- free flowing,22070
1 Sunday,2.5,1 - light traffic,2
1 Sunday,2.5,2 - medium traffic,0
1 Sunday,2.5,3 - heavy traffic,63
1 Sunday,2.5,4 - stand still,52.5
1 Sunday,3,0- free flowing,20504
1 Sunday,3,1 - light traffic,2
1 Sunday,3,2 - medium traffic,5
1 Sunday,3,3 - heavy traffic,30
1 Sunday,3,4 - stand still,77
1 Sunday,3.5,0- free flowing,18303
1 Sunday,3.5,1 - light traffic,4
1 Sunday,3.5,2 - medium traffic,10
1 Sunday,3.5,3 - heavy traffic,36
1 Sunday,3.5,4 - stand still,31.5
1 Sunday,4,0- free flowing,15916
1 Sunday,4,1 - light traffic,6
1 Sunday,4,2 - medium traffic,12.5
1 Sunday,4,3 - heavy traffic,54
1 Sunday,4,4 - stand still,28
1 Sunday,4.5,0- free flowing,15545
1 Sunday,4.5,1 - light traffic,12
1 Sunday,4.5,2 - medium traffic,7.5
1 Sunday,4.5,3 - heavy traffic,18
1 Sunday,4.5,4 - stand still,126
1 Sunday,5,0- free flowing,16597
1 Sunday,5,1 - light traffic,14
1 Sunday,5,2 - medium traffic,15
1 Sunday,5,3 - heavy traffic,51
1 Sunday,5,4 - stand still,98
1 Sunday,5.5,0- free flowing,19272
1 Sunday,5.5,1 - light traffic,14
1 Sunday,5.5,2 - medium traffic,5
1 Sunday,5.5,3 - heavy traffic,54
1 Sunday,5.5,4 - stand still,52.5
1 Sunday,6,0- free flowing,23552
1 Sunday,6,1 - light traffic,4
1 Sunday,6,2 - medium traffic,20
1 Sunday,6,3 - heavy traffic,84
1 Sunday,6,4 - stand still,360.5
1 Sunday,6.5,0- free flowing,30034
1 Sunday,6.5,1 - light traffic,10
1 Sunday,6.5,2 - medium traffic,12.5
1 Sunday,6.5,3 - heavy traffic,72
1 Sunday,6.5,4 - stand still,70
1 Sunday,7,0- free flowing,33417
1 Sunday,7,1 - light traffic,14
1 Sunday,7,2 - medium traffic,17.5
1 Sunday,7,3 - heavy traffic,90
1 Sunday,7,4 - stand still,140
1 Sunday,7.5,0- free flowing,37868
1 Sunday,7.5,1 - light traffic,10
1 Sunday,7.5,2 - medium traffic,45
1 Sunday,7.5,3 - heavy traffic,162
1 Sunday,7.5,4 - stand still,402.5
1 Sunday,8,0- free flowing,42838
1 Sunday,8,1 - light traffic,4
1 Sunday,8,2 - medium traffic,110
1 Sunday,8,3 - heavy traffic,102
1 Sunday,8,4 - stand still,1435
1 Sunday,8.5,0- free flowing,54287
1 Sunday,8.5,1 - light traffic,8
1 Sunday,8.5,2 - medium traffic,62.5
1 Sunday,8.5,3 - heavy traffic,318
1 Sunday,8.5,4 - stand still,2453.5
1 Sunday,9,0- free flowing,70817
1 Sunday,9,1 - light traffic,30
1 Sunday,9,2 - medium traffic,412.5
1 Sunday,9,3 - heavy traffic,441
1 Sunday,9,4 - stand still,2558.5
1 Sunday,9.5,0- free flowing,87419
1 Sunday,9.5,1 - light traffic,52
1 Sunday,9.5,2 - medium traffic,435
1 Sunday,9.5,3 - heavy traffic,1362
1 Sunday,9.5,4 - stand still,2415
1 Sunday,10,0- free flowing,99301
1 Sunday,10,1 - light traffic,52
1 Sunday,10,2 - medium traffic,347.5
1 Sunday,10,3 - heavy traffic,2271
1 Sunday,10,4 - stand still,4014.5
1 Sunday,10.5,0- free flowing,129252
1 Sunday,10.5,1 - light traffic,310
1 Sunday,10.5,2 - medium traffic,1057.5
1 Sunday,10.5,3 - heavy traffic,4020
1 Sunday,10.5,4 - stand still,7049
1 Sunday,11,0- free flowing,147033
1 Sunday,11,1 - light traffic,628
1 Sunday,11,2 - medium traffic,2885
1 Sunday,11,3 - heavy traffic,8175
1 Sunday,11,4 - stand still,7948.5
1 Sunday,11.5,0- free flowing,156382
1 Sunday,11.5,1 - light traffic,694
1 Sunday,11.5,2 - medium traffic,4137.5
1 Sunday,11.5,3 - heavy traffic,14079
1 Sunday,11.5,4 - stand still,10559.5
1 Sunday,12,0- free flowing,171774
1 Sunday,12,1 - light traffic,1474
1 Sunday,12,2 - medium traffic,6492.5
1 Sunday,12,3 - heavy traffic,20289
1 Sunday,12,4 - stand still,12950
1 Sunday,12.5,0- free flowing,193055
1 Sunday,12.5,1 - light traffic,3170
1 Sunday,12.5,2 - medium traffic,10912.5
1 Sunday,12.5,3 - heavy traffic,30120
1 Sunday,12.5,4 - stand still,14084
1 Sunday,13,0- free flowing,200461
1 Sunday,13,1 - light traffic,4968
1 Sunday,13,2 - medium traffic,22602.5
1 Sunday,13,3 - heavy traffic,41787
1 Sunday,13,4 - stand still,19519.5
1 Sunday,13.5,0- free flowing,197174
1 Sunday,13.5,1 - light traffic,5188
1 Sunday,13.5,2 - medium traffic,31722.5
1 Sunday,13.5,3 - heavy traffic,41256
1 Sunday,13.5,4 - stand still,19887
1 Sunday,14,0- free flowing,196766
1 Sunday,14,1 - light traffic,5232
1 Sunday,14,2 - medium traffic,31707.5
1 Sunday,14,3 - heavy traffic,43812
1 Sunday,14,4 - stand still,25298
1 Sunday,14.5,0- free flowing,198471
1 Sunday,14.5,1 - light traffic,5186
1 Sunday,14.5,2 - medium traffic,32870
1 Sunday,14.5,3 - heavy traffic,50568
1 Sunday,14.5,4 - stand still,27293
1 Sunday,15,0- free flowing,206359
1 Sunday,15,1 - light traffic,4690
1 Sunday,15,2 - medium traffic,33600
1 Sunday,15,3 - heavy traffic,53619
1 Sunday,15,4 - stand still,27293
1 Sunday,15.5,0- free flowing,202090
1 Sunday,15.5,1 - light traffic,4104
1 Sunday,15.5,2 - medium traffic,34175
1 Sunday,15.5,3 - heavy traffic,50742
1 Sunday,15.5,4 - stand still,25032
1 Sunday,16,0- free flowing,198370
1 Sunday,16,1 - light traffic,4286
1 Sunday,16,2 - medium traffic,36472.5
1 Sunday,16,3 - heavy traffic,48996
1 Sunday,16,4 - stand still,21766.5
1 Sunday,16.5,0- free flowing,197632
1 Sunday,16.5,1 - light traffic,3820
1 Sunday,16.5,2 - medium traffic,40057.5
1 Sunday,16.5,3 - heavy traffic,44232
1 Sunday,16.5,4 - stand still,19887
1 Sunday,17,0- free flowing,192424
1 Sunday,17,1 - light traffic,4916
1 Sunday,17,2 - medium traffic,34520
1 Sunday,17,3 - heavy traffic,39972
1 Sunday,17,4 - stand still,15946
1 Sunday,17.5,0- free flowing,184080
1 Sunday,17.5,1 - light traffic,3386
1 Sunday,17.5,2 - medium traffic,25262.5
1 Sunday,17.5,3 - heavy traffic,33543
1 Sunday,17.5,4 - stand still,15844.5
1 Sunday,18,0- free flowing,169979
1 Sunday,18,1 - light traffic,2594
1 Sunday,18,2 - medium traffic,19665
1 Sunday,18,3 - heavy traffic,24255
1 Sunday,18,4 - stand still,11599
1 Sunday,18.5,0- free flowing,159404
1 Sunday,18.5,1 - light traffic,2178
1 Sunday,18.5,2 - medium traffic,13982.5
1 Sunday,18.5,3 - heavy traffic,18441
1 Sunday,18.5,4 - stand still,7311.5
1 Sunday,19,0- free flowing,140315
1 Sunday,19,1 - light traffic,1014
1 Sunday,19,2 - medium traffic,9852.5
1 Sunday,19,3 - heavy traffic,11937
1 Sunday,19,4 - stand still,7126
1 Sunday,19.5,0- free flowing,129217
1 Sunday,19.5,1 - light traffic,810
1 Sunday,19.5,2 - medium traffic,4992.5
1 Sunday,19.5,3 - heavy traffic,9966
1 Sunday,19.5,4 - stand still,6429.5
1 Sunday,20,0- free flowing,110286
1 Sunday,20,1 - light traffic,772
1 Sunday,20,2 - medium traffic,4762.5
1 Sunday,20,3 - heavy traffic,4362
1 Sunday,20,4 - stand still,3395
1 Sunday,20.5,0- free flowing,99074
1 Sunday,20.5,1 - light traffic,440
1 Sunday,20.5,2 - medium traffic,2572.5
1 Sunday,20.5,3 - heavy traffic,2652
1 Sunday,20.5,4 - stand still,2765
1 Sunday,21,0- free flowing,87479
1 Sunday,21,1 - light traffic,454
1 Sunday,21,2 - medium traffic,1322.5
1 Sunday,21,3 - heavy traffic,2112
1 Sunday,21,4 - stand still,1925
1 Sunday,21.5,0- free flowing,74012
1 Sunday,21.5,1 - light traffic,220
1 Sunday,21.5,2 - medium traffic,872.5
1 Sunday,21.5,3 - heavy traffic,2037
1 Sunday,21.5,4 - stand still,3678.5
1 Sunday,22,0- free flowing,62380
1 Sunday,22,1 - light traffic,228
1 Sunday,22,2 - medium traffic,465
1 Sunday,22,3 - heavy traffic,1197
1 Sunday,22,4 - stand still,2684.5
1 Sunday,22.5,0- free flowing,51853
1 Sunday,22.5,1 - light traffic,158
1 Sunday,22.5,2 - medium traffic,382.5
1 Sunday,22.5,3 - heavy traffic,783
1 Sunday,22.5,4 - stand still,2376.5
1 Sunday,23,0- free flowing,43191
1 Sunday,23,1 - light traffic,150
1 Sunday,23,2 - medium traffic,370
1 Sunday,23,3 - heavy traffic,537
1 Sunday,23,4 - stand still,2425.5
1 Sunday,23.5,0- free flowing,36832
1 Sunday,23.5,1 - light traffic,64
1 Sunday,23.5,2 - medium traffic,170
1 Sunday,23.5,3 - heavy traffic,279
1 Sunday,23.5,4 - stand still,1708
1 Sunday,24,0- free flowing,43135
1 Sunday,24,1 - light traffic,32
1 Sunday,24,2 - medium traffic,115
1 Sunday,24,3 - heavy traffic,237
1 Sunday,24,4 - stand still,647.5
2 Monday,0.5,0- free flowing,28281
2 Monday,0.5,1 - light traffic,38
2 Monday,0.5,2 - medium traffic,50
2 Monday,0.5,3 - heavy traffic,144
2 Monday,0.5,4 - stand still,416.5
2 Monday,1,0- free flowing,24063
2 Monday,1,1 - light traffic,36
2 Monday,1,2 - medium traffic,25
2 Monday,1,3 - heavy traffic,81
2 Monday,1,4 - stand still,329
2 Monday,1.5,0- free flowing,20839
2 Monday,1.5,1 - light traffic,26
2 Monday,1.5,2 - medium traffic,15
2 Monday,1.5,3 - heavy traffic,69
2 Monday,1.5,4 - stand still,301
2 Monday,2,0- free flowing,18295
2 Monday,2,1 - light traffic,22
2 Monday,2,2 - medium traffic,47.5
2 Monday,2,3 - heavy traffic,69
2 Monday,2,4 - stand still,437.5
2 Monday,2.5,0- free flowing,16660
2 Monday,2.5,1 - light traffic,28
2 Monday,2.5,2 - medium traffic,25
2 Monday,2.5,3 - heavy traffic,93
2 Monday,2.5,4 - stand still,252
2 Monday,3,0- free flowing,14659
2 Monday,3,1 - light traffic,10
2 Monday,3,2 - medium traffic,20
2 Monday,3,3 - heavy traffic,78
2 Monday,3,4 - stand still,63
2 Monday,3.5,0- free flowing,14431
2 Monday,3.5,1 - light traffic,14
2 Monday,3.5,2 - medium traffic,27.5
2 Monday,3.5,3 - heavy traffic,39
2 Monday,3.5,4 - stand still,94.5
2 Monday,4,0- free flowing,15824
2 Monday,4,1 - light traffic,16
2 Monday,4,2 - medium traffic,55
2 Monday,4,3 - heavy traffic,45
2 Monday,4,4 - stand still,126
2 Monday,4.5,0- free flowing,18624
2 Monday,4.5,1 - light traffic,14
2 Monday,4.5,2 - medium traffic,20
2 Monday,4.5,3 - heavy traffic,39
2 Monday,4.5,4 - stand still,136.5
2 Monday,5,0- free flowing,25126
2 Monday,5,1 - light traffic,16
2 Monday,5,2 - medium traffic,10
2 Monday,5,3 - heavy traffic,60
2 Monday,5,4 - stand still,91
2 Monday,5.5,0- free flowing,32638
2 Monday,5.5,1 - light traffic,6
2 Monday,5.5,2 - medium traffic,42.5
2 Monday,5.5,3 - heavy traffic,132
2 Monday,5.5,4 - stand still,171.5
2 Monday,6,0- free flowing,38291
2 Monday,6,1 - light traffic,10
2 Monday,6,2 - medium traffic,22.5
2 Monday,6,3 - heavy traffic,165
2 Monday,6,4 - stand still,392
2 Monday,6.5,0- free flowing,50427
2 Monday,6.5,1 - light traffic,6
2 Monday,6.5,2 - medium traffic,72.5
2 Monday,6.5,3 - heavy traffic,372
2 Monday,6.5,4 - stand still,717.5
2 Monday,7,0- free flowing,70530
2 Monday,7,1 - light traffic,78
2 Monday,7,2 - medium traffic,512.5
2 Monday,7,3 - heavy traffic,1137
2 Monday,7,4 - stand still,2320.5
2 Monday,7.5,0- free flowing,112692
2 Monday,7.5,1 - light traffic,730
2 Monday,7.5,2 - medium traffic,3050
2 Monday,7.5,3 - heavy traffic,4827
2 Monday,7.5,4 - stand still,3843
2 Monday,8,0- free flowing,133455
2 Monday,8,1 - light traffic,1422
2 Monday,8,2 - medium traffic,9092.5
2 Monday,8,3 - heavy traffic,19230
2 Monday,8,4 - stand still,7458.5
2 Monday,8.5,0- free flowing,140127
2 Monday,8.5,1 - light traffic,994
2 Monday,8.5,2 - medium traffic,6175
2 Monday,8.5,3 - heavy traffic,11493
2 Monday,8.5,4 - stand still,7696.5
2 Monday,9,0- free flowing,129321
2 Monday,9,1 - light traffic,746
2 Monday,9,2 - medium traffic,3387.5
2 Monday,9,3 - heavy traffic,4698
2 Monday,9,4 - stand still,4795
2 Monday,9.5,0- free flowing,125278
2 Monday,9.5,1 - light traffic,148
2 Monday,9.5,2 - medium traffic,527.5
2 Monday,9.5,3 - heavy traffic,2514
2 Monday,9.5,4 - stand still,2324
2 Monday,10,0- free flowing,126471
2 Monday,10,1 - light traffic,170
2 Monday,10,2 - medium traffic,397.5
2 Monday,10,3 - heavy traffic,1455
2 Monday,10,4 - stand still,1872.5
2 Monday,10.5,0- free flowing,132506
2 Monday,10.5,1 - light traffic,132
2 Monday,10.5,2 - medium traffic,270
2 Monday,10.5,3 - heavy traffic,1065
2 Monday,10.5,4 - stand still,1466.5
2 Monday,11,0- free flowing,143888
2 Monday,11,1 - light traffic,204
2 Monday,11,2 - medium traffic,922.5
2 Monday,11,3 - heavy traffic,1902
2 Monday,11,4 - stand still,1676.5
2 Monday,11.5,0- free flowing,148050
2 Monday,11.5,1 - light traffic,582
2 Monday,11.5,2 - medium traffic,1590
2 Monday,11.5,3 - heavy traffic,4335
2 Monday,11.5,4 - stand still,1935.5
2 Monday,12,0- free flowing,156531
2 Monday,12,1 - light traffic,816
2 Monday,12,2 - medium traffic,2580
2 Monday,12,3 - heavy traffic,9891
2 Monday,12,4 - stand still,3948
2 Monday,12.5,0- free flowing,164537
2 Monday,12.5,1 - light traffic,1132
2 Monday,12.5,2 - medium traffic,4227.5
2 Monday,12.5,3 - heavy traffic,14937
2 Monday,12.5,4 - stand still,6324.5
2 Monday,13,0- free flowing,172467
2 Monday,13,1 - light traffic,1372
2 Monday,13,2 - medium traffic,7422.5
2 Monday,13,3 - heavy traffic,17790
2 Monday,13,4 - stand still,7329
2 Monday,13.5,0- free flowing,175040
2 Monday,13.5,1 - light traffic,1924
2 Monday,13.5,2 - medium traffic,9542.5
2 Monday,13.5,3 - heavy traffic,19725
2 Monday,13.5,4 - stand still,7952
2 Monday,14,0- free flowing,175147
2 Monday,14,1 - light traffic,1486
2 Monday,14,2 - medium traffic,12710
2 Monday,14,3 - heavy traffic,19917
2 Monday,14,4 - stand still,7147
2 Monday,14.5,0- free flowing,177387
2 Monday,14.5,1 - light traffic,2424
2 Monday,14.5,2 - medium traffic,13185
2 Monday,14.5,3 - heavy traffic,25524
2 Monday,14.5,4 - stand still,6741
2 Monday,15,0- free flowing,184801
2 Monday,15,1 - light traffic,2582
2 Monday,15,2 - medium traffic,13760
2 Monday,15,3 - heavy traffic,32595
2 Monday,15,4 - stand still,5456.5
2 Monday,15.5,0- free flowing,192207
2 Monday,15.5,1 - light traffic,3152
2 Monday,15.5,2 - medium traffic,19530
2 Monday,15.5,3 - heavy traffic,33147
2 Monday,15.5,4 - stand still,8890
2 Monday,16,0- free flowing,192019
2 Monday,16,1 - light traffic,3264
2 Monday,16,2 - medium traffic,26725
2 Monday,16,3 - heavy traffic,30945
2 Monday,16,4 - stand still,10661
2 Monday,16.5,0- free flowing,206049
2 Monday,16.5,1 - light traffic,2714
2 Monday,16.5,2 - medium traffic,29220
2 Monday,16.5,3 - heavy traffic,36858
2 Monday,16.5,4 - stand still,8599.5
2 Monday,17,0- free flowing,220393
2 Monday,17,1 - light traffic,2938
2 Monday,17,2 - medium traffic,31107.5
2 Monday,17,3 - heavy traffic,51132
2 Monday,17,4 - stand still,8946
2 Monday,17.5,0- free flowing,232941
2 Monday,17.5,1 - light traffic,3728
2 Monday,17.5,2 - medium traffic,34037.5
2 Monday,17.5,3 - heavy traffic,74802
2 Monday,17.5,4 - stand still,14679
2 Monday,18,0- free flowing,198720
2 Monday,18,1 - light traffic,3110
2 Monday,18,2 - medium traffic,22212.5
2 Monday,18,3 - heavy traffic,38151
2 Monday,18,4 - stand still,10171
2 Monday,18.5,0- free flowing,164121
2 Monday,18.5,1 - light traffic,1450
2 Monday,18.5,2 - medium traffic,9315
2 Monday,18.5,3 - heavy traffic,9111
2 Monday,18.5,4 - stand still,4427.5
2 Monday,19,0- free flowing,130200
2 Monday,19,1 - light traffic,510
2 Monday,19,2 - medium traffic,1960
2 Monday,19,3 - heavy traffic,2655
2 Monday,19,4 - stand still,2534
2 Monday,19.5,0- free flowing,111599
2 Monday,19.5,1 - light traffic,308
2 Monday,19.5,2 - medium traffic,502.5
2 Monday,19.5,3 - heavy traffic,1086
2 Monday,19.5,4 - stand still,3013.5
2 Monday,20,0- free flowing,97419
2 Monday,20,1 - light traffic,98
2 Monday,20,2 - medium traffic,467.5
2 Monday,20,3 - heavy traffic,519
2 Monday,20,4 - stand still,2355.5
2 Monday,20.5,0- free flowing,85537
2 Monday,20.5,1 - light traffic,226
2 Monday,20.5,2 - medium traffic,330
2 Monday,20.5,3 - heavy traffic,669
2 Monday,20.5,4 - stand still,1417.5
2 Monday,21,0- free flowing,75172
2 Monday,21,1 - light traffic,206
2 Monday,21,2 - medium traffic,157.5
2 Monday,21,3 - heavy traffic,717
2 Monday,21,4 - stand still,686
2 Monday,21.5,0- free flowing,65242
2 Monday,21.5,1 - light traffic,84
2 Monday,21.5,2 - medium traffic,370
2 Monday,21.5,3 - heavy traffic,1254
2 Monday,21.5,4 - stand still,2275
2 Monday,22,0- free flowing,53555
2 Monday,22,1 - light traffic,48
2 Monday,22,2 - medium traffic,85
2 Monday,22,3 - heavy traffic,1086
2 Monday,22,4 - stand still,3010
2 Monday,22.5,0- free flowing,45819
2 Monday,22.5,1 - light traffic,22
2 Monday,22.5,2 - medium traffic,167.5
2 Monday,22.5,3 - heavy traffic,777
2 Monday,22.5,4 - stand still,1690.5
2 Monday,23,0- free flowing,40042
2 Monday,23,1 - light traffic,30
2 Monday,23,2 - medium traffic,280
2 Monday,23,3 - heavy traffic,693
2 Monday,23,4 - stand still,1214.5
2 Monday,23.5,0- free flowing,35824
2 Monday,23.5,1 - light traffic,48
2 Monday,23.5,2 - medium traffic,172.5
2 Monday,23.5,3 - heavy traffic,564
2 Monday,23.5,4 - stand still,1575
2 Monday,24,0- free flowing,32396
2 Monday,24,1 - light traffic,58
2 Monday,24,2 - medium traffic,117.5
2 Monday,24,3 - heavy traffic,222
2 Monday,24,4 - stand still,1641.5
3 Tuesday,0.5,0- free flowing,26423
3 Tuesday,0.5,1 - light traffic,24
3 Tuesday,0.5,2 - medium traffic,72.5
3 Tuesday,0.5,3 - heavy traffic,267
3 Tuesday,0.5,4 - stand still,1330
3 Tuesday,1,0- free flowing,22244
3 Tuesday,1,1 - light traffic,56
3 Tuesday,1,2 - medium traffic,35
3 Tuesday,1,3 - heavy traffic,279
3 Tuesday,1,4 - stand still,934.5
3 Tuesday,1.5,0- free flowing,18349
3 Tuesday,1.5,1 - light traffic,28
3 Tuesday,1.5,2 - medium traffic,35
3 Tuesday,1.5,3 - heavy traffic,84
3 Tuesday,1.5,4 - stand still,556.5
3 Tuesday,2,0- free flowing,16216
3 Tuesday,2,1 - light traffic,48
3 Tuesday,2,2 - medium traffic,32.5
3 Tuesday,2,3 - heavy traffic,174
3 Tuesday,2,4 - stand still,378
3 Tuesday,2.5,0- free flowing,14807
3 Tuesday,2.5,1 - light traffic,40
3 Tuesday,2.5,2 - medium traffic,20
3 Tuesday,2.5,3 - heavy traffic,90
3 Tuesday,2.5,4 - stand still,504
3 Tuesday,3,0- free flowing,14082
3 Tuesday,3,1 - light traffic,10
3 Tuesday,3,2 - medium traffic,30
3 Tuesday,3,3 - heavy traffic,90
3 Tuesday,3,4 - stand still,220.5
3 Tuesday,3.5,0- free flowing,14375
3 Tuesday,3.5,1 - light traffic,16
3 Tuesday,3.5,2 - medium traffic,15
3 Tuesday,3.5,3 - heavy traffic,87
3 Tuesday,3.5,4 - stand still,150.5
3 Tuesday,4,0- free flowing,15390
3 Tuesday,4,1 - light traffic,16
3 Tuesday,4,2 - medium traffic,20
3 Tuesday,4,3 - heavy traffic,66
3 Tuesday,4,4 - stand still,224
3 Tuesday,4.5,0- free flowing,18136
3 Tuesday,4.5,1 - light traffic,16
3 Tuesday,4.5,2 - medium traffic,15
3 Tuesday,4.5,3 - heavy traffic,105
3 Tuesday,4.5,4 - stand still,182
3 Tuesday,5,0- free flowing,25713
3 Tuesday,5,1 - light traffic,10
3 Tuesday,5,2 - medium traffic,32.5
3 Tuesday,5,3 - heavy traffic,90
3 Tuesday,5,4 - stand still,231
3 Tuesday,5.5,0- free flowing,35095
3 Tuesday,5.5,1 - light traffic,20
3 Tuesday,5.5,2 - medium traffic,20
3 Tuesday,5.5,3 - heavy traffic,138
3 Tuesday,5.5,4 - stand still,301
3 Tuesday,6,0- free flowing,42399
3 Tuesday,6,1 - light traffic,12
3 Tuesday,6,2 - medium traffic,50
3 Tuesday,6,3 - heavy traffic,150
3 Tuesday,6,4 - stand still,143.5
3 Tuesday,6.5,0- free flowing,55002
3 Tuesday,6.5,1 - light traffic,8
3 Tuesday,6.5,2 - medium traffic,77.5
3 Tuesday,6.5,3 - heavy traffic,213
3 Tuesday,6.5,4 - stand still,350
3 Tuesday,7,0- free flowing,81992
3 Tuesday,7,1 - light traffic,80
3 Tuesday,7,2 - medium traffic,380
3 Tuesday,7,3 - heavy traffic,1101
3 Tuesday,7,4 - stand still,1064
3 Tuesday,7.5,0- free flowing,131515
3 Tuesday,7.5,1 - light traffic,1402
3 Tuesday,7.5,2 - medium traffic,6877.5
3 Tuesday,7.5,3 - heavy traffic,8838
3 Tuesday,7.5,4 - stand still,2894.5
3 Tuesday,8,0- free flowing,152061
3 Tuesday,8,1 - light traffic,1470
3 Tuesday,8,2 - medium traffic,13627.5
3 Tuesday,8,3 - heavy traffic,29286
3 Tuesday,8,4 - stand still,7472.5
3 Tuesday,8.5,0- free flowing,152202
3 Tuesday,8.5,1 - light traffic,1504
3 Tuesday,8.5,2 - medium traffic,8172.5
3 Tuesday,8.5,3 - heavy traffic,14472
3 Tuesday,8.5,4 - stand still,4728.5
3 Tuesday,9,0- free flowing,134732
3 Tuesday,9,1 - light traffic,846
3 Tuesday,9,2 - medium traffic,3945
3 Tuesday,9,3 - heavy traffic,7005
3 Tuesday,9,4 - stand still,5302.5
3 Tuesday,9.5,0- free flowing,123212
3 Tuesday,9.5,1 - light traffic,216
3 Tuesday,9.5,2 - medium traffic,1367.5
3 Tuesday,9.5,3 - heavy traffic,3435
3 Tuesday,9.5,4 - stand still,3825.5
3 Tuesday,10,0- free flowing,125201
3 Tuesday,10,1 - light traffic,210
3 Tuesday,10,2 - medium traffic,697.5
3 Tuesday,10,3 - heavy traffic,2601
3 Tuesday,10,4 - stand still,2177
3 Tuesday,10.5,0- free flowing,127422
3 Tuesday,10.5,1 - light traffic,218
3 Tuesday,10.5,2 - medium traffic,815
3 Tuesday,10.5,3 - heavy traffic,1845
3 Tuesday,10.5,4 - stand still,1813
3 Tuesday,11,0- free flowing,132577
3 Tuesday,11,1 - light traffic,150
3 Tuesday,11,2 - medium traffic,732.5
3 Tuesday,11,3 - heavy traffic,4017
3 Tuesday,11,4 - stand still,2285.5
3 Tuesday,11.5,0- free flowing,137896
3 Tuesday,11.5,1 - light traffic,282
3 Tuesday,11.5,2 - medium traffic,1100
3 Tuesday,11.5,3 - heavy traffic,5163
3 Tuesday,11.5,4 - stand still,2719.5
3 Tuesday,12,0- free flowing,145088
3 Tuesday,12,1 - light traffic,522
3 Tuesday,12,2 - medium traffic,2230
3 Tuesday,12,3 - heavy traffic,7080
3 Tuesday,12,4 - stand still,2569
3 Tuesday,12.5,0- free flowing,154332
3 Tuesday,12.5,1 - light traffic,998
3 Tuesday,12.5,2 - medium traffic,3385
3 Tuesday,12.5,3 - heavy traffic,9060
3 Tuesday,12.5,4 - stand still,3013.5
3 Tuesday,13,0- free flowing,152420
3 Tuesday,13,1 - light traffic,1078
3 Tuesday,13,2 - medium traffic,4765
3 Tuesday,13,3 - heavy traffic,12429
3 Tuesday,13,4 - stand still,3850
3 Tuesday,13.5,0- free flowing,152745
3 Tuesday,13.5,1 - light traffic,1050
3 Tuesday,13.5,2 - medium traffic,6240
3 Tuesday,13.5,3 - heavy traffic,16047
3 Tuesday,13.5,4 - stand still,4511.5
3 Tuesday,14,0- free flowing,144119
3 Tuesday,14,1 - light traffic,1624
3 Tuesday,14,2 - medium traffic,6550
3 Tuesday,14,3 - heavy traffic,16062
3 Tuesday,14,4 - stand still,5803
3 Tuesday,14.5,0- free flowing,156526
3 Tuesday,14.5,1 - light traffic,1896
3 Tuesday,14.5,2 - medium traffic,8010
3 Tuesday,14.5,3 - heavy traffic,18198
3 Tuesday,14.5,4 - stand still,6919.5
3 Tuesday,15,0- free flowing,165084
3 Tuesday,15,1 - light traffic,1756
3 Tuesday,15,2 - medium traffic,10602.5
3 Tuesday,15,3 - heavy traffic,18459
3 Tuesday,15,4 - stand still,8858.5
3 Tuesday,15.5,0- free flowing,176569
3 Tuesday,15.5,1 - light traffic,4024
3 Tuesday,15.5,2 - medium traffic,15737.5
3 Tuesday,15.5,3 - heavy traffic,19626
3 Tuesday,15.5,4 - stand still,10059
3 Tuesday,16,0- free flowing,180179
3 Tuesday,16,1 - light traffic,3254
3 Tuesday,16,2 - medium traffic,26680
3 Tuesday,16,3 - heavy traffic,24516
3 Tuesday,16,4 - stand still,10489.5
3 Tuesday,16.5,0- free flowing,194752
3 Tuesday,16.5,1 - light traffic,2204
3 Tuesday,16.5,2 - medium traffic,31257.5
3 Tuesday,16.5,3 - heavy traffic,32472
3 Tuesday,16.5,4 - stand still,12358.5
3 Tuesday,17,0- free flowing,206770
3 Tuesday,17,1 - light traffic,2938
3 Tuesday,17,2 - medium traffic,32327.5
3 Tuesday,17,3 - heavy traffic,45603
3 Tuesday,17,4 - stand still,14563.5
3 Tuesday,17.5,0- free flowing,217906
3 Tuesday,17.5,1 - light traffic,4334
3 Tuesday,17.5,2 - medium traffic,29910
3 Tuesday,17.5,3 - heavy traffic,80514
3 Tuesday,17.5,4 - stand still,23044
3 Tuesday,18,0- free flowing,188895
3 Tuesday,18,1 - light traffic,2492
3 Tuesday,18,2 - medium traffic,23807.5
3 Tuesday,18,3 - heavy traffic,41145
3 Tuesday,18,4 - stand still,12075
3 Tuesday,18.5,0- free flowing,158336
3 Tuesday,18.5,1 - light traffic,1702
3 Tuesday,18.5,2 - medium traffic,13802.5
3 Tuesday,18.5,3 - heavy traffic,11871
3 Tuesday,18.5,4 - stand still,6615
3 Tuesday,19,0- free flowing,121420
3 Tuesday,19,1 - light traffic,876
3 Tuesday,19,2 - medium traffic,2082.5
3 Tuesday,19,3 - heavy traffic,4863
3 Tuesday,19,4 - stand still,4385.5
3 Tuesday,19.5,0- free flowing,102755
3 Tuesday,19.5,1 - light traffic,410
3 Tuesday,19.5,2 - medium traffic,1257.5
3 Tuesday,19.5,3 - heavy traffic,1902
3 Tuesday,19.5,4 - stand still,3003
3 Tuesday,20,0- free flowing,87139
3 Tuesday,20,1 - light traffic,426
3 Tuesday,20,2 - medium traffic,602.5
3 Tuesday,20,3 - heavy traffic,948
3 Tuesday,20,4 - stand still,1799
3 Tuesday,20.5,0- free flowing,78174
3 Tuesday,20.5,1 - light traffic,214
3 Tuesday,20.5,2 - medium traffic,282.5
3 Tuesday,20.5,3 - heavy traffic,804
3 Tuesday,20.5,4 - stand still,1323
3 Tuesday,21,0- free flowing,69964
3 Tuesday,21,1 - light traffic,352
3 Tuesday,21,2 - medium traffic,432.5
3 Tuesday,21,3 - heavy traffic,948
3 Tuesday,21,4 - stand still,1403.5
3 Tuesday,21.5,0- free flowing,60164
3 Tuesday,21.5,1 - light traffic,98
3 Tuesday,21.5,2 - medium traffic,210
3 Tuesday,21.5,3 - heavy traffic,1548
3 Tuesday,21.5,4 - stand still,2425.5
3 Tuesday,22,0- free flowing,49346
3 Tuesday,22,1 - light traffic,32
3 Tuesday,22,2 - medium traffic,287.5
3 Tuesday,22,3 - heavy traffic,1107
3 Tuesday,22,4 - stand still,2751
3 Tuesday,22.5,0- free flowing,44768
3 Tuesday,22.5,1 - light traffic,24
3 Tuesday,22.5,2 - medium traffic,252.5
3 Tuesday,22.5,3 - heavy traffic,1077
3 Tuesday,22.5,4 - stand still,1970.5
3 Tuesday,23,0- free flowing,39543
3 Tuesday,23,1 - light traffic,32
3 Tuesday,23,2 - medium traffic,220
3 Tuesday,23,3 - heavy traffic,969
3 Tuesday,23,4 - stand still,1571.5
3 Tuesday,23.5,0- free flowing,35074
3 Tuesday,23.5,1 - light traffic,20
3 Tuesday,23.5,2 - medium traffic,250
3 Tuesday,23.5,3 - heavy traffic,669
3 Tuesday,23.5,4 - stand still,749
3 Tuesday,24,0- free flowing,29769
3 Tuesday,24,1 - light traffic,48
3 Tuesday,24,2 - medium traffic,100
3 Tuesday,24,3 - heavy traffic,420
3 Tuesday,24,4 - stand still,903
4 Wednesday,0.5,0- free flowing,25532
4 Wednesday,0.5,1 - light traffic,46
4 Wednesday,0.5,2 - medium traffic,65
4 Wednesday,0.5,3 - heavy traffic,177
4 Wednesday,0.5,4 - stand still,392
4 Wednesday,1,0- free flowing,21407
4 Wednesday,1,1 - light traffic,42
4 Wednesday,1,2 - medium traffic,52.5
4 Wednesday,1,3 - heavy traffic,138
4 Wednesday,1,4 - stand still,462
4 Wednesday,1.5,0- free flowing,17733
4 Wednesday,1.5,1 - light traffic,42
4 Wednesday,1.5,2 - medium traffic,52.5
4 Wednesday,1.5,3 - heavy traffic,99
4 Wednesday,1.5,4 - stand still,360.5
4 Wednesday,2,0- free flowing,15512
4 Wednesday,2,1 - light traffic,28
4 Wednesday,2,2 - medium traffic,22.5
4 Wednesday,2,3 - heavy traffic,72
4 Wednesday,2,4 - stand still,224
4 Wednesday,2.5,0- free flowing,14383
4 Wednesday,2.5,1 - light traffic,16
4 Wednesday,2.5,2 - medium traffic,15
4 Wednesday,2.5,3 - heavy traffic,39
4 Wednesday,2.5,4 - stand still,308
4 Wednesday,3,0- free flowing,13903
4 Wednesday,3,1 - light traffic,16
4 Wednesday,3,2 - medium traffic,20
4 Wednesday,3,3 - heavy traffic,48
4 Wednesday,3,4 - stand still,210
4 Wednesday,3.5,0- free flowing,13588
4 Wednesday,3.5,1 - light traffic,18
4 Wednesday,3.5,2 - medium traffic,42.5
4 Wednesday,3.5,3 - heavy traffic,36
4 Wednesday,3.5,4 - stand still,297.5
4 Wednesday,4,0- free flowing,15010
4 Wednesday,4,1 - light traffic,6
4 Wednesday,4,2 - medium traffic,35
4 Wednesday,4,3 - heavy traffic,87
4 Wednesday,4,4 - stand still,143.5
4 Wednesday,4.5,0- free flowing,18333
4 Wednesday,4.5,1 - light traffic,8
4 Wednesday,4.5,2 - medium traffic,20
4 Wednesday,4.5,3 - heavy traffic,105
4 Wednesday,4.5,4 - stand still,35
4 Wednesday,5,0- free flowing,24351
4 Wednesday,5,1 - light traffic,26
4 Wednesday,5,2 - medium traffic,35
4 Wednesday,5,3 - heavy traffic,99
4 Wednesday,5,4 - stand still,164.5
4 Wednesday,5.5,0- free flowing,32894
4 Wednesday,5.5,1 - light traffic,8
4 Wednesday,5.5,2 - medium traffic,42.5
4 Wednesday,5.5,3 - heavy traffic,252
4 Wednesday,5.5,4 - stand still,336
4 Wednesday,6,0- free flowing,39831
4 Wednesday,6,1 - light traffic,10
4 Wednesday,6,2 - medium traffic,75
4 Wednesday,6,3 - heavy traffic,237
4 Wednesday,6,4 - stand still,423.5
4 Wednesday,6.5,0- free flowing,52687
4 Wednesday,6.5,1 - light traffic,26
4 Wednesday,6.5,2 - medium traffic,132.5
4 Wednesday,6.5,3 - heavy traffic,246
4 Wednesday,6.5,4 - stand still,553
4 Wednesday,7,0- free flowing,74729
4 Wednesday,7,1 - light traffic,82
4 Wednesday,7,2 - medium traffic,550
4 Wednesday,7,3 - heavy traffic,1038
4 Wednesday,7,4 - stand still,1295
4 Wednesday,7.5,0- free flowing,120352
4 Wednesday,7.5,1 - light traffic,1198
4 Wednesday,7.5,2 - medium traffic,7480
4 Wednesday,7.5,3 - heavy traffic,7203
4 Wednesday,7.5,4 - stand still,2047.5
4 Wednesday,8,0- free flowing,144583
4 Wednesday,8,1 - light traffic,1912
4 Wednesday,8,2 - medium traffic,12867.5
4 Wednesday,8,3 - heavy traffic,28362
4 Wednesday,8,4 - stand still,7906.5
4 Wednesday,8.5,0- free flowing,147920
4 Wednesday,8.5,1 - light traffic,1630
4 Wednesday,8.5,2 - medium traffic,8360
4 Wednesday,8.5,3 - heavy traffic,16458
4 Wednesday,8.5,4 - stand still,6156.5
4 Wednesday,9,0- free flowing,129539
4 Wednesday,9,1 - light traffic,900
4 Wednesday,9,2 - medium traffic,4230
4 Wednesday,9,3 - heavy traffic,8409
4 Wednesday,9,4 - stand still,4182.5
4 Wednesday,9.5,0- free flowing,124440
4 Wednesday,9.5,1 - light traffic,490
4 Wednesday,9.5,2 - medium traffic,2220
4 Wednesday,9.5,3 - heavy traffic,2694
4 Wednesday,9.5,4 - stand still,2789.5
4 Wednesday,10,0- free flowing,127202
4 Wednesday,10,1 - light traffic,310
4 Wednesday,10,2 - medium traffic,1502.5
4 Wednesday,10,3 - heavy traffic,2823
4 Wednesday,10,4 - stand still,1585.5
4 Wednesday,10.5,0- free flowing,129262
4 Wednesday,10.5,1 - light traffic,414
4 Wednesday,10.5,2 - medium traffic,1245
4 Wednesday,10.5,3 - heavy traffic,3465
4 Wednesday,10.5,4 - stand still,1421
4 Wednesday,11,0- free flowing,136545
4 Wednesday,11,1 - light traffic,724
4 Wednesday,11,2 - medium traffic,2282.5
4 Wednesday,11,3 - heavy traffic,4173
4 Wednesday,11,4 - stand still,4480
4 Wednesday,11.5,0- free flowing,144460
4 Wednesday,11.5,1 - light traffic,1110
4 Wednesday,11.5,2 - medium traffic,3937.5
4 Wednesday,11.5,3 - heavy traffic,7008
4 Wednesday,11.5,4 - stand still,5509
4 Wednesday,12,0- free flowing,152786
4 Wednesday,12,1 - light traffic,1054
4 Wednesday,12,2 - medium traffic,6612.5
4 Wednesday,12,3 - heavy traffic,11184
4 Wednesday,12,4 - stand still,6429.5
4 Wednesday,12.5,0- free flowing,161557
4 Wednesday,12.5,1 - light traffic,1456
4 Wednesday,12.5,2 - medium traffic,7595
4 Wednesday,12.5,3 - heavy traffic,17307
4 Wednesday,12.5,4 - stand still,6807.5
4 Wednesday,13,0- free flowing,161321
4 Wednesday,13,1 - light traffic,1684
4 Wednesday,13,2 - medium traffic,8527.5
4 Wednesday,13,3 - heavy traffic,16170
4 Wednesday,13,4 - stand still,9667
4 Wednesday,13.5,0- free flowing,165818
4 Wednesday,13.5,1 - light traffic,1498
4 Wednesday,13.5,2 - medium traffic,10422.5
4 Wednesday,13.5,3 - heavy traffic,16401
4 Wednesday,13.5,4 - stand still,10234
4 Wednesday,14,0- free flowing,166782
4 Wednesday,14,1 - light traffic,1920
4 Wednesday,14,2 - medium traffic,11670
4 Wednesday,14,3 - heavy traffic,17640
4 Wednesday,14,4 - stand still,9660
4 Wednesday,14.5,0- free flowing,171345
4 Wednesday,14.5,1 - light traffic,2560
4 Wednesday,14.5,2 - medium traffic,16105
4 Wednesday,14.5,3 - heavy traffic,22404
4 Wednesday,14.5,4 - stand still,11707.5
4 Wednesday,15,0- free flowing,177709
4 Wednesday,15,1 - light traffic,4372
4 Wednesday,15,2 - medium traffic,18550
4 Wednesday,15,3 - heavy traffic,25671
4 Wednesday,15,4 - stand still,15519
4 Wednesday,15.5,0- free flowing,187502
4 Wednesday,15.5,1 - light traffic,4946
4 Wednesday,15.5,2 - medium traffic,23432.5
4 Wednesday,15.5,3 - heavy traffic,37017
4 Wednesday,15.5,4 - stand still,13849.5
4 Wednesday,16,0- free flowing,181251
4 Wednesday,16,1 - light traffic,3866
4 Wednesday,16,2 - medium traffic,32050
4 Wednesday,16,3 - heavy traffic,36441
4 Wednesday,16,4 - stand still,12432
4 Wednesday,16.5,0- free flowing,199490
4 Wednesday,16.5,1 - light traffic,3072
4 Wednesday,16.5,2 - medium traffic,35592.5
4 Wednesday,16.5,3 - heavy traffic,48705
4 Wednesday,16.5,4 - stand still,15463
4 Wednesday,17,0- free flowing,212515
4 Wednesday,17,1 - light traffic,3496
4 Wednesday,17,2 - medium traffic,33080
4 Wednesday,17,3 - heavy traffic,70674
4 Wednesday,17,4 - stand still,17542
4 Wednesday,17.5,0- free flowing,223933
4 Wednesday,17.5,1 - light traffic,4474
4 Wednesday,17.5,2 - medium traffic,27842.5
4 Wednesday,17.5,3 - heavy traffic,107778
4 Wednesday,17.5,4 - stand still,21269.5
4 Wednesday,18,0- free flowing,196778
4 Wednesday,18,1 - light traffic,3264
4 Wednesday,18,2 - medium traffic,24037.5
4 Wednesday,18,3 - heavy traffic,61866
4 Wednesday,18,4 - stand still,12589.5
4 Wednesday,18.5,0- free flowing,158349
4 Wednesday,18.5,1 - light traffic,2142
4 Wednesday,18.5,2 - medium traffic,18907.5
4 Wednesday,18.5,3 - heavy traffic,17640
4 Wednesday,18.5,4 - stand still,7602
4 Wednesday,19,0- free flowing,123834
4 Wednesday,19,1 - light traffic,1230
4 Wednesday,19,2 - medium traffic,6010
4 Wednesday,19,3 - heavy traffic,5343
4 Wednesday,19,4 - stand still,5204.5
4 Wednesday,19.5,0- free flowing,104478
4 Wednesday,19.5,1 - light traffic,314
4 Wednesday,19.5,2 - medium traffic,1730
4 Wednesday,19.5,3 - heavy traffic,3027
4 Wednesday,19.5,4 - stand still,1984.5
4 Wednesday,20,0- free flowing,90566
4 Wednesday,20,1 - light traffic,108
4 Wednesday,20,2 - medium traffic,1807.5
4 Wednesday,20,3 - heavy traffic,1014
4 Wednesday,20,4 - stand still,987
4 Wednesday,20.5,0- free flowing,80964
4 Wednesday,20.5,1 - light traffic,196
4 Wednesday,20.5,2 - medium traffic,360
4 Wednesday,20.5,3 - heavy traffic,1335
4 Wednesday,20.5,4 - stand still,1813
4 Wednesday,21,0- free flowing,72258
4 Wednesday,21,1 - light traffic,144
4 Wednesday,21,2 - medium traffic,335
4 Wednesday,21,3 - heavy traffic,1230
4 Wednesday,21,4 - stand still,1256.5
4 Wednesday,21.5,0- free flowing,64664
4 Wednesday,21.5,1 - light traffic,158
4 Wednesday,21.5,2 - medium traffic,662.5
4 Wednesday,21.5,3 - heavy traffic,1986
4 Wednesday,21.5,4 - stand still,2495.5
4 Wednesday,22,0- free flowing,52307
4 Wednesday,22,1 - light traffic,48
4 Wednesday,22,2 - medium traffic,340
4 Wednesday,22,3 - heavy traffic,1248
4 Wednesday,22,4 - stand still,2793
4 Wednesday,22.5,0- free flowing,45655
4 Wednesday,22.5,1 - light traffic,48
4 Wednesday,22.5,2 - medium traffic,377.5
4 Wednesday,22.5,3 - heavy traffic,1152
4 Wednesday,22.5,4 - stand still,2142
4 Wednesday,23,0- free flowing,40657
4 Wednesday,23,1 - light traffic,60
4 Wednesday,23,2 - medium traffic,307.5
4 Wednesday,23,3 - heavy traffic,1080
4 Wednesday,23,4 - stand still,1648.5
4 Wednesday,23.5,0- free flowing,36336
4 Wednesday,23.5,1 - light traffic,28
4 Wednesday,23.5,2 - medium traffic,237.5
4 Wednesday,23.5,3 - heavy traffic,1170
4 Wednesday,23.5,4 - stand still,1050
4 Wednesday,24,0- free flowing,30125
4 Wednesday,24,1 - light traffic,50
4 Wednesday,24,2 - medium traffic,122.5
4 Wednesday,24,3 - heavy traffic,504
4 Wednesday,24,4 - stand still,651
5 Thursday,0.5,0- free flowing,27708
5 Thursday,0.5,1 - light traffic,46
5 Thursday,0.5,2 - medium traffic,110
5 Thursday,0.5,3 - heavy traffic,465
5 Thursday,0.5,4 - stand still,675.5
5 Thursday,1,0- free flowing,23085
5 Thursday,1,1 - light traffic,32
5 Thursday,1,2 - medium traffic,75
5 Thursday,1,3 - heavy traffic,144
5 Thursday,1,4 - stand still,626.5
5 Thursday,1.5,0- free flowing,18814
5 Thursday,1.5,1 - light traffic,46
5 Thursday,1.5,2 - medium traffic,45
5 Thursday,1.5,3 - heavy traffic,135
5 Thursday,1.5,4 - stand still,336
5 Thursday,2,0- free flowing,16771
5 Thursday,2,1 - light traffic,34
5 Thursday,2,2 - medium traffic,32.5
5 Thursday,2,3 - heavy traffic,168
5 Thursday,2,4 - stand still,486.5
5 Thursday,2.5,0- free flowing,15697
5 Thursday,2.5,1 - light traffic,12
5 Thursday,2.5,2 - medium traffic,30
5 Thursday,2.5,3 - heavy traffic,84
5 Thursday,2.5,4 - stand still,273
5 Thursday,3,0- free flowing,15103
5 Thursday,3,1 - light traffic,16
5 Thursday,3,2 - medium traffic,42.5
5 Thursday,3,3 - heavy traffic,84
5 Thursday,3,4 - stand still,308
5 Thursday,3.5,0- free flowing,15456
5 Thursday,3.5,1 - light traffic,6
5 Thursday,3.5,2 - medium traffic,50
5 Thursday,3.5,3 - heavy traffic,144
5 Thursday,3.5,4 - stand still,385
5 Thursday,4,0- free flowing,15930
5 Thursday,4,1 - light traffic,8
5 Thursday,4,2 - medium traffic,22.5
5 Thursday,4,3 - heavy traffic,177
5 Thursday,4,4 - stand still,357
5 Thursday,4.5,0- free flowing,19429
5 Thursday,4.5,1 - light traffic,22
5 Thursday,4.5,2 - medium traffic,25
5 Thursday,4.5,3 - heavy traffic,129
5 Thursday,4.5,4 - stand still,378
5 Thursday,5,0- free flowing,25921
5 Thursday,5,1 - light traffic,16
5 Thursday,5,2 - medium traffic,50
5 Thursday,5,3 - heavy traffic,276
5 Thursday,5,4 - stand still,378
5 Thursday,5.5,0- free flowing,33462
5 Thursday,5.5,1 - light traffic,10
5 Thursday,5.5,2 - medium traffic,62.5
5 Thursday,5.5,3 - heavy traffic,258
5 Thursday,5.5,4 - stand still,483
5 Thursday,6,0- free flowing,39692
5 Thursday,6,1 - light traffic,22
5 Thursday,6,2 - medium traffic,35
5 Thursday,6,3 - heavy traffic,225
5 Thursday,6,4 - stand still,392
5 Thursday,6.5,0- free flowing,52651
5 Thursday,6.5,1 - light traffic,48
5 Thursday,6.5,2 - medium traffic,82.5
5 Thursday,6.5,3 - heavy traffic,249
5 Thursday,6.5,4 - stand still,315
5 Thursday,7,0- free flowing,76759
5 Thursday,7,1 - light traffic,80
5 Thursday,7,2 - medium traffic,397.5
5 Thursday,7,3 - heavy traffic,1275
5 Thursday,7,4 - stand still,1207.5
5 Thursday,7.5,0- free flowing,119495
5 Thursday,7.5,1 - light traffic,1390
5 Thursday,7.5,2 - medium traffic,6157.5
5 Thursday,7.5,3 - heavy traffic,8709
5 Thursday,7.5,4 - stand still,2243.5
5 Thursday,8,0- free flowing,146039
5 Thursday,8,1 - light traffic,1930
5 Thursday,8,2 - medium traffic,12452.5
5 Thursday,8,3 - heavy traffic,28515
5 Thursday,8,4 - stand still,6664
5 Thursday,8.5,0- free flowing,139777
5 Thursday,8.5,1 - light traffic,1356
5 Thursday,8.5,2 - medium traffic,8732.5
5 Thursday,8.5,3 - heavy traffic,12381
5 Thursday,8.5,4 - stand still,6713
5 Thursday,9,0- free flowing,129870
5 Thursday,9,1 - light traffic,716
5 Thursday,9,2 - medium traffic,4460
5 Thursday,9,3 - heavy traffic,7467
5 Thursday,9,4 - stand still,6419
5 Thursday,9.5,0- free flowing,125095
5 Thursday,9.5,1 - light traffic,470
5 Thursday,9.5,2 - medium traffic,1745
5 Thursday,9.5,3 - heavy traffic,3678
5 Thursday,9.5,4 - stand still,6258
5 Thursday,10,0- free flowing,124581
5 Thursday,10,1 - light traffic,380
5 Thursday,10,2 - medium traffic,1542.5
5 Thursday,10,3 - heavy traffic,3873
5 Thursday,10,4 - stand still,5491.5
5 Thursday,10.5,0- free flowing,131552
5 Thursday,10.5,1 - light traffic,960
5 Thursday,10.5,2 - medium traffic,2570
5 Thursday,10.5,3 - heavy traffic,2976
5 Thursday,10.5,4 - stand still,4522
5 Thursday,11,0- free flowing,140586
5 Thursday,11,1 - light traffic,982
5 Thursday,11,2 - medium traffic,5125
5 Thursday,11,3 - heavy traffic,4752
5 Thursday,11,4 - stand still,3419.5
5 Thursday,11.5,0- free flowing,151556
5 Thursday,11.5,1 - light traffic,1350
5 Thursday,11.5,2 - medium traffic,4560
5 Thursday,11.5,3 - heavy traffic,8544
5 Thursday,11.5,4 - stand still,5096
5 Thursday,12,0- free flowing,156469
5 Thursday,12,1 - light traffic,1990
5 Thursday,12,2 - medium traffic,6510
5 Thursday,12,3 - heavy traffic,11928
5 Thursday,12,4 - stand still,7192.5
5 Thursday,12.5,0- free flowing,168181
5 Thursday,12.5,1 - light traffic,1854
5 Thursday,12.5,2 - medium traffic,10557.5
5 Thursday,12.5,3 - heavy traffic,19038
5 Thursday,12.5,4 - stand still,7087.5
5 Thursday,13,0- free flowing,171868
5 Thursday,13,1 - light traffic,2718
5 Thursday,13,2 - medium traffic,12172.5
5 Thursday,13,3 - heavy traffic,23352
5 Thursday,13,4 - stand still,10101
5 Thursday,13.5,0- free flowing,173867
5 Thursday,13.5,1 - light traffic,3460
5 Thursday,13.5,2 - medium traffic,15917.5
5 Thursday,13.5,3 - heavy traffic,24189
5 Thursday,13.5,4 - stand still,9037
5 Thursday,14,0- free flowing,172619
5 Thursday,14,1 - light traffic,4162
5 Thursday,14,2 - medium traffic,17520
5 Thursday,14,3 - heavy traffic,25260
5 Thursday,14,4 - stand still,8991.5
5 Thursday,14.5,0- free flowing,171026
5 Thursday,14.5,1 - light traffic,3454
5 Thursday,14.5,2 - medium traffic,22875
5 Thursday,14.5,3 - heavy traffic,28305
5 Thursday,14.5,4 - stand still,7791
5 Thursday,15,0- free flowing,186199
5 Thursday,15,1 - light traffic,4068
5 Thursday,15,2 - medium traffic,27740
5 Thursday,15,3 - heavy traffic,37041
5 Thursday,15,4 - stand still,7854
5 Thursday,15.5,0- free flowing,192429
5 Thursday,15.5,1 - light traffic,4674
5 Thursday,15.5,2 - medium traffic,35485
5 Thursday,15.5,3 - heavy traffic,45216
5 Thursday,15.5,4 - stand still,10825.5
5 Thursday,16,0- free flowing,191591
5 Thursday,16,1 - light traffic,4210
5 Thursday,16,2 - medium traffic,45082.5
5 Thursday,16,3 - heavy traffic,57087
5 Thursday,16,4 - stand still,16271.5
5 Thursday,16.5,0- free flowing,215313
5 Thursday,16.5,1 - light traffic,4712
5 Thursday,16.5,2 - medium traffic,45057.5
5 Thursday,16.5,3 - heavy traffic,77685
5 Thursday,16.5,4 - stand still,18371.5
5 Thursday,17,0- free flowing,227321
5 Thursday,17,1 - light traffic,5560
5 Thursday,17,2 - medium traffic,39547.5
5 Thursday,17,3 - heavy traffic,105057
5 Thursday,17,4 - stand still,17220
5 Thursday,17.5,0- free flowing,241156
5 Thursday,17.5,1 - light traffic,6158
5 Thursday,17.5,2 - medium traffic,36237.5
5 Thursday,17.5,3 - heavy traffic,141708
5 Thursday,17.5,4 - stand still,24605
5 Thursday,18,0- free flowing,219903
5 Thursday,18,1 - light traffic,4568
5 Thursday,18,2 - medium traffic,37887.5
5 Thursday,18,3 - heavy traffic,75027
5 Thursday,18,4 - stand still,16873.5
5 Thursday,18.5,0- free flowing,177919
5 Thursday,18.5,1 - light traffic,3558
5 Thursday,18.5,2 - medium traffic,26735
5 Thursday,18.5,3 - heavy traffic,21753
5 Thursday,18.5,4 - stand still,9173.5
5 Thursday,19,0- free flowing,142275
5 Thursday,19,1 - light traffic,1510
5 Thursday,19,2 - medium traffic,7607.5
5 Thursday,19,3 - heavy traffic,7356
5 Thursday,19,4 - stand still,4546.5
5 Thursday,19.5,0- free flowing,121065
5 Thursday,19.5,1 - light traffic,658
5 Thursday,19.5,2 - medium traffic,2667.5
5 Thursday,19.5,3 - heavy traffic,2400
5 Thursday,19.5,4 - stand still,3010
5 Thursday,20,0- free flowing,107144
5 Thursday,20,1 - light traffic,352
5 Thursday,20,2 - medium traffic,1120
5 Thursday,20,3 - heavy traffic,1398
5 Thursday,20,4 - stand still,1669.5
5 Thursday,20.5,0- free flowing,94767
5 Thursday,20.5,1 - light traffic,192
5 Thursday,20.5,2 - medium traffic,715
5 Thursday,20.5,3 - heavy traffic,1548
5 Thursday,20.5,4 - stand still,1760.5
5 Thursday,21,0- free flowing,88888
5 Thursday,21,1 - light traffic,226
5 Thursday,21,2 - medium traffic,1137.5
5 Thursday,21,3 - heavy traffic,1971
5 Thursday,21,4 - stand still,1904
5 Thursday,21.5,0- free flowing,75940
5 Thursday,21.5,1 - light traffic,254
5 Thursday,21.5,2 - medium traffic,997.5
5 Thursday,21.5,3 - heavy traffic,3489
5 Thursday,21.5,4 - stand still,2943.5
5 Thursday,22,0- free flowing,62376
5 Thursday,22,1 - light traffic,142
5 Thursday,22,2 - medium traffic,707.5
5 Thursday,22,3 - heavy traffic,3039
5 Thursday,22,4 - stand still,3836
5 Thursday,22.5,0- free flowing,54016
5 Thursday,22.5,1 - light traffic,48
5 Thursday,22.5,2 - medium traffic,500
5 Thursday,22.5,3 - heavy traffic,1695
5 Thursday,22.5,4 - stand still,5687.5
5 Thursday,23,0- free flowing,48083
5 Thursday,23,1 - light traffic,94
5 Thursday,23,2 - medium traffic,717.5
5 Thursday,23,3 - heavy traffic,1512
5 Thursday,23,4 - stand still,4137
5 Thursday,23.5,0- free flowing,40968
5 Thursday,23.5,1 - light traffic,40
5 Thursday,23.5,2 - medium traffic,972.5
5 Thursday,23.5,3 - heavy traffic,1326
5 Thursday,23.5,4 - stand still,1302
5 Thursday,24,0- free flowing,32308
5 Thursday,24,1 - light traffic,52
5 Thursday,24,2 - medium traffic,267.5
5 Thursday,24,3 - heavy traffic,825
5 Thursday,24,4 - stand still,903
6 Friday,0.5,0- free flowing,32893
6 Friday,0.5,1 - light traffic,30
6 Friday,0.5,2 - medium traffic,102.5
6 Friday,0.5,3 - heavy traffic,462
6 Friday,0.5,4 - stand still,1484
6 Friday,1,0- free flowing,27829
6 Friday,1,1 - light traffic,30
6 Friday,1,2 - medium traffic,47.5
6 Friday,1,3 - heavy traffic,528
6 Friday,1,4 - stand still,966
6 Friday,1.5,0- free flowing,24166
6 Friday,1.5,1 - light traffic,38
6 Friday,1.5,2 - medium traffic,100
6 Friday,1.5,3 - heavy traffic,357
6 Friday,1.5,4 - stand still,630
6 Friday,2,0- free flowing,20621
6 Friday,2,1 - light traffic,22
6 Friday,2,2 - medium traffic,70
6 Friday,2,3 - heavy traffic,171
6 Friday,2,4 - stand still,385
6 Friday,2.5,0- free flowing,19481
6 Friday,2.5,1 - light traffic,14
6 Friday,2.5,2 - medium traffic,30
6 Friday,2.5,3 - heavy traffic,219
6 Friday,2.5,4 - stand still,290.5
6 Friday,3,0- free flowing,18718
6 Friday,3,1 - light traffic,30
6 Friday,3,2 - medium traffic,40
6 Friday,3,3 - heavy traffic,180
6 Friday,3,4 - stand still,483
6 Friday,3.5,0- free flowing,18700
6 Friday,3.5,1 - light traffic,16
6 Friday,3.5,2 - medium traffic,52.5
6 Friday,3.5,3 - heavy traffic,93
6 Friday,3.5,4 - stand still,518
6 Friday,4,0- free flowing,18930
6 Friday,4,1 - light traffic,8
6 Friday,4,2 - medium traffic,40
6 Friday,4,3 - heavy traffic,78
6 Friday,4,4 - stand still,346.5
6 Friday,4.5,0- free flowing,21584
6 Friday,4.5,1 - light traffic,14
6 Friday,4.5,2 - medium traffic,42.5
6 Friday,4.5,3 - heavy traffic,132
6 Friday,4.5,4 - stand still,367.5
6 Friday,5,0- free flowing,26659
6 Friday,5,1 - light traffic,2
6 Friday,5,2 - medium traffic,65
6 Friday,5,3 - heavy traffic,105
6 Friday,5,4 - stand still,259
6 Friday,5.5,0- free flowing,33856
6 Friday,5.5,1 - light traffic,16
6 Friday,5.5,2 - medium traffic,52.5
6 Friday,5.5,3 - heavy traffic,108
6 Friday,5.5,4 - stand still,192.5
6 Friday,6,0- free flowing,38187
6 Friday,6,1 - light traffic,16
6 Friday,6,2 - medium traffic,35
6 Friday,6,3 - heavy traffic,102
6 Friday,6,4 - stand still,196
6 Friday,6.5,0- free flowing,50686
6 Friday,6.5,1 - light traffic,6
6 Friday,6.5,2 - medium traffic,32.5
6 Friday,6.5,3 - heavy traffic,189
6 Friday,6.5,4 - stand still,290.5
6 Friday,7,0- free flowing,71534
6 Friday,7,1 - light traffic,62
6 Friday,7,2 - medium traffic,265
6 Friday,7,3 - heavy traffic,789
6 Friday,7,4 - stand still,920.5
6 Friday,7.5,0- free flowing,110188
6 Friday,7.5,1 - light traffic,634
6 Friday,7.5,2 - medium traffic,3077.5
6 Friday,7.5,3 - heavy traffic,3513
6 Friday,7.5,4 - stand still,2145.5
6 Friday,8,0- free flowing,138285
6 Friday,8,1 - light traffic,1344
6 Friday,8,2 - medium traffic,9262.5
6 Friday,8,3 - heavy traffic,12951
6 Friday,8,4 - stand still,5064.5
6 Friday,8.5,0- free flowing,138758
6 Friday,8.5,1 - light traffic,916
6 Friday,8.5,2 - medium traffic,4020
6 Friday,8.5,3 - heavy traffic,6339
6 Friday,8.5,4 - stand still,5155.5
6 Friday,9,0- free flowing,128477
6 Friday,9,1 - light traffic,488
6 Friday,9,2 - medium traffic,1992.5
6 Friday,9,3 - heavy traffic,4482
6 Friday,9,4 - stand still,4378.5
6 Friday,9.5,0- free flowing,128070
6 Friday,9.5,1 - light traffic,282
6 Friday,9.5,2 - medium traffic,1455
6 Friday,9.5,3 - heavy traffic,3075
6 Friday,9.5,4 - stand still,4140.5
6 Friday,10,0- free flowing,134590
6 Friday,10,1 - light traffic,354
6 Friday,10,2 - medium traffic,2295
6 Friday,10,3 - heavy traffic,4113
6 Friday,10,4 - stand still,3934
6 Friday,10.5,0- free flowing,143291
6 Friday,10.5,1 - light traffic,530
6 Friday,10.5,2 - medium traffic,3620
6 Friday,10.5,3 - heavy traffic,4581
6 Friday,10.5,4 - stand still,4613
6 Friday,11,0- free flowing,154134
6 Friday,11,1 - light traffic,1292
6 Friday,11,2 - medium traffic,5522.5
6 Friday,11,3 - heavy traffic,9081
6 Friday,11,4 - stand still,5096
6 Friday,11.5,0- free flowing,170403
6 Friday,11.5,1 - light traffic,2296
6 Friday,11.5,2 - medium traffic,9615
6 Friday,11.5,3 - heavy traffic,18609
6 Friday,11.5,4 - stand still,6457.5
6 Friday,12,0- free flowing,180396
6 Friday,12,1 - light traffic,3334
6 Friday,12,2 - medium traffic,16235
6 Friday,12,3 - heavy traffic,29571
6 Friday,12,4 - stand still,7420
6 Friday,12.5,0- free flowing,186503
6 Friday,12.5,1 - light traffic,4508
6 Friday,12.5,2 - medium traffic,23005
6 Friday,12.5,3 - heavy traffic,39669
6 Friday,12.5,4 - stand still,11011
6 Friday,13,0- free flowing,201326
6 Friday,13,1 - light traffic,4912
6 Friday,13,2 - medium traffic,31622.5
6 Friday,13,3 - heavy traffic,49950
6 Friday,13,4 - stand still,15942.5
6 Friday,13.5,0- free flowing,204812
6 Friday,13.5,1 - light traffic,6402
6 Friday,13.5,2 - medium traffic,36632.5
6 Friday,13.5,3 - heavy traffic,60252
6 Friday,13.5,4 - stand still,21805
6 Friday,14,0- free flowing,209536
6 Friday,14,1 - light traffic,5938
6 Friday,14,2 - medium traffic,46147.5
6 Friday,14,3 - heavy traffic,67926
6 Friday,14,4 - stand still,22288
6 Friday,14.5,0- free flowing,214748
6 Friday,14.5,1 - light traffic,5822
6 Friday,14.5,2 - medium traffic,56947.5
6 Friday,14.5,3 - heavy traffic,76515
6 Friday,14.5,4 - stand still,22585.5
6 Friday,15,0- free flowing,224621
6 Friday,15,1 - light traffic,6882
6 Friday,15,2 - medium traffic,62535
6 Friday,15,3 - heavy traffic,95109
6 Friday,15,4 - stand still,21479.5
6 Friday,15.5,0- free flowing,237402
6 Friday,15.5,1 - light traffic,5828
6 Friday,15.5,2 - medium traffic,62235
6 Friday,15.5,3 - heavy traffic,122514
6 Friday,15.5,4 - stand still,30383.5
6 Friday,16,0- free flowing,247392
6 Friday,16,1 - light traffic,5928
6 Friday,16,2 - medium traffic,64105
6 Friday,16,3 - heavy traffic,139809
6 Friday,16,4 - stand still,39662
6 Friday,16.5,0- free flowing,272815
6 Friday,16.5,1 - light traffic,5558
6 Friday,16.5,2 - medium traffic,64495
6 Friday,16.5,3 - heavy traffic,148998
6 Friday,16.5,4 - stand still,42122.5
6 Friday,17,0- free flowing,265959
6 Friday,17,1 - light traffic,6622
6 Friday,17,2 - medium traffic,57225
6 Friday,17,3 - heavy traffic,155121
6 Friday,17,4 - stand still,47981.5
6 Friday,17.5,0- free flowing,262630
6 Friday,17.5,1 - light traffic,6516
6 Friday,17.5,2 - medium traffic,58147.5
6 Friday,17.5,3 - heavy traffic,144129
6 Friday,17.5,4 - stand still,49147
6 Friday,18,0- free flowing,243878
6 Friday,18,1 - light traffic,6512
6 Friday,18,2 - medium traffic,55347.5
6 Friday,18,3 - heavy traffic,89223
6 Friday,18,4 - stand still,41317.5
6 Friday,18.5,0- free flowing,223466
6 Friday,18.5,1 - light traffic,6384
6 Friday,18.5,2 - medium traffic,39837.5
6 Friday,18.5,3 - heavy traffic,49266
6 Friday,18.5,4 - stand still,34209
6 Friday,19,0- free flowing,194477
6 Friday,19,1 - light traffic,4192
6 Friday,19,2 - medium traffic,26067.5
6 Friday,19,3 - heavy traffic,27258
6 Friday,19,4 - stand still,27881
6 Friday,19.5,0- free flowing,174940
6 Friday,19.5,1 - light traffic,2754
6 Friday,19.5,2 - medium traffic,16660
6 Friday,19.5,3 - heavy traffic,20127
6 Friday,19.5,4 - stand still,19778.5
6 Friday,20,0- free flowing,150693
6 Friday,20,1 - light traffic,1518
6 Friday,20,2 - medium traffic,12777.5
6 Friday,20,3 - heavy traffic,13041
6 Friday,20,4 - stand still,13016.5
6 Friday,20.5,0- free flowing,136907
6 Friday,20.5,1 - light traffic,1012
6 Friday,20.5,2 - medium traffic,7282.5
6 Friday,20.5,3 - heavy traffic,8679
6 Friday,20.5,4 - stand still,9940
6 Friday,21,0- free flowing,125233
6 Friday,21,1 - light traffic,608
6 Friday,21,2 - medium traffic,6692.5
6 Friday,21,3 - heavy traffic,9726
6 Friday,21,4 - stand still,7143.5
6 Friday,21.5,0- free flowing,115511
6 Friday,21.5,1 - light traffic,1104
6 Friday,21.5,2 - medium traffic,5512.5
6 Friday,21.5,3 - heavy traffic,6279
6 Friday,21.5,4 - stand still,5190.5
6 Friday,22,0- free flowing,97363
6 Friday,22,1 - light traffic,462
6 Friday,22,2 - medium traffic,3490
6 Friday,22,3 - heavy traffic,3336
6 Friday,22,4 - stand still,4504.5
6 Friday,22.5,0- free flowing,83661
6 Friday,22.5,1 - light traffic,594
6 Friday,22.5,2 - medium traffic,1625
6 Friday,22.5,3 - heavy traffic,2421
6 Friday,22.5,4 - stand still,2075.5
6 Friday,23,0- free flowing,69776
6 Friday,23,1 - light traffic,62
6 Friday,23,2 - medium traffic,182.5
6 Friday,23,3 - heavy traffic,606
6 Friday,23,4 - stand still,1218
6 Friday,23.5,0- free flowing,56122
6 Friday,23.5,1 - light traffic,34
6 Friday,23.5,2 - medium traffic,60
6 Friday,23.5,3 - heavy traffic,204
6 Friday,23.5,4 - stand still,864.5
6 Friday,24,0- free flowing,39707
6 Friday,24,1 - light traffic,24
6 Friday,24,2 - medium traffic,142.5
6 Friday,24,3 - heavy traffic,447
6 Friday,24,4 - stand still,1522.5
7 Saturday,0.5,0- free flowing,46191
7 Saturday,0.5,1 - light traffic,22
7 Saturday,0.5,2 - medium traffic,17.5
7 Saturday,0.5,3 - heavy traffic,54
7 Saturday,0.5,4 - stand still,542.5
7 Saturday,1,0- free flowing,37176
7 Saturday,1,1 - light traffic,14
7 Saturday,1,2 - medium traffic,20
7 Saturday,1,3 - heavy traffic,111
7 Saturday,1,4 - stand still,182
7 Saturday,1.5,0- free flowing,33272
7 Saturday,1.5,1 - light traffic,16
7 Saturday,1.5,2 - medium traffic,15
7 Saturday,1.5,3 - heavy traffic,90
7 Saturday,1.5,4 - stand still,143.5
7 Saturday,2,0- free flowing,29862
7 Saturday,2,1 - light traffic,16
7 Saturday,2,2 - medium traffic,22.5
7 Saturday,2,3 - heavy traffic,225
7 Saturday,2,4 - stand still,213.5
7 Saturday,2.5,0- free flowing,26454
7 Saturday,2.5,1 - light traffic,38
7 Saturday,2.5,2 - medium traffic,25
7 Saturday,2.5,3 - heavy traffic,60
7 Saturday,2.5,4 - stand still,206.5
7 Saturday,3,0- free flowing,23921
7 Saturday,3,1 - light traffic,2
7 Saturday,3,2 - medium traffic,17.5
7 Saturday,3,3 - heavy traffic,69
7 Saturday,3,4 - stand still,182
7 Saturday,3.5,0- free flowing,22616
7 Saturday,3.5,1 - light traffic,4
7 Saturday,3.5,2 - medium traffic,50
7 Saturday,3.5,3 - heavy traffic,93
7 Saturday,3.5,4 - stand still,154
7 Saturday,4,0- free flowing,21118
7 Saturday,4,1 - light traffic,24
7 Saturday,4,2 - medium traffic,7.5
7 Saturday,4,3 - heavy traffic,60
7 Saturday,4,4 - stand still,154
7 Saturday,4.5,0- free flowing,20976
7 Saturday,4.5,1 - light traffic,26
7 Saturday,4.5,2 - medium traffic,22.5
7 Saturday,4.5,3 - heavy traffic,96
7 Saturday,4.5,4 - stand still,178.5
7 Saturday,5,0- free flowing,23349
7 Saturday,5,1 - light traffic,8
7 Saturday,5,2 - medium traffic,22.5
7 Saturday,5,3 - heavy traffic,45
7 Saturday,5,4 - stand still,238
7 Saturday,5.5,0- free flowing,27571
7 Saturday,5.5,1 - light traffic,6
7 Saturday,5.5,2 - medium traffic,7.5
7 Saturday,5.5,3 - heavy traffic,57
7 Saturday,5.5,4 - stand still,311.5
7 Saturday,6,0- free flowing,32726
7 Saturday,6,1 - light traffic,8
7 Saturday,6,2 - medium traffic,25
7 Saturday,6,3 - heavy traffic,33
7 Saturday,6,4 - stand still,122.5
7 Saturday,6.5,0- free flowing,39530
7 Saturday,6.5,1 - light traffic,18
7 Saturday,6.5,2 - medium traffic,37.5
7 Saturday,6.5,3 - heavy traffic,156
7 Saturday,6.5,4 - stand still,234.5
7 Saturday,7,0- free flowing,43421
7 Saturday,7,1 - light traffic,28
7 Saturday,7,2 - medium traffic,67.5
7 Saturday,7,3 - heavy traffic,96
7 Saturday,7,4 - stand still,115.5
7 Saturday,7.5,0- free flowing,54076
7 Saturday,7.5,1 - light traffic,20
7 Saturday,7.5,2 - medium traffic,27.5
7 Saturday,7.5,3 - heavy traffic,279
7 Saturday,7.5,4 - stand still,189
7 Saturday,8,0- free flowing,68445
7 Saturday,8,1 - light traffic,44
7 Saturday,8,2 - medium traffic,105
7 Saturday,8,3 - heavy traffic,420
7 Saturday,8,4 - stand still,479.5
7 Saturday,8.5,0- free flowing,89052
7 Saturday,8.5,1 - light traffic,230
7 Saturday,8.5,2 - medium traffic,182.5
7 Saturday,8.5,3 - heavy traffic,792
7 Saturday,8.5,4 - stand still,945
7 Saturday,9,0- free flowing,98928
7 Saturday,9,1 - light traffic,312
7 Saturday,9,2 - medium traffic,310
7 Saturday,9,3 - heavy traffic,1716
7 Saturday,9,4 - stand still,1757
7 Saturday,9.5,0- free flowing,115611
7 Saturday,9.5,1 - light traffic,242
7 Saturday,9.5,2 - medium traffic,285
7 Saturday,9.5,3 - heavy traffic,2307
7 Saturday,9.5,4 - stand still,4144
7 Saturday,10,0- free flowing,136486
7 Saturday,10,1 - light traffic,562
7 Saturday,10,2 - medium traffic,1232.5
7 Saturday,10,3 - heavy traffic,4863
7 Saturday,10,4 - stand still,5617.5
7 Saturday,10.5,0- free flowing,149144
7 Saturday,10.5,1 - light traffic,712
7 Saturday,10.5,2 - medium traffic,3052.5
7 Saturday,10.5,3 - heavy traffic,8025
7 Saturday,10.5,4 - stand still,5915
7 Saturday,11,0- free flowing,161890
7 Saturday,11,1 - light traffic,778
7 Saturday,11,2 - medium traffic,5117.5
7 Saturday,11,3 - heavy traffic,15159
7 Saturday,11,4 - stand still,7819
7 Saturday,11.5,0- free flowing,174516
7 Saturday,11.5,1 - light traffic,1564
7 Saturday,11.5,2 - medium traffic,7292.5
7 Saturday,11.5,3 - heavy traffic,23979
7 Saturday,11.5,4 - stand still,9401
7 Saturday,12,0- free flowing,187949
7 Saturday,12,1 - light traffic,2202
7 Saturday,12,2 - medium traffic,10285
7 Saturday,12,3 - heavy traffic,29247
7 Saturday,12,4 - stand still,14490
7 Saturday,12.5,0- free flowing,198236
7 Saturday,12.5,1 - light traffic,2922
7 Saturday,12.5,2 - medium traffic,14370
7 Saturday,12.5,3 - heavy traffic,33834
7 Saturday,12.5,4 - stand still,19103
7 Saturday,13,0- free flowing,204240
7 Saturday,13,1 - light traffic,3056
7 Saturday,13,2 - medium traffic,16982.5
7 Saturday,13,3 - heavy traffic,39462
7 Saturday,13,4 - stand still,17419.5
7 Saturday,13.5,0- free flowing,203159
7 Saturday,13.5,1 - light traffic,2470
7 Saturday,13.5,2 - medium traffic,18247.5
7 Saturday,13.5,3 - heavy traffic,39333
7 Saturday,13.5,4 - stand still,15760.5
7 Saturday,14,0- free flowing,201738
7 Saturday,14,1 - light traffic,2384
7 Saturday,14,2 - medium traffic,17160
7 Saturday,14,3 - heavy traffic,36669
7 Saturday,14,4 - stand still,17013.5
7 Saturday,14.5,0- free flowing,198154
7 Saturday,14.5,1 - light traffic,3090
7 Saturday,14.5,2 - medium traffic,19005
7 Saturday,14.5,3 - heavy traffic,38691
7 Saturday,14.5,4 - stand still,15428
7 Saturday,15,0- free flowing,195388
7 Saturday,15,1 - light traffic,2872
7 Saturday,15,2 - medium traffic,20157.5
7 Saturday,15,3 - heavy traffic,34488
7 Saturday,15,4 - stand still,15778
7 Saturday,15.5,0- free flowing,194839
7 Saturday,15.5,1 - light traffic,2702
7 Saturday,15.5,2 - medium traffic,18927.5
7 Saturday,15.5,3 - heavy traffic,31128
7 Saturday,15.5,4 - stand still,15372
7 Saturday,16,0- free flowing,192067
7 Saturday,16,1 - light traffic,2228
7 Saturday,16,2 - medium traffic,15952.5
7 Saturday,16,3 - heavy traffic,29907
7 Saturday,16,4 - stand still,15221.5
7 Saturday,16.5,0- free flowing,189969
7 Saturday,16.5,1 - light traffic,2538
7 Saturday,16.5,2 - medium traffic,16170
7 Saturday,16.5,3 - heavy traffic,24423
7 Saturday,16.5,4 - stand still,12393.5
7 Saturday,17,0- free flowing,184958
7 Saturday,17,1 - light traffic,2564
7 Saturday,17,2 - medium traffic,14310
7 Saturday,17,3 - heavy traffic,19746
7 Saturday,17,4 - stand still,9838.5
7 Saturday,17.5,0- free flowing,183280
7 Saturday,17.5,1 - light traffic,2058
7 Saturday,17.5,2 - medium traffic,15075
7 Saturday,17.5,3 - heavy traffic,16971
7 Saturday,17.5,4 - stand still,7329
7 Saturday,18,0- free flowing,175597
7 Saturday,18,1 - light traffic,1980
7 Saturday,18,2 - medium traffic,10460
7 Saturday,18,3 - heavy traffic,13113
7 Saturday,18,4 - stand still,7784
7 Saturday,18.5,0- free flowing,165051
7 Saturday,18.5,1 - light traffic,1314
7 Saturday,18.5,2 - medium traffic,6070
7 Saturday,18.5,3 - heavy traffic,9621
7 Saturday,18.5,4 - stand still,6779.5
7 Saturday,19,0- free flowing,154592
7 Saturday,19,1 - light traffic,550
7 Saturday,19,2 - medium traffic,3842.5
7 Saturday,19,3 - heavy traffic,6477
7 Saturday,19,4 - stand still,6202
7 Saturday,19.5,0- free flowing,139459
7 Saturday,19.5,1 - light traffic,436
7 Saturday,19.5,2 - medium traffic,3105
7 Saturday,19.5,3 - heavy traffic,3852
7 Saturday,19.5,4 - stand still,4658.5
7 Saturday,20,0- free flowing,111346
7 Saturday,20,1 - light traffic,834
7 Saturday,20,2 - medium traffic,1342.5
7 Saturday,20,3 - heavy traffic,2271
7 Saturday,20,4 - stand still,4308.5
7 Saturday,20.5,0- free flowing,91561
7 Saturday,20.5,1 - light traffic,560
7 Saturday,20.5,2 - medium traffic,732.5
7 Saturday,20.5,3 - heavy traffic,1812
7 Saturday,20.5,4 - stand still,2299.5
7 Saturday,21,0- free flowing,97957
7 Saturday,21,1 - light traffic,84
7 Saturday,21,2 - medium traffic,210
7 Saturday,21,3 - heavy traffic,1476
7 Saturday,21,4 - stand still,2215.5
7 Saturday,21.5,0- free flowing,92231
7 Saturday,21.5,1 - light traffic,68
7 Saturday,21.5,2 - medium traffic,202.5
7 Saturday,21.5,3 - heavy traffic,984
7 Saturday,21.5,4 - stand still,1106
7 Saturday,22,0- free flowing,83016
7 Saturday,22,1 - light traffic,48
7 Saturday,22,2 - medium traffic,222.5
7 Saturday,22,3 - heavy traffic,600
7 Saturday,22,4 - stand still,766.5
7 Saturday,22.5,0- free flowing,73864
7 Saturday,22.5,1 - light traffic,22
7 Saturday,22.5,2 - medium traffic,92.5
7 Saturday,22.5,3 - heavy traffic,426
7 Saturday,22.5,4 - stand still,714
7 Saturday,23,0- free flowing,61935
7 Saturday,23,1 - light traffic,28
7 Saturday,23,2 - medium traffic,40
7 Saturday,23,3 - heavy traffic,336
7 Saturday,23,4 - stand still,332.5
7 Saturday,23.5,0- free flowing,52137
7 Saturday,23.5,1 - light traffic,2
7 Saturday,23.5,2 - medium traffic,57.5
7 Saturday,23.5,3 - heavy traffic,126
7 Saturday,23.5,4 - stand still,185.5
7 Saturday,24,0- free flowing,42075
7 Saturday,24,1 - light traffic,2
7 Saturday,24,2 - medium traffic,2.5
7 Saturday,24,3 - heavy traffic,159
7 Saturday,24,4 - stand still,549.5
