Day of Week,Time Half Hour,Traffic Level,Traffic Flow
1 Sunday,0.5,0- free flowing,40758
1 Sunday,0.5,1 - light traffic,22
1 Sunday,0.5,2 - medium traffic,2.5
1 Sunday,0.5,3 - heavy traffic,66
1 Sunday,0.5,4 - stand still,147
1 Sunday,1,0- free flowing,36162
1 Sunday,1,1 - light traffic,14
1 Sunday,1,2 - medium traffic,10
1 Sunday,1,3 - heavy traffic,99
1 Sunday,1,4 - stand still,108.5
1 Sunday,1.5,0- free flowing,30976
1 Sunday,1.5,1 - light traffic,8
1 Sunday,1.5,2 - medium traffic,5
1 Sunday,1.5,3 - heavy traffic,51
1 Sunday,1.5,4 - stand still,63
1 Sunday,2,0- free flowing,25310
1 Sunday,2,1 - light traffic,10
1 Sunday,2,2 - medium traffic,12.5
1 Sunday,2,3 - heavy traffic,36
1 Sunday,2,4 - stand still,66.5
1 Sunday,2.5,0- free flowing,21723
1 Sunday,2.5,1 - light traffic,2
1 Sunday,2.5,2 - medium traffic,0
1 Sunday,2.5,3 - heavy traffic,63
1 Sunday,2.5,4 - stand still,52.5
1 Sunday,3,0- free flowing,20168
1 Sunday,3,1 - light traffic,2
1 Sunday,3,2 - medium traffic,5
1 Sunday,3,3 - heavy traffic,30
1 Sunday,3,4 - stand still,77
1 Sunday,3.5,0- free flowing,17932
1 Sunday,3.5,1 - light traffic,4
1 Sunday,3.5,2 - medium traffic,10
1 Sunday,3.5,3 - heavy traffic,36
1 Sunday,3.5,4 - stand still,31.5
1 Sunday,4,0- free flowing,15563
1 Sunday,4,1 - light traffic,6
1 Sunday,4,2 - medium traffic,12.5
1 Sunday,4,3 - heavy traffic,54
1 Sunday,4,4 - stand still,28
1 Sunday,4.5,0- free flowing,15220
1 Sunday,4.5,1 - light traffic,12
1 Sunday,4.5,2 - medium traffic,7.5
1 Sunday,4.5,3 - heavy traffic,18
1 Sunday,4.5,4 - stand still,126
1 Sunday,5,0- free flowing,16229
1 Sunday,5,1 - light traffic,14
1 Sunday,5,2 - medium traffic,15
1 Sunday,5,3 - heavy traffic,51
1 Sunday,5,4 - stand still,98
1 Sunday,5.5,0- free flowing,18876
1 Sunday,5.5,1 - light traffic,14
1 Sunday,5.5,2 - medium traffic,5
1 Sunday,5.5,3 - heavy traffic,54
1 Sunday,5.5,4 - stand still,52.5
1 Sunday,6,0- free flowing,22839
1 Sunday,6,1 - light traffic,4
1 Sunday,6,2 - medium traffic,20
1 Sunday,6,3 - heavy traffic,84
1 Sunday,6,4 - stand still,360.5
1 Sunday,6.5,0- free flowing,29060
1 Sunday,6.5,1 - light traffic,10
1 Sunday,6.5,2 - medium traffic,12.5
1 Sunday,6.5,3 - heavy traffic,72
1 Sunday,6.5,4 - stand still,70
1 Sunday,7,0- free flowing,32176
1 Sunday,7,1 - light traffic,14
1 Sunday,7,2 - medium traffic,17.5
1 Sunday,7,3 - heavy traffic,90
1 Sunday,7,4 - stand still,140
1 Sunday,7.5,0- free flowing,36597
1 Sunday,7.5,1 - light traffic,8
1 Sunday,7.5,2 - medium traffic,45
1 Sunday,7.5,3 - heavy traffic,162
1 Sunday,7.5,4 - stand still,402.5
1 Sunday,8,0- free flowing,41200
1 Sunday,8,1 - light traffic,4
1 Sunday,8,2 - medium traffic,110
1 Sunday,8,3 - heavy traffic,102
1 Sunday,8,4 - stand still,1435
1 Sunday,8.5,0- free flowing,52136
1 Sunday,8.5,1 - light traffic,8
1 Sunday,8.5,2 - medium traffic,62.5
1 Sunday,8.5,3 - heavy traffic,318
1 Sunday,8.5,4 - stand still,2453.5
1 Sunday,9,0- free flowing,68052
1 Sunday,9,1 - light traffic,30
1 Sunday,9,2 - medium traffic,412.5
1 Sunday,9,3 - heavy traffic,441
1 Sunday,9,4 - stand still,2558.5
1 Sunday,9.5,0- free flowing,84361
1 Sunday,9.5,1 - light traffic,50
1 Sunday,9.5,2 - medium traffic,435
1 Sunday,9.5,3 - heavy traffic,1362
1 Sunday,9.5,4 - stand still,2415
1 Sunday,10,0- free flowing,96283
1 Sunday,10,1 - light traffic,52
1 Sunday,10,2 - medium traffic,340
1 Sunday,10,3 - heavy traffic,2268
1 Sunday,10,4 - stand still,4014.5
1 Sunday,10.5,0- free flowing,124964
1 Sunday,10.5,1 - light traffic,310
1 Sunday,10.5,2 - medium traffic,1047.5
1 Sunday,10.5,3 - heavy traffic,4014
1 Sunday,10.5,4 - stand still,7049
1 Sunday,11,0- free flowing,143086
1 Sunday,11,1 - light traffic,628
1 Sunday,11,2 - medium traffic,2882.5
1 Sunday,11,3 - heavy traffic,8112
1 Sunday,11,4 - stand still,7948.5
1 Sunday,11.5,0- free flowing,150323
1 Sunday,11.5,1 - light traffic,658
1 Sunday,11.5,2 - medium traffic,3920
1 Sunday,11.5,3 - heavy traffic,13410
1 Sunday,11.5,4 - stand still,10048.5
1 Sunday,12,0- free flowing,166036
1 Sunday,12,1 - light traffic,1456
1 Sunday,12,2 - medium traffic,6132.5
1 Sunday,12,3 - heavy traffic,19515
1 Sunday,12,4 - stand still,12467
1 Sunday,12.5,0- free flowing,184442
1 Sunday,12.5,1 - light traffic,3090
1 Sunday,12.5,2 - medium traffic,9947.5
1 Sunday,12.5,3 - heavy traffic,28623
1 Sunday,12.5,4 - stand still,13800.5
1 Sunday,13,0- free flowing,194193
1 Sunday,13,1 - light traffic,4832
1 Sunday,13,2 - medium traffic,21102.5
1 Sunday,13,3 - heavy traffic,39963
1 Sunday,13,4 - stand still,18991
1 Sunday,13.5,0- free flowing,192464
1 Sunday,13.5,1 - light traffic,5066
1 Sunday,13.5,2 - medium traffic,30927.5
1 Sunday,13.5,3 - heavy traffic,40497
1 Sunday,13.5,4 - stand still,19838
1 Sunday,14,0- free flowing,194462
1 Sunday,14,1 - light traffic,5066
1 Sunday,14,2 - medium traffic,31215
1 Sunday,14,3 - heavy traffic,43707
1 Sunday,14,4 - stand still,25263
1 Sunday,14.5,0- free flowing,194961
1 Sunday,14.5,1 - light traffic,5106
1 Sunday,14.5,2 - medium traffic,32067.5
1 Sunday,14.5,3 - heavy traffic,50112
1 Sunday,14.5,4 - stand still,27184.5
1 Sunday,15,0- free flowing,200670
1 Sunday,15,1 - light traffic,4564
1 Sunday,15,2 - medium traffic,32552.5
1 Sunday,15,3 - heavy traffic,52818
1 Sunday,15,4 - stand still,26859
1 Sunday,15.5,0- free flowing,196465
1 Sunday,15.5,1 - light traffic,4056
1 Sunday,15.5,2 - medium traffic,32532.5
1 Sunday,15.5,3 - heavy traffic,49761
1 Sunday,15.5,4 - stand still,24997
1 Sunday,16,0- free flowing,194025
1 Sunday,16,1 - light traffic,4164
1 Sunday,16,2 - medium traffic,35000
1 Sunday,16,3 - heavy traffic,48144
1 Sunday,16,4 - stand still,21556.5
1 Sunday,16.5,0- free flowing,191003
1 Sunday,16.5,1 - light traffic,3644
1 Sunday,16.5,2 - medium traffic,38460
1 Sunday,16.5,3 - heavy traffic,42795
1 Sunday,16.5,4 - stand still,19803
1 Sunday,17,0- free flowing,188252
1 Sunday,17,1 - light traffic,4698
1 Sunday,17,2 - medium traffic,33590
1 Sunday,17,3 - heavy traffic,39195
1 Sunday,17,4 - stand still,15925
1 Sunday,17.5,0- free flowing,178743
1 Sunday,17.5,1 - light traffic,3338
1 Sunday,17.5,2 - medium traffic,24400
1 Sunday,17.5,3 - heavy traffic,33240
1 Sunday,17.5,4 - stand still,15816.5
1 Sunday,18,0- free flowing,164848
1 Sunday,18,1 - light traffic,2544
1 Sunday,18,2 - medium traffic,19630
1 Sunday,18,3 - heavy traffic,23325
1 Sunday,18,4 - stand still,11319
1 Sunday,18.5,0- free flowing,154696
1 Sunday,18.5,1 - light traffic,2154
1 Sunday,18.5,2 - medium traffic,13615
1 Sunday,18.5,3 - heavy traffic,17919
1 Sunday,18.5,4 - stand still,7143.5
1 Sunday,19,0- free flowing,136064
1 Sunday,19,1 - light traffic,1014
1 Sunday,19,2 - medium traffic,9590
1 Sunday,19,3 - heavy traffic,11733
1 Sunday,19,4 - stand still,6993
1 Sunday,19.5,0- free flowing,125441
1 Sunday,19.5,1 - light traffic,810
1 Sunday,19.5,2 - medium traffic,4750
1 Sunday,19.5,3 - heavy traffic,9852
1 Sunday,19.5,4 - stand still,6429.5
1 Sunday,20,0- free flowing,106872
1 Sunday,20,1 - light traffic,770
1 Sunday,20,2 - medium traffic,4747.5
1 Sunday,20,3 - heavy traffic,4245
1 Sunday,20,4 - stand still,3395
1 Sunday,20.5,0- free flowing,96693
1 Sunday,20.5,1 - light traffic,440
1 Sunday,20.5,2 - medium traffic,2572.5
1 Sunday,20.5,3 - heavy traffic,2637
1 Sunday,20.5,4 - stand still,2744
1 Sunday,21,0- free flowing,84772
1 Sunday,21,1 - light traffic,454
1 Sunday,21,2 - medium traffic,1322.5
1 Sunday,21,3 - heavy traffic,2112
1 Sunday,21,4 - stand still,1925
1 Sunday,21.5,0- free flowing,72099
1 Sunday,21.5,1 - light traffic,220
1 Sunday,21.5,2 - medium traffic,872.5
1 Sunday,21.5,3 - heavy traffic,2016
1 Sunday,21.5,4 - stand still,3549
1 Sunday,22,0- free flowing,61124
1 Sunday,22,1 - light traffic,228
1 Sunday,22,2 - medium traffic,465
1 Sunday,22,3 - heavy traffic,1197
1 Sunday,22,4 - stand still,2534
1 Sunday,22.5,0- free flowing,50916
1 Sunday,22.5,1 - light traffic,158
1 Sunday,22.5,2 - medium traffic,382.5
1 Sunday,22.5,3 - heavy traffic,783
1 Sunday,22.5,4 - stand still,2376.5
1 Sunday,23,0- free flowing,42647
1 Sunday,23,1 - light traffic,150
1 Sunday,23,2 - medium traffic,370
1 Sunday,23,3 - heavy traffic,537
1 Sunday,23,4 - stand still,2425.5
1 Sunday,23.5,0- free flowing,36406
1 Sunday,23.5,1 - light traffic,64
1 Sunday,23.5,2 - medium traffic,170
1 Sunday,23.5,3 - heavy traffic,279
1 Sunday,23.5,4 - stand still,1708
1 Sunday,24,0- free flowing,42193
1 Sunday,24,1 - light traffic,32
1 Sunday,24,2 - medium traffic,112.5
1 Sunday,24,3 - heavy traffic,237
1 Sunday,24,4 - stand still,647.5
2 Monday,0.5,0- free flowing,27624
2 Monday,0.5,1 - light traffic,34
2 Monday,0.5,2 - medium traffic,50
2 Monday,0.5,3 - heavy traffic,144
2 Monday,0.5,4 - stand still,416.5
2 Monday,1,0- free flowing,23629
2 Monday,1,1 - light traffic,36
2 Monday,1,2 - medium traffic,25
2 Monday,1,3 - heavy traffic,81
2 Monday,1,4 - stand still,329
2 Monday,1.5,0- free flowing,20360
2 Monday,1.5,1 - light traffic,26
2 Monday,1.5,2 - medium traffic,15
2 Monday,1.5,3 - heavy traffic,69
2 Monday,1.5,4 - stand still,301
2 Monday,2,0- free flowing,18014
2 Monday,2,1 - light traffic,22
2 Monday,2,2 - medium traffic,47.5
2 Monday,2,3 - heavy traffic,69
2 Monday,2,4 - stand still,437.5
2 Monday,2.5,0- free flowing,16324
2 Monday,2.5,1 - light traffic,28
2 Monday,2.5,2 - medium traffic,25
2 Monday,2.5,3 - heavy traffic,93
2 Monday,2.5,4 - stand still,252
2 Monday,3,0- free flowing,14350
2 Monday,3,1 - light traffic,10
2 Monday,3,2 - medium traffic,20
2 Monday,3,3 - heavy traffic,78
2 Monday,3,4 - stand still,63
2 Monday,3.5,0- free flowing,14004
2 Monday,3.5,1 - light traffic,14
2 Monday,3.5,2 - medium traffic,27.5
2 Monday,3.5,3 - heavy traffic,39
2 Monday,3.5,4 - stand still,94.5
2 Monday,4,0- free flowing,15433
2 Monday,4,1 - light traffic,16
2 Monday,4,2 - medium traffic,55
2 Monday,4,3 - heavy traffic,45
2 Monday,4,4 - stand still,126
2 Monday,4.5,0- free flowing,18250
2 Monday,4.5,1 - light traffic,14
2 Monday,4.5,2 - medium traffic,20
2 Monday,4.5,3 - heavy traffic,39
2 Monday,4.5,4 - stand still,136.5
2 Monday,5,0- free flowing,24483
2 Monday,5,1 - light traffic,16
2 Monday,5,2 - medium traffic,10
2 Monday,5,3 - heavy traffic,60
2 Monday,5,4 - stand still,91
2 Monday,5.5,0- free flowing,31789
2 Monday,5.5,1 - light traffic,6
2 Monday,5.5,2 - medium traffic,40
2 Monday,5.5,3 - heavy traffic,132
2 Monday,5.5,4 - stand still,171.5
2 Monday,6,0- free flowing,36733
2 Monday,6,1 - light traffic,10
2 Monday,6,2 - medium traffic,22.5
2 Monday,6,3 - heavy traffic,165
2 Monday,6,4 - stand still,392
2 Monday,6.5,0- free flowing,48484
2 Monday,6.5,1 - light traffic,6
2 Monday,6.5,2 - medium traffic,72.5
2 Monday,6.5,3 - heavy traffic,372
2 Monday,6.5,4 - stand still,717.5
2 Monday,7,0- free flowing,67635
2 Monday,7,1 - light traffic,78
2 Monday,7,2 - medium traffic,512.5
2 Monday,7,3 - heavy traffic,1131
2 Monday,7,4 - stand still,2320.5
2 Monday,7.5,0- free flowing,108209
2 Monday,7.5,1 - light traffic,728
2 Monday,7.5,2 - medium traffic,3042.5
2 Monday,7.5,3 - heavy traffic,4809
2 Monday,7.5,4 - stand still,3836
2 Monday,8,0- free flowing,129402
2 Monday,8,1 - light traffic,1420
2 Monday,8,2 - medium traffic,9000
2 Monday,8,3 - heavy traffic,19029
2 Monday,8,4 - stand still,7444.5
2 Monday,8.5,0- free flowing,134840
2 Monday,8.5,1 - light traffic,986
2 Monday,8.5,2 - medium traffic,6112.5
2 Monday,8.5,3 - heavy traffic,11376
2 Monday,8.5,4 - stand still,7668.5
2 Monday,9,0- free flowing,125488
2 Monday,9,1 - light traffic,712
2 Monday,9,2 - medium traffic,3355
2 Monday,9,3 - heavy traffic,4695
2 Monday,9,4 - stand still,4795
2 Monday,9.5,0- free flowing,120758
2 Monday,9.5,1 - light traffic,146
2 Monday,9.5,2 - medium traffic,520
2 Monday,9.5,3 - heavy traffic,2508
2 Monday,9.5,4 - stand still,2320.5
2 Monday,10,0- free flowing,123830
2 Monday,10,1 - light traffic,170
2 Monday,10,2 - medium traffic,392.5
2 Monday,10,3 - heavy traffic,1449
2 Monday,10,4 - stand still,1869
2 Monday,10.5,0- free flowing,129777
2 Monday,10.5,1 - light traffic,120
2 Monday,10.5,2 - medium traffic,267.5
2 Monday,10.5,3 - heavy traffic,1053
2 Monday,10.5,4 - stand still,1463
2 Monday,11,0- free flowing,140156
2 Monday,11,1 - light traffic,196
2 Monday,11,2 - medium traffic,895
2 Monday,11,3 - heavy traffic,1887
2 Monday,11,4 - stand still,1669.5
2 Monday,11.5,0- free flowing,145109
2 Monday,11.5,1 - light traffic,572
2 Monday,11.5,2 - medium traffic,1565
2 Monday,11.5,3 - heavy traffic,4290
2 Monday,11.5,4 - stand still,1935.5
2 Monday,12,0- free flowing,152269
2 Monday,12,1 - light traffic,746
2 Monday,12,2 - medium traffic,2447.5
2 Monday,12,3 - heavy traffic,9717
2 Monday,12,4 - stand still,3944.5
2 Monday,12.5,0- free flowing,159972
2 Monday,12.5,1 - light traffic,1094
2 Monday,12.5,2 - medium traffic,4087.5
2 Monday,12.5,3 - heavy traffic,14706
2 Monday,12.5,4 - stand still,6300
2 Monday,13,0- free flowing,170267
2 Monday,13,1 - light traffic,1358
2 Monday,13,2 - medium traffic,7337.5
2 Monday,13,3 - heavy traffic,17673
2 Monday,13,4 - stand still,7196
2 Monday,13.5,0- free flowing,174016
2 Monday,13.5,1 - light traffic,1906
2 Monday,13.5,2 - medium traffic,9477.5
2 Monday,13.5,3 - heavy traffic,19698
2 Monday,13.5,4 - stand still,7668.5
2 Monday,14,0- free flowing,172972
2 Monday,14,1 - light traffic,1432
2 Monday,14,2 - medium traffic,12490
2 Monday,14,3 - heavy traffic,19728
2 Monday,14,4 - stand still,7017.5
2 Monday,14.5,0- free flowing,175240
2 Monday,14.5,1 - light traffic,2394
2 Monday,14.5,2 - medium traffic,13030
2 Monday,14.5,3 - heavy traffic,25242
2 Monday,14.5,4 - stand still,6727
2 Monday,15,0- free flowing,183735
2 Monday,15,1 - light traffic,2578
2 Monday,15,2 - medium traffic,13655
2 Monday,15,3 - heavy traffic,32556
2 Monday,15,4 - stand still,5449.5
2 Monday,15.5,0- free flowing,191121
2 Monday,15.5,1 - light traffic,3150
2 Monday,15.5,2 - medium traffic,19445
2 Monday,15.5,3 - heavy traffic,33141
2 Monday,15.5,4 - stand still,8879.5
2 Monday,16,0- free flowing,189797
2 Monday,16,1 - light traffic,3230
2 Monday,16,2 - medium traffic,26595
2 Monday,16,3 - heavy traffic,30897
2 Monday,16,4 - stand still,10496.5
2 Monday,16.5,0- free flowing,203616
2 Monday,16.5,1 - light traffic,2696
2 Monday,16.5,2 - medium traffic,29102.5
2 Monday,16.5,3 - heavy traffic,36756
2 Monday,16.5,4 - stand still,8361.5
2 Monday,17,0- free flowing,216315
2 Monday,17,1 - light traffic,2854
2 Monday,17,2 - medium traffic,30827.5
2 Monday,17,3 - heavy traffic,50253
2 Monday,17,4 - stand still,8921.5
2 Monday,17.5,0- free flowing,225913
2 Monday,17.5,1 - light traffic,3602
2 Monday,17.5,2 - medium traffic,33305
2 Monday,17.5,3 - heavy traffic,72825
2 Monday,17.5,4 - stand still,14549.5
2 Monday,18,0- free flowing,192741
2 Monday,18,1 - light traffic,3054
2 Monday,18,2 - medium traffic,21722.5
2 Monday,18,3 - heavy traffic,37725
2 Monday,18,4 - stand still,10136
2 Monday,18.5,0- free flowing,159488
2 Monday,18.5,1 - light traffic,1442
2 Monday,18.5,2 - medium traffic,9255
2 Monday,18.5,3 - heavy traffic,9024
2 Monday,18.5,4 - stand still,4424
2 Monday,19,0- free flowing,125762
2 Monday,19,1 - light traffic,510
2 Monday,19,2 - medium traffic,1957.5
2 Monday,19,3 - heavy traffic,2652
2 Monday,19,4 - stand still,2534
2 Monday,19.5,0- free flowing,107700
2 Monday,19.5,1 - light traffic,308
2 Monday,19.5,2 - medium traffic,500
2 Monday,19.5,3 - heavy traffic,1080
2 Monday,19.5,4 - stand still,3013.5
2 Monday,20,0- free flowing,93970
2 Monday,20,1 - light traffic,98
2 Monday,20,2 - medium traffic,467.5
2 Monday,20,3 - heavy traffic,519
2 Monday,20,4 - stand still,2285.5
2 Monday,20.5,0- free flowing,82274
2 Monday,20.5,1 - light traffic,226
2 Monday,20.5,2 - medium traffic,302.5
2 Monday,20.5,3 - heavy traffic,669
2 Monday,20.5,4 - stand still,1417.5
2 Monday,21,0- free flowing,72409
2 Monday,21,1 - light traffic,206
2 Monday,21,2 - medium traffic,157.5
2 Monday,21,3 - heavy traffic,717
2 Monday,21,4 - stand still,686
2 Monday,21.5,0- free flowing,62767
2 Monday,21.5,1 - light traffic,84
2 Monday,21.5,2 - medium traffic,365
2 Monday,21.5,3 - heavy traffic,1242
2 Monday,21.5,4 - stand still,1977.5
2 Monday,22,0- free flowing,52012
2 Monday,22,1 - light traffic,48
2 Monday,22,2 - medium traffic,85
2 Monday,22,3 - heavy traffic,1086
2 Monday,22,4 - stand still,2793
2 Monday,22.5,0- free flowing,44341
2 Monday,22.5,1 - light traffic,22
2 Monday,22.5,2 - medium traffic,167.5
2 Monday,22.5,3 - heavy traffic,756
2 Monday,22.5,4 - stand still,1522.5
2 Monday,23,0- free flowing,38983
2 Monday,23,1 - light traffic,30
2 Monday,23,2 - medium traffic,280
2 Monday,23,3 - heavy traffic,672
2 Monday,23,4 - stand still,1018.5
2 Monday,23.5,0- free flowing,34946
2 Monday,23.5,1 - light traffic,48
2 Monday,23.5,2 - medium traffic,172.5
2 Monday,23.5,3 - heavy traffic,552
2 Monday,23.5,4 - stand still,1393
2 Monday,24,0- free flowing,31917
2 Monday,24,1 - light traffic,58
2 Monday,24,2 - medium traffic,117.5
2 Monday,24,3 - heavy traffic,222
2 Monday,24,4 - stand still,1641.5
3 Tuesday,0.5,0- free flowing,25877
3 Tuesday,0.5,1 - light traffic,24
3 Tuesday,0.5,2 - medium traffic,72.5
3 Tuesday,0.5,3 - heavy traffic,264
3 Tuesday,0.5,4 - stand still,1267
3 Tuesday,1,0- free flowing,21804
3 Tuesday,1,1 - light traffic,56
3 Tuesday,1,2 - medium traffic,35
3 Tuesday,1,3 - heavy traffic,279
3 Tuesday,1,4 - stand still,903
3 Tuesday,1.5,0- free flowing,17955
3 Tuesday,1.5,1 - light traffic,28
3 Tuesday,1.5,2 - medium traffic,35
3 Tuesday,1.5,3 - heavy traffic,84
3 Tuesday,1.5,4 - stand still,521.5
3 Tuesday,2,0- free flowing,15905
3 Tuesday,2,1 - light traffic,48
3 Tuesday,2,2 - medium traffic,32.5
3 Tuesday,2,3 - heavy traffic,141
3 Tuesday,2,4 - stand still,360.5
3 Tuesday,2.5,0- free flowing,14542
3 Tuesday,2.5,1 - light traffic,40
3 Tuesday,2.5,2 - medium traffic,20
3 Tuesday,2.5,3 - heavy traffic,90
3 Tuesday,2.5,4 - stand still,451.5
3 Tuesday,3,0- free flowing,13754
3 Tuesday,3,1 - light traffic,10
3 Tuesday,3,2 - medium traffic,30
3 Tuesday,3,3 - heavy traffic,90
3 Tuesday,3,4 - stand still,192.5
3 Tuesday,3.5,0- free flowing,14039
3 Tuesday,3.5,1 - light traffic,16
3 Tuesday,3.5,2 - medium traffic,15
3 Tuesday,3.5,3 - heavy traffic,78
3 Tuesday,3.5,4 - stand still,126
3 Tuesday,4,0- free flowing,15078
3 Tuesday,4,1 - light traffic,16
3 Tuesday,4,2 - medium traffic,20
3 Tuesday,4,3 - heavy traffic,66
3 Tuesday,4,4 - stand still,192.5
3 Tuesday,4.5,0- free flowing,17740
3 Tuesday,4.5,1 - light traffic,16
3 Tuesday,4.5,2 - medium traffic,15
3 Tuesday,4.5,3 - heavy traffic,105
3 Tuesday,4.5,4 - stand still,182
3 Tuesday,5,0- free flowing,25008
3 Tuesday,5,1 - light traffic,10
3 Tuesday,5,2 - medium traffic,30
3 Tuesday,5,3 - heavy traffic,90
3 Tuesday,5,4 - stand still,231
3 Tuesday,5.5,0- free flowing,33894
3 Tuesday,5.5,1 - light traffic,20
3 Tuesday,5.5,2 - medium traffic,20
3 Tuesday,5.5,3 - heavy traffic,138
3 Tuesday,5.5,4 - stand still,301
3 Tuesday,6,0- free flowing,41101
3 Tuesday,6,1 - light traffic,12
3 Tuesday,6,2 - medium traffic,17.5
3 Tuesday,6,3 - heavy traffic,144
3 Tuesday,6,4 - stand still,143.5
3 Tuesday,6.5,0- free flowing,53035
3 Tuesday,6.5,1 - light traffic,8
3 Tuesday,6.5,2 - medium traffic,75
3 Tuesday,6.5,3 - heavy traffic,213
3 Tuesday,6.5,4 - stand still,350
3 Tuesday,7,0- free flowing,78505
3 Tuesday,7,1 - light traffic,74
3 Tuesday,7,2 - medium traffic,380
3 Tuesday,7,3 - heavy traffic,1056
3 Tuesday,7,4 - stand still,1064
3 Tuesday,7.5,0- free flowing,126112
3 Tuesday,7.5,1 - light traffic,1318
3 Tuesday,7.5,2 - medium traffic,6792.5
3 Tuesday,7.5,3 - heavy traffic,8661
3 Tuesday,7.5,4 - stand still,2891
3 Tuesday,8,0- free flowing,146047
3 Tuesday,8,1 - light traffic,1460
3 Tuesday,8,2 - medium traffic,13242.5
3 Tuesday,8,3 - heavy traffic,28701
3 Tuesday,8,4 - stand still,7140
3 Tuesday,8.5,0- free flowing,147044
3 Tuesday,8.5,1 - light traffic,1498
3 Tuesday,8.5,2 - medium traffic,8072.5
3 Tuesday,8.5,3 - heavy traffic,14160
3 Tuesday,8.5,4 - stand still,4273.5
3 Tuesday,9,0- free flowing,128733
3 Tuesday,9,1 - light traffic,828
3 Tuesday,9,2 - medium traffic,3812.5
3 Tuesday,9,3 - heavy traffic,6750
3 Tuesday,9,4 - stand still,4910.5
3 Tuesday,9.5,0- free flowing,117850
3 Tuesday,9.5,1 - light traffic,206
3 Tuesday,9.5,2 - medium traffic,1305
3 Tuesday,9.5,3 - heavy traffic,3225
3 Tuesday,9.5,4 - stand still,3584
3 Tuesday,10,0- free flowing,119891
3 Tuesday,10,1 - light traffic,176
3 Tuesday,10,2 - medium traffic,632.5
3 Tuesday,10,3 - heavy traffic,2415
3 Tuesday,10,4 - stand still,1946
3 Tuesday,10.5,0- free flowing,122130
3 Tuesday,10.5,1 - light traffic,184
3 Tuesday,10.5,2 - medium traffic,705
3 Tuesday,10.5,3 - heavy traffic,1716
3 Tuesday,10.5,4 - stand still,1799
3 Tuesday,11,0- free flowing,127940
3 Tuesday,11,1 - light traffic,146
3 Tuesday,11,2 - medium traffic,670
3 Tuesday,11,3 - heavy traffic,3768
3 Tuesday,11,4 - stand still,2271.5
3 Tuesday,11.5,0- free flowing,133993
3 Tuesday,11.5,1 - light traffic,276
3 Tuesday,11.5,2 - medium traffic,1090
3 Tuesday,11.5,3 - heavy traffic,5121
3 Tuesday,11.5,4 - stand still,2719.5
3 Tuesday,12,0- free flowing,141046
3 Tuesday,12,1 - light traffic,504
3 Tuesday,12,2 - medium traffic,2155
3 Tuesday,12,3 - heavy traffic,6978
3 Tuesday,12,4 - stand still,2555
3 Tuesday,12.5,0- free flowing,150028
3 Tuesday,12.5,1 - light traffic,972
3 Tuesday,12.5,2 - medium traffic,3285
3 Tuesday,12.5,3 - heavy traffic,8889
3 Tuesday,12.5,4 - stand still,2933
3 Tuesday,13,0- free flowing,149180
3 Tuesday,13,1 - light traffic,1054
3 Tuesday,13,2 - medium traffic,4580
3 Tuesday,13,3 - heavy traffic,12024
3 Tuesday,13,4 - stand still,3801
3 Tuesday,13.5,0- free flowing,149602
3 Tuesday,13.5,1 - light traffic,948
3 Tuesday,13.5,2 - medium traffic,5935
3 Tuesday,13.5,3 - heavy traffic,15597
3 Tuesday,13.5,4 - stand still,4487
3 Tuesday,14,0- free flowing,141990
3 Tuesday,14,1 - light traffic,1526
3 Tuesday,14,2 - medium traffic,6452.5
3 Tuesday,14,3 - heavy traffic,15912
3 Tuesday,14,4 - stand still,5796
3 Tuesday,14.5,0- free flowing,154454
3 Tuesday,14.5,1 - light traffic,1848
3 Tuesday,14.5,2 - medium traffic,7790
3 Tuesday,14.5,3 - heavy traffic,18099
3 Tuesday,14.5,4 - stand still,6919.5
3 Tuesday,15,0- free flowing,162940
3 Tuesday,15,1 - light traffic,1756
3 Tuesday,15,2 - medium traffic,10330
3 Tuesday,15,3 - heavy traffic,18384
3 Tuesday,15,4 - stand still,8858.5
3 Tuesday,15.5,0- free flowing,172133
3 Tuesday,15.5,1 - light traffic,3912
3 Tuesday,15.5,2 - medium traffic,15382.5
3 Tuesday,15.5,3 - heavy traffic,18981
3 Tuesday,15.5,4 - stand still,10003
3 Tuesday,16,0- free flowing,175610
3 Tuesday,16,1 - light traffic,3136
3 Tuesday,16,2 - medium traffic,26300
3 Tuesday,16,3 - heavy traffic,24009
3 Tuesday,16,4 - stand still,10468.5
3 Tuesday,16.5,0- free flowing,190975
3 Tuesday,16.5,1 - light traffic,2158
3 Tuesday,16.5,2 - medium traffic,30882.5
3 Tuesday,16.5,3 - heavy traffic,32073
3 Tuesday,16.5,4 - stand still,12306
3 Tuesday,17,0- free flowing,201385
3 Tuesday,17,1 - light traffic,2854
3 Tuesday,17,2 - medium traffic,31515
3 Tuesday,17,3 - heavy traffic,44856
3 Tuesday,17,4 - stand still,14497
3 Tuesday,17.5,0- free flowing,212067
3 Tuesday,17.5,1 - light traffic,4264
3 Tuesday,17.5,2 - medium traffic,28755
3 Tuesday,17.5,3 - heavy traffic,78777
3 Tuesday,17.5,4 - stand still,22816.5
3 Tuesday,18,0- free flowing,186291
3 Tuesday,18,1 - light traffic,2434
3 Tuesday,18,2 - medium traffic,23405
3 Tuesday,18,3 - heavy traffic,41079
3 Tuesday,18,4 - stand still,12061
3 Tuesday,18.5,0- free flowing,154504
3 Tuesday,18.5,1 - light traffic,1698
3 Tuesday,18.5,2 - medium traffic,13705
3 Tuesday,18.5,3 - heavy traffic,11847
3 Tuesday,18.5,4 - stand still,6611.5
3 Tuesday,19,0- free flowing,119219
3 Tuesday,19,1 - light traffic,876
3 Tuesday,19,2 - medium traffic,2080
3 Tuesday,19,3 - heavy traffic,4863
3 Tuesday,19,4 - stand still,4308.5
3 Tuesday,19.5,0- free flowing,100814
3 Tuesday,19.5,1 - light traffic,402
3 Tuesday,19.5,2 - medium traffic,1255
3 Tuesday,19.5,3 - heavy traffic,1896
3 Tuesday,19.5,4 - stand still,2978.5
3 Tuesday,20,0- free flowing,85468
3 Tuesday,20,1 - light traffic,426
3 Tuesday,20,2 - medium traffic,602.5
3 Tuesday,20,3 - heavy traffic,948
3 Tuesday,20,4 - stand still,1771
3 Tuesday,20.5,0- free flowing,76026
3 Tuesday,20.5,1 - light traffic,214
3 Tuesday,20.5,2 - medium traffic,280
3 Tuesday,20.5,3 - heavy traffic,804
3 Tuesday,20.5,4 - stand still,1323
3 Tuesday,21,0- free flowing,67989
3 Tuesday,21,1 - light traffic,352
3 Tuesday,21,2 - medium traffic,427.5
3 Tuesday,21,3 - heavy traffic,924
3 Tuesday,21,4 - stand still,1403.5
3 Tuesday,21.5,0- free flowing,58151
3 Tuesday,21.5,1 - light traffic,98
3 Tuesday,21.5,2 - medium traffic,210
3 Tuesday,21.5,3 - heavy traffic,1545
3 Tuesday,21.5,4 - stand still,2425.5
3 Tuesday,22,0- free flowing,47977
3 Tuesday,22,1 - light traffic,32
3 Tuesday,22,2 - medium traffic,285
3 Tuesday,22,3 - heavy traffic,1107
3 Tuesday,22,4 - stand still,2751
3 Tuesday,22.5,0- free flowing,43529
3 Tuesday,22.5,1 - light traffic,24
3 Tuesday,22.5,2 - medium traffic,252.5
3 Tuesday,22.5,3 - heavy traffic,1035
3 Tuesday,22.5,4 - stand still,1960
3 Tuesday,23,0- free flowing,38639
3 Tuesday,23,1 - light traffic,32
3 Tuesday,23,2 - medium traffic,220
3 Tuesday,23,3 - heavy traffic,969
3 Tuesday,23,4 - stand still,1571.5
3 Tuesday,23.5,0- free flowing,34362
3 Tuesday,23.5,1 - light traffic,20
3 Tuesday,23.5,2 - medium traffic,250
3 Tuesday,23.5,3 - heavy traffic,669
3 Tuesday,23.5,4 - stand still,749
3 Tuesday,24,0- free flowing,29080
3 Tuesday,24,1 - light traffic,48
3 Tuesday,24,2 - medium traffic,95
3 Tuesday,24,3 - heavy traffic,405
3 Tuesday,24,4 - stand still,819
4 Wednesday,0.5,0- free flowing,24867
4 Wednesday,0.5,1 - light traffic,46
4 Wednesday,0.5,2 - medium traffic,62.5
4 Wednesday,0.5,3 - heavy traffic,159
4 Wednesday,0.5,4 - stand still,392
4 Wednesday,1,0- free flowing,20837
4 Wednesday,1,1 - light traffic,42
4 Wednesday,1,2 - medium traffic,52.5
4 Wednesday,1,3 - heavy traffic,138
4 Wednesday,1,4 - stand still,462
4 Wednesday,1.5,0- free flowing,17334
4 Wednesday,1.5,1 - light traffic,42
4 Wednesday,1.5,2 - medium traffic,52.5
4 Wednesday,1.5,3 - heavy traffic,99
4 Wednesday,1.5,4 - stand still,360.5
4 Wednesday,2,0- free flowing,15087
4 Wednesday,2,1 - light traffic,28
4 Wednesday,2,2 - medium traffic,22.5
4 Wednesday,2,3 - heavy traffic,72
4 Wednesday,2,4 - stand still,224
4 Wednesday,2.5,0- free flowing,13961
4 Wednesday,2.5,1 - light traffic,16
4 Wednesday,2.5,2 - medium traffic,15
4 Wednesday,2.5,3 - heavy traffic,39
4 Wednesday,2.5,4 - stand still,308
4 Wednesday,3,0- free flowing,13629
4 Wednesday,3,1 - light traffic,16
4 Wednesday,3,2 - medium traffic,20
4 Wednesday,3,3 - heavy traffic,48
4 Wednesday,3,4 - stand still,210
4 Wednesday,3.5,0- free flowing,13265
4 Wednesday,3.5,1 - light traffic,18
4 Wednesday,3.5,2 - medium traffic,42.5
4 Wednesday,3.5,3 - heavy traffic,36
4 Wednesday,3.5,4 - stand still,297.5
4 Wednesday,4,0- free flowing,14626
4 Wednesday,4,1 - light traffic,6
4 Wednesday,4,2 - medium traffic,35
4 Wednesday,4,3 - heavy traffic,87
4 Wednesday,4,4 - stand still,143.5
4 Wednesday,4.5,0- free flowing,17914
4 Wednesday,4.5,1 - light traffic,8
4 Wednesday,4.5,2 - medium traffic,20
4 Wednesday,4.5,3 - heavy traffic,105
4 Wednesday,4.5,4 - stand still,35
4 Wednesday,5,0- free flowing,23775
4 Wednesday,5,1 - light traffic,26
4 Wednesday,5,2 - medium traffic,35
4 Wednesday,5,3 - heavy traffic,99
4 Wednesday,5,4 - stand still,164.5
4 Wednesday,5.5,0- free flowing,31964
4 Wednesday,5.5,1 - light traffic,8
4 Wednesday,5.5,2 - medium traffic,42.5
4 Wednesday,5.5,3 - heavy traffic,252
4 Wednesday,5.5,4 - stand still,336
4 Wednesday,6,0- free flowing,38339
4 Wednesday,6,1 - light traffic,10
4 Wednesday,6,2 - medium traffic,75
4 Wednesday,6,3 - heavy traffic,219
4 Wednesday,6,4 - stand still,381.5
4 Wednesday,6.5,0- free flowing,50405
4 Wednesday,6.5,1 - light traffic,26
4 Wednesday,6.5,2 - medium traffic,122.5
4 Wednesday,6.5,3 - heavy traffic,237
4 Wednesday,6.5,4 - stand still,483
4 Wednesday,7,0- free flowing,72469
4 Wednesday,7,1 - light traffic,82
4 Wednesday,7,2 - medium traffic,535
4 Wednesday,7,3 - heavy traffic,1026
4 Wednesday,7,4 - stand still,1295
4 Wednesday,7.5,0- free flowing,116076
4 Wednesday,7.5,1 - light traffic,1140
4 Wednesday,7.5,2 - medium traffic,7445
4 Wednesday,7.5,3 - heavy traffic,6867
4 Wednesday,7.5,4 - stand still,1984.5
4 Wednesday,8,0- free flowing,139423
4 Wednesday,8,1 - light traffic,1872
4 Wednesday,8,2 - medium traffic,12667.5
4 Wednesday,8,3 - heavy traffic,27780
4 Wednesday,8,4 - stand still,7238
4 Wednesday,8.5,0- free flowing,142800
4 Wednesday,8.5,1 - light traffic,1620
4 Wednesday,8.5,2 - medium traffic,8275
4 Wednesday,8.5,3 - heavy traffic,15966
4 Wednesday,8.5,4 - stand still,5701.5
4 Wednesday,9,0- free flowing,127701
4 Wednesday,9,1 - light traffic,900
4 Wednesday,9,2 - medium traffic,4222.5
4 Wednesday,9,3 - heavy traffic,8262
4 Wednesday,9,4 - stand still,3990
4 Wednesday,9.5,0- free flowing,120678
4 Wednesday,9.5,1 - light traffic,384
4 Wednesday,9.5,2 - medium traffic,2157.5
4 Wednesday,9.5,3 - heavy traffic,2673
4 Wednesday,9.5,4 - stand still,2488.5
4 Wednesday,10,0- free flowing,122544
4 Wednesday,10,1 - light traffic,268
4 Wednesday,10,2 - medium traffic,1415
4 Wednesday,10,3 - heavy traffic,2769
4 Wednesday,10,4 - stand still,1421
4 Wednesday,10.5,0- free flowing,124701
4 Wednesday,10.5,1 - light traffic,396
4 Wednesday,10.5,2 - medium traffic,1172.5
4 Wednesday,10.5,3 - heavy traffic,3390
4 Wednesday,10.5,4 - stand still,1218
4 Wednesday,11,0- free flowing,132473
4 Wednesday,11,1 - light traffic,714
4 Wednesday,11,2 - medium traffic,2210
4 Wednesday,11,3 - heavy traffic,3978
4 Wednesday,11,4 - stand still,4256
4 Wednesday,11.5,0- free flowing,140261
4 Wednesday,11.5,1 - light traffic,1084
4 Wednesday,11.5,2 - medium traffic,3870
4 Wednesday,11.5,3 - heavy traffic,6642
4 Wednesday,11.5,4 - stand still,5124
4 Wednesday,12,0- free flowing,148249
4 Wednesday,12,1 - light traffic,980
4 Wednesday,12,2 - medium traffic,6297.5
4 Wednesday,12,3 - heavy traffic,10956
4 Wednesday,12,4 - stand still,5988.5
4 Wednesday,12.5,0- free flowing,158153
4 Wednesday,12.5,1 - light traffic,1412
4 Wednesday,12.5,2 - medium traffic,7455
4 Wednesday,12.5,3 - heavy traffic,16551
4 Wednesday,12.5,4 - stand still,6520.5
4 Wednesday,13,0- free flowing,157619
4 Wednesday,13,1 - light traffic,1662
4 Wednesday,13,2 - medium traffic,8347.5
4 Wednesday,13,3 - heavy traffic,15477
4 Wednesday,13,4 - stand still,9114
4 Wednesday,13.5,0- free flowing,160997
4 Wednesday,13.5,1 - light traffic,1398
4 Wednesday,13.5,2 - medium traffic,10092.5
4 Wednesday,13.5,3 - heavy traffic,15783
4 Wednesday,13.5,4 - stand still,9999.5
4 Wednesday,14,0- free flowing,162168
4 Wednesday,14,1 - light traffic,1856
4 Wednesday,14,2 - medium traffic,11245
4 Wednesday,14,3 - heavy traffic,17283
4 Wednesday,14,4 - stand still,9334.5
4 Wednesday,14.5,0- free flowing,166687
4 Wednesday,14.5,1 - light traffic,2486
4 Wednesday,14.5,2 - medium traffic,15547.5
4 Wednesday,14.5,3 - heavy traffic,21741
4 Wednesday,14.5,4 - stand still,11630.5
4 Wednesday,15,0- free flowing,173308
4 Wednesday,15,1 - light traffic,4302
4 Wednesday,15,2 - medium traffic,18112.5
4 Wednesday,15,3 - heavy traffic,25074
4 Wednesday,15,4 - stand still,15375.5
4 Wednesday,15.5,0- free flowing,181524
4 Wednesday,15.5,1 - light traffic,4842
4 Wednesday,15.5,2 - medium traffic,22750
4 Wednesday,15.5,3 - heavy traffic,35787
4 Wednesday,15.5,4 - stand still,13552
4 Wednesday,16,0- free flowing,177382
4 Wednesday,16,1 - light traffic,3788
4 Wednesday,16,2 - medium traffic,31585
4 Wednesday,16,3 - heavy traffic,35532
4 Wednesday,16,4 - stand still,11963
4 Wednesday,16.5,0- free flowing,194213
4 Wednesday,16.5,1 - light traffic,3000
4 Wednesday,16.5,2 - medium traffic,34785
4 Wednesday,16.5,3 - heavy traffic,47007
4 Wednesday,16.5,4 - stand still,15078
4 Wednesday,17,0- free flowing,208296
4 Wednesday,17,1 - light traffic,3482
4 Wednesday,17,2 - medium traffic,32405
4 Wednesday,17,3 - heavy traffic,69051
4 Wednesday,17,4 - stand still,17468.5
4 Wednesday,17.5,0- free flowing,220976
4 Wednesday,17.5,1 - light traffic,4402
4 Wednesday,17.5,2 - medium traffic,27367.5
4 Wednesday,17.5,3 - heavy traffic,106692
4 Wednesday,17.5,4 - stand still,21185.5
4 Wednesday,18,0- free flowing,194200
4 Wednesday,18,1 - light traffic,3220
4 Wednesday,18,2 - medium traffic,23537.5
4 Wednesday,18,3 - heavy traffic,61422
4 Wednesday,18,4 - stand still,12565
4 Wednesday,18.5,0- free flowing,156135
4 Wednesday,18.5,1 - light traffic,2058
4 Wednesday,18.5,2 - medium traffic,18830
4 Wednesday,18.5,3 - heavy traffic,17454
4 Wednesday,18.5,4 - stand still,7591.5
4 Wednesday,19,0- free flowing,121930
4 Wednesday,19,1 - light traffic,1230
4 Wednesday,19,2 - medium traffic,6010
4 Wednesday,19,3 - heavy traffic,5259
4 Wednesday,19,4 - stand still,5173
4 Wednesday,19.5,0- free flowing,102821
4 Wednesday,19.5,1 - light traffic,314
4 Wednesday,19.5,2 - medium traffic,1720
4 Wednesday,19.5,3 - heavy traffic,2979
4 Wednesday,19.5,4 - stand still,1974
4 Wednesday,20,0- free flowing,88434
4 Wednesday,20,1 - light traffic,108
4 Wednesday,20,2 - medium traffic,1807.5
4 Wednesday,20,3 - heavy traffic,975
4 Wednesday,20,4 - stand still,980
4 Wednesday,20.5,0- free flowing,78997
4 Wednesday,20.5,1 - light traffic,196
4 Wednesday,20.5,2 - medium traffic,360
4 Wednesday,20.5,3 - heavy traffic,1296
4 Wednesday,20.5,4 - stand still,1809.5
4 Wednesday,21,0- free flowing,70553
4 Wednesday,21,1 - light traffic,142
4 Wednesday,21,2 - medium traffic,307.5
4 Wednesday,21,3 - heavy traffic,1194
4 Wednesday,21,4 - stand still,1256.5
4 Wednesday,21.5,0- free flowing,62221
4 Wednesday,21.5,1 - light traffic,142
4 Wednesday,21.5,2 - medium traffic,627.5
4 Wednesday,21.5,3 - heavy traffic,1980
4 Wednesday,21.5,4 - stand still,2481.5
4 Wednesday,22,0- free flowing,50352
4 Wednesday,22,1 - light traffic,48
4 Wednesday,22,2 - medium traffic,315
4 Wednesday,22,3 - heavy traffic,1233
4 Wednesday,22,4 - stand still,2789.5
4 Wednesday,22.5,0- free flowing,44248
4 Wednesday,22.5,1 - light traffic,48
4 Wednesday,22.5,2 - medium traffic,377.5
4 Wednesday,22.5,3 - heavy traffic,1143
4 Wednesday,22.5,4 - stand still,2124.5
4 Wednesday,23,0- free flowing,39987
4 Wednesday,23,1 - light traffic,60
4 Wednesday,23,2 - medium traffic,307.5
4 Wednesday,23,3 - heavy traffic,1065
4 Wednesday,23,4 - stand still,1648.5
4 Wednesday,23.5,0- free flowing,35840
4 Wednesday,23.5,1 - light traffic,28
4 Wednesday,23.5,2 - medium traffic,237.5
4 Wednesday,23.5,3 - heavy traffic,1161
4 Wednesday,23.5,4 - stand still,1050
4 Wednesday,24,0- free flowing,29580
4 Wednesday,24,1 - light traffic,50
4 Wednesday,24,2 - medium traffic,122.5
4 Wednesday,24,3 - heavy traffic,504
4 Wednesday,24,4 - stand still,651
5 Thursday,0.5,0- free flowing,27355
5 Thursday,0.5,1 - light traffic,46
5 Thursday,0.5,2 - medium traffic,110
5 Thursday,0.5,3 - heavy traffic,465
5 Thursday,0.5,4 - stand still,675.5
5 Thursday,1,0- free flowing,22812
5 Thursday,1,1 - light traffic,32
5 Thursday,1,2 - medium traffic,75
5 Thursday,1,3 - heavy traffic,144
5 Thursday,1,4 - stand still,626.5
5 Thursday,1.5,0- free flowing,18585
5 Thursday,1.5,1 - light traffic,46
5 Thursday,1.5,2 - medium traffic,45
5 Thursday,1.5,3 - heavy traffic,135
5 Thursday,1.5,4 - stand still,336
5 Thursday,2,0- free flowing,16575
5 Thursday,2,1 - light traffic,34
5 Thursday,2,2 - medium traffic,32.5
5 Thursday,2,3 - heavy traffic,168
5 Thursday,2,4 - stand still,486.5
5 Thursday,2.5,0- free flowing,15524
5 Thursday,2.5,1 - light traffic,12
5 Thursday,2.5,2 - medium traffic,30
5 Thursday,2.5,3 - heavy traffic,84
5 Thursday,2.5,4 - stand still,273
5 Thursday,3,0- free flowing,14826
5 Thursday,3,1 - light traffic,16
5 Thursday,3,2 - medium traffic,42.5
5 Thursday,3,3 - heavy traffic,84
5 Thursday,3,4 - stand still,308
5 Thursday,3.5,0- free flowing,15048
5 Thursday,3.5,1 - light traffic,6
5 Thursday,3.5,2 - medium traffic,50
5 Thursday,3.5,3 - heavy traffic,144
5 Thursday,3.5,4 - stand still,385
5 Thursday,4,0- free flowing,15545
5 Thursday,4,1 - light traffic,8
5 Thursday,4,2 - medium traffic,22.5
5 Thursday,4,3 - heavy traffic,174
5 Thursday,4,4 - stand still,357
5 Thursday,4.5,0- free flowing,19100
5 Thursday,4.5,1 - light traffic,22
5 Thursday,4.5,2 - medium traffic,25
5 Thursday,4.5,3 - heavy traffic,117
5 Thursday,4.5,4 - stand still,367.5
5 Thursday,5,0- free flowing,25447
5 Thursday,5,1 - light traffic,16
5 Thursday,5,2 - medium traffic,47.5
5 Thursday,5,3 - heavy traffic,273
5 Thursday,5,4 - stand still,378
5 Thursday,5.5,0- free flowing,32843
5 Thursday,5.5,1 - light traffic,10
5 Thursday,5.5,2 - medium traffic,62.5
5 Thursday,5.5,3 - heavy traffic,258
5 Thursday,5.5,4 - stand still,483
5 Thursday,6,0- free flowing,38798
5 Thursday,6,1 - light traffic,22
5 Thursday,6,2 - medium traffic,35
5 Thursday,6,3 - heavy traffic,225
5 Thursday,6,4 - stand still,392
5 Thursday,6.5,0- free flowing,50623
5 Thursday,6.5,1 - light traffic,48
5 Thursday,6.5,2 - medium traffic,82.5
5 Thursday,6.5,3 - heavy traffic,249
5 Thursday,6.5,4 - stand still,315
5 Thursday,7,0- free flowing,73111
5 Thursday,7,1 - light traffic,80
5 Thursday,7,2 - medium traffic,392.5
5 Thursday,7,3 - heavy traffic,1272
5 Thursday,7,4 - stand still,1207.5
5 Thursday,7.5,0- free flowing,115692
5 Thursday,7.5,1 - light traffic,1370
5 Thursday,7.5,2 - medium traffic,6017.5
5 Thursday,7.5,3 - heavy traffic,8709
5 Thursday,7.5,4 - stand still,2236.5
5 Thursday,8,0- free flowing,141619
5 Thursday,8,1 - light traffic,1878
5 Thursday,8,2 - medium traffic,12337.5
5 Thursday,8,3 - heavy traffic,28053
5 Thursday,8,4 - stand still,6475
5 Thursday,8.5,0- free flowing,135200
5 Thursday,8.5,1 - light traffic,1328
5 Thursday,8.5,2 - medium traffic,8602.5
5 Thursday,8.5,3 - heavy traffic,12072
5 Thursday,8.5,4 - stand still,6632.5
5 Thursday,9,0- free flowing,124349
5 Thursday,9,1 - light traffic,706
5 Thursday,9,2 - medium traffic,4355
5 Thursday,9,3 - heavy traffic,7311
5 Thursday,9,4 - stand still,6419
5 Thursday,9.5,0- free flowing,119921
5 Thursday,9.5,1 - light traffic,470
5 Thursday,9.5,2 - medium traffic,1725
5 Thursday,9.5,3 - heavy traffic,3564
5 Thursday,9.5,4 - stand still,6258
5 Thursday,10,0- free flowing,120378
5 Thursday,10,1 - light traffic,372
5 Thursday,10,2 - medium traffic,1517.5
5 Thursday,10,3 - heavy traffic,3852
5 Thursday,10,4 - stand still,5484.5
5 Thursday,10.5,0- free flowing,127989
5 Thursday,10.5,1 - light traffic,944
5 Thursday,10.5,2 - medium traffic,2570
5 Thursday,10.5,3 - heavy traffic,2976
5 Thursday,10.5,4 - stand still,4522
5 Thursday,11,0- free flowing,135929
5 Thursday,11,1 - light traffic,976
5 Thursday,11,2 - medium traffic,5115
5 Thursday,11,3 - heavy traffic,4662
5 Thursday,11,4 - stand still,3412.5
5 Thursday,11.5,0- free flowing,145558
5 Thursday,11.5,1 - light traffic,1280
5 Thursday,11.5,2 - medium traffic,4490
5 Thursday,11.5,3 - heavy traffic,8073
5 Thursday,11.5,4 - stand still,5085.5
5 Thursday,12,0- free flowing,152227
5 Thursday,12,1 - light traffic,1990
5 Thursday,12,2 - medium traffic,6352.5
5 Thursday,12,3 - heavy traffic,11604
5 Thursday,12,4 - stand still,7168
5 Thursday,12.5,0- free flowing,162595
5 Thursday,12.5,1 - light traffic,1816
5 Thursday,12.5,2 - medium traffic,10147.5
5 Thursday,12.5,3 - heavy traffic,18549
5 Thursday,12.5,4 - stand still,6895
5 Thursday,13,0- free flowing,166346
5 Thursday,13,1 - light traffic,2614
5 Thursday,13,2 - medium traffic,11455
5 Thursday,13,3 - heavy traffic,22905
5 Thursday,13,4 - stand still,10066
5 Thursday,13.5,0- free flowing,168293
5 Thursday,13.5,1 - light traffic,3380
5 Thursday,13.5,2 - medium traffic,15197.5
5 Thursday,13.5,3 - heavy traffic,23922
5 Thursday,13.5,4 - stand still,9012.5
5 Thursday,14,0- free flowing,165934
5 Thursday,14,1 - light traffic,3998
5 Thursday,14,2 - medium traffic,17022.5
5 Thursday,14,3 - heavy traffic,24408
5 Thursday,14,4 - stand still,8977.5
5 Thursday,14.5,0- free flowing,165634
5 Thursday,14.5,1 - light traffic,3386
5 Thursday,14.5,2 - medium traffic,21967.5
5 Thursday,14.5,3 - heavy traffic,27765
5 Thursday,14.5,4 - stand still,7661.5
5 Thursday,15,0- free flowing,178302
5 Thursday,15,1 - light traffic,3710
5 Thursday,15,2 - medium traffic,26825
5 Thursday,15,3 - heavy traffic,35610
5 Thursday,15,4 - stand still,7731.5
5 Thursday,15.5,0- free flowing,187999
5 Thursday,15.5,1 - light traffic,4548
5 Thursday,15.5,2 - medium traffic,35070
5 Thursday,15.5,3 - heavy traffic,44106
5 Thursday,15.5,4 - stand still,10720.5
5 Thursday,16,0- free flowing,188370
5 Thursday,16,1 - light traffic,4178
5 Thursday,16,2 - medium traffic,44675
5 Thursday,16,3 - heavy traffic,55956
5 Thursday,16,4 - stand still,16229.5
5 Thursday,16.5,0- free flowing,209094
5 Thursday,16.5,1 - light traffic,4566
5 Thursday,16.5,2 - medium traffic,44100
5 Thursday,16.5,3 - heavy traffic,76248
5 Thursday,16.5,4 - stand still,17839.5
5 Thursday,17,0- free flowing,225074
5 Thursday,17,1 - light traffic,5482
5 Thursday,17,2 - medium traffic,39290
5 Thursday,17,3 - heavy traffic,104580
5 Thursday,17,4 - stand still,17132.5
5 Thursday,17.5,0- free flowing,235708
5 Thursday,17.5,1 - light traffic,6038
5 Thursday,17.5,2 - medium traffic,35375
5 Thursday,17.5,3 - heavy traffic,140043
5 Thursday,17.5,4 - stand still,24269
5 Thursday,18,0- free flowing,215033
5 Thursday,18,1 - light traffic,4462
5 Thursday,18,2 - medium traffic,37440
5 Thursday,18,3 - heavy traffic,73602
5 Thursday,18,4 - stand still,16807
5 Thursday,18.5,0- free flowing,175160
5 Thursday,18.5,1 - light traffic,3540
5 Thursday,18.5,2 - medium traffic,26642.5
5 Thursday,18.5,3 - heavy traffic,21567
5 Thursday,18.5,4 - stand still,9170
5 Thursday,19,0- free flowing,140129
5 Thursday,19,1 - light traffic,1510
5 Thursday,19,2 - medium traffic,7605
5 Thursday,19,3 - heavy traffic,7338
5 Thursday,19,4 - stand still,4546.5
5 Thursday,19.5,0- free flowing,119879
5 Thursday,19.5,1 - light traffic,658
5 Thursday,19.5,2 - medium traffic,2667.5
5 Thursday,19.5,3 - heavy traffic,2400
5 Thursday,19.5,4 - stand still,3010
5 Thursday,20,0- free flowing,104476
5 Thursday,20,1 - light traffic,352
5 Thursday,20,2 - medium traffic,1120
5 Thursday,20,3 - heavy traffic,1395
5 Thursday,20,4 - stand still,1669.5
5 Thursday,20.5,0- free flowing,93020
5 Thursday,20.5,1 - light traffic,192
5 Thursday,20.5,2 - medium traffic,715
5 Thursday,20.5,3 - heavy traffic,1548
5 Thursday,20.5,4 - stand still,1760.5
5 Thursday,21,0- free flowing,86711
5 Thursday,21,1 - light traffic,226
5 Thursday,21,2 - medium traffic,1125
5 Thursday,21,3 - heavy traffic,1935
5 Thursday,21,4 - stand still,1904
5 Thursday,21.5,0- free flowing,74581
5 Thursday,21.5,1 - light traffic,254
5 Thursday,21.5,2 - medium traffic,997.5
5 Thursday,21.5,3 - heavy traffic,3483
5 Thursday,21.5,4 - stand still,2943.5
5 Thursday,22,0- free flowing,61011
5 Thursday,22,1 - light traffic,142
5 Thursday,22,2 - medium traffic,707.5
5 Thursday,22,3 - heavy traffic,3039
5 Thursday,22,4 - stand still,3836
5 Thursday,22.5,0- free flowing,52524
5 Thursday,22.5,1 - light traffic,48
5 Thursday,22.5,2 - medium traffic,500
5 Thursday,22.5,3 - heavy traffic,1695
5 Thursday,22.5,4 - stand still,5687.5
5 Thursday,23,0- free flowing,47257
5 Thursday,23,1 - light traffic,94
5 Thursday,23,2 - medium traffic,717.5
5 Thursday,23,3 - heavy traffic,1512
5 Thursday,23,4 - stand still,4137
5 Thursday,23.5,0- free flowing,40324
5 Thursday,23.5,1 - light traffic,40
5 Thursday,23.5,2 - medium traffic,972.5
5 Thursday,23.5,3 - heavy traffic,1326
5 Thursday,23.5,4 - stand still,1302
5 Thursday,24,0- free flowing,31691
5 Thursday,24,1 - light traffic,50
5 Thursday,24,2 - medium traffic,267.5
5 Thursday,24,3 - heavy traffic,825
5 Thursday,24,4 - stand still,903
6 Friday,0.5,0- free flowing,32321
6 Friday,0.5,1 - light traffic,30
6 Friday,0.5,2 - medium traffic,102.5
6 Friday,0.5,3 - heavy traffic,462
6 Friday,0.5,4 - stand still,1484
6 Friday,1,0- free flowing,27346
6 Friday,1,1 - light traffic,30
6 Friday,1,2 - medium traffic,47.5
6 Friday,1,3 - heavy traffic,528
6 Friday,1,4 - stand still,966
6 Friday,1.5,0- free flowing,23885
6 Friday,1.5,1 - light traffic,38
6 Friday,1.5,2 - medium traffic,100
6 Friday,1.5,3 - heavy traffic,357
6 Friday,1.5,4 - stand still,630
6 Friday,2,0- free flowing,20318
6 Friday,2,1 - light traffic,22
6 Friday,2,2 - medium traffic,70
6 Friday,2,3 - heavy traffic,171
6 Friday,2,4 - stand still,385
6 Friday,2.5,0- free flowing,19185
6 Friday,2.5,1 - light traffic,14
6 Friday,2.5,2 - medium traffic,30
6 Friday,2.5,3 - heavy traffic,219
6 Friday,2.5,4 - stand still,290.5
6 Friday,3,0- free flowing,18281
6 Friday,3,1 - light traffic,30
6 Friday,3,2 - medium traffic,40
6 Friday,3,3 - heavy traffic,180
6 Friday,3,4 - stand still,483
6 Friday,3.5,0- free flowing,18282
6 Friday,3.5,1 - light traffic,16
6 Friday,3.5,2 - medium traffic,52.5
6 Friday,3.5,3 - heavy traffic,93
6 Friday,3.5,4 - stand still,518
6 Friday,4,0- free flowing,18538
6 Friday,4,1 - light traffic,8
6 Friday,4,2 - medium traffic,40
6 Friday,4,3 - heavy traffic,78
6 Friday,4,4 - stand still,346.5
6 Friday,4.5,0- free flowing,21184
6 Friday,4.5,1 - light traffic,14
6 Friday,4.5,2 - medium traffic,42.5
6 Friday,4.5,3 - heavy traffic,132
6 Friday,4.5,4 - stand still,367.5
6 Friday,5,0- free flowing,26078
6 Friday,5,1 - light traffic,2
6 Friday,5,2 - medium traffic,65
6 Friday,5,3 - heavy traffic,105
6 Friday,5,4 - stand still,259
6 Friday,5.5,0- free flowing,32778
6 Friday,5.5,1 - light traffic,16
6 Friday,5.5,2 - medium traffic,52.5
6 Friday,5.5,3 - heavy traffic,108
6 Friday,5.5,4 - stand still,192.5
6 Friday,6,0- free flowing,36789
6 Friday,6,1 - light traffic,16
6 Friday,6,2 - medium traffic,35
6 Friday,6,3 - heavy traffic,102
6 Friday,6,4 - stand still,196
6 Friday,6.5,0- free flowing,48752
6 Friday,6.5,1 - light traffic,6
6 Friday,6.5,2 - medium traffic,32.5
6 Friday,6.5,3 - heavy traffic,189
6 Friday,6.5,4 - stand still,290.5
6 Friday,7,0- free flowing,68366
6 Friday,7,1 - light traffic,62
6 Friday,7,2 - medium traffic,262.5
6 Friday,7,3 - heavy traffic,678
6 Friday,7,4 - stand still,917
6 Friday,7.5,0- free flowing,106253
6 Friday,7.5,1 - light traffic,632
6 Friday,7.5,2 - medium traffic,2962.5
6 Friday,7.5,3 - heavy traffic,3399
6 Friday,7.5,4 - stand still,2128
6 Friday,8,0- free flowing,132742
6 Friday,8,1 - light traffic,1328
6 Friday,8,2 - medium traffic,9140
6 Friday,8,3 - heavy traffic,12759
6 Friday,8,4 - stand still,4910.5
6 Friday,8.5,0- free flowing,134269
6 Friday,8.5,1 - light traffic,878
6 Friday,8.5,2 - medium traffic,3882.5
6 Friday,8.5,3 - heavy traffic,6141
6 Friday,8.5,4 - stand still,5022.5
6 Friday,9,0- free flowing,122823
6 Friday,9,1 - light traffic,478
6 Friday,9,2 - medium traffic,1882.5
6 Friday,9,3 - heavy traffic,4194
6 Friday,9,4 - stand still,4217.5
6 Friday,9.5,0- free flowing,123661
6 Friday,9.5,1 - light traffic,272
6 Friday,9.5,2 - medium traffic,1440
6 Friday,9.5,3 - heavy traffic,3027
6 Friday,9.5,4 - stand still,4130
6 Friday,10,0- free flowing,129721
6 Friday,10,1 - light traffic,338
6 Friday,10,2 - medium traffic,2245
6 Friday,10,3 - heavy traffic,4047
6 Friday,10,4 - stand still,3930.5
6 Friday,10.5,0- free flowing,138183
6 Friday,10.5,1 - light traffic,528
6 Friday,10.5,2 - medium traffic,3350
6 Friday,10.5,3 - heavy traffic,4467
6 Friday,10.5,4 - stand still,4595.5
6 Friday,11,0- free flowing,148662
6 Friday,11,1 - light traffic,1140
6 Friday,11,2 - medium traffic,5105
6 Friday,11,3 - heavy traffic,8823
6 Friday,11,4 - stand still,5029.5
6 Friday,11.5,0- free flowing,164653
6 Friday,11.5,1 - light traffic,2010
6 Friday,11.5,2 - medium traffic,9172.5
6 Friday,11.5,3 - heavy traffic,18186
6 Friday,11.5,4 - stand still,6422.5
6 Friday,12,0- free flowing,175528
6 Friday,12,1 - light traffic,3218
6 Friday,12,2 - medium traffic,15485
6 Friday,12,3 - heavy traffic,28842
6 Friday,12,4 - stand still,7409.5
6 Friday,12.5,0- free flowing,181464
6 Friday,12.5,1 - light traffic,4370
6 Friday,12.5,2 - medium traffic,22250
6 Friday,12.5,3 - heavy traffic,38190
6 Friday,12.5,4 - stand still,10993.5
6 Friday,13,0- free flowing,194831
6 Friday,13,1 - light traffic,4812
6 Friday,13,2 - medium traffic,30715
6 Friday,13,3 - heavy traffic,48336
6 Friday,13,4 - stand still,15900.5
6 Friday,13.5,0- free flowing,197080
6 Friday,13.5,1 - light traffic,6264
6 Friday,13.5,2 - medium traffic,35145
6 Friday,13.5,3 - heavy traffic,57825
6 Friday,13.5,4 - stand still,20993
6 Friday,14,0- free flowing,203113
6 Friday,14,1 - light traffic,5792
6 Friday,14,2 - medium traffic,44900
6 Friday,14,3 - heavy traffic,65697
6 Friday,14,4 - stand still,22158.5
6 Friday,14.5,0- free flowing,206661
6 Friday,14.5,1 - light traffic,5614
6 Friday,14.5,2 - medium traffic,55365
6 Friday,14.5,3 - heavy traffic,73185
6 Friday,14.5,4 - stand still,22284.5
6 Friday,15,0- free flowing,217787
6 Friday,15,1 - light traffic,6718
6 Friday,15,2 - medium traffic,60912.5
6 Friday,15,3 - heavy traffic,92118
6 Friday,15,4 - stand still,21357
6 Friday,15.5,0- free flowing,230643
6 Friday,15.5,1 - light traffic,5744
6 Friday,15.5,2 - medium traffic,60192.5
6 Friday,15.5,3 - heavy traffic,119673
6 Friday,15.5,4 - stand still,29855
6 Friday,16,0- free flowing,241799
6 Friday,16,1 - light traffic,5816
6 Friday,16,2 - medium traffic,62667.5
6 Friday,16,3 - heavy traffic,137505
6 Friday,16,4 - stand still,39291
6 Friday,16.5,0- free flowing,266968
6 Friday,16.5,1 - light traffic,5482
6 Friday,16.5,2 - medium traffic,63252.5
6 Friday,16.5,3 - heavy traffic,146763
6 Friday,16.5,4 - stand still,41436.5
6 Friday,17,0- free flowing,260081
6 Friday,17,1 - light traffic,6504
6 Friday,17,2 - medium traffic,56085
6 Friday,17,3 - heavy traffic,152934
6 Friday,17,4 - stand still,47271
6 Friday,17.5,0- free flowing,261532
6 Friday,17.5,1 - light traffic,6516
6 Friday,17.5,2 - medium traffic,58147.5
6 Friday,17.5,3 - heavy traffic,144129
6 Friday,17.5,4 - stand still,49147
6 Friday,18,0- free flowing,242767
6 Friday,18,1 - light traffic,6510
6 Friday,18,2 - medium traffic,55347.5
6 Friday,18,3 - heavy traffic,89223
6 Friday,18,4 - stand still,41317.5
6 Friday,18.5,0- free flowing,221281
6 Friday,18.5,1 - light traffic,6370
6 Friday,18.5,2 - medium traffic,39697.5
6 Friday,18.5,3 - heavy traffic,49041
6 Friday,18.5,4 - stand still,33992
6 Friday,19,0- free flowing,191233
6 Friday,19,1 - light traffic,4042
6 Friday,19,2 - medium traffic,25720
6 Friday,19,3 - heavy traffic,26853
6 Friday,19,4 - stand still,27741
6 Friday,19.5,0- free flowing,172040
6 Friday,19.5,1 - light traffic,2622
6 Friday,19.5,2 - medium traffic,16570
6 Friday,19.5,3 - heavy traffic,20010
6 Friday,19.5,4 - stand still,19778.5
6 Friday,20,0- free flowing,149853
6 Friday,20,1 - light traffic,1518
6 Friday,20,2 - medium traffic,12777.5
6 Friday,20,3 - heavy traffic,13005
6 Friday,20,4 - stand still,13016.5
6 Friday,20.5,0- free flowing,135421
6 Friday,20.5,1 - light traffic,1006
6 Friday,20.5,2 - medium traffic,7245
6 Friday,20.5,3 - heavy traffic,8652
6 Friday,20.5,4 - stand still,9929.5
6 Friday,21,0- free flowing,123166
6 Friday,21,1 - light traffic,608
6 Friday,21,2 - medium traffic,6692.5
6 Friday,21,3 - heavy traffic,9699
6 Friday,21,4 - stand still,7143.5
6 Friday,21.5,0- free flowing,112908
6 Friday,21.5,1 - light traffic,1104
6 Friday,21.5,2 - medium traffic,5507.5
6 Friday,21.5,3 - heavy traffic,6264
6 Friday,21.5,4 - stand still,5190.5
6 Friday,22,0- free flowing,95633
6 Friday,22,1 - light traffic,460
6 Friday,22,2 - medium traffic,3487.5
6 Friday,22,3 - heavy traffic,3333
6 Friday,22,4 - stand still,4504.5
6 Friday,22.5,0- free flowing,82340
6 Friday,22.5,1 - light traffic,594
6 Friday,22.5,2 - medium traffic,1625
6 Friday,22.5,3 - heavy traffic,2418
6 Friday,22.5,4 - stand still,2075.5
6 Friday,23,0- free flowing,68598
6 Friday,23,1 - light traffic,62
6 Friday,23,2 - medium traffic,180
6 Friday,23,3 - heavy traffic,606
6 Friday,23,4 - stand still,1218
6 Friday,23.5,0- free flowing,55146
6 Friday,23.5,1 - light traffic,34
6 Friday,23.5,2 - medium traffic,60
6 Friday,23.5,3 - heavy traffic,204
6 Friday,23.5,4 - stand still,864.5
6 Friday,24,0- free flowing,39223
6 Friday,24,1 - light traffic,24
6 Friday,24,2 - medium traffic,142.5
6 Friday,24,3 - heavy traffic,447
6 Friday,24,4 - stand still,1522.5
7 Saturday,0.5,0- free flowing,44725
7 Saturday,0.5,1 - light traffic,22
7 Saturday,0.5,2 - medium traffic,17.5
7 Saturday,0.5,3 - heavy traffic,54
7 Saturday,0.5,4 - stand still,542.5
7 Saturday,1,0- free flowing,36567
7 Saturday,1,1 - light traffic,14
7 Saturday,1,2 - medium traffic,20
7 Saturday,1,3 - heavy traffic,111
7 Saturday,1,4 - stand still,182
7 Saturday,1.5,0- free flowing,32750
7 Saturday,1.5,1 - light traffic,16
7 Saturday,1.5,2 - medium traffic,15
7 Saturday,1.5,3 - heavy traffic,90
7 Saturday,1.5,4 - stand still,143.5
7 Saturday,2,0- free flowing,29388
7 Saturday,2,1 - light traffic,16
7 Saturday,2,2 - medium traffic,22.5
7 Saturday,2,3 - heavy traffic,225
7 Saturday,2,4 - stand still,213.5
7 Saturday,2.5,0- free flowing,26069
7 Saturday,2.5,1 - light traffic,38
7 Saturday,2.5,2 - medium traffic,25
7 Saturday,2.5,3 - heavy traffic,60
7 Saturday,2.5,4 - stand still,206.5
7 Saturday,3,0- free flowing,23549
7 Saturday,3,1 - light traffic,2
7 Saturday,3,2 - medium traffic,17.5
7 Saturday,3,3 - heavy traffic,69
7 Saturday,3,4 - stand still,182
7 Saturday,3.5,0- free flowing,22051
7 Saturday,3.5,1 - light traffic,4
7 Saturday,3.5,2 - medium traffic,50
7 Saturday,3.5,3 - heavy traffic,93
7 Saturday,3.5,4 - stand still,154
7 Saturday,4,0- free flowing,20700
7 Saturday,4,1 - light traffic,24
7 Saturday,4,2 - medium traffic,7.5
7 Saturday,4,3 - heavy traffic,60
7 Saturday,4,4 - stand still,154
7 Saturday,4.5,0- free flowing,20722
7 Saturday,4.5,1 - light traffic,26
7 Saturday,4.5,2 - medium traffic,22.5
7 Saturday,4.5,3 - heavy traffic,96
7 Saturday,4.5,4 - stand still,178.5
7 Saturday,5,0- free flowing,22899
7 Saturday,5,1 - light traffic,8
7 Saturday,5,2 - medium traffic,22.5
7 Saturday,5,3 - heavy traffic,45
7 Saturday,5,4 - stand still,238
7 Saturday,5.5,0- free flowing,27100
7 Saturday,5.5,1 - light traffic,6
7 Saturday,5.5,2 - medium traffic,7.5
7 Saturday,5.5,3 - heavy traffic,57
7 Saturday,5.5,4 - stand still,311.5
7 Saturday,6,0- free flowing,32220
7 Saturday,6,1 - light traffic,8
7 Saturday,6,2 - medium traffic,25
7 Saturday,6,3 - heavy traffic,33
7 Saturday,6,4 - stand still,122.5
7 Saturday,6.5,0- free flowing,38248
7 Saturday,6.5,1 - light traffic,18
7 Saturday,6.5,2 - medium traffic,37.5
7 Saturday,6.5,3 - heavy traffic,156
7 Saturday,6.5,4 - stand still,234.5
7 Saturday,7,0- free flowing,41958
7 Saturday,7,1 - light traffic,28
7 Saturday,7,2 - medium traffic,65
7 Saturday,7,3 - heavy traffic,96
7 Saturday,7,4 - stand still,115.5
7 Saturday,7.5,0- free flowing,51961
7 Saturday,7.5,1 - light traffic,20
7 Saturday,7.5,2 - medium traffic,27.5
7 Saturday,7.5,3 - heavy traffic,279
7 Saturday,7.5,4 - stand still,189
7 Saturday,8,0- free flowing,66317
7 Saturday,8,1 - light traffic,44
7 Saturday,8,2 - medium traffic,105
7 Saturday,8,3 - heavy traffic,420
7 Saturday,8,4 - stand still,479.5
7 Saturday,8.5,0- free flowing,85140
7 Saturday,8.5,1 - light traffic,230
7 Saturday,8.5,2 - medium traffic,182.5
7 Saturday,8.5,3 - heavy traffic,792
7 Saturday,8.5,4 - stand still,945
7 Saturday,9,0- free flowing,96808
7 Saturday,9,1 - light traffic,312
7 Saturday,9,2 - medium traffic,307.5
7 Saturday,9,3 - heavy traffic,1716
7 Saturday,9,4 - stand still,1757
7 Saturday,9.5,0- free flowing,112363
7 Saturday,9.5,1 - light traffic,242
7 Saturday,9.5,2 - medium traffic,282.5
7 Saturday,9.5,3 - heavy traffic,2307
7 Saturday,9.5,4 - stand still,4144
7 Saturday,10,0- free flowing,130381
7 Saturday,10,1 - light traffic,532
7 Saturday,10,2 - medium traffic,1190
7 Saturday,10,3 - heavy traffic,4770
7 Saturday,10,4 - stand still,5617.5
7 Saturday,10.5,0- free flowing,143781
7 Saturday,10.5,1 - light traffic,592
7 Saturday,10.5,2 - medium traffic,3040
7 Saturday,10.5,3 - heavy traffic,7620
7 Saturday,10.5,4 - stand still,5915
7 Saturday,11,0- free flowing,156086
7 Saturday,11,1 - light traffic,740
7 Saturday,11,2 - medium traffic,4742.5
7 Saturday,11,3 - heavy traffic,14658
7 Saturday,11,4 - stand still,7721
7 Saturday,11.5,0- free flowing,168608
7 Saturday,11.5,1 - light traffic,1444
7 Saturday,11.5,2 - medium traffic,6750
7 Saturday,11.5,3 - heavy traffic,22881
7 Saturday,11.5,4 - stand still,9166.5
7 Saturday,12,0- free flowing,181567
7 Saturday,12,1 - light traffic,1940
7 Saturday,12,2 - medium traffic,9747.5
7 Saturday,12,3 - heavy traffic,27615
7 Saturday,12,4 - stand still,14329
7 Saturday,12.5,0- free flowing,194343
7 Saturday,12.5,1 - light traffic,2824
7 Saturday,12.5,2 - medium traffic,13817.5
7 Saturday,12.5,3 - heavy traffic,32715
7 Saturday,12.5,4 - stand still,18952.5
7 Saturday,13,0- free flowing,200199
7 Saturday,13,1 - light traffic,2944
7 Saturday,13,2 - medium traffic,16312.5
7 Saturday,13,3 - heavy traffic,38448
7 Saturday,13,4 - stand still,17335.5
7 Saturday,13.5,0- free flowing,199153
7 Saturday,13.5,1 - light traffic,2298
7 Saturday,13.5,2 - medium traffic,17532.5
7 Saturday,13.5,3 - heavy traffic,38307
7 Saturday,13.5,4 - stand still,15711.5
7 Saturday,14,0- free flowing,197779
7 Saturday,14,1 - light traffic,2308
7 Saturday,14,2 - medium traffic,16292.5
7 Saturday,14,3 - heavy traffic,35724
7 Saturday,14,4 - stand still,17006.5
7 Saturday,14.5,0- free flowing,194348
7 Saturday,14.5,1 - light traffic,3032
7 Saturday,14.5,2 - medium traffic,18215
7 Saturday,14.5,3 - heavy traffic,37857
7 Saturday,14.5,4 - stand still,15225
7 Saturday,15,0- free flowing,194042
7 Saturday,15,1 - light traffic,2804
7 Saturday,15,2 - medium traffic,19820
7 Saturday,15,3 - heavy traffic,34161
7 Saturday,15,4 - stand still,15676.5
7 Saturday,15.5,0- free flowing,193542
7 Saturday,15.5,1 - light traffic,2702
7 Saturday,15.5,2 - medium traffic,18645
7 Saturday,15.5,3 - heavy traffic,30849
7 Saturday,15.5,4 - stand still,15239
7 Saturday,16,0- free flowing,190779
7 Saturday,16,1 - light traffic,2102
7 Saturday,16,2 - medium traffic,15887.5
7 Saturday,16,3 - heavy traffic,29673
7 Saturday,16,4 - stand still,15155
7 Saturday,16.5,0- free flowing,185203
7 Saturday,16.5,1 - light traffic,2442
7 Saturday,16.5,2 - medium traffic,15827.5
7 Saturday,16.5,3 - heavy traffic,23949
7 Saturday,16.5,4 - stand still,12316.5
7 Saturday,17,0- free flowing,180553
7 Saturday,17,1 - light traffic,2554
7 Saturday,17,2 - medium traffic,14127.5
7 Saturday,17,3 - heavy traffic,19104
7 Saturday,17,4 - stand still,9380
7 Saturday,17.5,0- free flowing,177291
7 Saturday,17.5,1 - light traffic,2044
7 Saturday,17.5,2 - medium traffic,14777.5
7 Saturday,17.5,3 - heavy traffic,16158
7 Saturday,17.5,4 - stand still,6741
7 Saturday,18,0- free flowing,169804
7 Saturday,18,1 - light traffic,1948
7 Saturday,18,2 - medium traffic,10330
7 Saturday,18,3 - heavy traffic,12519
7 Saturday,18,4 - stand still,7206.5
7 Saturday,18.5,0- free flowing,160807
7 Saturday,18.5,1 - light traffic,1260
7 Saturday,18.5,2 - medium traffic,6017.5
7 Saturday,18.5,3 - heavy traffic,9351
7 Saturday,18.5,4 - stand still,6601
7 Saturday,19,0- free flowing,149757
7 Saturday,19,1 - light traffic,546
7 Saturday,19,2 - medium traffic,3772.5
7 Saturday,19,3 - heavy traffic,6036
7 Saturday,19,4 - stand still,5929
7 Saturday,19.5,0- free flowing,134177
7 Saturday,19.5,1 - light traffic,408
7 Saturday,19.5,2 - medium traffic,2900
7 Saturday,19.5,3 - heavy traffic,3606
7 Saturday,19.5,4 - stand still,4494
7 Saturday,20,0- free flowing,106611
7 Saturday,20,1 - light traffic,802
7 Saturday,20,2 - medium traffic,1160
7 Saturday,20,3 - heavy traffic,2220
7 Saturday,20,4 - stand still,4189.5
7 Saturday,20.5,0- free flowing,88652
7 Saturday,20.5,1 - light traffic,560
7 Saturday,20.5,2 - medium traffic,732.5
7 Saturday,20.5,3 - heavy traffic,1806
7 Saturday,20.5,4 - stand still,2299.5
7 Saturday,21,0- free flowing,94655
7 Saturday,21,1 - light traffic,84
7 Saturday,21,2 - medium traffic,202.5
7 Saturday,21,3 - heavy traffic,1467
7 Saturday,21,4 - stand still,2215.5
7 Saturday,21.5,0- free flowing,89143
7 Saturday,21.5,1 - light traffic,68
7 Saturday,21.5,2 - medium traffic,200
7 Saturday,21.5,3 - heavy traffic,981
7 Saturday,21.5,4 - stand still,1102.5
7 Saturday,22,0- free flowing,80387
7 Saturday,22,1 - light traffic,48
7 Saturday,22,2 - medium traffic,220
7 Saturday,22,3 - heavy traffic,597
7 Saturday,22,4 - stand still,766.5
7 Saturday,22.5,0- free flowing,71637
7 Saturday,22.5,1 - light traffic,22
7 Saturday,22.5,2 - medium traffic,90
7 Saturday,22.5,3 - heavy traffic,426
7 Saturday,22.5,4 - stand still,714
7 Saturday,23,0- free flowing,60431
7 Saturday,23,1 - light traffic,28
7 Saturday,23,2 - medium traffic,37.5
7 Saturday,23,3 - heavy traffic,336
7 Saturday,23,4 - stand still,332.5
7 Saturday,23.5,0- free flowing,50895
7 Saturday,23.5,1 - light traffic,2
7 Saturday,23.5,2 - medium traffic,57.5
7 Saturday,23.5,3 - heavy traffic,123
7 Saturday,23.5,4 - stand still,185.5
7 Saturday,24,0- free flowing,41826
7 Saturday,24,1 - light traffic,2
7 Saturday,24,2 - medium traffic,2.5
7 Saturday,24,3 - heavy traffic,159
7 Saturday,24,4 - stand still,549.5
