Day of Week,Time Half Hour,Traffic Level,Traffic Flow
1 Sunday,0.5,0- free flowing,41889
1 Sunday,0.5,1 - light traffic,22
1 Sunday,0.5,2 - medium traffic,2.5
1 Sunday,0.5,3 - heavy traffic,66
1 Sunday,0.5,4 - stand still,150.5
1 Sunday,1,0- free flowing,37220
1 Sunday,1,1 - light traffic,14
1 Sunday,1,2 - medium traffic,10
1 Sunday,1,3 - heavy traffic,99
1 Sunday,1,4 - stand still,122.5
1 Sunday,1.5,0- free flowing,31735
1 Sunday,1.5,1 - light traffic,8
1 Sunday,1.5,2 - medium traffic,5
1 Sunday,1.5,3 - heavy traffic,51
1 Sunday,1.5,4 - stand still,63
1 Sunday,2,0- free flowing,25932
1 Sunday,2,1 - light traffic,10
1 Sunday,2,2 - medium traffic,12.5
1 Sunday,2,3 - heavy traffic,36
1 Sunday,2,4 - stand still,66.5
1 Sunday,2.5,0- free flowing,22276
1 Sunday,2.5,1 - light traffic,2
1 Sunday,2.5,2 - medium traffic,0
1 Sunday,2.5,3 - heavy traffic,63
1 Sunday,2.5,4 - stand still,52.5
1 Sunday,3,0- free flowing,20681
1 Sunday,3,1 - light traffic,2
1 Sunday,3,2 - medium traffic,5
1 Sunday,3,3 - heavy traffic,30
1 Sunday,3,4 - stand still,77
1 Sunday,3.5,0- free flowing,18450
1 Sunday,3.5,1 - light traffic,4
1 Sunday,3.5,2 - medium traffic,10
1 Sunday,3.5,3 - heavy traffic,36
1 Sunday,3.5,4 - stand still,31.5
1 Sunday,4,0- free flowing,16067
1 Sunday,4,1 - light traffic,6
1 Sunday,4,2 - medium traffic,12.5
1 Sunday,4,3 - heavy traffic,54
1 Sunday,4,4 - stand still,31.5
1 Sunday,4.5,0- free flowing,15691
1 Sunday,4.5,1 - light traffic,12
1 Sunday,4.5,2 - medium traffic,7.5
1 Sunday,4.5,3 - heavy traffic,18
1 Sunday,4.5,4 - stand still,126
1 Sunday,5,0- free flowing,16746
1 Sunday,5,1 - light traffic,14
1 Sunday,5,2 - medium traffic,15
1 Sunday,5,3 - heavy traffic,51
1 Sunday,5,4 - stand still,98
1 Sunday,5.5,0- free flowing,19446
1 Sunday,5.5,1 - light traffic,14
1 Sunday,5.5,2 - medium traffic,5
1 Sunday,5.5,3 - heavy traffic,54
1 Sunday,5.5,4 - stand still,52.5
1 Sunday,6,0- free flowing,23778
1 Sunday,6,1 - light traffic,4
1 Sunday,6,2 - medium traffic,20
1 Sunday,6,3 - heavy traffic,84
1 Sunday,6,4 - stand still,360.5
1 Sunday,6.5,0- free flowing,30353
1 Sunday,6.5,1 - light traffic,10
1 Sunday,6.5,2 - medium traffic,12.5
1 Sunday,6.5,3 - heavy traffic,72
1 Sunday,6.5,4 - stand still,70
1 Sunday,7,0- free flowing,33797
1 Sunday,7,1 - light traffic,14
1 Sunday,7,2 - medium traffic,17.5
1 Sunday,7,3 - heavy traffic,90
1 Sunday,7,4 - stand still,140
1 Sunday,7.5,0- free flowing,38348
1 Sunday,7.5,1 - light traffic,10
1 Sunday,7.5,2 - medium traffic,45
1 Sunday,7.5,3 - heavy traffic,162
1 Sunday,7.5,4 - stand still,402.5
1 Sunday,8,0- free flowing,43438
1 Sunday,8,1 - light traffic,4
1 Sunday,8,2 - medium traffic,110
1 Sunday,8,3 - heavy traffic,102
1 Sunday,8,4 - stand still,1435
1 Sunday,8.5,0- free flowing,55075
1 Sunday,8.5,1 - light traffic,8
1 Sunday,8.5,2 - medium traffic,62.5
1 Sunday,8.5,3 - heavy traffic,321
1 Sunday,8.5,4 - stand still,2453.5
1 Sunday,9,0- free flowing,71881
1 Sunday,9,1 - light traffic,30
1 Sunday,9,2 - medium traffic,412.5
1 Sunday,9,3 - heavy traffic,441
1 Sunday,9,4 - stand still,2558.5
1 Sunday,9.5,0- free flowing,88720
1 Sunday,9.5,1 - light traffic,52
1 Sunday,9.5,2 - medium traffic,435
1 Sunday,9.5,3 - heavy traffic,1362
1 Sunday,9.5,4 - stand still,2565.5
1 Sunday,10,0- free flowing,100740
1 Sunday,10,1 - light traffic,52
1 Sunday,10,2 - medium traffic,347.5
1 Sunday,10,3 - heavy traffic,2361
1 Sunday,10,4 - stand still,4210.5
1 Sunday,10.5,0- free flowing,131047
1 Sunday,10.5,1 - light traffic,326
1 Sunday,10.5,2 - medium traffic,1057.5
1 Sunday,10.5,3 - heavy traffic,4074
1 Sunday,10.5,4 - stand still,7112
1 Sunday,11,0- free flowing,148973
1 Sunday,11,1 - light traffic,628
1 Sunday,11,2 - medium traffic,2887.5
1 Sunday,11,3 - heavy traffic,8313
1 Sunday,11,4 - stand still,7948.5
1 Sunday,11.5,0- free flowing,158486
1 Sunday,11.5,1 - light traffic,694
1 Sunday,11.5,2 - medium traffic,4142.5
1 Sunday,11.5,3 - heavy traffic,14139
1 Sunday,11.5,4 - stand still,10598
1 Sunday,12,0- free flowing,174077
1 Sunday,12,1 - light traffic,1474
1 Sunday,12,2 - medium traffic,6565
1 Sunday,12,3 - heavy traffic,20385
1 Sunday,12,4 - stand still,13027
1 Sunday,12.5,0- free flowing,195639
1 Sunday,12.5,1 - light traffic,3180
1 Sunday,12.5,2 - medium traffic,11027.5
1 Sunday,12.5,3 - heavy traffic,30363
1 Sunday,12.5,4 - stand still,14112
1 Sunday,13,0- free flowing,202856
1 Sunday,13,1 - light traffic,5014
1 Sunday,13,2 - medium traffic,22817.5
1 Sunday,13,3 - heavy traffic,42408
1 Sunday,13,4 - stand still,19614
1 Sunday,13.5,0- free flowing,198478
1 Sunday,13.5,1 - light traffic,5188
1 Sunday,13.5,2 - medium traffic,31975
1 Sunday,13.5,3 - heavy traffic,41601
1 Sunday,13.5,4 - stand still,19887
1 Sunday,14,0- free flowing,198071
1 Sunday,14,1 - light traffic,5264
1 Sunday,14,2 - medium traffic,31950
1 Sunday,14,3 - heavy traffic,44376
1 Sunday,14,4 - stand still,25301.5
1 Sunday,14.5,0- free flowing,199704
1 Sunday,14.5,1 - light traffic,5272
1 Sunday,14.5,2 - medium traffic,33297.5
1 Sunday,14.5,3 - heavy traffic,50886
1 Sunday,14.5,4 - stand still,27293
1 Sunday,15,0- free flowing,207577
1 Sunday,15,1 - light traffic,4692
1 Sunday,15,2 - medium traffic,34055
1 Sunday,15,3 - heavy traffic,53928
1 Sunday,15,4 - stand still,27366.5
1 Sunday,15.5,0- free flowing,203314
1 Sunday,15.5,1 - light traffic,4106
1 Sunday,15.5,2 - medium traffic,34297.5
1 Sunday,15.5,3 - heavy traffic,51456
1 Sunday,15.5,4 - stand still,25032
1 Sunday,16,0- free flowing,199494
1 Sunday,16,1 - light traffic,4288
1 Sunday,16,2 - medium traffic,36500
1 Sunday,16,3 - heavy traffic,49986
1 Sunday,16,4 - stand still,21770
1 Sunday,16.5,0- free flowing,198773
1 Sunday,16.5,1 - light traffic,3820
1 Sunday,16.5,2 - medium traffic,40095
1 Sunday,16.5,3 - heavy traffic,44976
1 Sunday,16.5,4 - stand still,19887
1 Sunday,17,0- free flowing,193578
1 Sunday,17,1 - light traffic,4918
1 Sunday,17,2 - medium traffic,34602.5
1 Sunday,17,3 - heavy traffic,40653
1 Sunday,17,4 - stand still,15949.5
1 Sunday,17.5,0- free flowing,186349
1 Sunday,17.5,1 - light traffic,3388
1 Sunday,17.5,2 - medium traffic,25680
1 Sunday,17.5,3 - heavy traffic,34041
1 Sunday,17.5,4 - stand still,15844.5
1 Sunday,18,0- free flowing,171004
1 Sunday,18,1 - light traffic,2594
1 Sunday,18,2 - medium traffic,19815
1 Sunday,18,3 - heavy traffic,24360
1 Sunday,18,4 - stand still,11599
1 Sunday,18.5,0- free flowing,160376
1 Sunday,18.5,1 - light traffic,2180
1 Sunday,18.5,2 - medium traffic,14057.5
1 Sunday,18.5,3 - heavy traffic,18450
1 Sunday,18.5,4 - stand still,7311.5
1 Sunday,19,0- free flowing,141223
1 Sunday,19,1 - light traffic,1020
1 Sunday,19,2 - medium traffic,9852.5
1 Sunday,19,3 - heavy traffic,11940
1 Sunday,19,4 - stand still,7126
1 Sunday,19.5,0- free flowing,129999
1 Sunday,19.5,1 - light traffic,822
1 Sunday,19.5,2 - medium traffic,4995
1 Sunday,19.5,3 - heavy traffic,9966
1 Sunday,19.5,4 - stand still,6429.5
1 Sunday,20,0- free flowing,110999
1 Sunday,20,1 - light traffic,772
1 Sunday,20,2 - medium traffic,4762.5
1 Sunday,20,3 - heavy traffic,4362
1 Sunday,20,4 - stand still,3395
1 Sunday,20.5,0- free flowing,99721
1 Sunday,20.5,1 - light traffic,440
1 Sunday,20.5,2 - medium traffic,2572.5
1 Sunday,20.5,3 - heavy traffic,2667
1 Sunday,20.5,4 - stand still,2765
1 Sunday,21,0- free flowing,88072
1 Sunday,21,1 - light traffic,454
1 Sunday,21,2 - medium traffic,1337.5
1 Sunday,21,3 - heavy traffic,2115
1 Sunday,21,4 - stand still,1925
1 Sunday,21.5,0- free flowing,74485
1 Sunday,21.5,1 - light traffic,248
1 Sunday,21.5,2 - medium traffic,875
1 Sunday,21.5,3 - heavy traffic,2040
1 Sunday,21.5,4 - stand still,3678.5
1 Sunday,22,0- free flowing,62804
1 Sunday,22,1 - light traffic,228
1 Sunday,22,2 - medium traffic,465
1 Sunday,22,3 - heavy traffic,1197
1 Sunday,22,4 - stand still,2684.5
1 Sunday,22.5,0- free flowing,52472
1 Sunday,22.5,1 - light traffic,158
1 Sunday,22.5,2 - medium traffic,382.5
1 Sunday,22.5,3 - heavy traffic,786
1 Sunday,22.5,4 - stand still,2485
1 Sunday,23,0- free flowing,43424
1 Sunday,23,1 - light traffic,150
1 Sunday,23,2 - medium traffic,370
1 Sunday,23,3 - heavy traffic,537
1 Sunday,23,4 - stand still,2425.5
1 Sunday,23.5,0- free flowing,37021
1 Sunday,23.5,1 - light traffic,64
1 Sunday,23.5,2 - medium traffic,170
1 Sunday,23.5,3 - heavy traffic,279
1 Sunday,23.5,4 - stand still,1708
1 Sunday,24,0- free flowing,43606
1 Sunday,24,1 - light traffic,32
1 Sunday,24,2 - medium traffic,115
1 Sunday,24,3 - heavy traffic,237
1 Sunday,24,4 - stand still,647.5
2 Monday,0.5,0- free flowing,28425
2 Monday,0.5,1 - light traffic,38
2 Monday,0.5,2 - medium traffic,50
2 Monday,0.5,3 - heavy traffic,144
2 Monday,0.5,4 - stand still,416.5
2 Monday,1,0- free flowing,24063
2 Monday,1,1 - light traffic,36
2 Monday,1,2 - medium traffic,25
2 Monday,1,3 - heavy traffic,81
2 Monday,1,4 - stand still,329
2 Monday,1.5,0- free flowing,20839
2 Monday,1.5,1 - light traffic,26
2 Monday,1.5,2 - medium traffic,15
2 Monday,1.5,3 - heavy traffic,69
2 Monday,1.5,4 - stand still,301
2 Monday,2,0- free flowing,18360
2 Monday,2,1 - light traffic,22
2 Monday,2,2 - medium traffic,47.5
2 Monday,2,3 - heavy traffic,69
2 Monday,2,4 - stand still,437.5
2 Monday,2.5,0- free flowing,16715
2 Monday,2.5,1 - light traffic,28
2 Monday,2.5,2 - medium traffic,25
2 Monday,2.5,3 - heavy traffic,93
2 Monday,2.5,4 - stand still,252
2 Monday,3,0- free flowing,14725
2 Monday,3,1 - light traffic,10
2 Monday,3,2 - medium traffic,20
2 Monday,3,3 - heavy traffic,78
2 Monday,3,4 - stand still,63
2 Monday,3.5,0- free flowing,14496
2 Monday,3.5,1 - light traffic,14
2 Monday,3.5,2 - medium traffic,27.5
2 Monday,3.5,3 - heavy traffic,39
2 Monday,3.5,4 - stand still,94.5
2 Monday,4,0- free flowing,15896
2 Monday,4,1 - light traffic,16
2 Monday,4,2 - medium traffic,55
2 Monday,4,3 - heavy traffic,45
2 Monday,4,4 - stand still,126
2 Monday,4.5,0- free flowing,18624
2 Monday,4.5,1 - light traffic,14
2 Monday,4.5,2 - medium traffic,20
2 Monday,4.5,3 - heavy traffic,39
2 Monday,4.5,4 - stand still,136.5
2 Monday,5,0- free flowing,25264
2 Monday,5,1 - light traffic,16
2 Monday,5,2 - medium traffic,10
2 Monday,5,3 - heavy traffic,60
2 Monday,5,4 - stand still,91
2 Monday,5.5,0- free flowing,32859
2 Monday,5.5,1 - light traffic,6
2 Monday,5.5,2 - medium traffic,42.5
2 Monday,5.5,3 - heavy traffic,132
2 Monday,5.5,4 - stand still,171.5
2 Monday,6,0- free flowing,38583
2 Monday,6,1 - light traffic,10
2 Monday,6,2 - medium traffic,22.5
2 Monday,6,3 - heavy traffic,165
2 Monday,6,4 - stand still,392
2 Monday,6.5,0- free flowing,50864
2 Monday,6.5,1 - light traffic,6
2 Monday,6.5,2 - medium traffic,72.5
2 Monday,6.5,3 - heavy traffic,372
2 Monday,6.5,4 - stand still,717.5
2 Monday,7,0- free flowing,71158
2 Monday,7,1 - light traffic,78
2 Monday,7,2 - medium traffic,512.5
2 Monday,7,3 - heavy traffic,1137
2 Monday,7,4 - stand still,2320.5
2 Monday,7.5,0- free flowing,113574
2 Monday,7.5,1 - light traffic,730
2 Monday,7.5,2 - medium traffic,3050
2 Monday,7.5,3 - heavy traffic,4830
2 Monday,7.5,4 - stand still,3843
2 Monday,8,0- free flowing,134485
2 Monday,8,1 - light traffic,1452
2 Monday,8,2 - medium traffic,9110
2 Monday,8,3 - heavy traffic,19239
2 Monday,8,4 - stand still,7458.5
2 Monday,8.5,0- free flowing,141156
2 Monday,8.5,1 - light traffic,994
2 Monday,8.5,2 - medium traffic,6175
2 Monday,8.5,3 - heavy traffic,11493
2 Monday,8.5,4 - stand still,7696.5
2 Monday,9,0- free flowing,130314
2 Monday,9,1 - light traffic,746
2 Monday,9,2 - medium traffic,3387.5
2 Monday,9,3 - heavy traffic,4719
2 Monday,9,4 - stand still,4805.5
2 Monday,9.5,0- free flowing,126194
2 Monday,9.5,1 - light traffic,150
2 Monday,9.5,2 - medium traffic,527.5
2 Monday,9.5,3 - heavy traffic,2529
2 Monday,9.5,4 - stand still,2324
2 Monday,10,0- free flowing,127357
2 Monday,10,1 - light traffic,172
2 Monday,10,2 - medium traffic,397.5
2 Monday,10,3 - heavy traffic,1455
2 Monday,10,4 - stand still,1872.5
2 Monday,10.5,0- free flowing,133421
2 Monday,10.5,1 - light traffic,134
2 Monday,10.5,2 - medium traffic,272.5
2 Monday,10.5,3 - heavy traffic,1065
2 Monday,10.5,4 - stand still,1466.5
2 Monday,11,0- free flowing,144790
2 Monday,11,1 - light traffic,204
2 Monday,11,2 - medium traffic,922.5
2 Monday,11,3 - heavy traffic,1908
2 Monday,11,4 - stand still,1676.5
2 Monday,11.5,0- free flowing,149042
2 Monday,11.5,1 - light traffic,582
2 Monday,11.5,2 - medium traffic,1597.5
2 Monday,11.5,3 - heavy traffic,4335
2 Monday,11.5,4 - stand still,1935.5
2 Monday,12,0- free flowing,157557
2 Monday,12,1 - light traffic,816
2 Monday,12,2 - medium traffic,2595
2 Monday,12,3 - heavy traffic,9903
2 Monday,12,4 - stand still,3948
2 Monday,12.5,0- free flowing,165727
2 Monday,12.5,1 - light traffic,1132
2 Monday,12.5,2 - medium traffic,4235
2 Monday,12.5,3 - heavy traffic,14952
2 Monday,12.5,4 - stand still,6335
2 Monday,13,0- free flowing,173539
2 Monday,13,1 - light traffic,1374
2 Monday,13,2 - medium traffic,7462.5
2 Monday,13,3 - heavy traffic,17907
2 Monday,13,4 - stand still,7329
2 Monday,13.5,0- free flowing,176088
2 Monday,13.5,1 - light traffic,1924
2 Monday,13.5,2 - medium traffic,9620
2 Monday,13.5,3 - heavy traffic,19836
2 Monday,13.5,4 - stand still,7952
2 Monday,14,0- free flowing,176174
2 Monday,14,1 - light traffic,1508
2 Monday,14,2 - medium traffic,12730
2 Monday,14,3 - heavy traffic,20130
2 Monday,14,4 - stand still,7147
2 Monday,14.5,0- free flowing,178397
2 Monday,14.5,1 - light traffic,2430
2 Monday,14.5,2 - medium traffic,13260
2 Monday,14.5,3 - heavy traffic,25662
2 Monday,14.5,4 - stand still,6772.5
2 Monday,15,0- free flowing,185882
2 Monday,15,1 - light traffic,2604
2 Monday,15,2 - medium traffic,13797.5
2 Monday,15,3 - heavy traffic,32724
2 Monday,15,4 - stand still,5460
2 Monday,15.5,0- free flowing,193301
2 Monday,15.5,1 - light traffic,3246
2 Monday,15.5,2 - medium traffic,19532.5
2 Monday,15.5,3 - heavy traffic,33282
2 Monday,15.5,4 - stand still,8904
2 Monday,16,0- free flowing,192019
2 Monday,16,1 - light traffic,3264
2 Monday,16,2 - medium traffic,26725
2 Monday,16,3 - heavy traffic,30945
2 Monday,16,4 - stand still,10661
2 Monday,16.5,0- free flowing,207294
2 Monday,16.5,1 - light traffic,2714
2 Monday,16.5,2 - medium traffic,29347.5
2 Monday,16.5,3 - heavy traffic,37035
2 Monday,16.5,4 - stand still,8610
2 Monday,17,0- free flowing,221727
2 Monday,17,1 - light traffic,2938
2 Monday,17,2 - medium traffic,31252.5
2 Monday,17,3 - heavy traffic,51267
2 Monday,17,4 - stand still,8946
2 Monday,17.5,0- free flowing,234298
2 Monday,17.5,1 - light traffic,3776
2 Monday,17.5,2 - medium traffic,34275
2 Monday,17.5,3 - heavy traffic,74994
2 Monday,17.5,4 - stand still,14742
2 Monday,18,0- free flowing,199907
2 Monday,18,1 - light traffic,3118
2 Monday,18,2 - medium traffic,22310
2 Monday,18,3 - heavy traffic,38169
2 Monday,18,4 - stand still,10192
2 Monday,18.5,0- free flowing,165066
2 Monday,18.5,1 - light traffic,1450
2 Monday,18.5,2 - medium traffic,9317.5
2 Monday,18.5,3 - heavy traffic,9111
2 Monday,18.5,4 - stand still,4427.5
2 Monday,19,0- free flowing,130956
2 Monday,19,1 - light traffic,510
2 Monday,19,2 - medium traffic,1960
2 Monday,19,3 - heavy traffic,2655
2 Monday,19,4 - stand still,2534
2 Monday,19.5,0- free flowing,112249
2 Monday,19.5,1 - light traffic,308
2 Monday,19.5,2 - medium traffic,507.5
2 Monday,19.5,3 - heavy traffic,1086
2 Monday,19.5,4 - stand still,3013.5
2 Monday,20,0- free flowing,98009
2 Monday,20,1 - light traffic,98
2 Monday,20,2 - medium traffic,467.5
2 Monday,20,3 - heavy traffic,522
2 Monday,20,4 - stand still,2355.5
2 Monday,20.5,0- free flowing,86065
2 Monday,20.5,1 - light traffic,226
2 Monday,20.5,2 - medium traffic,330
2 Monday,20.5,3 - heavy traffic,669
2 Monday,20.5,4 - stand still,1417.5
2 Monday,21,0- free flowing,75627
2 Monday,21,1 - light traffic,206
2 Monday,21,2 - medium traffic,157.5
2 Monday,21,3 - heavy traffic,717
2 Monday,21,4 - stand still,686
2 Monday,21.5,0- free flowing,65649
2 Monday,21.5,1 - light traffic,84
2 Monday,21.5,2 - medium traffic,370
2 Monday,21.5,3 - heavy traffic,1257
2 Monday,21.5,4 - stand still,2275
2 Monday,22,0- free flowing,53555
2 Monday,22,1 - light traffic,48
2 Monday,22,2 - medium traffic,85
2 Monday,22,3 - heavy traffic,1086
2 Monday,22,4 - stand still,3010
2 Monday,22.5,0- free flowing,45819
2 Monday,22.5,1 - light traffic,22
2 Monday,22.5,2 - medium traffic,167.5
2 Monday,22.5,3 - heavy traffic,777
2 Monday,22.5,4 - stand still,1690.5
2 Monday,23,0- free flowing,40042
2 Monday,23,1 - light traffic,30
2 Monday,23,2 - medium traffic,280
2 Monday,23,3 - heavy traffic,693
2 Monday,23,4 - stand still,1214.5
2 Monday,23.5,0- free flowing,35824
2 Monday,23.5,1 - light traffic,48
2 Monday,23.5,2 - medium traffic,172.5
2 Monday,23.5,3 - heavy traffic,564
2 Monday,23.5,4 - stand still,1575
2 Monday,24,0- free flowing,32536
2 Monday,24,1 - light traffic,58
2 Monday,24,2 - medium traffic,117.5
2 Monday,24,3 - heavy traffic,222
2 Monday,24,4 - stand still,1641.5
3 Tuesday,0.5,0- free flowing,26544
3 Tuesday,0.5,1 - light traffic,24
3 Tuesday,0.5,2 - medium traffic,72.5
3 Tuesday,0.5,3 - heavy traffic,267
3 Tuesday,0.5,4 - stand still,1330
3 Tuesday,1,0- free flowing,22331
3 Tuesday,1,1 - light traffic,56
3 Tuesday,1,2 - medium traffic,35
3 Tuesday,1,3 - heavy traffic,279
3 Tuesday,1,4 - stand still,934.5
3 Tuesday,1.5,0- free flowing,18413
3 Tuesday,1.5,1 - light traffic,28
3 Tuesday,1.5,2 - medium traffic,35
3 Tuesday,1.5,3 - heavy traffic,84
3 Tuesday,1.5,4 - stand still,556.5
3 Tuesday,2,0- free flowing,16287
3 Tuesday,2,1 - light traffic,48
3 Tuesday,2,2 - medium traffic,32.5
3 Tuesday,2,3 - heavy traffic,174
3 Tuesday,2,4 - stand still,378
3 Tuesday,2.5,0- free flowing,14874
3 Tuesday,2.5,1 - light traffic,40
3 Tuesday,2.5,2 - medium traffic,20
3 Tuesday,2.5,3 - heavy traffic,90
3 Tuesday,2.5,4 - stand still,504
3 Tuesday,3,0- free flowing,14150
3 Tuesday,3,1 - light traffic,10
3 Tuesday,3,2 - medium traffic,30
3 Tuesday,3,3 - heavy traffic,90
3 Tuesday,3,4 - stand still,220.5
3 Tuesday,3.5,0- free flowing,14375
3 Tuesday,3.5,1 - light traffic,16
3 Tuesday,3.5,2 - medium traffic,15
3 Tuesday,3.5,3 - heavy traffic,87
3 Tuesday,3.5,4 - stand still,150.5
3 Tuesday,4,0- free flowing,15455
3 Tuesday,4,1 - light traffic,16
3 Tuesday,4,2 - medium traffic,20
3 Tuesday,4,3 - heavy traffic,66
3 Tuesday,4,4 - stand still,224
3 Tuesday,4.5,0- free flowing,18136
3 Tuesday,4.5,1 - light traffic,16
3 Tuesday,4.5,2 - medium traffic,15
3 Tuesday,4.5,3 - heavy traffic,105
3 Tuesday,4.5,4 - stand still,182
3 Tuesday,5,0- free flowing,25847
3 Tuesday,5,1 - light traffic,10
3 Tuesday,5,2 - medium traffic,32.5
3 Tuesday,5,3 - heavy traffic,90
3 Tuesday,5,4 - stand still,231
3 Tuesday,5.5,0- free flowing,35095
3 Tuesday,5.5,1 - light traffic,20
3 Tuesday,5.5,2 - medium traffic,20
3 Tuesday,5.5,3 - heavy traffic,138
3 Tuesday,5.5,4 - stand still,301
3 Tuesday,6,0- free flowing,42686
3 Tuesday,6,1 - light traffic,12
3 Tuesday,6,2 - medium traffic,50
3 Tuesday,6,3 - heavy traffic,150
3 Tuesday,6,4 - stand still,143.5
3 Tuesday,6.5,0- free flowing,55431
3 Tuesday,6.5,1 - light traffic,8
3 Tuesday,6.5,2 - medium traffic,77.5
3 Tuesday,6.5,3 - heavy traffic,213
3 Tuesday,6.5,4 - stand still,350
3 Tuesday,7,0- free flowing,82588
3 Tuesday,7,1 - light traffic,80
3 Tuesday,7,2 - medium traffic,382.5
3 Tuesday,7,3 - heavy traffic,1101
3 Tuesday,7,4 - stand still,1064
3 Tuesday,7.5,0- free flowing,132456
3 Tuesday,7.5,1 - light traffic,1406
3 Tuesday,7.5,2 - medium traffic,6877.5
3 Tuesday,7.5,3 - heavy traffic,8838
3 Tuesday,7.5,4 - stand still,2894.5
3 Tuesday,8,0- free flowing,153157
3 Tuesday,8,1 - light traffic,1470
3 Tuesday,8,2 - medium traffic,13717.5
3 Tuesday,8,3 - heavy traffic,29358
3 Tuesday,8,4 - stand still,7497
3 Tuesday,8.5,0- free flowing,153243
3 Tuesday,8.5,1 - light traffic,1518
3 Tuesday,8.5,2 - medium traffic,8180
3 Tuesday,8.5,3 - heavy traffic,14523
3 Tuesday,8.5,4 - stand still,4728.5
3 Tuesday,9,0- free flowing,135689
3 Tuesday,9,1 - light traffic,846
3 Tuesday,9,2 - medium traffic,3967.5
3 Tuesday,9,3 - heavy traffic,7065
3 Tuesday,9,4 - stand still,5309.5
3 Tuesday,9.5,0- free flowing,124128
3 Tuesday,9.5,1 - light traffic,220
3 Tuesday,9.5,2 - medium traffic,1370
3 Tuesday,9.5,3 - heavy traffic,3435
3 Tuesday,9.5,4 - stand still,3825.5
3 Tuesday,10,0- free flowing,125201
3 Tuesday,10,1 - light traffic,210
3 Tuesday,10,2 - medium traffic,697.5
3 Tuesday,10,3 - heavy traffic,2601
3 Tuesday,10,4 - stand still,2177
3 Tuesday,10.5,0- free flowing,127422
3 Tuesday,10.5,1 - light traffic,218
3 Tuesday,10.5,2 - medium traffic,815
3 Tuesday,10.5,3 - heavy traffic,1845
3 Tuesday,10.5,4 - stand still,1813
3 Tuesday,11,0- free flowing,132577
3 Tuesday,11,1 - light traffic,150
3 Tuesday,11,2 - medium traffic,732.5
3 Tuesday,11,3 - heavy traffic,4017
3 Tuesday,11,4 - stand still,2285.5
3 Tuesday,11.5,0- free flowing,138869
3 Tuesday,11.5,1 - light traffic,284
3 Tuesday,11.5,2 - medium traffic,1105
3 Tuesday,11.5,3 - heavy traffic,5166
3 Tuesday,11.5,4 - stand still,2719.5
3 Tuesday,12,0- free flowing,146111
3 Tuesday,12,1 - light traffic,522
3 Tuesday,12,2 - medium traffic,2232.5
3 Tuesday,12,3 - heavy traffic,7083
3 Tuesday,12,4 - stand still,2569
3 Tuesday,12.5,0- free flowing,155392
3 Tuesday,12.5,1 - light traffic,998
3 Tuesday,12.5,2 - medium traffic,3387.5
3 Tuesday,12.5,3 - heavy traffic,9069
3 Tuesday,12.5,4 - stand still,3020.5
3 Tuesday,13,0- free flowing,153506
3 Tuesday,13,1 - light traffic,1090
3 Tuesday,13,2 - medium traffic,4767.5
3 Tuesday,13,3 - heavy traffic,12477
3 Tuesday,13,4 - stand still,3857
3 Tuesday,13.5,0- free flowing,153829
3 Tuesday,13.5,1 - light traffic,1062
3 Tuesday,13.5,2 - medium traffic,6262.5
3 Tuesday,13.5,3 - heavy traffic,16104
3 Tuesday,13.5,4 - stand still,4515
3 Tuesday,14,0- free flowing,145159
3 Tuesday,14,1 - light traffic,1656
3 Tuesday,14,2 - medium traffic,6625
3 Tuesday,14,3 - heavy traffic,16134
3 Tuesday,14,4 - stand still,5824
3 Tuesday,14.5,0- free flowing,157608
3 Tuesday,14.5,1 - light traffic,1906
3 Tuesday,14.5,2 - medium traffic,8092.5
3 Tuesday,14.5,3 - heavy traffic,18255
3 Tuesday,14.5,4 - stand still,7063
3 Tuesday,15,0- free flowing,165084
3 Tuesday,15,1 - light traffic,1756
3 Tuesday,15,2 - medium traffic,10602.5
3 Tuesday,15,3 - heavy traffic,18459
3 Tuesday,15,4 - stand still,8858.5
3 Tuesday,15.5,0- free flowing,176569
3 Tuesday,15.5,1 - light traffic,4024
3 Tuesday,15.5,2 - medium traffic,15737.5
3 Tuesday,15.5,3 - heavy traffic,19626
3 Tuesday,15.5,4 - stand still,10059
3 Tuesday,16,0- free flowing,180179
3 Tuesday,16,1 - light traffic,3254
3 Tuesday,16,2 - medium traffic,26680
3 Tuesday,16,3 - heavy traffic,24516
3 Tuesday,16,4 - stand still,10489.5
3 Tuesday,16.5,0- free flowing,194752
3 Tuesday,16.5,1 - light traffic,2204
3 Tuesday,16.5,2 - medium traffic,31257.5
3 Tuesday,16.5,3 - heavy traffic,32472
3 Tuesday,16.5,4 - stand still,12358.5
3 Tuesday,17,0- free flowing,206770
3 Tuesday,17,1 - light traffic,2938
3 Tuesday,17,2 - medium traffic,32327.5
3 Tuesday,17,3 - heavy traffic,45603
3 Tuesday,17,4 - stand still,14563.5
3 Tuesday,17.5,0- free flowing,217906
3 Tuesday,17.5,1 - light traffic,4334
3 Tuesday,17.5,2 - medium traffic,29910
3 Tuesday,17.5,3 - heavy traffic,80514
3 Tuesday,17.5,4 - stand still,23044
3 Tuesday,18,0- free flowing,188895
3 Tuesday,18,1 - light traffic,2492
3 Tuesday,18,2 - medium traffic,23807.5
3 Tuesday,18,3 - heavy traffic,41145
3 Tuesday,18,4 - stand still,12075
3 Tuesday,18.5,0- free flowing,158336
3 Tuesday,18.5,1 - light traffic,1702
3 Tuesday,18.5,2 - medium traffic,13802.5
3 Tuesday,18.5,3 - heavy traffic,11871
3 Tuesday,18.5,4 - stand still,6615
3 Tuesday,19,0- free flowing,121420
3 Tuesday,19,1 - light traffic,876
3 Tuesday,19,2 - medium traffic,2082.5
3 Tuesday,19,3 - heavy traffic,4863
3 Tuesday,19,4 - stand still,4385.5
3 Tuesday,19.5,0- free flowing,102755
3 Tuesday,19.5,1 - light traffic,410
3 Tuesday,19.5,2 - medium traffic,1257.5
3 Tuesday,19.5,3 - heavy traffic,1902
3 Tuesday,19.5,4 - stand still,3003
3 Tuesday,20,0- free flowing,87711
3 Tuesday,20,1 - light traffic,426
3 Tuesday,20,2 - medium traffic,602.5
3 Tuesday,20,3 - heavy traffic,948
3 Tuesday,20,4 - stand still,1799
3 Tuesday,20.5,0- free flowing,78707
3 Tuesday,20.5,1 - light traffic,214
3 Tuesday,20.5,2 - medium traffic,282.5
3 Tuesday,20.5,3 - heavy traffic,804
3 Tuesday,20.5,4 - stand still,1323
3 Tuesday,21,0- free flowing,70419
3 Tuesday,21,1 - light traffic,352
3 Tuesday,21,2 - medium traffic,432.5
3 Tuesday,21,3 - heavy traffic,948
3 Tuesday,21,4 - stand still,1403.5
3 Tuesday,21.5,0- free flowing,60581
3 Tuesday,21.5,1 - light traffic,98
3 Tuesday,21.5,2 - medium traffic,210
3 Tuesday,21.5,3 - heavy traffic,1566
3 Tuesday,21.5,4 - stand still,2467.5
3 Tuesday,22,0- free flowing,49642
3 Tuesday,22,1 - light traffic,32
3 Tuesday,22,2 - medium traffic,287.5
3 Tuesday,22,3 - heavy traffic,1134
3 Tuesday,22,4 - stand still,2768.5
3 Tuesday,22.5,0- free flowing,45014
3 Tuesday,22.5,1 - light traffic,24
3 Tuesday,22.5,2 - medium traffic,252.5
3 Tuesday,22.5,3 - heavy traffic,1083
3 Tuesday,22.5,4 - stand still,1995
3 Tuesday,23,0- free flowing,39971
3 Tuesday,23,1 - light traffic,32
3 Tuesday,23,2 - medium traffic,220
3 Tuesday,23,3 - heavy traffic,981
3 Tuesday,23,4 - stand still,1575
3 Tuesday,23.5,0- free flowing,35413
3 Tuesday,23.5,1 - light traffic,20
3 Tuesday,23.5,2 - medium traffic,250
3 Tuesday,23.5,3 - heavy traffic,678
3 Tuesday,23.5,4 - stand still,766.5
3 Tuesday,24,0- free flowing,29897
3 Tuesday,24,1 - light traffic,48
3 Tuesday,24,2 - medium traffic,100
3 Tuesday,24,3 - heavy traffic,420
3 Tuesday,24,4 - stand still,903
4 Wednesday,0.5,0- free flowing,25779
4 Wednesday,0.5,1 - light traffic,46
4 Wednesday,0.5,2 - medium traffic,65
4 Wednesday,0.5,3 - heavy traffic,177
4 Wednesday,0.5,4 - stand still,392
4 Wednesday,1,0- free flowing,21561
4 Wednesday,1,1 - light traffic,42
4 Wednesday,1,2 - medium traffic,52.5
4 Wednesday,1,3 - heavy traffic,138
4 Wednesday,1,4 - stand still,462
4 Wednesday,1.5,0- free flowing,17869
4 Wednesday,1.5,1 - light traffic,42
4 Wednesday,1.5,2 - medium traffic,52.5
4 Wednesday,1.5,3 - heavy traffic,99
4 Wednesday,1.5,4 - stand still,360.5
4 Wednesday,2,0- free flowing,15637
4 Wednesday,2,1 - light traffic,28
4 Wednesday,2,2 - medium traffic,22.5
4 Wednesday,2,3 - heavy traffic,72
4 Wednesday,2,4 - stand still,224
4 Wednesday,2.5,0- free flowing,14513
4 Wednesday,2.5,1 - light traffic,16
4 Wednesday,2.5,2 - medium traffic,15
4 Wednesday,2.5,3 - heavy traffic,39
4 Wednesday,2.5,4 - stand still,308
4 Wednesday,3,0- free flowing,14022
4 Wednesday,3,1 - light traffic,16
4 Wednesday,3,2 - medium traffic,20
4 Wednesday,3,3 - heavy traffic,48
4 Wednesday,3,4 - stand still,210
4 Wednesday,3.5,0- free flowing,13699
4 Wednesday,3.5,1 - light traffic,18
4 Wednesday,3.5,2 - medium traffic,42.5
4 Wednesday,3.5,3 - heavy traffic,36
4 Wednesday,3.5,4 - stand still,297.5
4 Wednesday,4,0- free flowing,15144
4 Wednesday,4,1 - light traffic,6
4 Wednesday,4,2 - medium traffic,35
4 Wednesday,4,3 - heavy traffic,87
4 Wednesday,4,4 - stand still,143.5
4 Wednesday,4.5,0- free flowing,18509
4 Wednesday,4.5,1 - light traffic,8
4 Wednesday,4.5,2 - medium traffic,20
4 Wednesday,4.5,3 - heavy traffic,105
4 Wednesday,4.5,4 - stand still,35
4 Wednesday,5,0- free flowing,24607
4 Wednesday,5,1 - light traffic,26
4 Wednesday,5,2 - medium traffic,35
4 Wednesday,5,3 - heavy traffic,99
4 Wednesday,5,4 - stand still,164.5
4 Wednesday,5.5,0- free flowing,33303
4 Wednesday,5.5,1 - light traffic,8
4 Wednesday,5.5,2 - medium traffic,42.5
4 Wednesday,5.5,3 - heavy traffic,252
4 Wednesday,5.5,4 - stand still,336
4 Wednesday,6,0- free flowing,40387
4 Wednesday,6,1 - light traffic,10
4 Wednesday,6,2 - medium traffic,75
4 Wednesday,6,3 - heavy traffic,237
4 Wednesday,6,4 - stand still,423.5
4 Wednesday,6.5,0- free flowing,53056
4 Wednesday,6.5,1 - light traffic,26
4 Wednesday,6.5,2 - medium traffic,132.5
4 Wednesday,6.5,3 - heavy traffic,246
4 Wednesday,6.5,4 - stand still,553
4 Wednesday,7,0- free flowing,75306
4 Wednesday,7,1 - light traffic,82
4 Wednesday,7,2 - medium traffic,550
4 Wednesday,7,3 - heavy traffic,1038
4 Wednesday,7,4 - stand still,1295
4 Wednesday,7.5,0- free flowing,121272
4 Wednesday,7.5,1 - light traffic,1198
4 Wednesday,7.5,2 - medium traffic,7482.5
4 Wednesday,7.5,3 - heavy traffic,7203
4 Wednesday,7.5,4 - stand still,2047.5
4 Wednesday,8,0- free flowing,144583
4 Wednesday,8,1 - light traffic,1912
4 Wednesday,8,2 - medium traffic,12867.5
4 Wednesday,8,3 - heavy traffic,28362
4 Wednesday,8,4 - stand still,7906.5
4 Wednesday,8.5,0- free flowing,148923
4 Wednesday,8.5,1 - light traffic,1630
4 Wednesday,8.5,2 - medium traffic,8472.5
4 Wednesday,8.5,3 - heavy traffic,16554
4 Wednesday,8.5,4 - stand still,6156.5
4 Wednesday,9,0- free flowing,129539
4 Wednesday,9,1 - light traffic,900
4 Wednesday,9,2 - medium traffic,4230
4 Wednesday,9,3 - heavy traffic,8409
4 Wednesday,9,4 - stand still,4182.5
4 Wednesday,9.5,0- free flowing,125319
4 Wednesday,9.5,1 - light traffic,490
4 Wednesday,9.5,2 - medium traffic,2220
4 Wednesday,9.5,3 - heavy traffic,2694
4 Wednesday,9.5,4 - stand still,2789.5
4 Wednesday,10,0- free flowing,128101
4 Wednesday,10,1 - light traffic,314
4 Wednesday,10,2 - medium traffic,1502.5
4 Wednesday,10,3 - heavy traffic,2823
4 Wednesday,10,4 - stand still,1585.5
4 Wednesday,10.5,0- free flowing,130150
4 Wednesday,10.5,1 - light traffic,416
4 Wednesday,10.5,2 - medium traffic,1252.5
4 Wednesday,10.5,3 - heavy traffic,3465
4 Wednesday,10.5,4 - stand still,1421
4 Wednesday,11,0- free flowing,137448
4 Wednesday,11,1 - light traffic,724
4 Wednesday,11,2 - medium traffic,2330
4 Wednesday,11,3 - heavy traffic,4176
4 Wednesday,11,4 - stand still,4480
4 Wednesday,11.5,0- free flowing,145472
4 Wednesday,11.5,1 - light traffic,1150
4 Wednesday,11.5,2 - medium traffic,3977.5
4 Wednesday,11.5,3 - heavy traffic,7014
4 Wednesday,11.5,4 - stand still,5509
4 Wednesday,12,0- free flowing,153819
4 Wednesday,12,1 - light traffic,1054
4 Wednesday,12,2 - medium traffic,6612.5
4 Wednesday,12,3 - heavy traffic,11187
4 Wednesday,12,4 - stand still,6429.5
4 Wednesday,12.5,0- free flowing,162665
4 Wednesday,12.5,1 - light traffic,1458
4 Wednesday,12.5,2 - medium traffic,7602.5
4 Wednesday,12.5,3 - heavy traffic,17319
4 Wednesday,12.5,4 - stand still,6807.5
4 Wednesday,13,0- free flowing,162418
4 Wednesday,13,1 - light traffic,1698
4 Wednesday,13,2 - medium traffic,8617.5
4 Wednesday,13,3 - heavy traffic,16230
4 Wednesday,13,4 - stand still,9667
4 Wednesday,13.5,0- free flowing,166846
4 Wednesday,13.5,1 - light traffic,1502
4 Wednesday,13.5,2 - medium traffic,10500
4 Wednesday,13.5,3 - heavy traffic,16464
4 Wednesday,13.5,4 - stand still,10248
4 Wednesday,14,0- free flowing,167791
4 Wednesday,14,1 - light traffic,1934
4 Wednesday,14,2 - medium traffic,11705
4 Wednesday,14,3 - heavy traffic,17835
4 Wednesday,14,4 - stand still,9660
4 Wednesday,14.5,0- free flowing,172468
4 Wednesday,14.5,1 - light traffic,2562
4 Wednesday,14.5,2 - medium traffic,16105
4 Wednesday,14.5,3 - heavy traffic,22602
4 Wednesday,14.5,4 - stand still,11711
4 Wednesday,15,0- free flowing,178859
4 Wednesday,15,1 - light traffic,4376
4 Wednesday,15,2 - medium traffic,18555
4 Wednesday,15,3 - heavy traffic,26004
4 Wednesday,15,4 - stand still,15519
4 Wednesday,15.5,0- free flowing,188733
4 Wednesday,15.5,1 - light traffic,4946
4 Wednesday,15.5,2 - medium traffic,23487.5
4 Wednesday,15.5,3 - heavy traffic,37188
4 Wednesday,15.5,4 - stand still,14066.5
4 Wednesday,16,0- free flowing,182598
4 Wednesday,16,1 - light traffic,3866
4 Wednesday,16,2 - medium traffic,32070
4 Wednesday,16,3 - heavy traffic,36840
4 Wednesday,16,4 - stand still,12463.5
4 Wednesday,16.5,0- free flowing,199490
4 Wednesday,16.5,1 - light traffic,3072
4 Wednesday,16.5,2 - medium traffic,35592.5
4 Wednesday,16.5,3 - heavy traffic,48705
4 Wednesday,16.5,4 - stand still,15463
4 Wednesday,17,0- free flowing,212515
4 Wednesday,17,1 - light traffic,3496
4 Wednesday,17,2 - medium traffic,33080
4 Wednesday,17,3 - heavy traffic,70674
4 Wednesday,17,4 - stand still,17542
4 Wednesday,17.5,0- free flowing,223933
4 Wednesday,17.5,1 - light traffic,4474
4 Wednesday,17.5,2 - medium traffic,27842.5
4 Wednesday,17.5,3 - heavy traffic,107778
4 Wednesday,17.5,4 - stand still,21269.5
4 Wednesday,18,0- free flowing,196778
4 Wednesday,18,1 - light traffic,3264
4 Wednesday,18,2 - medium traffic,24037.5
4 Wednesday,18,3 - heavy traffic,61866
4 Wednesday,18,4 - stand still,12589.5
4 Wednesday,18.5,0- free flowing,158349
4 Wednesday,18.5,1 - light traffic,2142
4 Wednesday,18.5,2 - medium traffic,18907.5
4 Wednesday,18.5,3 - heavy traffic,17640
4 Wednesday,18.5,4 - stand still,7602
4 Wednesday,19,0- free flowing,123834
4 Wednesday,19,1 - light traffic,1230
4 Wednesday,19,2 - medium traffic,6010
4 Wednesday,19,3 - heavy traffic,5343
4 Wednesday,19,4 - stand still,5204.5
4 Wednesday,19.5,0- free flowing,104478
4 Wednesday,19.5,1 - light traffic,314
4 Wednesday,19.5,2 - medium traffic,1730
4 Wednesday,19.5,3 - heavy traffic,3027
4 Wednesday,19.5,4 - stand still,1984.5
4 Wednesday,20,0- free flowing,90566
4 Wednesday,20,1 - light traffic,108
4 Wednesday,20,2 - medium traffic,1807.5
4 Wednesday,20,3 - heavy traffic,1014
4 Wednesday,20,4 - stand still,987
4 Wednesday,20.5,0- free flowing,80964
4 Wednesday,20.5,1 - light traffic,196
4 Wednesday,20.5,2 - medium traffic,360
4 Wednesday,20.5,3 - heavy traffic,1335
4 Wednesday,20.5,4 - stand still,1813
4 Wednesday,21,0- free flowing,72847
4 Wednesday,21,1 - light traffic,144
4 Wednesday,21,2 - medium traffic,335
4 Wednesday,21,3 - heavy traffic,1236
4 Wednesday,21,4 - stand still,1256.5
4 Wednesday,21.5,0- free flowing,65621
4 Wednesday,21.5,1 - light traffic,180
4 Wednesday,21.5,2 - medium traffic,665
4 Wednesday,21.5,3 - heavy traffic,1992
4 Wednesday,21.5,4 - stand still,2516.5
4 Wednesday,22,0- free flowing,53004
4 Wednesday,22,1 - light traffic,52
4 Wednesday,22,2 - medium traffic,352.5
4 Wednesday,22,3 - heavy traffic,1284
4 Wednesday,22,4 - stand still,3048.5
4 Wednesday,22.5,0- free flowing,46243
4 Wednesday,22.5,1 - light traffic,48
4 Wednesday,22.5,2 - medium traffic,392.5
4 Wednesday,22.5,3 - heavy traffic,1185
4 Wednesday,22.5,4 - stand still,2418.5
4 Wednesday,23,0- free flowing,41239
4 Wednesday,23,1 - light traffic,60
4 Wednesday,23,2 - medium traffic,312.5
4 Wednesday,23,3 - heavy traffic,1080
4 Wednesday,23,4 - stand still,1820
4 Wednesday,23.5,0- free flowing,36770
4 Wednesday,23.5,1 - light traffic,28
4 Wednesday,23.5,2 - medium traffic,237.5
4 Wednesday,23.5,3 - heavy traffic,1179
4 Wednesday,23.5,4 - stand still,1274
4 Wednesday,24,0- free flowing,30369
4 Wednesday,24,1 - light traffic,50
4 Wednesday,24,2 - medium traffic,127.5
4 Wednesday,24,3 - heavy traffic,504
4 Wednesday,24,4 - stand still,651
5 Thursday,0.5,0- free flowing,27988
5 Thursday,0.5,1 - light traffic,46
5 Thursday,0.5,2 - medium traffic,112.5
5 Thursday,0.5,3 - heavy traffic,474
5 Thursday,0.5,4 - stand still,745.5
5 Thursday,1,0- free flowing,23297
5 Thursday,1,1 - light traffic,32
5 Thursday,1,2 - medium traffic,77.5
5 Thursday,1,3 - heavy traffic,150
5 Thursday,1,4 - stand still,647.5
5 Thursday,1.5,0- free flowing,18995
5 Thursday,1.5,1 - light traffic,46
5 Thursday,1.5,2 - medium traffic,45
5 Thursday,1.5,3 - heavy traffic,135
5 Thursday,1.5,4 - stand still,364
5 Thursday,2,0- free flowing,16909
5 Thursday,2,1 - light traffic,34
5 Thursday,2,2 - medium traffic,37.5
5 Thursday,2,3 - heavy traffic,171
5 Thursday,2,4 - stand still,486.5
5 Thursday,2.5,0- free flowing,15837
5 Thursday,2.5,1 - light traffic,12
5 Thursday,2.5,2 - medium traffic,30
5 Thursday,2.5,3 - heavy traffic,84
5 Thursday,2.5,4 - stand still,290.5
5 Thursday,3,0- free flowing,15213
5 Thursday,3,1 - light traffic,16
5 Thursday,3,2 - medium traffic,42.5
5 Thursday,3,3 - heavy traffic,84
5 Thursday,3,4 - stand still,343
5 Thursday,3.5,0- free flowing,15598
5 Thursday,3.5,1 - light traffic,6
5 Thursday,3.5,2 - medium traffic,50
5 Thursday,3.5,3 - heavy traffic,159
5 Thursday,3.5,4 - stand still,388.5
5 Thursday,4,0- free flowing,16102
5 Thursday,4,1 - light traffic,8
5 Thursday,4,2 - medium traffic,22.5
5 Thursday,4,3 - heavy traffic,177
5 Thursday,4,4 - stand still,357
5 Thursday,4.5,0- free flowing,19543
5 Thursday,4.5,1 - light traffic,22
5 Thursday,4.5,2 - medium traffic,25
5 Thursday,4.5,3 - heavy traffic,129
5 Thursday,4.5,4 - stand still,378
5 Thursday,5,0- free flowing,26206
5 Thursday,5,1 - light traffic,16
5 Thursday,5,2 - medium traffic,50
5 Thursday,5,3 - heavy traffic,291
5 Thursday,5,4 - stand still,385
5 Thursday,5.5,0- free flowing,33873
5 Thursday,5.5,1 - light traffic,10
5 Thursday,5.5,2 - medium traffic,62.5
5 Thursday,5.5,3 - heavy traffic,258
5 Thursday,5.5,4 - stand still,483
5 Thursday,6,0- free flowing,39974
5 Thursday,6,1 - light traffic,22
5 Thursday,6,2 - medium traffic,35
5 Thursday,6,3 - heavy traffic,225
5 Thursday,6,4 - stand still,392
5 Thursday,6.5,0- free flowing,53446
5 Thursday,6.5,1 - light traffic,48
5 Thursday,6.5,2 - medium traffic,82.5
5 Thursday,6.5,3 - heavy traffic,249
5 Thursday,6.5,4 - stand still,315
5 Thursday,7,0- free flowing,77939
5 Thursday,7,1 - light traffic,80
5 Thursday,7,2 - medium traffic,400
5 Thursday,7,3 - heavy traffic,1359
5 Thursday,7,4 - stand still,1207.5
5 Thursday,7.5,0- free flowing,121308
5 Thursday,7.5,1 - light traffic,1392
5 Thursday,7.5,2 - medium traffic,6210
5 Thursday,7.5,3 - heavy traffic,8766
5 Thursday,7.5,4 - stand still,2383.5
5 Thursday,8,0- free flowing,147130
5 Thursday,8,1 - light traffic,1930
5 Thursday,8,2 - medium traffic,12492.5
5 Thursday,8,3 - heavy traffic,28563
5 Thursday,8,4 - stand still,6765.5
5 Thursday,8.5,0- free flowing,141874
5 Thursday,8.5,1 - light traffic,1372
5 Thursday,8.5,2 - medium traffic,8822.5
5 Thursday,8.5,3 - heavy traffic,12489
5 Thursday,8.5,4 - stand still,6734
5 Thursday,9,0- free flowing,131753
5 Thursday,9,1 - light traffic,726
5 Thursday,9,2 - medium traffic,4542.5
5 Thursday,9,3 - heavy traffic,7524
5 Thursday,9,4 - stand still,6419
5 Thursday,9.5,0- free flowing,126923
5 Thursday,9.5,1 - light traffic,480
5 Thursday,9.5,2 - medium traffic,1752.5
5 Thursday,9.5,3 - heavy traffic,3681
5 Thursday,9.5,4 - stand still,6258
5 Thursday,10,0- free flowing,126407
5 Thursday,10,1 - light traffic,380
5 Thursday,10,2 - medium traffic,1577.5
5 Thursday,10,3 - heavy traffic,3882
5 Thursday,10,4 - stand still,5495
5 Thursday,10.5,0- free flowing,133436
5 Thursday,10.5,1 - light traffic,964
5 Thursday,10.5,2 - medium traffic,2612.5
5 Thursday,10.5,3 - heavy traffic,2988
5 Thursday,10.5,4 - stand still,4683
5 Thursday,11,0- free flowing,142584
5 Thursday,11,1 - light traffic,990
5 Thursday,11,2 - medium traffic,5175
5 Thursday,11,3 - heavy traffic,4809
5 Thursday,11,4 - stand still,3573.5
5 Thursday,11.5,0- free flowing,152640
5 Thursday,11.5,1 - light traffic,1350
5 Thursday,11.5,2 - medium traffic,4562.5
5 Thursday,11.5,3 - heavy traffic,8676
5 Thursday,11.5,4 - stand still,5113.5
5 Thursday,12,0- free flowing,157696
5 Thursday,12,1 - light traffic,1994
5 Thursday,12,2 - medium traffic,6535
5 Thursday,12,3 - heavy traffic,12012
5 Thursday,12,4 - stand still,7420
5 Thursday,12.5,0- free flowing,168181
5 Thursday,12.5,1 - light traffic,1854
5 Thursday,12.5,2 - medium traffic,10557.5
5 Thursday,12.5,3 - heavy traffic,19038
5 Thursday,12.5,4 - stand still,7087.5
5 Thursday,13,0- free flowing,171868
5 Thursday,13,1 - light traffic,2718
5 Thursday,13,2 - medium traffic,12172.5
5 Thursday,13,3 - heavy traffic,23352
5 Thursday,13,4 - stand still,10101
5 Thursday,13.5,0- free flowing,173867
5 Thursday,13.5,1 - light traffic,3460
5 Thursday,13.5,2 - medium traffic,15917.5
5 Thursday,13.5,3 - heavy traffic,24189
5 Thursday,13.5,4 - stand still,9037
5 Thursday,14,0- free flowing,172619
5 Thursday,14,1 - light traffic,4162
5 Thursday,14,2 - medium traffic,17520
5 Thursday,14,3 - heavy traffic,25260
5 Thursday,14,4 - stand still,8991.5
5 Thursday,14.5,0- free flowing,171026
5 Thursday,14.5,1 - light traffic,3454
5 Thursday,14.5,2 - medium traffic,22875
5 Thursday,14.5,3 - heavy traffic,28305
5 Thursday,14.5,4 - stand still,7791
5 Thursday,15,0- free flowing,186199
5 Thursday,15,1 - light traffic,4068
5 Thursday,15,2 - medium traffic,27740
5 Thursday,15,3 - heavy traffic,37041
5 Thursday,15,4 - stand still,7854
5 Thursday,15.5,0- free flowing,192429
5 Thursday,15.5,1 - light traffic,4674
5 Thursday,15.5,2 - medium traffic,35485
5 Thursday,15.5,3 - heavy traffic,45216
5 Thursday,15.5,4 - stand still,10825.5
5 Thursday,16,0- free flowing,191591
5 Thursday,16,1 - light traffic,4210
5 Thursday,16,2 - medium traffic,45082.5
5 Thursday,16,3 - heavy traffic,57087
5 Thursday,16,4 - stand still,16271.5
5 Thursday,16.5,0- free flowing,216727
5 Thursday,16.5,1 - light traffic,4712
5 Thursday,16.5,2 - medium traffic,45187.5
5 Thursday,16.5,3 - heavy traffic,78453
5 Thursday,16.5,4 - stand still,18385.5
5 Thursday,17,0- free flowing,228788
5 Thursday,17,1 - light traffic,5688
5 Thursday,17,2 - medium traffic,40115
5 Thursday,17,3 - heavy traffic,105438
5 Thursday,17,4 - stand still,17234
5 Thursday,17.5,0- free flowing,244349
5 Thursday,17.5,1 - light traffic,6166
5 Thursday,17.5,2 - medium traffic,37042.5
5 Thursday,17.5,3 - heavy traffic,143148
5 Thursday,17.5,4 - stand still,24727.5
5 Thursday,18,0- free flowing,221337
5 Thursday,18,1 - light traffic,4588
5 Thursday,18,2 - medium traffic,38167.5
5 Thursday,18,3 - heavy traffic,75093
5 Thursday,18,4 - stand still,16908.5
5 Thursday,18.5,0- free flowing,179063
5 Thursday,18.5,1 - light traffic,3564
5 Thursday,18.5,2 - medium traffic,26802.5
5 Thursday,18.5,3 - heavy traffic,21753
5 Thursday,18.5,4 - stand still,9177
5 Thursday,19,0- free flowing,143096
5 Thursday,19,1 - light traffic,1510
5 Thursday,19,2 - medium traffic,7607.5
5 Thursday,19,3 - heavy traffic,7356
5 Thursday,19,4 - stand still,4546.5
5 Thursday,19.5,0- free flowing,121815
5 Thursday,19.5,1 - light traffic,658
5 Thursday,19.5,2 - medium traffic,2667.5
5 Thursday,19.5,3 - heavy traffic,2400
5 Thursday,19.5,4 - stand still,3017
5 Thursday,20,0- free flowing,107144
5 Thursday,20,1 - light traffic,352
5 Thursday,20,2 - medium traffic,1120
5 Thursday,20,3 - heavy traffic,1398
5 Thursday,20,4 - stand still,1669.5
5 Thursday,20.5,0- free flowing,95454
5 Thursday,20.5,1 - light traffic,192
5 Thursday,20.5,2 - medium traffic,715
5 Thursday,20.5,3 - heavy traffic,1548
5 Thursday,20.5,4 - stand still,1760.5
5 Thursday,21,0- free flowing,89509
5 Thursday,21,1 - light traffic,226
5 Thursday,21,2 - medium traffic,1137.5
5 Thursday,21,3 - heavy traffic,1971
5 Thursday,21,4 - stand still,1904
5 Thursday,21.5,0- free flowing,76484
5 Thursday,21.5,1 - light traffic,254
5 Thursday,21.5,2 - medium traffic,997.5
5 Thursday,21.5,3 - heavy traffic,3489
5 Thursday,21.5,4 - stand still,2943.5
5 Thursday,22,0- free flowing,63316
5 Thursday,22,1 - light traffic,142
5 Thursday,22,2 - medium traffic,707.5
5 Thursday,22,3 - heavy traffic,3099
5 Thursday,22,4 - stand still,4000.5
5 Thursday,22.5,0- free flowing,54712
5 Thursday,22.5,1 - light traffic,48
5 Thursday,22.5,2 - medium traffic,500
5 Thursday,22.5,3 - heavy traffic,1731
5 Thursday,22.5,4 - stand still,5869.5
5 Thursday,23,0- free flowing,48596
5 Thursday,23,1 - light traffic,94
5 Thursday,23,2 - medium traffic,720
5 Thursday,23,3 - heavy traffic,1548
5 Thursday,23,4 - stand still,4259.5
5 Thursday,23.5,0- free flowing,41419
5 Thursday,23.5,1 - light traffic,40
5 Thursday,23.5,2 - medium traffic,972.5
5 Thursday,23.5,3 - heavy traffic,1347
5 Thursday,23.5,4 - stand still,1344
5 Thursday,24,0- free flowing,32647
5 Thursday,24,1 - light traffic,52
5 Thursday,24,2 - medium traffic,267.5
5 Thursday,24,3 - heavy traffic,837
5 Thursday,24,4 - stand still,1018.5
6 Friday,0.5,0- free flowing,33164
6 Friday,0.5,1 - light traffic,38
6 Friday,0.5,2 - medium traffic,102.5
6 Friday,0.5,3 - heavy traffic,462
6 Friday,0.5,4 - stand still,1522.5
6 Friday,1,0- free flowing,28040
6 Friday,1,1 - light traffic,30
6 Friday,1,2 - medium traffic,47.5
6 Friday,1,3 - heavy traffic,528
6 Friday,1,4 - stand still,966
6 Friday,1.5,0- free flowing,24320
6 Friday,1.5,1 - light traffic,38
6 Friday,1.5,2 - medium traffic,100
6 Friday,1.5,3 - heavy traffic,357
6 Friday,1.5,4 - stand still,630
6 Friday,2,0- free flowing,20773
6 Friday,2,1 - light traffic,22
6 Friday,2,2 - medium traffic,70
6 Friday,2,3 - heavy traffic,171
6 Friday,2,4 - stand still,385
6 Friday,2.5,0- free flowing,19651
6 Friday,2.5,1 - light traffic,14
6 Friday,2.5,2 - medium traffic,30
6 Friday,2.5,3 - heavy traffic,219
6 Friday,2.5,4 - stand still,294
6 Friday,3,0- free flowing,18857
6 Friday,3,1 - light traffic,30
6 Friday,3,2 - medium traffic,40
6 Friday,3,3 - heavy traffic,180
6 Friday,3,4 - stand still,483
6 Friday,3.5,0- free flowing,18839
6 Friday,3.5,1 - light traffic,16
6 Friday,3.5,2 - medium traffic,52.5
6 Friday,3.5,3 - heavy traffic,93
6 Friday,3.5,4 - stand still,518
6 Friday,4,0- free flowing,19116
6 Friday,4,1 - light traffic,8
6 Friday,4,2 - medium traffic,40
6 Friday,4,3 - heavy traffic,78
6 Friday,4,4 - stand still,346.5
6 Friday,4.5,0- free flowing,21781
6 Friday,4.5,1 - light traffic,14
6 Friday,4.5,2 - medium traffic,42.5
6 Friday,4.5,3 - heavy traffic,132
6 Friday,4.5,4 - stand still,367.5
6 Friday,5,0- free flowing,26899
6 Friday,5,1 - light traffic,2
6 Friday,5,2 - medium traffic,75
6 Friday,5,3 - heavy traffic,108
6 Friday,5,4 - stand still,259
6 Friday,5.5,0- free flowing,34271
6 Friday,5.5,1 - light traffic,16
6 Friday,5.5,2 - medium traffic,52.5
6 Friday,5.5,3 - heavy traffic,108
6 Friday,5.5,4 - stand still,192.5
6 Friday,6,0- free flowing,38698
6 Friday,6,1 - light traffic,16
6 Friday,6,2 - medium traffic,35
6 Friday,6,3 - heavy traffic,102
6 Friday,6,4 - stand still,196
6 Friday,6.5,0- free flowing,51421
6 Friday,6.5,1 - light traffic,6
6 Friday,6.5,2 - medium traffic,32.5
6 Friday,6.5,3 - heavy traffic,189
6 Friday,6.5,4 - stand still,290.5
6 Friday,7,0- free flowing,72085
6 Friday,7,1 - light traffic,62
6 Friday,7,2 - medium traffic,265
6 Friday,7,3 - heavy traffic,789
6 Friday,7,4 - stand still,924
6 Friday,7.5,0- free flowing,111003
6 Friday,7.5,1 - light traffic,634
6 Friday,7.5,2 - medium traffic,3080
6 Friday,7.5,3 - heavy traffic,3615
6 Friday,7.5,4 - stand still,2145.5
6 Friday,8,0- free flowing,139271
6 Friday,8,1 - light traffic,1350
6 Friday,8,2 - medium traffic,9317.5
6 Friday,8,3 - heavy traffic,12990
6 Friday,8,4 - stand still,5085.5
6 Friday,8.5,0- free flowing,139809
6 Friday,8.5,1 - light traffic,916
6 Friday,8.5,2 - medium traffic,4027.5
6 Friday,8.5,3 - heavy traffic,6357
6 Friday,8.5,4 - stand still,5155.5
6 Friday,9,0- free flowing,129423
6 Friday,9,1 - light traffic,506
6 Friday,9,2 - medium traffic,1992.5
6 Friday,9,3 - heavy traffic,4482
6 Friday,9,4 - stand still,4378.5
6 Friday,9.5,0- free flowing,129008
6 Friday,9.5,1 - light traffic,282
6 Friday,9.5,2 - medium traffic,1455
6 Friday,9.5,3 - heavy traffic,3075
6 Friday,9.5,4 - stand still,4140.5
6 Friday,10,0- free flowing,135560
6 Friday,10,1 - light traffic,354
6 Friday,10,2 - medium traffic,2295
6 Friday,10,3 - heavy traffic,4119
6 Friday,10,4 - stand still,3937.5
6 Friday,10.5,0- free flowing,144327
6 Friday,10.5,1 - light traffic,540
6 Friday,10.5,2 - medium traffic,3620
6 Friday,10.5,3 - heavy traffic,4581
6 Friday,10.5,4 - stand still,4613
6 Friday,11,0- free flowing,156246
6 Friday,11,1 - light traffic,1294
6 Friday,11,2 - medium traffic,5637.5
6 Friday,11,3 - heavy traffic,9297
6 Friday,11,4 - stand still,5103
6 Friday,11.5,0- free flowing,172721
6 Friday,11.5,1 - light traffic,2344
6 Friday,11.5,2 - medium traffic,9845
6 Friday,11.5,3 - heavy traffic,18756
6 Friday,11.5,4 - stand still,6471.5
6 Friday,12,0- free flowing,182898
6 Friday,12,1 - light traffic,3358
6 Friday,12,2 - medium traffic,16530
6 Friday,12,3 - heavy traffic,29907
6 Friday,12,4 - stand still,7420
6 Friday,12.5,0- free flowing,189097
6 Friday,12.5,1 - light traffic,4550
6 Friday,12.5,2 - medium traffic,23277.5
6 Friday,12.5,3 - heavy traffic,40305
6 Friday,12.5,4 - stand still,11053
6 Friday,13,0- free flowing,203904
6 Friday,13,1 - light traffic,4942
6 Friday,13,2 - medium traffic,31915
6 Friday,13,3 - heavy traffic,50865
6 Friday,13,4 - stand still,15981
6 Friday,13.5,0- free flowing,206049
6 Friday,13.5,1 - light traffic,6420
6 Friday,13.5,2 - medium traffic,36912.5
6 Friday,13.5,3 - heavy traffic,61008
6 Friday,13.5,4 - stand still,21868
6 Friday,14,0- free flowing,210825
6 Friday,14,1 - light traffic,5938
6 Friday,14,2 - medium traffic,46280
6 Friday,14,3 - heavy traffic,68526
6 Friday,14,4 - stand still,22949.5
6 Friday,14.5,0- free flowing,214748
6 Friday,14.5,1 - light traffic,5822
6 Friday,14.5,2 - medium traffic,56947.5
6 Friday,14.5,3 - heavy traffic,76515
6 Friday,14.5,4 - stand still,22585.5
6 Friday,15,0- free flowing,224621
6 Friday,15,1 - light traffic,6882
6 Friday,15,2 - medium traffic,62535
6 Friday,15,3 - heavy traffic,95109
6 Friday,15,4 - stand still,21479.5
6 Friday,15.5,0- free flowing,237402
6 Friday,15.5,1 - light traffic,5828
6 Friday,15.5,2 - medium traffic,62235
6 Friday,15.5,3 - heavy traffic,122514
6 Friday,15.5,4 - stand still,30383.5
6 Friday,16,0- free flowing,247392
6 Friday,16,1 - light traffic,5928
6 Friday,16,2 - medium traffic,64105
6 Friday,16,3 - heavy traffic,139809
6 Friday,16,4 - stand still,39662
6 Friday,16.5,0- free flowing,274410
6 Friday,16.5,1 - light traffic,5600
6 Friday,16.5,2 - medium traffic,64715
6 Friday,16.5,3 - heavy traffic,150300
6 Friday,16.5,4 - stand still,42682.5
6 Friday,17,0- free flowing,267562
6 Friday,17,1 - light traffic,6634
6 Friday,17,2 - medium traffic,57505
6 Friday,17,3 - heavy traffic,156288
6 Friday,17,4 - stand still,48506.5
6 Friday,17.5,0- free flowing,264198
6 Friday,17.5,1 - light traffic,6582
6 Friday,17.5,2 - medium traffic,58255
6 Friday,17.5,3 - heavy traffic,145392
6 Friday,17.5,4 - stand still,49661.5
6 Friday,18,0- free flowing,245315
6 Friday,18,1 - light traffic,6514
6 Friday,18,2 - medium traffic,55775
6 Friday,18,3 - heavy traffic,89733
6 Friday,18,4 - stand still,41394.5
6 Friday,18.5,0- free flowing,223466
6 Friday,18.5,1 - light traffic,6384
6 Friday,18.5,2 - medium traffic,39837.5
6 Friday,18.5,3 - heavy traffic,49266
6 Friday,18.5,4 - stand still,34209
6 Friday,19,0- free flowing,194477
6 Friday,19,1 - light traffic,4192
6 Friday,19,2 - medium traffic,26067.5
6 Friday,19,3 - heavy traffic,27258
6 Friday,19,4 - stand still,27881
6 Friday,19.5,0- free flowing,174940
6 Friday,19.5,1 - light traffic,2754
6 Friday,19.5,2 - medium traffic,16660
6 Friday,19.5,3 - heavy traffic,20127
6 Friday,19.5,4 - stand still,19778.5
6 Friday,20,0- free flowing,150693
6 Friday,20,1 - light traffic,1518
6 Friday,20,2 - medium traffic,12777.5
6 Friday,20,3 - heavy traffic,13041
6 Friday,20,4 - stand still,13016.5
6 Friday,20.5,0- free flowing,137703
6 Friday,20.5,1 - light traffic,1012
6 Friday,20.5,2 - medium traffic,7285
6 Friday,20.5,3 - heavy traffic,8679
6 Friday,20.5,4 - stand still,9940
6 Friday,21,0- free flowing,126636
6 Friday,21,1 - light traffic,608
6 Friday,21,2 - medium traffic,6692.5
6 Friday,21,3 - heavy traffic,9768
6 Friday,21,4 - stand still,7143.5
6 Friday,21.5,0- free flowing,116734
6 Friday,21.5,1 - light traffic,1104
6 Friday,21.5,2 - medium traffic,5520
6 Friday,21.5,3 - heavy traffic,6279
6 Friday,21.5,4 - stand still,5190.5
6 Friday,22,0- free flowing,98420
6 Friday,22,1 - light traffic,462
6 Friday,22,2 - medium traffic,3492.5
6 Friday,22,3 - heavy traffic,3336
6 Friday,22,4 - stand still,4504.5
6 Friday,22.5,0- free flowing,84517
6 Friday,22.5,1 - light traffic,594
6 Friday,22.5,2 - medium traffic,1625
6 Friday,22.5,3 - heavy traffic,2427
6 Friday,22.5,4 - stand still,2075.5
6 Friday,23,0- free flowing,70561
6 Friday,23,1 - light traffic,64
6 Friday,23,2 - medium traffic,185
6 Friday,23,3 - heavy traffic,606
6 Friday,23,4 - stand still,1218
6 Friday,23.5,0- free flowing,56718
6 Friday,23.5,1 - light traffic,34
6 Friday,23.5,2 - medium traffic,60
6 Friday,23.5,3 - heavy traffic,204
6 Friday,23.5,4 - stand still,864.5
6 Friday,24,0- free flowing,40055
6 Friday,24,1 - light traffic,24
6 Friday,24,2 - medium traffic,157.5
6 Friday,24,3 - heavy traffic,453
6 Friday,24,4 - stand still,1578.5
7 Saturday,0.5,0- free flowing,46848
7 Saturday,0.5,1 - light traffic,22
7 Saturday,0.5,2 - medium traffic,17.5
7 Saturday,0.5,3 - heavy traffic,54
7 Saturday,0.5,4 - stand still,542.5
7 Saturday,1,0- free flowing,37499
7 Saturday,1,1 - light traffic,14
7 Saturday,1,2 - medium traffic,20
7 Saturday,1,3 - heavy traffic,111
7 Saturday,1,4 - stand still,182
7 Saturday,1.5,0- free flowing,33545
7 Saturday,1.5,1 - light traffic,16
7 Saturday,1.5,2 - medium traffic,15
7 Saturday,1.5,3 - heavy traffic,90
7 Saturday,1.5,4 - stand still,143.5
7 Saturday,2,0- free flowing,30092
7 Saturday,2,1 - light traffic,16
7 Saturday,2,2 - medium traffic,22.5
7 Saturday,2,3 - heavy traffic,225
7 Saturday,2,4 - stand still,213.5
7 Saturday,2.5,0- free flowing,26656
7 Saturday,2.5,1 - light traffic,38
7 Saturday,2.5,2 - medium traffic,25
7 Saturday,2.5,3 - heavy traffic,60
7 Saturday,2.5,4 - stand still,206.5
7 Saturday,3,0- free flowing,24122
7 Saturday,3,1 - light traffic,2
7 Saturday,3,2 - medium traffic,17.5
7 Saturday,3,3 - heavy traffic,69
7 Saturday,3,4 - stand still,182
7 Saturday,3.5,0- free flowing,22801
7 Saturday,3.5,1 - light traffic,4
7 Saturday,3.5,2 - medium traffic,50
7 Saturday,3.5,3 - heavy traffic,93
7 Saturday,3.5,4 - stand still,154
7 Saturday,4,0- free flowing,21282
7 Saturday,4,1 - light traffic,24
7 Saturday,4,2 - medium traffic,7.5
7 Saturday,4,3 - heavy traffic,60
7 Saturday,4,4 - stand still,154
7 Saturday,4.5,0- free flowing,21179
7 Saturday,4.5,1 - light traffic,26
7 Saturday,4.5,2 - medium traffic,22.5
7 Saturday,4.5,3 - heavy traffic,96
7 Saturday,4.5,4 - stand still,178.5
7 Saturday,5,0- free flowing,23558
7 Saturday,5,1 - light traffic,8
7 Saturday,5,2 - medium traffic,22.5
7 Saturday,5,3 - heavy traffic,45
7 Saturday,5,4 - stand still,238
7 Saturday,5.5,0- free flowing,27799
7 Saturday,5.5,1 - light traffic,6
7 Saturday,5.5,2 - medium traffic,7.5
7 Saturday,5.5,3 - heavy traffic,57
7 Saturday,5.5,4 - stand still,311.5
7 Saturday,6,0- free flowing,33032
7 Saturday,6,1 - light traffic,8
7 Saturday,6,2 - medium traffic,25
7 Saturday,6,3 - heavy traffic,33
7 Saturday,6,4 - stand still,122.5
7 Saturday,6.5,0- free flowing,39989
7 Saturday,6.5,1 - light traffic,18
7 Saturday,6.5,2 - medium traffic,37.5
7 Saturday,6.5,3 - heavy traffic,156
7 Saturday,6.5,4 - stand still,234.5
7 Saturday,7,0- free flowing,44014
7 Saturday,7,1 - light traffic,28
7 Saturday,7,2 - medium traffic,67.5
7 Saturday,7,3 - heavy traffic,99
7 Saturday,7,4 - stand still,115.5
7 Saturday,7.5,0- free flowing,54917
7 Saturday,7.5,1 - light traffic,20
7 Saturday,7.5,2 - medium traffic,27.5
7 Saturday,7.5,3 - heavy traffic,279
7 Saturday,7.5,4 - stand still,189
7 Saturday,8,0- free flowing,69405
7 Saturday,8,1 - light traffic,44
7 Saturday,8,2 - medium traffic,105
7 Saturday,8,3 - heavy traffic,420
7 Saturday,8,4 - stand still,479.5
7 Saturday,8.5,0- free flowing,89612
7 Saturday,8.5,1 - light traffic,230
7 Saturday,8.5,2 - medium traffic,182.5
7 Saturday,8.5,3 - heavy traffic,792
7 Saturday,8.5,4 - stand still,945
7 Saturday,9,0- free flowing,99631
7 Saturday,9,1 - light traffic,312
7 Saturday,9,2 - medium traffic,310
7 Saturday,9,3 - heavy traffic,1716
7 Saturday,9,4 - stand still,1757
7 Saturday,9.5,0- free flowing,116412
7 Saturday,9.5,1 - light traffic,242
7 Saturday,9.5,2 - medium traffic,285
7 Saturday,9.5,3 - heavy traffic,2307
7 Saturday,9.5,4 - stand still,4144
7 Saturday,10,0- free flowing,137356
7 Saturday,10,1 - light traffic,562
7 Saturday,10,2 - medium traffic,1235
7 Saturday,10,3 - heavy traffic,4863
7 Saturday,10,4 - stand still,5617.5
7 Saturday,10.5,0- free flowing,150129
7 Saturday,10.5,1 - light traffic,714
7 Saturday,10.5,2 - medium traffic,3065
7 Saturday,10.5,3 - heavy traffic,8079
7 Saturday,10.5,4 - stand still,5915
7 Saturday,11,0- free flowing,163054
7 Saturday,11,1 - light traffic,778
7 Saturday,11,2 - medium traffic,5120
7 Saturday,11,3 - heavy traffic,15261
7 Saturday,11,4 - stand still,7819
7 Saturday,11.5,0- free flowing,175767
7 Saturday,11.5,1 - light traffic,1608
7 Saturday,11.5,2 - medium traffic,7422.5
7 Saturday,11.5,3 - heavy traffic,24090
7 Saturday,11.5,4 - stand still,9401
7 Saturday,12,0- free flowing,190510
7 Saturday,12,1 - light traffic,2226
7 Saturday,12,2 - medium traffic,10330
7 Saturday,12,3 - heavy traffic,29901
7 Saturday,12,4 - stand still,14598.5
7 Saturday,12.5,0- free flowing,200775
7 Saturday,12.5,1 - light traffic,2922
7 Saturday,12.5,2 - medium traffic,14830
7 Saturday,12.5,3 - heavy traffic,34509
7 Saturday,12.5,4 - stand still,19134.5
7 Saturday,13,0- free flowing,206971
7 Saturday,13,1 - light traffic,3070
7 Saturday,13,2 - medium traffic,17420
7 Saturday,13,3 - heavy traffic,40185
7 Saturday,13,4 - stand still,17482.5
7 Saturday,13.5,0- free flowing,205761
7 Saturday,13.5,1 - light traffic,2504
7 Saturday,13.5,2 - medium traffic,18847.5
7 Saturday,13.5,3 - heavy traffic,39594
7 Saturday,13.5,4 - stand still,15851.5
7 Saturday,14,0- free flowing,202991
7 Saturday,14,1 - light traffic,2418
7 Saturday,14,2 - medium traffic,17185
7 Saturday,14,3 - heavy traffic,36927
7 Saturday,14,4 - stand still,17013.5
7 Saturday,14.5,0- free flowing,200542
7 Saturday,14.5,1 - light traffic,3126
7 Saturday,14.5,2 - medium traffic,19470
7 Saturday,14.5,3 - heavy traffic,39096
7 Saturday,14.5,4 - stand still,15473.5
7 Saturday,15,0- free flowing,197796
7 Saturday,15,1 - light traffic,2874
7 Saturday,15,2 - medium traffic,20597.5
7 Saturday,15,3 - heavy traffic,34965
7 Saturday,15,4 - stand still,15799
7 Saturday,15.5,0- free flowing,197190
7 Saturday,15.5,1 - light traffic,2722
7 Saturday,15.5,2 - medium traffic,19292.5
7 Saturday,15.5,3 - heavy traffic,31731
7 Saturday,15.5,4 - stand still,15379
7 Saturday,16,0- free flowing,194442
7 Saturday,16,1 - light traffic,2332
7 Saturday,16,2 - medium traffic,16355
7 Saturday,16,3 - heavy traffic,30303
7 Saturday,16,4 - stand still,15249.5
7 Saturday,16.5,0- free flowing,192401
7 Saturday,16.5,1 - light traffic,2568
7 Saturday,16.5,2 - medium traffic,16495
7 Saturday,16.5,3 - heavy traffic,24891
7 Saturday,16.5,4 - stand still,12421.5
7 Saturday,17,0- free flowing,187473
7 Saturday,17,1 - light traffic,2640
7 Saturday,17,2 - medium traffic,14557.5
7 Saturday,17,3 - heavy traffic,20136
7 Saturday,17,4 - stand still,9873.5
7 Saturday,17.5,0- free flowing,183280
7 Saturday,17.5,1 - light traffic,2058
7 Saturday,17.5,2 - medium traffic,15075
7 Saturday,17.5,3 - heavy traffic,16971
7 Saturday,17.5,4 - stand still,7329
7 Saturday,18,0- free flowing,176698
7 Saturday,18,1 - light traffic,1994
7 Saturday,18,2 - medium traffic,10577.5
7 Saturday,18,3 - heavy traffic,13137
7 Saturday,18,4 - stand still,7784
7 Saturday,18.5,0- free flowing,166121
7 Saturday,18.5,1 - light traffic,1342
7 Saturday,18.5,2 - medium traffic,6075
7 Saturday,18.5,3 - heavy traffic,9660
7 Saturday,18.5,4 - stand still,6779.5
7 Saturday,19,0- free flowing,155655
7 Saturday,19,1 - light traffic,550
7 Saturday,19,2 - medium traffic,3847.5
7 Saturday,19,3 - heavy traffic,6492
7 Saturday,19,4 - stand still,6202
7 Saturday,19.5,0- free flowing,140306
7 Saturday,19.5,1 - light traffic,436
7 Saturday,19.5,2 - medium traffic,3140
7 Saturday,19.5,3 - heavy traffic,3906
7 Saturday,19.5,4 - stand still,4669
7 Saturday,20,0- free flowing,112112
7 Saturday,20,1 - light traffic,834
7 Saturday,20,2 - medium traffic,1347.5
7 Saturday,20,3 - heavy traffic,2271
7 Saturday,20,4 - stand still,4315.5
7 Saturday,20.5,0- free flowing,92220
7 Saturday,20.5,1 - light traffic,560
7 Saturday,20.5,2 - medium traffic,735
7 Saturday,20.5,3 - heavy traffic,1812
7 Saturday,20.5,4 - stand still,2299.5
7 Saturday,21,0- free flowing,98548
7 Saturday,21,1 - light traffic,84
7 Saturday,21,2 - medium traffic,210
7 Saturday,21,3 - heavy traffic,1476
7 Saturday,21,4 - stand still,2215.5
7 Saturday,21.5,0- free flowing,93397
7 Saturday,21.5,1 - light traffic,68
7 Saturday,21.5,2 - medium traffic,215
7 Saturday,21.5,3 - heavy traffic,984
7 Saturday,21.5,4 - stand still,1106
7 Saturday,22,0- free flowing,84056
7 Saturday,22,1 - light traffic,52
7 Saturday,22,2 - medium traffic,222.5
7 Saturday,22,3 - heavy traffic,600
7 Saturday,22,4 - stand still,766.5
7 Saturday,22.5,0- free flowing,74728
7 Saturday,22.5,1 - light traffic,22
7 Saturday,22.5,2 - medium traffic,92.5
7 Saturday,22.5,3 - heavy traffic,426
7 Saturday,22.5,4 - stand still,714
7 Saturday,23,0- free flowing,62695
7 Saturday,23,1 - light traffic,28
7 Saturday,23,2 - medium traffic,40
7 Saturday,23,3 - heavy traffic,336
7 Saturday,23,4 - stand still,332.5
7 Saturday,23.5,0- free flowing,52715
7 Saturday,23.5,1 - light traffic,2
7 Saturday,23.5,2 - medium traffic,57.5
7 Saturday,23.5,3 - heavy traffic,126
7 Saturday,23.5,4 - stand still,185.5
7 Saturday,24,0- free flowing,42287
7 Saturday,24,1 - light traffic,2
7 Saturday,24,2 - medium traffic,2.5
7 Saturday,24,3 - heavy traffic,159
7 Saturday,24,4 - stand still,549.5
