Day of Week,Time Half Hour,Traffic Level,Traffic Flow
1 Sunday,0.5,0- free flowing,38377
1 Sunday,0.5,1 - light traffic,22
1 Sunday,0.5,2 - medium traffic,2.5
1 Sunday,0.5,3 - heavy traffic,63
1 Sunday,0.5,4 - stand still,126
1 Sunday,1,0- free flowing,34237
1 Sunday,1,1 - light traffic,10
1 Sunday,1,2 - medium traffic,7.5
1 Sunday,1,3 - heavy traffic,84
1 Sunday,1,4 - stand still,108.5
1 Sunday,1.5,0- free flowing,29392
1 Sunday,1.5,1 - light traffic,8
1 Sunday,1.5,2 - medium traffic,5
1 Sunday,1.5,3 - heavy traffic,33
1 Sunday,1.5,4 - stand still,63
1 Sunday,2,0- free flowing,24083
1 Sunday,2,1 - light traffic,6
1 Sunday,2,2 - medium traffic,10
1 Sunday,2,3 - heavy traffic,36
1 Sunday,2,4 - stand still,49
1 Sunday,2.5,0- free flowing,20670
1 Sunday,2.5,1 - light traffic,2
1 Sunday,2.5,2 - medium traffic,0
1 Sunday,2.5,3 - heavy traffic,60
1 Sunday,2.5,4 - stand still,49
1 Sunday,3,0- free flowing,19015
1 Sunday,3,1 - light traffic,2
1 Sunday,3,2 - medium traffic,5
1 Sunday,3,3 - heavy traffic,27
1 Sunday,3,4 - stand still,77
1 Sunday,3.5,0- free flowing,17053
1 Sunday,3.5,1 - light traffic,4
1 Sunday,3.5,2 - medium traffic,10
1 Sunday,3.5,3 - heavy traffic,33
1 Sunday,3.5,4 - stand still,31.5
1 Sunday,4,0- free flowing,14746
1 Sunday,4,1 - light traffic,6
1 Sunday,4,2 - medium traffic,10
1 Sunday,4,3 - heavy traffic,54
1 Sunday,4,4 - stand still,28
1 Sunday,4.5,0- free flowing,14336
1 Sunday,4.5,1 - light traffic,12
1 Sunday,4.5,2 - medium traffic,7.5
1 Sunday,4.5,3 - heavy traffic,18
1 Sunday,4.5,4 - stand still,126
1 Sunday,5,0- free flowing,15401
1 Sunday,5,1 - light traffic,14
1 Sunday,5,2 - medium traffic,15
1 Sunday,5,3 - heavy traffic,48
1 Sunday,5,4 - stand still,98
1 Sunday,5.5,0- free flowing,17743
1 Sunday,5.5,1 - light traffic,12
1 Sunday,5.5,2 - medium traffic,5
1 Sunday,5.5,3 - heavy traffic,51
1 Sunday,5.5,4 - stand still,52.5
1 Sunday,6,0- free flowing,21503
1 Sunday,6,1 - light traffic,4
1 Sunday,6,2 - medium traffic,20
1 Sunday,6,3 - heavy traffic,81
1 Sunday,6,4 - stand still,360.5
1 Sunday,6.5,0- free flowing,27541
1 Sunday,6.5,1 - light traffic,10
1 Sunday,6.5,2 - medium traffic,12.5
1 Sunday,6.5,3 - heavy traffic,72
1 Sunday,6.5,4 - stand still,70
1 Sunday,7,0- free flowing,30234
1 Sunday,7,1 - light traffic,14
1 Sunday,7,2 - medium traffic,17.5
1 Sunday,7,3 - heavy traffic,90
1 Sunday,7,4 - stand still,140
1 Sunday,7.5,0- free flowing,33888
1 Sunday,7.5,1 - light traffic,8
1 Sunday,7.5,2 - medium traffic,45
1 Sunday,7.5,3 - heavy traffic,159
1 Sunday,7.5,4 - stand still,402.5
1 Sunday,8,0- free flowing,38344
1 Sunday,8,1 - light traffic,4
1 Sunday,8,2 - medium traffic,110
1 Sunday,8,3 - heavy traffic,102
1 Sunday,8,4 - stand still,1361.5
1 Sunday,8.5,0- free flowing,48270
1 Sunday,8.5,1 - light traffic,8
1 Sunday,8.5,2 - medium traffic,62.5
1 Sunday,8.5,3 - heavy traffic,318
1 Sunday,8.5,4 - stand still,2453.5
1 Sunday,9,0- free flowing,64076
1 Sunday,9,1 - light traffic,30
1 Sunday,9,2 - medium traffic,410
1 Sunday,9,3 - heavy traffic,438
1 Sunday,9,4 - stand still,2544.5
1 Sunday,9.5,0- free flowing,79506
1 Sunday,9.5,1 - light traffic,48
1 Sunday,9.5,2 - medium traffic,420
1 Sunday,9.5,3 - heavy traffic,1350
1 Sunday,9.5,4 - stand still,2411.5
1 Sunday,10,0- free flowing,89011
1 Sunday,10,1 - light traffic,48
1 Sunday,10,2 - medium traffic,330
1 Sunday,10,3 - heavy traffic,2172
1 Sunday,10,4 - stand still,3993.5
1 Sunday,10.5,0- free flowing,115502
1 Sunday,10.5,1 - light traffic,308
1 Sunday,10.5,2 - medium traffic,1020
1 Sunday,10.5,3 - heavy traffic,3699
1 Sunday,10.5,4 - stand still,7024.5
1 Sunday,11,0- free flowing,133116
1 Sunday,11,1 - light traffic,606
1 Sunday,11,2 - medium traffic,2842.5
1 Sunday,11,3 - heavy traffic,7524
1 Sunday,11,4 - stand still,7836.5
1 Sunday,11.5,0- free flowing,141038
1 Sunday,11.5,1 - light traffic,626
1 Sunday,11.5,2 - medium traffic,3830
1 Sunday,11.5,3 - heavy traffic,12558
1 Sunday,11.5,4 - stand still,9936.5
1 Sunday,12,0- free flowing,155687
1 Sunday,12,1 - light traffic,1402
1 Sunday,12,2 - medium traffic,5995
1 Sunday,12,3 - heavy traffic,18693
1 Sunday,12,4 - stand still,12390
1 Sunday,12.5,0- free flowing,174330
1 Sunday,12.5,1 - light traffic,3036
1 Sunday,12.5,2 - medium traffic,9742.5
1 Sunday,12.5,3 - heavy traffic,27771
1 Sunday,12.5,4 - stand still,13646.5
1 Sunday,13,0- free flowing,183564
1 Sunday,13,1 - light traffic,4710
1 Sunday,13,2 - medium traffic,20220
1 Sunday,13,3 - heavy traffic,36864
1 Sunday,13,4 - stand still,18557
1 Sunday,13.5,0- free flowing,184321
1 Sunday,13.5,1 - light traffic,4964
1 Sunday,13.5,2 - medium traffic,29900
1 Sunday,13.5,3 - heavy traffic,38817
1 Sunday,13.5,4 - stand still,19285
1 Sunday,14,0- free flowing,186276
1 Sunday,14,1 - light traffic,4850
1 Sunday,14,2 - medium traffic,30057.5
1 Sunday,14,3 - heavy traffic,42405
1 Sunday,14,4 - stand still,25137
1 Sunday,14.5,0- free flowing,186950
1 Sunday,14.5,1 - light traffic,4924
1 Sunday,14.5,2 - medium traffic,31030
1 Sunday,14.5,3 - heavy traffic,48810
1 Sunday,14.5,4 - stand still,26901
1 Sunday,15,0- free flowing,191777
1 Sunday,15,1 - light traffic,4406
1 Sunday,15,2 - medium traffic,30735
1 Sunday,15,3 - heavy traffic,51510
1 Sunday,15,4 - stand still,26362
1 Sunday,15.5,0- free flowing,188712
1 Sunday,15.5,1 - light traffic,3914
1 Sunday,15.5,2 - medium traffic,31065
1 Sunday,15.5,3 - heavy traffic,48804
1 Sunday,15.5,4 - stand still,24465
1 Sunday,16,0- free flowing,186201
1 Sunday,16,1 - light traffic,3994
1 Sunday,16,2 - medium traffic,33817.5
1 Sunday,16,3 - heavy traffic,46824
1 Sunday,16,4 - stand still,21248.5
1 Sunday,16.5,0- free flowing,182582
1 Sunday,16.5,1 - light traffic,3452
1 Sunday,16.5,2 - medium traffic,37100
1 Sunday,16.5,3 - heavy traffic,41595
1 Sunday,16.5,4 - stand still,19449.5
1 Sunday,17,0- free flowing,177692
1 Sunday,17,1 - light traffic,4508
1 Sunday,17,2 - medium traffic,32337.5
1 Sunday,17,3 - heavy traffic,37410
1 Sunday,17,4 - stand still,15753.5
1 Sunday,17.5,0- free flowing,168408
1 Sunday,17.5,1 - light traffic,3184
1 Sunday,17.5,2 - medium traffic,23510
1 Sunday,17.5,3 - heavy traffic,32070
1 Sunday,17.5,4 - stand still,14892.5
1 Sunday,18,0- free flowing,156996
1 Sunday,18,1 - light traffic,2074
1 Sunday,18,2 - medium traffic,18925
1 Sunday,18,3 - heavy traffic,22572
1 Sunday,18,4 - stand still,11210.5
1 Sunday,18.5,0- free flowing,145700
1 Sunday,18.5,1 - light traffic,2018
1 Sunday,18.5,2 - medium traffic,13275
1 Sunday,18.5,3 - heavy traffic,17328
1 Sunday,18.5,4 - stand still,6968.5
1 Sunday,19,0- free flowing,128327
1 Sunday,19,1 - light traffic,1010
1 Sunday,19,2 - medium traffic,9410
1 Sunday,19,3 - heavy traffic,11640
1 Sunday,19,4 - stand still,6993
1 Sunday,19.5,0- free flowing,116927
1 Sunday,19.5,1 - light traffic,788
1 Sunday,19.5,2 - medium traffic,4705
1 Sunday,19.5,3 - heavy traffic,9804
1 Sunday,19.5,4 - stand still,6426
1 Sunday,20,0- free flowing,100214
1 Sunday,20,1 - light traffic,768
1 Sunday,20,2 - medium traffic,4740
1 Sunday,20,3 - heavy traffic,4245
1 Sunday,20,4 - stand still,3388
1 Sunday,20.5,0- free flowing,89714
1 Sunday,20.5,1 - light traffic,438
1 Sunday,20.5,2 - medium traffic,2572.5
1 Sunday,20.5,3 - heavy traffic,2601
1 Sunday,20.5,4 - stand still,2737
1 Sunday,21,0- free flowing,78650
1 Sunday,21,1 - light traffic,450
1 Sunday,21,2 - medium traffic,1320
1 Sunday,21,3 - heavy traffic,2109
1 Sunday,21,4 - stand still,1862
1 Sunday,21.5,0- free flowing,67394
1 Sunday,21.5,1 - light traffic,220
1 Sunday,21.5,2 - medium traffic,810
1 Sunday,21.5,3 - heavy traffic,1875
1 Sunday,21.5,4 - stand still,3419.5
1 Sunday,22,0- free flowing,57597
1 Sunday,22,1 - light traffic,228
1 Sunday,22,2 - medium traffic,460
1 Sunday,22,3 - heavy traffic,1029
1 Sunday,22,4 - stand still,2474.5
1 Sunday,22.5,0- free flowing,48186
1 Sunday,22.5,1 - light traffic,158
1 Sunday,22.5,2 - medium traffic,382.5
1 Sunday,22.5,3 - heavy traffic,696
1 Sunday,22.5,4 - stand still,2278.5
1 Sunday,23,0- free flowing,40900
1 Sunday,23,1 - light traffic,132
1 Sunday,23,2 - medium traffic,370
1 Sunday,23,3 - heavy traffic,489
1 Sunday,23,4 - stand still,2418.5
1 Sunday,23.5,0- free flowing,35017
1 Sunday,23.5,1 - light traffic,62
1 Sunday,23.5,2 - medium traffic,170
1 Sunday,23.5,3 - heavy traffic,279
1 Sunday,23.5,4 - stand still,1673
1 Sunday,24,0- free flowing,39511
1 Sunday,24,1 - light traffic,30
1 Sunday,24,2 - medium traffic,112.5
1 Sunday,24,3 - heavy traffic,237
1 Sunday,24,4 - stand still,644
2 Monday,0.5,0- free flowing,26591
2 Monday,0.5,1 - light traffic,32
2 Monday,0.5,2 - medium traffic,50
2 Monday,0.5,3 - heavy traffic,144
2 Monday,0.5,4 - stand still,416.5
2 Monday,1,0- free flowing,22836
2 Monday,1,1 - light traffic,36
2 Monday,1,2 - medium traffic,25
2 Monday,1,3 - heavy traffic,81
2 Monday,1,4 - stand still,329
2 Monday,1.5,0- free flowing,19668
2 Monday,1.5,1 - light traffic,26
2 Monday,1.5,2 - medium traffic,15
2 Monday,1.5,3 - heavy traffic,69
2 Monday,1.5,4 - stand still,301
2 Monday,2,0- free flowing,17300
2 Monday,2,1 - light traffic,22
2 Monday,2,2 - medium traffic,30
2 Monday,2,3 - heavy traffic,69
2 Monday,2,4 - stand still,423.5
2 Monday,2.5,0- free flowing,15661
2 Monday,2.5,1 - light traffic,26
2 Monday,2.5,2 - medium traffic,22.5
2 Monday,2.5,3 - heavy traffic,93
2 Monday,2.5,4 - stand still,252
2 Monday,3,0- free flowing,13641
2 Monday,3,1 - light traffic,10
2 Monday,3,2 - medium traffic,20
2 Monday,3,3 - heavy traffic,78
2 Monday,3,4 - stand still,63
2 Monday,3.5,0- free flowing,13229
2 Monday,3.5,1 - light traffic,14
2 Monday,3.5,2 - medium traffic,27.5
2 Monday,3.5,3 - heavy traffic,39
2 Monday,3.5,4 - stand still,94.5
2 Monday,4,0- free flowing,14535
2 Monday,4,1 - light traffic,16
2 Monday,4,2 - medium traffic,55
2 Monday,4,3 - heavy traffic,45
2 Monday,4,4 - stand still,126
2 Monday,4.5,0- free flowing,16861
2 Monday,4.5,1 - light traffic,8
2 Monday,4.5,2 - medium traffic,20
2 Monday,4.5,3 - heavy traffic,39
2 Monday,4.5,4 - stand still,136.5
2 Monday,5,0- free flowing,22625
2 Monday,5,1 - light traffic,16
2 Monday,5,2 - medium traffic,10
2 Monday,5,3 - heavy traffic,60
2 Monday,5,4 - stand still,91
2 Monday,5.5,0- free flowing,29292
2 Monday,5.5,1 - light traffic,6
2 Monday,5.5,2 - medium traffic,35
2 Monday,5.5,3 - heavy traffic,123
2 Monday,5.5,4 - stand still,171.5
2 Monday,6,0- free flowing,33506
2 Monday,6,1 - light traffic,10
2 Monday,6,2 - medium traffic,22.5
2 Monday,6,3 - heavy traffic,165
2 Monday,6,4 - stand still,392
2 Monday,6.5,0- free flowing,43641
2 Monday,6.5,1 - light traffic,6
2 Monday,6.5,2 - medium traffic,72.5
2 Monday,6.5,3 - heavy traffic,369
2 Monday,6.5,4 - stand still,717.5
2 Monday,7,0- free flowing,61826
2 Monday,7,1 - light traffic,62
2 Monday,7,2 - medium traffic,487.5
2 Monday,7,3 - heavy traffic,1077
2 Monday,7,4 - stand still,2313.5
2 Monday,7.5,0- free flowing,98736
2 Monday,7.5,1 - light traffic,642
2 Monday,7.5,2 - medium traffic,2827.5
2 Monday,7.5,3 - heavy traffic,4572
2 Monday,7.5,4 - stand still,3783.5
2 Monday,8,0- free flowing,119347
2 Monday,8,1 - light traffic,1362
2 Monday,8,2 - medium traffic,8147.5
2 Monday,8,3 - heavy traffic,18162
2 Monday,8,4 - stand still,7192.5
2 Monday,8.5,0- free flowing,125736
2 Monday,8.5,1 - light traffic,910
2 Monday,8.5,2 - medium traffic,5955
2 Monday,8.5,3 - heavy traffic,10947
2 Monday,8.5,4 - stand still,7584.5
2 Monday,9,0- free flowing,117992
2 Monday,9,1 - light traffic,686
2 Monday,9,2 - medium traffic,3280
2 Monday,9,3 - heavy traffic,4563
2 Monday,9,4 - stand still,4763.5
2 Monday,9.5,0- free flowing,112201
2 Monday,9.5,1 - light traffic,134
2 Monday,9.5,2 - medium traffic,517.5
2 Monday,9.5,3 - heavy traffic,2478
2 Monday,9.5,4 - stand still,2149
2 Monday,10,0- free flowing,117382
2 Monday,10,1 - light traffic,158
2 Monday,10,2 - medium traffic,380
2 Monday,10,3 - heavy traffic,1365
2 Monday,10,4 - stand still,1862
2 Monday,10.5,0- free flowing,123153
2 Monday,10.5,1 - light traffic,90
2 Monday,10.5,2 - medium traffic,257.5
2 Monday,10.5,3 - heavy traffic,1044
2 Monday,10.5,4 - stand still,1459.5
2 Monday,11,0- free flowing,132281
2 Monday,11,1 - light traffic,180
2 Monday,11,2 - medium traffic,807.5
2 Monday,11,3 - heavy traffic,1845
2 Monday,11,4 - stand still,1375.5
2 Monday,11.5,0- free flowing,139414
2 Monday,11.5,1 - light traffic,556
2 Monday,11.5,2 - medium traffic,1552.5
2 Monday,11.5,3 - heavy traffic,4281
2 Monday,11.5,4 - stand still,1935.5
2 Monday,12,0- free flowing,145939
2 Monday,12,1 - light traffic,744
2 Monday,12,2 - medium traffic,2425
2 Monday,12,3 - heavy traffic,9633
2 Monday,12,4 - stand still,3930.5
2 Monday,12.5,0- free flowing,153358
2 Monday,12.5,1 - light traffic,1074
2 Monday,12.5,2 - medium traffic,3955
2 Monday,12.5,3 - heavy traffic,14397
2 Monday,12.5,4 - stand still,6282.5
2 Monday,13,0- free flowing,161590
2 Monday,13,1 - light traffic,1204
2 Monday,13,2 - medium traffic,7080
2 Monday,13,3 - heavy traffic,17175
2 Monday,13,4 - stand still,7185.5
2 Monday,13.5,0- free flowing,164474
2 Monday,13.5,1 - light traffic,1870
2 Monday,13.5,2 - medium traffic,9182.5
2 Monday,13.5,3 - heavy traffic,19191
2 Monday,13.5,4 - stand still,7637
2 Monday,14,0- free flowing,165476
2 Monday,14,1 - light traffic,1386
2 Monday,14,2 - medium traffic,11940
2 Monday,14,3 - heavy traffic,19281
2 Monday,14,4 - stand still,6832
2 Monday,14.5,0- free flowing,168744
2 Monday,14.5,1 - light traffic,2358
2 Monday,14.5,2 - medium traffic,12745
2 Monday,14.5,3 - heavy traffic,24921
2 Monday,14.5,4 - stand still,6709.5
2 Monday,15,0- free flowing,175881
2 Monday,15,1 - light traffic,2534
2 Monday,15,2 - medium traffic,13237.5
2 Monday,15,3 - heavy traffic,31731
2 Monday,15,4 - stand still,5425
2 Monday,15.5,0- free flowing,179201
2 Monday,15.5,1 - light traffic,2980
2 Monday,15.5,2 - medium traffic,18572.5
2 Monday,15.5,3 - heavy traffic,31893
2 Monday,15.5,4 - stand still,8792
2 Monday,16,0- free flowing,177957
2 Monday,16,1 - light traffic,3012
2 Monday,16,2 - medium traffic,25617.5
2 Monday,16,3 - heavy traffic,29346
2 Monday,16,4 - stand still,10423
2 Monday,16.5,0- free flowing,189732
2 Monday,16.5,1 - light traffic,2540
2 Monday,16.5,2 - medium traffic,27577.5
2 Monday,16.5,3 - heavy traffic,35394
2 Monday,16.5,4 - stand still,8249.5
2 Monday,17,0- free flowing,204345
2 Monday,17,1 - light traffic,2742
2 Monday,17,2 - medium traffic,29277.5
2 Monday,17,3 - heavy traffic,49101
2 Monday,17,4 - stand still,8799
2 Monday,17.5,0- free flowing,213084
2 Monday,17.5,1 - light traffic,3476
2 Monday,17.5,2 - medium traffic,31642.5
2 Monday,17.5,3 - heavy traffic,71019
2 Monday,17.5,4 - stand still,14385
2 Monday,18,0- free flowing,184913
2 Monday,18,1 - light traffic,2978
2 Monday,18,2 - medium traffic,21377.5
2 Monday,18,3 - heavy traffic,37449
2 Monday,18,4 - stand still,9940
2 Monday,18.5,0- free flowing,150293
2 Monday,18.5,1 - light traffic,1440
2 Monday,18.5,2 - medium traffic,9225
2 Monday,18.5,3 - heavy traffic,8988
2 Monday,18.5,4 - stand still,4329.5
2 Monday,19,0- free flowing,118228
2 Monday,19,1 - light traffic,508
2 Monday,19,2 - medium traffic,1955
2 Monday,19,3 - heavy traffic,2643
2 Monday,19,4 - stand still,2390.5
2 Monday,19.5,0- free flowing,100813
2 Monday,19.5,1 - light traffic,306
2 Monday,19.5,2 - medium traffic,500
2 Monday,19.5,3 - heavy traffic,1065
2 Monday,19.5,4 - stand still,2905
2 Monday,20,0- free flowing,87558
2 Monday,20,1 - light traffic,92
2 Monday,20,2 - medium traffic,462.5
2 Monday,20,3 - heavy traffic,504
2 Monday,20,4 - stand still,2236.5
2 Monday,20.5,0- free flowing,77176
2 Monday,20.5,1 - light traffic,224
2 Monday,20.5,2 - medium traffic,275
2 Monday,20.5,3 - heavy traffic,648
2 Monday,20.5,4 - stand still,1417.5
2 Monday,21,0- free flowing,67019
2 Monday,21,1 - light traffic,204
2 Monday,21,2 - medium traffic,135
2 Monday,21,3 - heavy traffic,666
2 Monday,21,4 - stand still,605.5
2 Monday,21.5,0- free flowing,58153
2 Monday,21.5,1 - light traffic,82
2 Monday,21.5,2 - medium traffic,285
2 Monday,21.5,3 - heavy traffic,1200
2 Monday,21.5,4 - stand still,1760.5
2 Monday,22,0- free flowing,48587
2 Monday,22,1 - light traffic,36
2 Monday,22,2 - medium traffic,77.5
2 Monday,22,3 - heavy traffic,975
2 Monday,22,4 - stand still,2667
2 Monday,22.5,0- free flowing,41606
2 Monday,22.5,1 - light traffic,20
2 Monday,22.5,2 - medium traffic,137.5
2 Monday,22.5,3 - heavy traffic,696
2 Monday,22.5,4 - stand still,1438.5
2 Monday,23,0- free flowing,36722
2 Monday,23,1 - light traffic,26
2 Monday,23,2 - medium traffic,230
2 Monday,23,3 - heavy traffic,672
2 Monday,23,4 - stand still,969.5
2 Monday,23.5,0- free flowing,33349
2 Monday,23.5,1 - light traffic,44
2 Monday,23.5,2 - medium traffic,162.5
2 Monday,23.5,3 - heavy traffic,552
2 Monday,23.5,4 - stand still,1372
2 Monday,24,0- free flowing,30742
2 Monday,24,1 - light traffic,58
2 Monday,24,2 - medium traffic,117.5
2 Monday,24,3 - heavy traffic,195
2 Monday,24,4 - stand still,1641.5
3 Tuesday,0.5,0- free flowing,24651
3 Tuesday,0.5,1 - light traffic,24
3 Tuesday,0.5,2 - medium traffic,72.5
3 Tuesday,0.5,3 - heavy traffic,189
3 Tuesday,0.5,4 - stand still,1267
3 Tuesday,1,0- free flowing,20774
3 Tuesday,1,1 - light traffic,56
3 Tuesday,1,2 - medium traffic,35
3 Tuesday,1,3 - heavy traffic,198
3 Tuesday,1,4 - stand still,903
3 Tuesday,1.5,0- free flowing,17213
3 Tuesday,1.5,1 - light traffic,28
3 Tuesday,1.5,2 - medium traffic,35
3 Tuesday,1.5,3 - heavy traffic,84
3 Tuesday,1.5,4 - stand still,521.5
3 Tuesday,2,0- free flowing,15160
3 Tuesday,2,1 - light traffic,48
3 Tuesday,2,2 - medium traffic,12.5
3 Tuesday,2,3 - heavy traffic,126
3 Tuesday,2,4 - stand still,360.5
3 Tuesday,2.5,0- free flowing,13847
3 Tuesday,2.5,1 - light traffic,40
3 Tuesday,2.5,2 - medium traffic,15
3 Tuesday,2.5,3 - heavy traffic,90
3 Tuesday,2.5,4 - stand still,451.5
3 Tuesday,3,0- free flowing,13006
3 Tuesday,3,1 - light traffic,10
3 Tuesday,3,2 - medium traffic,30
3 Tuesday,3,3 - heavy traffic,90
3 Tuesday,3,4 - stand still,192.5
3 Tuesday,3.5,0- free flowing,13258
3 Tuesday,3.5,1 - light traffic,16
3 Tuesday,3.5,2 - medium traffic,15
3 Tuesday,3.5,3 - heavy traffic,78
3 Tuesday,3.5,4 - stand still,126
3 Tuesday,4,0- free flowing,14102
3 Tuesday,4,1 - light traffic,16
3 Tuesday,4,2 - medium traffic,20
3 Tuesday,4,3 - heavy traffic,66
3 Tuesday,4,4 - stand still,192.5
3 Tuesday,4.5,0- free flowing,16558
3 Tuesday,4.5,1 - light traffic,16
3 Tuesday,4.5,2 - medium traffic,15
3 Tuesday,4.5,3 - heavy traffic,105
3 Tuesday,4.5,4 - stand still,182
3 Tuesday,5,0- free flowing,23228
3 Tuesday,5,1 - light traffic,10
3 Tuesday,5,2 - medium traffic,30
3 Tuesday,5,3 - heavy traffic,87
3 Tuesday,5,4 - stand still,231
3 Tuesday,5.5,0- free flowing,30893
3 Tuesday,5.5,1 - light traffic,20
3 Tuesday,5.5,2 - medium traffic,17.5
3 Tuesday,5.5,3 - heavy traffic,117
3 Tuesday,5.5,4 - stand still,301
3 Tuesday,6,0- free flowing,37284
3 Tuesday,6,1 - light traffic,12
3 Tuesday,6,2 - medium traffic,15
3 Tuesday,6,3 - heavy traffic,135
3 Tuesday,6,4 - stand still,143.5
3 Tuesday,6.5,0- free flowing,46898
3 Tuesday,6.5,1 - light traffic,8
3 Tuesday,6.5,2 - medium traffic,75
3 Tuesday,6.5,3 - heavy traffic,213
3 Tuesday,6.5,4 - stand still,350
3 Tuesday,7,0- free flowing,69335
3 Tuesday,7,1 - light traffic,62
3 Tuesday,7,2 - medium traffic,320
3 Tuesday,7,3 - heavy traffic,942
3 Tuesday,7,4 - stand still,1046.5
3 Tuesday,7.5,0- free flowing,113778
3 Tuesday,7.5,1 - light traffic,1160
3 Tuesday,7.5,2 - medium traffic,5895
3 Tuesday,7.5,3 - heavy traffic,7824
3 Tuesday,7.5,4 - stand still,2660
3 Tuesday,8,0- free flowing,133629
3 Tuesday,8,1 - light traffic,1390
3 Tuesday,8,2 - medium traffic,11890
3 Tuesday,8,3 - heavy traffic,27078
3 Tuesday,8,4 - stand still,6468
3 Tuesday,8.5,0- free flowing,134724
3 Tuesday,8.5,1 - light traffic,1320
3 Tuesday,8.5,2 - medium traffic,7535
3 Tuesday,8.5,3 - heavy traffic,12867
3 Tuesday,8.5,4 - stand still,3860.5
3 Tuesday,9,0- free flowing,119238
3 Tuesday,9,1 - light traffic,766
3 Tuesday,9,2 - medium traffic,3605
3 Tuesday,9,3 - heavy traffic,6273
3 Tuesday,9,4 - stand still,4333
3 Tuesday,9.5,0- free flowing,109391
3 Tuesday,9.5,1 - light traffic,200
3 Tuesday,9.5,2 - medium traffic,1197.5
3 Tuesday,9.5,3 - heavy traffic,2922
3 Tuesday,9.5,4 - stand still,3010
3 Tuesday,10,0- free flowing,111367
3 Tuesday,10,1 - light traffic,166
3 Tuesday,10,2 - medium traffic,600
3 Tuesday,10,3 - heavy traffic,2262
3 Tuesday,10,4 - stand still,1578.5
3 Tuesday,10.5,0- free flowing,113580
3 Tuesday,10.5,1 - light traffic,174
3 Tuesday,10.5,2 - medium traffic,655
3 Tuesday,10.5,3 - heavy traffic,1644
3 Tuesday,10.5,4 - stand still,1316
3 Tuesday,11,0- free flowing,119627
3 Tuesday,11,1 - light traffic,120
3 Tuesday,11,2 - medium traffic,612.5
3 Tuesday,11,3 - heavy traffic,3639
3 Tuesday,11,4 - stand still,1988
3 Tuesday,11.5,0- free flowing,126476
3 Tuesday,11.5,1 - light traffic,258
3 Tuesday,11.5,2 - medium traffic,1025
3 Tuesday,11.5,3 - heavy traffic,4878
3 Tuesday,11.5,4 - stand still,2338
3 Tuesday,12,0- free flowing,131095
3 Tuesday,12,1 - light traffic,458
3 Tuesday,12,2 - medium traffic,1845
3 Tuesday,12,3 - heavy traffic,6531
3 Tuesday,12,4 - stand still,2495.5
3 Tuesday,12.5,0- free flowing,139629
3 Tuesday,12.5,1 - light traffic,870
3 Tuesday,12.5,2 - medium traffic,3080
3 Tuesday,12.5,3 - heavy traffic,8550
3 Tuesday,12.5,4 - stand still,2467.5
3 Tuesday,13,0- free flowing,141753
3 Tuesday,13,1 - light traffic,1010
3 Tuesday,13,2 - medium traffic,4465
3 Tuesday,13,3 - heavy traffic,11775
3 Tuesday,13,4 - stand still,3794
3 Tuesday,13.5,0- free flowing,140305
3 Tuesday,13.5,1 - light traffic,890
3 Tuesday,13.5,2 - medium traffic,5705
3 Tuesday,13.5,3 - heavy traffic,14871
3 Tuesday,13.5,4 - stand still,3892
3 Tuesday,14,0- free flowing,133648
3 Tuesday,14,1 - light traffic,1416
3 Tuesday,14,2 - medium traffic,6240
3 Tuesday,14,3 - heavy traffic,15543
3 Tuesday,14,4 - stand still,5082
3 Tuesday,14.5,0- free flowing,143883
3 Tuesday,14.5,1 - light traffic,1788
3 Tuesday,14.5,2 - medium traffic,7487.5
3 Tuesday,14.5,3 - heavy traffic,17244
3 Tuesday,14.5,4 - stand still,6279
3 Tuesday,15,0- free flowing,155835
3 Tuesday,15,1 - light traffic,1726
3 Tuesday,15,2 - medium traffic,9815
3 Tuesday,15,3 - heavy traffic,17709
3 Tuesday,15,4 - stand still,8424.5
3 Tuesday,15.5,0- free flowing,163169
3 Tuesday,15.5,1 - light traffic,3780
3 Tuesday,15.5,2 - medium traffic,14815
3 Tuesday,15.5,3 - heavy traffic,17838
3 Tuesday,15.5,4 - stand still,9607.5
3 Tuesday,16,0- free flowing,166589
3 Tuesday,16,1 - light traffic,3022
3 Tuesday,16,2 - medium traffic,25440
3 Tuesday,16,3 - heavy traffic,22098
3 Tuesday,16,4 - stand still,10209.5
3 Tuesday,16.5,0- free flowing,179887
3 Tuesday,16.5,1 - light traffic,2062
3 Tuesday,16.5,2 - medium traffic,29860
3 Tuesday,16.5,3 - heavy traffic,29781
3 Tuesday,16.5,4 - stand still,11410
3 Tuesday,17,0- free flowing,188190
3 Tuesday,17,1 - light traffic,2660
3 Tuesday,17,2 - medium traffic,29752.5
3 Tuesday,17,3 - heavy traffic,42078
3 Tuesday,17,4 - stand still,13947.5
3 Tuesday,17.5,0- free flowing,199773
3 Tuesday,17.5,1 - light traffic,4078
3 Tuesday,17.5,2 - medium traffic,26907.5
3 Tuesday,17.5,3 - heavy traffic,75141
3 Tuesday,17.5,4 - stand still,22361.5
3 Tuesday,18,0- free flowing,176765
3 Tuesday,18,1 - light traffic,2358
3 Tuesday,18,2 - medium traffic,22300
3 Tuesday,18,3 - heavy traffic,39804
3 Tuesday,18,4 - stand still,11875.5
3 Tuesday,18.5,0- free flowing,146193
3 Tuesday,18.5,1 - light traffic,1600
3 Tuesday,18.5,2 - medium traffic,13402.5
3 Tuesday,18.5,3 - heavy traffic,11739
3 Tuesday,18.5,4 - stand still,6590.5
3 Tuesday,19,0- free flowing,112804
3 Tuesday,19,1 - light traffic,874
3 Tuesday,19,2 - medium traffic,2057.5
3 Tuesday,19,3 - heavy traffic,4806
3 Tuesday,19,4 - stand still,4294.5
3 Tuesday,19.5,0- free flowing,95336
3 Tuesday,19.5,1 - light traffic,402
3 Tuesday,19.5,2 - medium traffic,1230
3 Tuesday,19.5,3 - heavy traffic,1716
3 Tuesday,19.5,4 - stand still,2954
3 Tuesday,20,0- free flowing,81256
3 Tuesday,20,1 - light traffic,422
3 Tuesday,20,2 - medium traffic,590
3 Tuesday,20,3 - heavy traffic,948
3 Tuesday,20,4 - stand still,1704.5
3 Tuesday,20.5,0- free flowing,72235
3 Tuesday,20.5,1 - light traffic,212
3 Tuesday,20.5,2 - medium traffic,275
3 Tuesday,20.5,3 - heavy traffic,792
3 Tuesday,20.5,4 - stand still,1267
3 Tuesday,21,0- free flowing,63813
3 Tuesday,21,1 - light traffic,340
3 Tuesday,21,2 - medium traffic,357.5
3 Tuesday,21,3 - heavy traffic,891
3 Tuesday,21,4 - stand still,1351
3 Tuesday,21.5,0- free flowing,54735
3 Tuesday,21.5,1 - light traffic,90
3 Tuesday,21.5,2 - medium traffic,187.5
3 Tuesday,21.5,3 - heavy traffic,1359
3 Tuesday,21.5,4 - stand still,2348.5
3 Tuesday,22,0- free flowing,45381
3 Tuesday,22,1 - light traffic,30
3 Tuesday,22,2 - medium traffic,285
3 Tuesday,22,3 - heavy traffic,975
3 Tuesday,22,4 - stand still,2733.5
3 Tuesday,22.5,0- free flowing,41136
3 Tuesday,22.5,1 - light traffic,20
3 Tuesday,22.5,2 - medium traffic,227.5
3 Tuesday,22.5,3 - heavy traffic,882
3 Tuesday,22.5,4 - stand still,1858.5
3 Tuesday,23,0- free flowing,36697
3 Tuesday,23,1 - light traffic,32
3 Tuesday,23,2 - medium traffic,220
3 Tuesday,23,3 - heavy traffic,957
3 Tuesday,23,4 - stand still,1470
3 Tuesday,23.5,0- free flowing,32905
3 Tuesday,23.5,1 - light traffic,20
3 Tuesday,23.5,2 - medium traffic,242.5
3 Tuesday,23.5,3 - heavy traffic,663
3 Tuesday,23.5,4 - stand still,710.5
3 Tuesday,24,0- free flowing,27660
3 Tuesday,24,1 - light traffic,48
3 Tuesday,24,2 - medium traffic,92.5
3 Tuesday,24,3 - heavy traffic,294
3 Tuesday,24,4 - stand still,815.5
4 Wednesday,0.5,0- free flowing,24033
4 Wednesday,0.5,1 - light traffic,46
4 Wednesday,0.5,2 - medium traffic,62.5
4 Wednesday,0.5,3 - heavy traffic,144
4 Wednesday,0.5,4 - stand still,378
4 Wednesday,1,0- free flowing,20063
4 Wednesday,1,1 - light traffic,42
4 Wednesday,1,2 - medium traffic,52.5
4 Wednesday,1,3 - heavy traffic,126
4 Wednesday,1,4 - stand still,462
4 Wednesday,1.5,0- free flowing,16728
4 Wednesday,1.5,1 - light traffic,42
4 Wednesday,1.5,2 - medium traffic,50
4 Wednesday,1.5,3 - heavy traffic,99
4 Wednesday,1.5,4 - stand still,360.5
4 Wednesday,2,0- free flowing,14478
4 Wednesday,2,1 - light traffic,28
4 Wednesday,2,2 - medium traffic,22.5
4 Wednesday,2,3 - heavy traffic,72
4 Wednesday,2,4 - stand still,224
4 Wednesday,2.5,0- free flowing,13410
4 Wednesday,2.5,1 - light traffic,16
4 Wednesday,2.5,2 - medium traffic,15
4 Wednesday,2.5,3 - heavy traffic,39
4 Wednesday,2.5,4 - stand still,308
4 Wednesday,3,0- free flowing,12959
4 Wednesday,3,1 - light traffic,16
4 Wednesday,3,2 - medium traffic,20
4 Wednesday,3,3 - heavy traffic,48
4 Wednesday,3,4 - stand still,210
4 Wednesday,3.5,0- free flowing,12640
4 Wednesday,3.5,1 - light traffic,16
4 Wednesday,3.5,2 - medium traffic,40
4 Wednesday,3.5,3 - heavy traffic,36
4 Wednesday,3.5,4 - stand still,297.5
4 Wednesday,4,0- free flowing,13726
4 Wednesday,4,1 - light traffic,6
4 Wednesday,4,2 - medium traffic,35
4 Wednesday,4,3 - heavy traffic,87
4 Wednesday,4,4 - stand still,143.5
4 Wednesday,4.5,0- free flowing,16734
4 Wednesday,4.5,1 - light traffic,8
4 Wednesday,4.5,2 - medium traffic,20
4 Wednesday,4.5,3 - heavy traffic,105
4 Wednesday,4.5,4 - stand still,35
4 Wednesday,5,0- free flowing,22247
4 Wednesday,5,1 - light traffic,22
4 Wednesday,5,2 - medium traffic,35
4 Wednesday,5,3 - heavy traffic,96
4 Wednesday,5,4 - stand still,136.5
4 Wednesday,5.5,0- free flowing,29625
4 Wednesday,5.5,1 - light traffic,8
4 Wednesday,5.5,2 - medium traffic,42.5
4 Wednesday,5.5,3 - heavy traffic,249
4 Wednesday,5.5,4 - stand still,283.5
4 Wednesday,6,0- free flowing,35116
4 Wednesday,6,1 - light traffic,8
4 Wednesday,6,2 - medium traffic,72.5
4 Wednesday,6,3 - heavy traffic,219
4 Wednesday,6,4 - stand still,325.5
4 Wednesday,6.5,0- free flowing,45133
4 Wednesday,6.5,1 - light traffic,26
4 Wednesday,6.5,2 - medium traffic,122.5
4 Wednesday,6.5,3 - heavy traffic,129
4 Wednesday,6.5,4 - stand still,378
4 Wednesday,7,0- free flowing,63938
4 Wednesday,7,1 - light traffic,74
4 Wednesday,7,2 - medium traffic,500
4 Wednesday,7,3 - heavy traffic,876
4 Wednesday,7,4 - stand still,1162
4 Wednesday,7.5,0- free flowing,105498
4 Wednesday,7.5,1 - light traffic,1000
4 Wednesday,7.5,2 - medium traffic,6515
4 Wednesday,7.5,3 - heavy traffic,6222
4 Wednesday,7.5,4 - stand still,1718.5
4 Wednesday,8,0- free flowing,126743
4 Wednesday,8,1 - light traffic,1772
4 Wednesday,8,2 - medium traffic,11160
4 Wednesday,8,3 - heavy traffic,25860
4 Wednesday,8,4 - stand still,6597.5
4 Wednesday,8.5,0- free flowing,131290
4 Wednesday,8.5,1 - light traffic,1446
4 Wednesday,8.5,2 - medium traffic,7607.5
4 Wednesday,8.5,3 - heavy traffic,14808
4 Wednesday,8.5,4 - stand still,5292
4 Wednesday,9,0- free flowing,119880
4 Wednesday,9,1 - light traffic,756
4 Wednesday,9,2 - medium traffic,3990
4 Wednesday,9,3 - heavy traffic,7890
4 Wednesday,9,4 - stand still,3909.5
4 Wednesday,9.5,0- free flowing,112948
4 Wednesday,9.5,1 - light traffic,378
4 Wednesday,9.5,2 - medium traffic,2097.5
4 Wednesday,9.5,3 - heavy traffic,2583
4 Wednesday,9.5,4 - stand still,2471
4 Wednesday,10,0- free flowing,115666
4 Wednesday,10,1 - light traffic,216
4 Wednesday,10,2 - medium traffic,1370
4 Wednesday,10,3 - heavy traffic,2739
4 Wednesday,10,4 - stand still,1386
4 Wednesday,10.5,0- free flowing,117153
4 Wednesday,10.5,1 - light traffic,388
4 Wednesday,10.5,2 - medium traffic,1170
4 Wednesday,10.5,3 - heavy traffic,3381
4 Wednesday,10.5,4 - stand still,1186.5
4 Wednesday,11,0- free flowing,124503
4 Wednesday,11,1 - light traffic,690
4 Wednesday,11,2 - medium traffic,2205
4 Wednesday,11,3 - heavy traffic,3954
4 Wednesday,11,4 - stand still,4242
4 Wednesday,11.5,0- free flowing,131780
4 Wednesday,11.5,1 - light traffic,1052
4 Wednesday,11.5,2 - medium traffic,3617.5
4 Wednesday,11.5,3 - heavy traffic,6603
4 Wednesday,11.5,4 - stand still,5019
4 Wednesday,12,0- free flowing,138428
4 Wednesday,12,1 - light traffic,950
4 Wednesday,12,2 - medium traffic,6087.5
4 Wednesday,12,3 - heavy traffic,10647
4 Wednesday,12,4 - stand still,5327
4 Wednesday,12.5,0- free flowing,146726
4 Wednesday,12.5,1 - light traffic,1348
4 Wednesday,12.5,2 - medium traffic,6917.5
4 Wednesday,12.5,3 - heavy traffic,15951
4 Wednesday,12.5,4 - stand still,6289.5
4 Wednesday,13,0- free flowing,148331
4 Wednesday,13,1 - light traffic,1576
4 Wednesday,13,2 - medium traffic,7882.5
4 Wednesday,13,3 - heavy traffic,14895
4 Wednesday,13,4 - stand still,9068.5
4 Wednesday,13.5,0- free flowing,151638
4 Wednesday,13.5,1 - light traffic,1272
4 Wednesday,13.5,2 - medium traffic,9672.5
4 Wednesday,13.5,3 - heavy traffic,15162
4 Wednesday,13.5,4 - stand still,9971.5
4 Wednesday,14,0- free flowing,152764
4 Wednesday,14,1 - light traffic,1812
4 Wednesday,14,2 - medium traffic,10582.5
4 Wednesday,14,3 - heavy traffic,16713
4 Wednesday,14,4 - stand still,9184
4 Wednesday,14.5,0- free flowing,157737
4 Wednesday,14.5,1 - light traffic,2354
4 Wednesday,14.5,2 - medium traffic,14580
4 Wednesday,14.5,3 - heavy traffic,20763
4 Wednesday,14.5,4 - stand still,11431
4 Wednesday,15,0- free flowing,163821
4 Wednesday,15,1 - light traffic,4128
4 Wednesday,15,2 - medium traffic,17277.5
4 Wednesday,15,3 - heavy traffic,23277
4 Wednesday,15,4 - stand still,15025.5
4 Wednesday,15.5,0- free flowing,171568
4 Wednesday,15.5,1 - light traffic,4746
4 Wednesday,15.5,2 - medium traffic,21722.5
4 Wednesday,15.5,3 - heavy traffic,33645
4 Wednesday,15.5,4 - stand still,13468
4 Wednesday,16,0- free flowing,167070
4 Wednesday,16,1 - light traffic,3702
4 Wednesday,16,2 - medium traffic,30672.5
4 Wednesday,16,3 - heavy traffic,33387
4 Wednesday,16,4 - stand still,11196.5
4 Wednesday,16.5,0- free flowing,181575
4 Wednesday,16.5,1 - light traffic,2862
4 Wednesday,16.5,2 - medium traffic,33557.5
4 Wednesday,16.5,3 - heavy traffic,43695
4 Wednesday,16.5,4 - stand still,13604.5
4 Wednesday,17,0- free flowing,195141
4 Wednesday,17,1 - light traffic,3254
4 Wednesday,17,2 - medium traffic,31137.5
4 Wednesday,17,3 - heavy traffic,64989
4 Wednesday,17,4 - stand still,15193.5
4 Wednesday,17.5,0- free flowing,205427
4 Wednesday,17.5,1 - light traffic,4156
4 Wednesday,17.5,2 - medium traffic,25590
4 Wednesday,17.5,3 - heavy traffic,100071
4 Wednesday,17.5,4 - stand still,19274.5
4 Wednesday,18,0- free flowing,186900
4 Wednesday,18,1 - light traffic,3154
4 Wednesday,18,2 - medium traffic,22665
4 Wednesday,18,3 - heavy traffic,60183
4 Wednesday,18,4 - stand still,11819.5
4 Wednesday,18.5,0- free flowing,149300
4 Wednesday,18.5,1 - light traffic,2024
4 Wednesday,18.5,2 - medium traffic,18615
4 Wednesday,18.5,3 - heavy traffic,17067
4 Wednesday,18.5,4 - stand still,7189
4 Wednesday,19,0- free flowing,115958
4 Wednesday,19,1 - light traffic,1224
4 Wednesday,19,2 - medium traffic,5997.5
4 Wednesday,19,3 - heavy traffic,5112
4 Wednesday,19,4 - stand still,4858
4 Wednesday,19.5,0- free flowing,98278
4 Wednesday,19.5,1 - light traffic,314
4 Wednesday,19.5,2 - medium traffic,1675
4 Wednesday,19.5,3 - heavy traffic,2733
4 Wednesday,19.5,4 - stand still,1974
4 Wednesday,20,0- free flowing,83840
4 Wednesday,20,1 - light traffic,104
4 Wednesday,20,2 - medium traffic,1680
4 Wednesday,20,3 - heavy traffic,975
4 Wednesday,20,4 - stand still,973
4 Wednesday,20.5,0- free flowing,75562
4 Wednesday,20.5,1 - light traffic,192
4 Wednesday,20.5,2 - medium traffic,355
4 Wednesday,20.5,3 - heavy traffic,1287
4 Wednesday,20.5,4 - stand still,1533
4 Wednesday,21,0- free flowing,66492
4 Wednesday,21,1 - light traffic,130
4 Wednesday,21,2 - medium traffic,305
4 Wednesday,21,3 - heavy traffic,1194
4 Wednesday,21,4 - stand still,997.5
4 Wednesday,21.5,0- free flowing,58365
4 Wednesday,21.5,1 - light traffic,140
4 Wednesday,21.5,2 - medium traffic,612.5
4 Wednesday,21.5,3 - heavy traffic,1884
4 Wednesday,21.5,4 - stand still,1883
4 Wednesday,22,0- free flowing,47273
4 Wednesday,22,1 - light traffic,48
4 Wednesday,22,2 - medium traffic,302.5
4 Wednesday,22,3 - heavy traffic,1176
4 Wednesday,22,4 - stand still,2275
4 Wednesday,22.5,0- free flowing,41592
4 Wednesday,22.5,1 - light traffic,48
4 Wednesday,22.5,2 - medium traffic,335
4 Wednesday,22.5,3 - heavy traffic,1104
4 Wednesday,22.5,4 - stand still,1725.5
4 Wednesday,23,0- free flowing,37574
4 Wednesday,23,1 - light traffic,38
4 Wednesday,23,2 - medium traffic,292.5
4 Wednesday,23,3 - heavy traffic,1020
4 Wednesday,23,4 - stand still,1428
4 Wednesday,23.5,0- free flowing,33953
4 Wednesday,23.5,1 - light traffic,26
4 Wednesday,23.5,2 - medium traffic,230
4 Wednesday,23.5,3 - heavy traffic,1125
4 Wednesday,23.5,4 - stand still,924
4 Wednesday,24,0- free flowing,28381
4 Wednesday,24,1 - light traffic,50
4 Wednesday,24,2 - medium traffic,112.5
4 Wednesday,24,3 - heavy traffic,501
4 Wednesday,24,4 - stand still,637
5 Thursday,0.5,0- free flowing,26026
5 Thursday,0.5,1 - light traffic,46
5 Thursday,0.5,2 - medium traffic,110
5 Thursday,0.5,3 - heavy traffic,465
5 Thursday,0.5,4 - stand still,637
5 Thursday,1,0- free flowing,21738
5 Thursday,1,1 - light traffic,32
5 Thursday,1,2 - medium traffic,75
5 Thursday,1,3 - heavy traffic,144
5 Thursday,1,4 - stand still,577.5
5 Thursday,1.5,0- free flowing,17670
5 Thursday,1.5,1 - light traffic,46
5 Thursday,1.5,2 - medium traffic,45
5 Thursday,1.5,3 - heavy traffic,135
5 Thursday,1.5,4 - stand still,287
5 Thursday,2,0- free flowing,15718
5 Thursday,2,1 - light traffic,34
5 Thursday,2,2 - medium traffic,32.5
5 Thursday,2,3 - heavy traffic,165
5 Thursday,2,4 - stand still,430.5
5 Thursday,2.5,0- free flowing,14696
5 Thursday,2.5,1 - light traffic,12
5 Thursday,2.5,2 - medium traffic,30
5 Thursday,2.5,3 - heavy traffic,84
5 Thursday,2.5,4 - stand still,234.5
5 Thursday,3,0- free flowing,13999
5 Thursday,3,1 - light traffic,14
5 Thursday,3,2 - medium traffic,42.5
5 Thursday,3,3 - heavy traffic,84
5 Thursday,3,4 - stand still,287
5 Thursday,3.5,0- free flowing,14186
5 Thursday,3.5,1 - light traffic,6
5 Thursday,3.5,2 - medium traffic,45
5 Thursday,3.5,3 - heavy traffic,144
5 Thursday,3.5,4 - stand still,385
5 Thursday,4,0- free flowing,14584
5 Thursday,4,1 - light traffic,8
5 Thursday,4,2 - medium traffic,22.5
5 Thursday,4,3 - heavy traffic,174
5 Thursday,4,4 - stand still,332.5
5 Thursday,4.5,0- free flowing,17833
5 Thursday,4.5,1 - light traffic,20
5 Thursday,4.5,2 - medium traffic,17.5
5 Thursday,4.5,3 - heavy traffic,111
5 Thursday,4.5,4 - stand still,350
5 Thursday,5,0- free flowing,23881
5 Thursday,5,1 - light traffic,14
5 Thursday,5,2 - medium traffic,47.5
5 Thursday,5,3 - heavy traffic,237
5 Thursday,5,4 - stand still,378
5 Thursday,5.5,0- free flowing,30391
5 Thursday,5.5,1 - light traffic,10
5 Thursday,5.5,2 - medium traffic,62.5
5 Thursday,5.5,3 - heavy traffic,222
5 Thursday,5.5,4 - stand still,437.5
5 Thursday,6,0- free flowing,35835
5 Thursday,6,1 - light traffic,10
5 Thursday,6,2 - medium traffic,30
5 Thursday,6,3 - heavy traffic,165
5 Thursday,6,4 - stand still,353.5
5 Thursday,6.5,0- free flowing,46231
5 Thursday,6.5,1 - light traffic,48
5 Thursday,6.5,2 - medium traffic,82.5
5 Thursday,6.5,3 - heavy traffic,198
5 Thursday,6.5,4 - stand still,245
5 Thursday,7,0- free flowing,66071
5 Thursday,7,1 - light traffic,62
5 Thursday,7,2 - medium traffic,350
5 Thursday,7,3 - heavy traffic,1023
5 Thursday,7,4 - stand still,1116.5
5 Thursday,7.5,0- free flowing,105620
5 Thursday,7.5,1 - light traffic,1258
5 Thursday,7.5,2 - medium traffic,5340
5 Thursday,7.5,3 - heavy traffic,8175
5 Thursday,7.5,4 - stand still,1956.5
5 Thursday,8,0- free flowing,129946
5 Thursday,8,1 - light traffic,1794
5 Thursday,8,2 - medium traffic,11177.5
5 Thursday,8,3 - heavy traffic,26763
5 Thursday,8,4 - stand still,6188
5 Thursday,8.5,0- free flowing,128223
5 Thursday,8.5,1 - light traffic,1240
5 Thursday,8.5,2 - medium traffic,8437.5
5 Thursday,8.5,3 - heavy traffic,11646
5 Thursday,8.5,4 - stand still,6377
5 Thursday,9,0- free flowing,118350
5 Thursday,9,1 - light traffic,688
5 Thursday,9,2 - medium traffic,4200
5 Thursday,9,3 - heavy traffic,7092
5 Thursday,9,4 - stand still,6184.5
5 Thursday,9.5,0- free flowing,112542
5 Thursday,9.5,1 - light traffic,442
5 Thursday,9.5,2 - medium traffic,1667.5
5 Thursday,9.5,3 - heavy traffic,3396
5 Thursday,9.5,4 - stand still,6041
5 Thursday,10,0- free flowing,114053
5 Thursday,10,1 - light traffic,370
5 Thursday,10,2 - medium traffic,1500
5 Thursday,10,3 - heavy traffic,3525
5 Thursday,10,4 - stand still,5442.5
5 Thursday,10.5,0- free flowing,120141
5 Thursday,10.5,1 - light traffic,906
5 Thursday,10.5,2 - medium traffic,2455
5 Thursday,10.5,3 - heavy traffic,2856
5 Thursday,10.5,4 - stand still,4025
5 Thursday,11,0- free flowing,128229
5 Thursday,11,1 - light traffic,972
5 Thursday,11,2 - medium traffic,5007.5
5 Thursday,11,3 - heavy traffic,4572
5 Thursday,11,4 - stand still,3020.5
5 Thursday,11.5,0- free flowing,137495
5 Thursday,11.5,1 - light traffic,1206
5 Thursday,11.5,2 - medium traffic,4367.5
5 Thursday,11.5,3 - heavy traffic,7632
5 Thursday,11.5,4 - stand still,4802
5 Thursday,12,0- free flowing,144498
5 Thursday,12,1 - light traffic,1906
5 Thursday,12,2 - medium traffic,6110
5 Thursday,12,3 - heavy traffic,11370
5 Thursday,12,4 - stand still,6667.5
5 Thursday,12.5,0- free flowing,151185
5 Thursday,12.5,1 - light traffic,1732
5 Thursday,12.5,2 - medium traffic,9610
5 Thursday,12.5,3 - heavy traffic,18039
5 Thursday,12.5,4 - stand still,6181
5 Thursday,13,0- free flowing,155028
5 Thursday,13,1 - light traffic,2464
5 Thursday,13,2 - medium traffic,10737.5
5 Thursday,13,3 - heavy traffic,21975
5 Thursday,13,4 - stand still,9495.5
5 Thursday,13.5,0- free flowing,159059
5 Thursday,13.5,1 - light traffic,3214
5 Thursday,13.5,2 - medium traffic,14470
5 Thursday,13.5,3 - heavy traffic,22689
5 Thursday,13.5,4 - stand still,8375.5
5 Thursday,14,0- free flowing,155519
5 Thursday,14,1 - light traffic,3778
5 Thursday,14,2 - medium traffic,16277.5
5 Thursday,14,3 - heavy traffic,23046
5 Thursday,14,4 - stand still,8123.5
5 Thursday,14.5,0- free flowing,155736
5 Thursday,14.5,1 - light traffic,3272
5 Thursday,14.5,2 - medium traffic,20992.5
5 Thursday,14.5,3 - heavy traffic,26865
5 Thursday,14.5,4 - stand still,6996.5
5 Thursday,15,0- free flowing,168026
5 Thursday,15,1 - light traffic,3534
5 Thursday,15,2 - medium traffic,24932.5
5 Thursday,15,3 - heavy traffic,34122
5 Thursday,15,4 - stand still,7448
5 Thursday,15.5,0- free flowing,175633
5 Thursday,15.5,1 - light traffic,4250
5 Thursday,15.5,2 - medium traffic,33537.5
5 Thursday,15.5,3 - heavy traffic,40314
5 Thursday,15.5,4 - stand still,10104.5
5 Thursday,16,0- free flowing,177331
5 Thursday,16,1 - light traffic,4020
5 Thursday,16,2 - medium traffic,43055
5 Thursday,16,3 - heavy traffic,52221
5 Thursday,16,4 - stand still,14945
5 Thursday,16.5,0- free flowing,197034
5 Thursday,16.5,1 - light traffic,4350
5 Thursday,16.5,2 - medium traffic,42570
5 Thursday,16.5,3 - heavy traffic,72204
5 Thursday,16.5,4 - stand still,16369.5
5 Thursday,17,0- free flowing,215018
5 Thursday,17,1 - light traffic,5264
5 Thursday,17,2 - medium traffic,37970
5 Thursday,17,3 - heavy traffic,100656
5 Thursday,17,4 - stand still,16516.5
5 Thursday,17.5,0- free flowing,227100
5 Thursday,17.5,1 - light traffic,5884
5 Thursday,17.5,2 - medium traffic,34077.5
5 Thursday,17.5,3 - heavy traffic,136572
5 Thursday,17.5,4 - stand still,23614.5
5 Thursday,18,0- free flowing,207235
5 Thursday,18,1 - light traffic,4380
5 Thursday,18,2 - medium traffic,35767.5
5 Thursday,18,3 - heavy traffic,72105
5 Thursday,18,4 - stand still,16306.5
5 Thursday,18.5,0- free flowing,167661
5 Thursday,18.5,1 - light traffic,3396
5 Thursday,18.5,2 - medium traffic,25775
5 Thursday,18.5,3 - heavy traffic,20889
5 Thursday,18.5,4 - stand still,8799
5 Thursday,19,0- free flowing,133922
5 Thursday,19,1 - light traffic,1474
5 Thursday,19,2 - medium traffic,7510
5 Thursday,19,3 - heavy traffic,6963
5 Thursday,19,4 - stand still,4284
5 Thursday,19.5,0- free flowing,115463
5 Thursday,19.5,1 - light traffic,642
5 Thursday,19.5,2 - medium traffic,2642.5
5 Thursday,19.5,3 - heavy traffic,2370
5 Thursday,19.5,4 - stand still,2856
5 Thursday,20,0- free flowing,100622
5 Thursday,20,1 - light traffic,348
5 Thursday,20,2 - medium traffic,1110
5 Thursday,20,3 - heavy traffic,1305
5 Thursday,20,4 - stand still,1666
5 Thursday,20.5,0- free flowing,89691
5 Thursday,20.5,1 - light traffic,190
5 Thursday,20.5,2 - medium traffic,697.5
5 Thursday,20.5,3 - heavy traffic,1467
5 Thursday,20.5,4 - stand still,1760.5
5 Thursday,21,0- free flowing,82478
5 Thursday,21,1 - light traffic,222
5 Thursday,21,2 - medium traffic,1122.5
5 Thursday,21,3 - heavy traffic,1821
5 Thursday,21,4 - stand still,1781.5
5 Thursday,21.5,0- free flowing,70616
5 Thursday,21.5,1 - light traffic,250
5 Thursday,21.5,2 - medium traffic,950
5 Thursday,21.5,3 - heavy traffic,3471
5 Thursday,21.5,4 - stand still,2695
5 Thursday,22,0- free flowing,57997
5 Thursday,22,1 - light traffic,138
5 Thursday,22,2 - medium traffic,655
5 Thursday,22,3 - heavy traffic,2988
5 Thursday,22,4 - stand still,3657.5
5 Thursday,22.5,0- free flowing,48816
5 Thursday,22.5,1 - light traffic,42
5 Thursday,22.5,2 - medium traffic,487.5
5 Thursday,22.5,3 - heavy traffic,1596
5 Thursday,22.5,4 - stand still,5600
5 Thursday,23,0- free flowing,44470
5 Thursday,23,1 - light traffic,92
5 Thursday,23,2 - medium traffic,700
5 Thursday,23,3 - heavy traffic,1431
5 Thursday,23,4 - stand still,4084.5
5 Thursday,23.5,0- free flowing,37929
5 Thursday,23.5,1 - light traffic,38
5 Thursday,23.5,2 - medium traffic,955
5 Thursday,23.5,3 - heavy traffic,1290
5 Thursday,23.5,4 - stand still,1267
5 Thursday,24,0- free flowing,30219
5 Thursday,24,1 - light traffic,50
5 Thursday,24,2 - medium traffic,265
5 Thursday,24,3 - heavy traffic,807
5 Thursday,24,4 - stand still,857.5
6 Friday,0.5,0- free flowing,30731
6 Friday,0.5,1 - light traffic,26
6 Friday,0.5,2 - medium traffic,92.5
6 Friday,0.5,3 - heavy traffic,456
6 Friday,0.5,4 - stand still,1473.5
6 Friday,1,0- free flowing,25971
6 Friday,1,1 - light traffic,28
6 Friday,1,2 - medium traffic,47.5
6 Friday,1,3 - heavy traffic,525
6 Friday,1,4 - stand still,966
6 Friday,1.5,0- free flowing,22827
6 Friday,1.5,1 - light traffic,38
6 Friday,1.5,2 - medium traffic,100
6 Friday,1.5,3 - heavy traffic,357
6 Friday,1.5,4 - stand still,630
6 Friday,2,0- free flowing,19286
6 Friday,2,1 - light traffic,22
6 Friday,2,2 - medium traffic,70
6 Friday,2,3 - heavy traffic,171
6 Friday,2,4 - stand still,385
6 Friday,2.5,0- free flowing,18215
6 Friday,2.5,1 - light traffic,14
6 Friday,2.5,2 - medium traffic,30
6 Friday,2.5,3 - heavy traffic,213
6 Friday,2.5,4 - stand still,290.5
6 Friday,3,0- free flowing,17256
6 Friday,3,1 - light traffic,30
6 Friday,3,2 - medium traffic,40
6 Friday,3,3 - heavy traffic,180
6 Friday,3,4 - stand still,427
6 Friday,3.5,0- free flowing,17184
6 Friday,3.5,1 - light traffic,16
6 Friday,3.5,2 - medium traffic,52.5
6 Friday,3.5,3 - heavy traffic,87
6 Friday,3.5,4 - stand still,518
6 Friday,4,0- free flowing,17421
6 Friday,4,1 - light traffic,8
6 Friday,4,2 - medium traffic,37.5
6 Friday,4,3 - heavy traffic,75
6 Friday,4,4 - stand still,343
6 Friday,4.5,0- free flowing,19791
6 Friday,4.5,1 - light traffic,14
6 Friday,4.5,2 - medium traffic,42.5
6 Friday,4.5,3 - heavy traffic,129
6 Friday,4.5,4 - stand still,367.5
6 Friday,5,0- free flowing,24503
6 Friday,5,1 - light traffic,2
6 Friday,5,2 - medium traffic,65
6 Friday,5,3 - heavy traffic,99
6 Friday,5,4 - stand still,259
6 Friday,5.5,0- free flowing,30327
6 Friday,5.5,1 - light traffic,14
6 Friday,5.5,2 - medium traffic,52.5
6 Friday,5.5,3 - heavy traffic,105
6 Friday,5.5,4 - stand still,192.5
6 Friday,6,0- free flowing,33973
6 Friday,6,1 - light traffic,16
6 Friday,6,2 - medium traffic,32.5
6 Friday,6,3 - heavy traffic,99
6 Friday,6,4 - stand still,196
6 Friday,6.5,0- free flowing,44294
6 Friday,6.5,1 - light traffic,6
6 Friday,6.5,2 - medium traffic,32.5
6 Friday,6.5,3 - heavy traffic,186
6 Friday,6.5,4 - stand still,290.5
6 Friday,7,0- free flowing,61433
6 Friday,7,1 - light traffic,58
6 Friday,7,2 - medium traffic,255
6 Friday,7,3 - heavy traffic,606
6 Friday,7,4 - stand still,896
6 Friday,7.5,0- free flowing,98972
6 Friday,7.5,1 - light traffic,490
6 Friday,7.5,2 - medium traffic,2777.5
6 Friday,7.5,3 - heavy traffic,3237
6 Friday,7.5,4 - stand still,1911
6 Friday,8,0- free flowing,123040
6 Friday,8,1 - light traffic,1240
6 Friday,8,2 - medium traffic,8520
6 Friday,8,3 - heavy traffic,11970
6 Friday,8,4 - stand still,3958.5
6 Friday,8.5,0- free flowing,126354
6 Friday,8.5,1 - light traffic,870
6 Friday,8.5,2 - medium traffic,3752.5
6 Friday,8.5,3 - heavy traffic,5550
6 Friday,8.5,4 - stand still,4497.5
6 Friday,9,0- free flowing,116042
6 Friday,9,1 - light traffic,440
6 Friday,9,2 - medium traffic,1817.5
6 Friday,9,3 - heavy traffic,3966
6 Friday,9,4 - stand still,3899
6 Friday,9.5,0- free flowing,117981
6 Friday,9.5,1 - light traffic,268
6 Friday,9.5,2 - medium traffic,1440
6 Friday,9.5,3 - heavy traffic,2919
6 Friday,9.5,4 - stand still,3888.5
6 Friday,10,0- free flowing,124897
6 Friday,10,1 - light traffic,332
6 Friday,10,2 - medium traffic,2157.5
6 Friday,10,3 - heavy traffic,3963
6 Friday,10,4 - stand still,3689
6 Friday,10.5,0- free flowing,132115
6 Friday,10.5,1 - light traffic,492
6 Friday,10.5,2 - medium traffic,3327.5
6 Friday,10.5,3 - heavy traffic,4383
6 Friday,10.5,4 - stand still,4392.5
6 Friday,11,0- free flowing,143405
6 Friday,11,1 - light traffic,1100
6 Friday,11,2 - medium traffic,5015
6 Friday,11,3 - heavy traffic,8772
6 Friday,11,4 - stand still,5022.5
6 Friday,11.5,0- free flowing,157839
6 Friday,11.5,1 - light traffic,1882
6 Friday,11.5,2 - medium traffic,8995
6 Friday,11.5,3 - heavy traffic,17694
6 Friday,11.5,4 - stand still,6370
6 Friday,12,0- free flowing,169394
6 Friday,12,1 - light traffic,3074
6 Friday,12,2 - medium traffic,15137.5
6 Friday,12,3 - heavy traffic,28059
6 Friday,12,4 - stand still,7339.5
6 Friday,12.5,0- free flowing,176280
6 Friday,12.5,1 - light traffic,4280
6 Friday,12.5,2 - medium traffic,21765
6 Friday,12.5,3 - heavy traffic,37704
6 Friday,12.5,4 - stand still,10941
6 Friday,13,0- free flowing,183175
6 Friday,13,1 - light traffic,4618
6 Friday,13,2 - medium traffic,28905
6 Friday,13,3 - heavy traffic,45837
6 Friday,13,4 - stand still,15823.5
6 Friday,13.5,0- free flowing,189166
6 Friday,13.5,1 - light traffic,6036
6 Friday,13.5,2 - medium traffic,33742.5
6 Friday,13.5,3 - heavy traffic,56118
6 Friday,13.5,4 - stand still,20954.5
6 Friday,14,0- free flowing,194994
6 Friday,14,1 - light traffic,5474
6 Friday,14,2 - medium traffic,43595
6 Friday,14,3 - heavy traffic,63150
6 Friday,14,4 - stand still,22109.5
6 Friday,14.5,0- free flowing,199257
6 Friday,14.5,1 - light traffic,5554
6 Friday,14.5,2 - medium traffic,53930
6 Friday,14.5,3 - heavy traffic,70470
6 Friday,14.5,4 - stand still,22183
6 Friday,15,0- free flowing,210267
6 Friday,15,1 - light traffic,6398
6 Friday,15,2 - medium traffic,59332.5
6 Friday,15,3 - heavy traffic,89010
6 Friday,15,4 - stand still,20800.5
6 Friday,15.5,0- free flowing,221235
6 Friday,15.5,1 - light traffic,5548
6 Friday,15.5,2 - medium traffic,58642.5
6 Friday,15.5,3 - heavy traffic,114729
6 Friday,15.5,4 - stand still,28703.5
6 Friday,16,0- free flowing,231851
6 Friday,16,1 - light traffic,5532
6 Friday,16,2 - medium traffic,60837.5
6 Friday,16,3 - heavy traffic,133089
6 Friday,16,4 - stand still,38269
6 Friday,16.5,0- free flowing,255307
6 Friday,16.5,1 - light traffic,5194
6 Friday,16.5,2 - medium traffic,61522.5
6 Friday,16.5,3 - heavy traffic,140334
6 Friday,16.5,4 - stand still,40089
6 Friday,17,0- free flowing,249619
6 Friday,17,1 - light traffic,6268
6 Friday,17,2 - medium traffic,54170
6 Friday,17,3 - heavy traffic,148224
6 Friday,17,4 - stand still,46179
6 Friday,17.5,0- free flowing,251140
6 Friday,17.5,1 - light traffic,6280
6 Friday,17.5,2 - medium traffic,56695
6 Friday,17.5,3 - heavy traffic,139578
6 Friday,17.5,4 - stand still,47642
6 Friday,18,0- free flowing,234618
6 Friday,18,1 - light traffic,6358
6 Friday,18,2 - medium traffic,53975
6 Friday,18,3 - heavy traffic,87072
6 Friday,18,4 - stand still,40533.5
6 Friday,18.5,0- free flowing,211972
6 Friday,18.5,1 - light traffic,6144
6 Friday,18.5,2 - medium traffic,38355
6 Friday,18.5,3 - heavy traffic,47673
6 Friday,18.5,4 - stand still,33607
6 Friday,19,0- free flowing,184173
6 Friday,19,1 - light traffic,3876
6 Friday,19,2 - medium traffic,25327.5
6 Friday,19,3 - heavy traffic,26457
6 Friday,19,4 - stand still,27545
6 Friday,19.5,0- free flowing,165788
6 Friday,19.5,1 - light traffic,2572
6 Friday,19.5,2 - medium traffic,16390
6 Friday,19.5,3 - heavy traffic,19836
6 Friday,19.5,4 - stand still,19442.5
6 Friday,20,0- free flowing,144360
6 Friday,20,1 - light traffic,1510
6 Friday,20,2 - medium traffic,12747.5
6 Friday,20,3 - heavy traffic,12549
6 Friday,20,4 - stand still,13002.5
6 Friday,20.5,0- free flowing,130506
6 Friday,20.5,1 - light traffic,984
6 Friday,20.5,2 - medium traffic,7235
6 Friday,20.5,3 - heavy traffic,8466
6 Friday,20.5,4 - stand still,9929.5
6 Friday,21,0- free flowing,117418
6 Friday,21,1 - light traffic,586
6 Friday,21,2 - medium traffic,6655
6 Friday,21,3 - heavy traffic,9651
6 Friday,21,4 - stand still,7014
6 Friday,21.5,0- free flowing,106642
6 Friday,21.5,1 - light traffic,1078
6 Friday,21.5,2 - medium traffic,5480
6 Friday,21.5,3 - heavy traffic,6219
6 Friday,21.5,4 - stand still,5036.5
6 Friday,22,0- free flowing,90353
6 Friday,22,1 - light traffic,444
6 Friday,22,2 - medium traffic,3427.5
6 Friday,22,3 - heavy traffic,3267
6 Friday,22,4 - stand still,4504.5
6 Friday,22.5,0- free flowing,76968
6 Friday,22.5,1 - light traffic,590
6 Friday,22.5,2 - medium traffic,1535
6 Friday,22.5,3 - heavy traffic,2304
6 Friday,22.5,4 - stand still,2054.5
6 Friday,23,0- free flowing,64040
6 Friday,23,1 - light traffic,60
6 Friday,23,2 - medium traffic,130
6 Friday,23,3 - heavy traffic,573
6 Friday,23,4 - stand still,1207.5
6 Friday,23.5,0- free flowing,51865
6 Friday,23.5,1 - light traffic,12
6 Friday,23.5,2 - medium traffic,57.5
6 Friday,23.5,3 - heavy traffic,201
6 Friday,23.5,4 - stand still,864.5
6 Friday,24,0- free flowing,37359
6 Friday,24,1 - light traffic,24
6 Friday,24,2 - medium traffic,112.5
6 Friday,24,3 - heavy traffic,441
6 Friday,24,4 - stand still,1449
7 Saturday,0.5,0- free flowing,40860
7 Saturday,0.5,1 - light traffic,18
7 Saturday,0.5,2 - medium traffic,17.5
7 Saturday,0.5,3 - heavy traffic,45
7 Saturday,0.5,4 - stand still,542.5
7 Saturday,1,0- free flowing,34493
7 Saturday,1,1 - light traffic,14
7 Saturday,1,2 - medium traffic,20
7 Saturday,1,3 - heavy traffic,108
7 Saturday,1,4 - stand still,182
7 Saturday,1.5,0- free flowing,31133
7 Saturday,1.5,1 - light traffic,16
7 Saturday,1.5,2 - medium traffic,7.5
7 Saturday,1.5,3 - heavy traffic,87
7 Saturday,1.5,4 - stand still,87.5
7 Saturday,2,0- free flowing,27922
7 Saturday,2,1 - light traffic,16
7 Saturday,2,2 - medium traffic,15
7 Saturday,2,3 - heavy traffic,225
7 Saturday,2,4 - stand still,157.5
7 Saturday,2.5,0- free flowing,24761
7 Saturday,2.5,1 - light traffic,38
7 Saturday,2.5,2 - medium traffic,25
7 Saturday,2.5,3 - heavy traffic,57
7 Saturday,2.5,4 - stand still,196
7 Saturday,3,0- free flowing,22339
7 Saturday,3,1 - light traffic,2
7 Saturday,3,2 - medium traffic,17.5
7 Saturday,3,3 - heavy traffic,66
7 Saturday,3,4 - stand still,126
7 Saturday,3.5,0- free flowing,20830
7 Saturday,3.5,1 - light traffic,4
7 Saturday,3.5,2 - medium traffic,47.5
7 Saturday,3.5,3 - heavy traffic,93
7 Saturday,3.5,4 - stand still,154
7 Saturday,4,0- free flowing,19634
7 Saturday,4,1 - light traffic,24
7 Saturday,4,2 - medium traffic,7.5
7 Saturday,4,3 - heavy traffic,60
7 Saturday,4,4 - stand still,154
7 Saturday,4.5,0- free flowing,19713
7 Saturday,4.5,1 - light traffic,26
7 Saturday,4.5,2 - medium traffic,22.5
7 Saturday,4.5,3 - heavy traffic,96
7 Saturday,4.5,4 - stand still,178.5
7 Saturday,5,0- free flowing,21761
7 Saturday,5,1 - light traffic,8
7 Saturday,5,2 - medium traffic,22.5
7 Saturday,5,3 - heavy traffic,42
7 Saturday,5,4 - stand still,238
7 Saturday,5.5,0- free flowing,25408
7 Saturday,5.5,1 - light traffic,6
7 Saturday,5.5,2 - medium traffic,7.5
7 Saturday,5.5,3 - heavy traffic,54
7 Saturday,5.5,4 - stand still,311.5
7 Saturday,6,0- free flowing,30085
7 Saturday,6,1 - light traffic,8
7 Saturday,6,2 - medium traffic,22.5
7 Saturday,6,3 - heavy traffic,33
7 Saturday,6,4 - stand still,122.5
7 Saturday,6.5,0- free flowing,35541
7 Saturday,6.5,1 - light traffic,18
7 Saturday,6.5,2 - medium traffic,35
7 Saturday,6.5,3 - heavy traffic,150
7 Saturday,6.5,4 - stand still,234.5
7 Saturday,7,0- free flowing,38642
7 Saturday,7,1 - light traffic,28
7 Saturday,7,2 - medium traffic,57.5
7 Saturday,7,3 - heavy traffic,96
7 Saturday,7,4 - stand still,115.5
7 Saturday,7.5,0- free flowing,48303
7 Saturday,7.5,1 - light traffic,16
7 Saturday,7.5,2 - medium traffic,27.5
7 Saturday,7.5,3 - heavy traffic,279
7 Saturday,7.5,4 - stand still,189
7 Saturday,8,0- free flowing,61061
7 Saturday,8,1 - light traffic,40
7 Saturday,8,2 - medium traffic,100
7 Saturday,8,3 - heavy traffic,402
7 Saturday,8,4 - stand still,479.5
7 Saturday,8.5,0- free flowing,79540
7 Saturday,8.5,1 - light traffic,214
7 Saturday,8.5,2 - medium traffic,182.5
7 Saturday,8.5,3 - heavy traffic,774
7 Saturday,8.5,4 - stand still,903
7 Saturday,9,0- free flowing,91197
7 Saturday,9,1 - light traffic,306
7 Saturday,9,2 - medium traffic,307.5
7 Saturday,9,3 - heavy traffic,1701
7 Saturday,9,4 - stand still,1757
7 Saturday,9.5,0- free flowing,107301
7 Saturday,9.5,1 - light traffic,240
7 Saturday,9.5,2 - medium traffic,265
7 Saturday,9.5,3 - heavy traffic,2301
7 Saturday,9.5,4 - stand still,4144
7 Saturday,10,0- free flowing,123506
7 Saturday,10,1 - light traffic,494
7 Saturday,10,2 - medium traffic,1172.5
7 Saturday,10,3 - heavy traffic,4722
7 Saturday,10,4 - stand still,5617.5
7 Saturday,10.5,0- free flowing,136394
7 Saturday,10.5,1 - light traffic,588
7 Saturday,10.5,2 - medium traffic,2982.5
7 Saturday,10.5,3 - heavy traffic,7407
7 Saturday,10.5,4 - stand still,5880
7 Saturday,11,0- free flowing,147878
7 Saturday,11,1 - light traffic,724
7 Saturday,11,2 - medium traffic,4732.5
7 Saturday,11,3 - heavy traffic,14121
7 Saturday,11,4 - stand still,7605.5
7 Saturday,11.5,0- free flowing,159903
7 Saturday,11.5,1 - light traffic,1258
7 Saturday,11.5,2 - medium traffic,6547.5
7 Saturday,11.5,3 - heavy traffic,22194
7 Saturday,11.5,4 - stand still,9131.5
7 Saturday,12,0- free flowing,173734
7 Saturday,12,1 - light traffic,1840
7 Saturday,12,2 - medium traffic,9372.5
7 Saturday,12,3 - heavy traffic,26985
7 Saturday,12,4 - stand still,13877.5
7 Saturday,12.5,0- free flowing,186244
7 Saturday,12.5,1 - light traffic,2650
7 Saturday,12.5,2 - medium traffic,13457.5
7 Saturday,12.5,3 - heavy traffic,31776
7 Saturday,12.5,4 - stand still,18508
7 Saturday,13,0- free flowing,191990
7 Saturday,13,1 - light traffic,2768
7 Saturday,13,2 - medium traffic,15635
7 Saturday,13,3 - heavy traffic,37704
7 Saturday,13,4 - stand still,16999.5
7 Saturday,13.5,0- free flowing,191123
7 Saturday,13.5,1 - light traffic,2128
7 Saturday,13.5,2 - medium traffic,16900
7 Saturday,13.5,3 - heavy traffic,37467
7 Saturday,13.5,4 - stand still,15596
7 Saturday,14,0- free flowing,189838
7 Saturday,14,1 - light traffic,2234
7 Saturday,14,2 - medium traffic,15702.5
7 Saturday,14,3 - heavy traffic,34668
7 Saturday,14,4 - stand still,16789.5
7 Saturday,14.5,0- free flowing,186245
7 Saturday,14.5,1 - light traffic,2840
7 Saturday,14.5,2 - medium traffic,17515
7 Saturday,14.5,3 - heavy traffic,37272
7 Saturday,14.5,4 - stand still,15130.5
7 Saturday,15,0- free flowing,184920
7 Saturday,15,1 - light traffic,2572
7 Saturday,15,2 - medium traffic,19127.5
7 Saturday,15,3 - heavy traffic,33156
7 Saturday,15,4 - stand still,15484
7 Saturday,15.5,0- free flowing,184533
7 Saturday,15.5,1 - light traffic,2518
7 Saturday,15.5,2 - medium traffic,17952.5
7 Saturday,15.5,3 - heavy traffic,30126
7 Saturday,15.5,4 - stand still,15123.5
7 Saturday,16,0- free flowing,179333
7 Saturday,16,1 - light traffic,2008
7 Saturday,16,2 - medium traffic,15035
7 Saturday,16,3 - heavy traffic,28059
7 Saturday,16,4 - stand still,14696.5
7 Saturday,16.5,0- free flowing,175256
7 Saturday,16.5,1 - light traffic,2390
7 Saturday,16.5,2 - medium traffic,14897.5
7 Saturday,16.5,3 - heavy traffic,22605
7 Saturday,16.5,4 - stand still,12029.5
7 Saturday,17,0- free flowing,170839
7 Saturday,17,1 - light traffic,2448
7 Saturday,17,2 - medium traffic,13445
7 Saturday,17,3 - heavy traffic,18216
7 Saturday,17,4 - stand still,8690.5
7 Saturday,17.5,0- free flowing,167619
7 Saturday,17.5,1 - light traffic,1984
7 Saturday,17.5,2 - medium traffic,14070
7 Saturday,17.5,3 - heavy traffic,15213
7 Saturday,17.5,4 - stand still,6279
7 Saturday,18,0- free flowing,162550
7 Saturday,18,1 - light traffic,1936
7 Saturday,18,2 - medium traffic,10075
7 Saturday,18,3 - heavy traffic,12141
7 Saturday,18,4 - stand still,6923
7 Saturday,18.5,0- free flowing,153986
7 Saturday,18.5,1 - light traffic,1248
7 Saturday,18.5,2 - medium traffic,5792.5
7 Saturday,18.5,3 - heavy traffic,9117
7 Saturday,18.5,4 - stand still,6566
7 Saturday,19,0- free flowing,142768
7 Saturday,19,1 - light traffic,538
7 Saturday,19,2 - medium traffic,3620
7 Saturday,19,3 - heavy traffic,5859
7 Saturday,19,4 - stand still,5876.5
7 Saturday,19.5,0- free flowing,128001
7 Saturday,19.5,1 - light traffic,374
7 Saturday,19.5,2 - medium traffic,2837.5
7 Saturday,19.5,3 - heavy traffic,3471
7 Saturday,19.5,4 - stand still,4494
7 Saturday,20,0- free flowing,101248
7 Saturday,20,1 - light traffic,798
7 Saturday,20,2 - medium traffic,1135
7 Saturday,20,3 - heavy traffic,2157
7 Saturday,20,4 - stand still,3843
7 Saturday,20.5,0- free flowing,83567
7 Saturday,20.5,1 - light traffic,558
7 Saturday,20.5,2 - medium traffic,717.5
7 Saturday,20.5,3 - heavy traffic,1707
7 Saturday,20.5,4 - stand still,2159.5
7 Saturday,21,0- free flowing,89510
7 Saturday,21,1 - light traffic,76
7 Saturday,21,2 - medium traffic,177.5
7 Saturday,21,3 - heavy traffic,1467
7 Saturday,21,4 - stand still,2212
7 Saturday,21.5,0- free flowing,84051
7 Saturday,21.5,1 - light traffic,66
7 Saturday,21.5,2 - medium traffic,190
7 Saturday,21.5,3 - heavy traffic,969
7 Saturday,21.5,4 - stand still,1102.5
7 Saturday,22,0- free flowing,75709
7 Saturday,22,1 - light traffic,48
7 Saturday,22,2 - medium traffic,210
7 Saturday,22,3 - heavy traffic,594
7 Saturday,22,4 - stand still,766.5
7 Saturday,22.5,0- free flowing,66953
7 Saturday,22.5,1 - light traffic,20
7 Saturday,22.5,2 - medium traffic,80
7 Saturday,22.5,3 - heavy traffic,423
7 Saturday,22.5,4 - stand still,682.5
7 Saturday,23,0- free flowing,56346
7 Saturday,23,1 - light traffic,24
7 Saturday,23,2 - medium traffic,35
7 Saturday,23,3 - heavy traffic,327
7 Saturday,23,4 - stand still,318.5
7 Saturday,23.5,0- free flowing,47300
7 Saturday,23.5,1 - light traffic,2
7 Saturday,23.5,2 - medium traffic,42.5
7 Saturday,23.5,3 - heavy traffic,123
7 Saturday,23.5,4 - stand still,168
7 Saturday,24,0- free flowing,41085
7 Saturday,24,1 - light traffic,2
7 Saturday,24,2 - medium traffic,0
7 Saturday,24,3 - heavy traffic,153
7 Saturday,24,4 - stand still,549.5
