Day of Week,Time Half Hour,Traffic Level,Traffic Flow
1 Sunday,0.5,0- free flowing,38944
1 Sunday,0.5,1 - light traffic,22
1 Sunday,0.5,2 - medium traffic,2.5
1 Sunday,0.5,3 - heavy traffic,63
1 Sunday,0.5,4 - stand still,126
1 Sunday,1,0- free flowing,34687
1 Sunday,1,1 - light traffic,12
1 Sunday,1,2 - medium traffic,7.5
1 Sunday,1,3 - heavy traffic,99
1 Sunday,1,4 - stand still,108.5
1 Sunday,1.5,0- free flowing,29794
1 Sunday,1.5,1 - light traffic,8
1 Sunday,1.5,2 - medium traffic,5
1 Sunday,1.5,3 - heavy traffic,33
1 Sunday,1.5,4 - stand still,63
1 Sunday,2,0- free flowing,24338
1 Sunday,2,1 - light traffic,8
1 Sunday,2,2 - medium traffic,12.5
1 Sunday,2,3 - heavy traffic,36
1 Sunday,2,4 - stand still,49
1 Sunday,2.5,0- free flowing,20887
1 Sunday,2.5,1 - light traffic,2
1 Sunday,2.5,2 - medium traffic,0
1 Sunday,2.5,3 - heavy traffic,60
1 Sunday,2.5,4 - stand still,49
1 Sunday,3,0- free flowing,19324
1 Sunday,3,1 - light traffic,2
1 Sunday,3,2 - medium traffic,5
1 Sunday,3,3 - heavy traffic,27
1 Sunday,3,4 - stand still,77
1 Sunday,3.5,0- free flowing,17293
1 Sunday,3.5,1 - light traffic,4
1 Sunday,3.5,2 - medium traffic,10
1 Sunday,3.5,3 - heavy traffic,33
1 Sunday,3.5,4 - stand still,31.5
1 Sunday,4,0- free flowing,14972
1 Sunday,4,1 - light traffic,6
1 Sunday,4,2 - medium traffic,12.5
1 Sunday,4,3 - heavy traffic,54
1 Sunday,4,4 - stand still,28
1 Sunday,4.5,0- free flowing,14556
1 Sunday,4.5,1 - light traffic,12
1 Sunday,4.5,2 - medium traffic,7.5
1 Sunday,4.5,3 - heavy traffic,18
1 Sunday,4.5,4 - stand still,126
1 Sunday,5,0- free flowing,15616
1 Sunday,5,1 - light traffic,14
1 Sunday,5,2 - medium traffic,15
1 Sunday,5,3 - heavy traffic,48
1 Sunday,5,4 - stand still,98
1 Sunday,5.5,0- free flowing,18024
1 Sunday,5.5,1 - light traffic,14
1 Sunday,5.5,2 - medium traffic,5
1 Sunday,5.5,3 - heavy traffic,51
1 Sunday,5.5,4 - stand still,52.5
1 Sunday,6,0- free flowing,21888
1 Sunday,6,1 - light traffic,4
1 Sunday,6,2 - medium traffic,20
1 Sunday,6,3 - heavy traffic,81
1 Sunday,6,4 - stand still,360.5
1 Sunday,6.5,0- free flowing,28001
1 Sunday,6.5,1 - light traffic,10
1 Sunday,6.5,2 - medium traffic,12.5
1 Sunday,6.5,3 - heavy traffic,72
1 Sunday,6.5,4 - stand still,70
1 Sunday,7,0- free flowing,30797
1 Sunday,7,1 - light traffic,14
1 Sunday,7,2 - medium traffic,17.5
1 Sunday,7,3 - heavy traffic,90
1 Sunday,7,4 - stand still,140
1 Sunday,7.5,0- free flowing,34599
1 Sunday,7.5,1 - light traffic,8
1 Sunday,7.5,2 - medium traffic,45
1 Sunday,7.5,3 - heavy traffic,159
1 Sunday,7.5,4 - stand still,402.5
1 Sunday,8,0- free flowing,39260
1 Sunday,8,1 - light traffic,4
1 Sunday,8,2 - medium traffic,110
1 Sunday,8,3 - heavy traffic,102
1 Sunday,8,4 - stand still,1361.5
1 Sunday,8.5,0- free flowing,49482
1 Sunday,8.5,1 - light traffic,8
1 Sunday,8.5,2 - medium traffic,62.5
1 Sunday,8.5,3 - heavy traffic,318
1 Sunday,8.5,4 - stand still,2453.5
1 Sunday,9,0- free flowing,65647
1 Sunday,9,1 - light traffic,30
1 Sunday,9,2 - medium traffic,412.5
1 Sunday,9,3 - heavy traffic,438
1 Sunday,9,4 - stand still,2555
1 Sunday,9.5,0- free flowing,81498
1 Sunday,9.5,1 - light traffic,48
1 Sunday,9.5,2 - medium traffic,422.5
1 Sunday,9.5,3 - heavy traffic,1353
1 Sunday,9.5,4 - stand still,2415
1 Sunday,10,0- free flowing,91328
1 Sunday,10,1 - light traffic,50
1 Sunday,10,2 - medium traffic,330
1 Sunday,10,3 - heavy traffic,2172
1 Sunday,10,4 - stand still,3993.5
1 Sunday,10.5,0- free flowing,118345
1 Sunday,10.5,1 - light traffic,308
1 Sunday,10.5,2 - medium traffic,1025
1 Sunday,10.5,3 - heavy traffic,3699
1 Sunday,10.5,4 - stand still,7024.5
1 Sunday,11,0- free flowing,136331
1 Sunday,11,1 - light traffic,606
1 Sunday,11,2 - medium traffic,2847.5
1 Sunday,11,3 - heavy traffic,7545
1 Sunday,11,4 - stand still,7836.5
1 Sunday,11.5,0- free flowing,144331
1 Sunday,11.5,1 - light traffic,626
1 Sunday,11.5,2 - medium traffic,3832.5
1 Sunday,11.5,3 - heavy traffic,12591
1 Sunday,11.5,4 - stand still,9996
1 Sunday,12,0- free flowing,159511
1 Sunday,12,1 - light traffic,1420
1 Sunday,12,2 - medium traffic,5995
1 Sunday,12,3 - heavy traffic,18729
1 Sunday,12,4 - stand still,12442.5
1 Sunday,12.5,0- free flowing,178568
1 Sunday,12.5,1 - light traffic,3054
1 Sunday,12.5,2 - medium traffic,9817.5
1 Sunday,12.5,3 - heavy traffic,27897
1 Sunday,12.5,4 - stand still,13748
1 Sunday,13,0- free flowing,187956
1 Sunday,13,1 - light traffic,4776
1 Sunday,13,2 - medium traffic,20380
1 Sunday,13,3 - heavy traffic,37584
1 Sunday,13,4 - stand still,18679.5
1 Sunday,13.5,0- free flowing,188689
1 Sunday,13.5,1 - light traffic,5054
1 Sunday,13.5,2 - medium traffic,30250
1 Sunday,13.5,3 - heavy traffic,39519
1 Sunday,13.5,4 - stand still,19575.5
1 Sunday,14,0- free flowing,190649
1 Sunday,14,1 - light traffic,4930
1 Sunday,14,2 - medium traffic,30407.5
1 Sunday,14,3 - heavy traffic,43008
1 Sunday,14,4 - stand still,25217.5
1 Sunday,14.5,0- free flowing,191341
1 Sunday,14.5,1 - light traffic,4980
1 Sunday,14.5,2 - medium traffic,31560
1 Sunday,14.5,3 - heavy traffic,49206
1 Sunday,14.5,4 - stand still,26908
1 Sunday,15,0- free flowing,195830
1 Sunday,15,1 - light traffic,4438
1 Sunday,15,2 - medium traffic,31305
1 Sunday,15,3 - heavy traffic,51816
1 Sunday,15,4 - stand still,26750.5
1 Sunday,15.5,0- free flowing,192991
1 Sunday,15.5,1 - light traffic,4002
1 Sunday,15.5,2 - medium traffic,31580
1 Sunday,15.5,3 - heavy traffic,49068
1 Sunday,15.5,4 - stand still,24958.5
1 Sunday,16,0- free flowing,190537
1 Sunday,16,1 - light traffic,4052
1 Sunday,16,2 - medium traffic,34377.5
1 Sunday,16,3 - heavy traffic,47346
1 Sunday,16,4 - stand still,21479.5
1 Sunday,16.5,0- free flowing,186640
1 Sunday,16.5,1 - light traffic,3478
1 Sunday,16.5,2 - medium traffic,37840
1 Sunday,16.5,3 - heavy traffic,41907
1 Sunday,16.5,4 - stand still,19516
1 Sunday,17,0- free flowing,181777
1 Sunday,17,1 - light traffic,4594
1 Sunday,17,2 - medium traffic,32715
1 Sunday,17,3 - heavy traffic,37956
1 Sunday,17,4 - stand still,15823.5
1 Sunday,17.5,0- free flowing,172100
1 Sunday,17.5,1 - light traffic,3304
1 Sunday,17.5,2 - medium traffic,23735
1 Sunday,17.5,3 - heavy traffic,32343
1 Sunday,17.5,4 - stand still,15263.5
1 Sunday,18,0- free flowing,160653
1 Sunday,18,1 - light traffic,2284
1 Sunday,18,2 - medium traffic,18947.5
1 Sunday,18,3 - heavy traffic,22578
1 Sunday,18,4 - stand still,11210.5
1 Sunday,18.5,0- free flowing,148981
1 Sunday,18.5,1 - light traffic,2032
1 Sunday,18.5,2 - medium traffic,13275
1 Sunday,18.5,3 - heavy traffic,17361
1 Sunday,18.5,4 - stand still,6972
1 Sunday,19,0- free flowing,131213
1 Sunday,19,1 - light traffic,1014
1 Sunday,19,2 - medium traffic,9415
1 Sunday,19,3 - heavy traffic,11649
1 Sunday,19,4 - stand still,6993
1 Sunday,19.5,0- free flowing,119463
1 Sunday,19.5,1 - light traffic,794
1 Sunday,19.5,2 - medium traffic,4707.5
1 Sunday,19.5,3 - heavy traffic,9807
1 Sunday,19.5,4 - stand still,6426
1 Sunday,20,0- free flowing,102436
1 Sunday,20,1 - light traffic,768
1 Sunday,20,2 - medium traffic,4740
1 Sunday,20,3 - heavy traffic,4245
1 Sunday,20,4 - stand still,3388
1 Sunday,20.5,0- free flowing,91602
1 Sunday,20.5,1 - light traffic,438
1 Sunday,20.5,2 - medium traffic,2572.5
1 Sunday,20.5,3 - heavy traffic,2637
1 Sunday,20.5,4 - stand still,2744
1 Sunday,21,0- free flowing,80324
1 Sunday,21,1 - light traffic,452
1 Sunday,21,2 - medium traffic,1320
1 Sunday,21,3 - heavy traffic,2109
1 Sunday,21,4 - stand still,1925
1 Sunday,21.5,0- free flowing,68705
1 Sunday,21.5,1 - light traffic,220
1 Sunday,21.5,2 - medium traffic,825
1 Sunday,21.5,3 - heavy traffic,1920
1 Sunday,21.5,4 - stand still,3475.5
1 Sunday,22,0- free flowing,58661
1 Sunday,22,1 - light traffic,228
1 Sunday,22,2 - medium traffic,460
1 Sunday,22,3 - heavy traffic,1080
1 Sunday,22,4 - stand still,2474.5
1 Sunday,22.5,0- free flowing,49217
1 Sunday,22.5,1 - light traffic,158
1 Sunday,22.5,2 - medium traffic,382.5
1 Sunday,22.5,3 - heavy traffic,735
1 Sunday,22.5,4 - stand still,2278.5
1 Sunday,23,0- free flowing,41845
1 Sunday,23,1 - light traffic,144
1 Sunday,23,2 - medium traffic,370
1 Sunday,23,3 - heavy traffic,489
1 Sunday,23,4 - stand still,2418.5
1 Sunday,23.5,0- free flowing,35751
1 Sunday,23.5,1 - light traffic,64
1 Sunday,23.5,2 - medium traffic,170
1 Sunday,23.5,3 - heavy traffic,279
1 Sunday,23.5,4 - stand still,1673
1 Sunday,24,0- free flowing,40196
1 Sunday,24,1 - light traffic,30
1 Sunday,24,2 - medium traffic,112.5
1 Sunday,24,3 - heavy traffic,237
1 Sunday,24,4 - stand still,647.5
2 Monday,0.5,0- free flowing,27033
2 Monday,0.5,1 - light traffic,34
2 Monday,0.5,2 - medium traffic,50
2 Monday,0.5,3 - heavy traffic,144
2 Monday,0.5,4 - stand still,416.5
2 Monday,1,0- free flowing,23199
2 Monday,1,1 - light traffic,36
2 Monday,1,2 - medium traffic,25
2 Monday,1,3 - heavy traffic,81
2 Monday,1,4 - stand still,329
2 Monday,1.5,0- free flowing,19973
2 Monday,1.5,1 - light traffic,26
2 Monday,1.5,2 - medium traffic,15
2 Monday,1.5,3 - heavy traffic,69
2 Monday,1.5,4 - stand still,301
2 Monday,2,0- free flowing,17561
2 Monday,2,1 - light traffic,22
2 Monday,2,2 - medium traffic,30
2 Monday,2,3 - heavy traffic,69
2 Monday,2,4 - stand still,437.5
2 Monday,2.5,0- free flowing,15873
2 Monday,2.5,1 - light traffic,26
2 Monday,2.5,2 - medium traffic,22.5
2 Monday,2.5,3 - heavy traffic,93
2 Monday,2.5,4 - stand still,252
2 Monday,3,0- free flowing,13869
2 Monday,3,1 - light traffic,10
2 Monday,3,2 - medium traffic,20
2 Monday,3,3 - heavy traffic,78
2 Monday,3,4 - stand still,63
2 Monday,3.5,0- free flowing,13481
2 Monday,3.5,1 - light traffic,14
2 Monday,3.5,2 - medium traffic,27.5
2 Monday,3.5,3 - heavy traffic,39
2 Monday,3.5,4 - stand still,94.5
2 Monday,4,0- free flowing,14842
2 Monday,4,1 - light traffic,16
2 Monday,4,2 - medium traffic,55
2 Monday,4,3 - heavy traffic,45
2 Monday,4,4 - stand still,126
2 Monday,4.5,0- free flowing,17301
2 Monday,4.5,1 - light traffic,8
2 Monday,4.5,2 - medium traffic,20
2 Monday,4.5,3 - heavy traffic,39
2 Monday,4.5,4 - stand still,136.5
2 Monday,5,0- free flowing,23190
2 Monday,5,1 - light traffic,16
2 Monday,5,2 - medium traffic,10
2 Monday,5,3 - heavy traffic,60
2 Monday,5,4 - stand still,91
2 Monday,5.5,0- free flowing,30159
2 Monday,5.5,1 - light traffic,6
2 Monday,5.5,2 - medium traffic,35
2 Monday,5.5,3 - heavy traffic,123
2 Monday,5.5,4 - stand still,171.5
2 Monday,6,0- free flowing,34622
2 Monday,6,1 - light traffic,10
2 Monday,6,2 - medium traffic,22.5
2 Monday,6,3 - heavy traffic,165
2 Monday,6,4 - stand still,392
2 Monday,6.5,0- free flowing,45298
2 Monday,6.5,1 - light traffic,6
2 Monday,6.5,2 - medium traffic,72.5
2 Monday,6.5,3 - heavy traffic,372
2 Monday,6.5,4 - stand still,717.5
2 Monday,7,0- free flowing,64495
2 Monday,7,1 - light traffic,62
2 Monday,7,2 - medium traffic,492.5
2 Monday,7,3 - heavy traffic,1101
2 Monday,7,4 - stand still,2317
2 Monday,7.5,0- free flowing,103090
2 Monday,7.5,1 - light traffic,652
2 Monday,7.5,2 - medium traffic,2877.5
2 Monday,7.5,3 - heavy traffic,4647
2 Monday,7.5,4 - stand still,3801
2 Monday,8,0- free flowing,124341
2 Monday,8,1 - light traffic,1370
2 Monday,8,2 - medium traffic,8497.5
2 Monday,8,3 - heavy traffic,18468
2 Monday,8,4 - stand still,7252
2 Monday,8.5,0- free flowing,130145
2 Monday,8.5,1 - light traffic,966
2 Monday,8.5,2 - medium traffic,5980
2 Monday,8.5,3 - heavy traffic,11097
2 Monday,8.5,4 - stand still,7637
2 Monday,9,0- free flowing,121637
2 Monday,9,1 - light traffic,708
2 Monday,9,2 - medium traffic,3310
2 Monday,9,3 - heavy traffic,4572
2 Monday,9,4 - stand still,4784.5
2 Monday,9.5,0- free flowing,115612
2 Monday,9.5,1 - light traffic,134
2 Monday,9.5,2 - medium traffic,517.5
2 Monday,9.5,3 - heavy traffic,2481
2 Monday,9.5,4 - stand still,2152.5
2 Monday,10,0- free flowing,120855
2 Monday,10,1 - light traffic,158
2 Monday,10,2 - medium traffic,382.5
2 Monday,10,3 - heavy traffic,1365
2 Monday,10,4 - stand still,1862
2 Monday,10.5,0- free flowing,126740
2 Monday,10.5,1 - light traffic,92
2 Monday,10.5,2 - medium traffic,260
2 Monday,10.5,3 - heavy traffic,1053
2 Monday,10.5,4 - stand still,1463
2 Monday,11,0- free flowing,136120
2 Monday,11,1 - light traffic,196
2 Monday,11,2 - medium traffic,875
2 Monday,11,3 - heavy traffic,1845
2 Monday,11,4 - stand still,1410.5
2 Monday,11.5,0- free flowing,143416
2 Monday,11.5,1 - light traffic,564
2 Monday,11.5,2 - medium traffic,1565
2 Monday,11.5,3 - heavy traffic,4287
2 Monday,11.5,4 - stand still,1935.5
2 Monday,12,0- free flowing,150324
2 Monday,12,1 - light traffic,746
2 Monday,12,2 - medium traffic,2447.5
2 Monday,12,3 - heavy traffic,9672
2 Monday,12,4 - stand still,3930.5
2 Monday,12.5,0- free flowing,157864
2 Monday,12.5,1 - light traffic,1094
2 Monday,12.5,2 - medium traffic,4050
2 Monday,12.5,3 - heavy traffic,14637
2 Monday,12.5,4 - stand still,6300
2 Monday,13,0- free flowing,166143
2 Monday,13,1 - light traffic,1228
2 Monday,13,2 - medium traffic,7212.5
2 Monday,13,3 - heavy traffic,17475
2 Monday,13,4 - stand still,7189
2 Monday,13.5,0- free flowing,169053
2 Monday,13.5,1 - light traffic,1888
2 Monday,13.5,2 - medium traffic,9365
2 Monday,13.5,3 - heavy traffic,19323
2 Monday,13.5,4 - stand still,7637
2 Monday,14,0- free flowing,169924
2 Monday,14,1 - light traffic,1424
2 Monday,14,2 - medium traffic,12182.5
2 Monday,14,3 - heavy traffic,19377
2 Monday,14,4 - stand still,6846
2 Monday,14.5,0- free flowing,173248
2 Monday,14.5,1 - light traffic,2374
2 Monday,14.5,2 - medium traffic,12942.5
2 Monday,14.5,3 - heavy traffic,25167
2 Monday,14.5,4 - stand still,6709.5
2 Monday,15,0- free flowing,180734
2 Monday,15,1 - light traffic,2568
2 Monday,15,2 - medium traffic,13517.5
2 Monday,15,3 - heavy traffic,32316
2 Monday,15,4 - stand still,5425
2 Monday,15.5,0- free flowing,184394
2 Monday,15.5,1 - light traffic,3044
2 Monday,15.5,2 - medium traffic,18837.5
2 Monday,15.5,3 - heavy traffic,32487
2 Monday,15.5,4 - stand still,8858.5
2 Monday,16,0- free flowing,183204
2 Monday,16,1 - light traffic,3140
2 Monday,16,2 - medium traffic,26142.5
2 Monday,16,3 - heavy traffic,29931
2 Monday,16,4 - stand still,10482.5
2 Monday,16.5,0- free flowing,195320
2 Monday,16.5,1 - light traffic,2540
2 Monday,16.5,2 - medium traffic,28202.5
2 Monday,16.5,3 - heavy traffic,36096
2 Monday,16.5,4 - stand still,8316
2 Monday,17,0- free flowing,210092
2 Monday,17,1 - light traffic,2768
2 Monday,17,2 - medium traffic,30167.5
2 Monday,17,3 - heavy traffic,49746
2 Monday,17,4 - stand still,8830.5
2 Monday,17.5,0- free flowing,219416
2 Monday,17.5,1 - light traffic,3562
2 Monday,17.5,2 - medium traffic,32482.5
2 Monday,17.5,3 - heavy traffic,71916
2 Monday,17.5,4 - stand still,14444.5
2 Monday,18,0- free flowing,189244
2 Monday,18,1 - light traffic,3048
2 Monday,18,2 - medium traffic,21520
2 Monday,18,3 - heavy traffic,37623
2 Monday,18,4 - stand still,10038
2 Monday,18.5,0- free flowing,154232
2 Monday,18.5,1 - light traffic,1440
2 Monday,18.5,2 - medium traffic,9232.5
2 Monday,18.5,3 - heavy traffic,9018
2 Monday,18.5,4 - stand still,4424
2 Monday,19,0- free flowing,121554
2 Monday,19,1 - light traffic,508
2 Monday,19,2 - medium traffic,1957.5
2 Monday,19,3 - heavy traffic,2652
2 Monday,19,4 - stand still,2534
2 Monday,19.5,0- free flowing,103729
2 Monday,19.5,1 - light traffic,308
2 Monday,19.5,2 - medium traffic,500
2 Monday,19.5,3 - heavy traffic,1068
2 Monday,19.5,4 - stand still,3013.5
2 Monday,20,0- free flowing,89971
2 Monday,20,1 - light traffic,98
2 Monday,20,2 - medium traffic,462.5
2 Monday,20,3 - heavy traffic,504
2 Monday,20,4 - stand still,2285.5
2 Monday,20.5,0- free flowing,79187
2 Monday,20.5,1 - light traffic,224
2 Monday,20.5,2 - medium traffic,295
2 Monday,20.5,3 - heavy traffic,669
2 Monday,20.5,4 - stand still,1417.5
2 Monday,21,0- free flowing,68796
2 Monday,21,1 - light traffic,206
2 Monday,21,2 - medium traffic,142.5
2 Monday,21,3 - heavy traffic,717
2 Monday,21,4 - stand still,686
2 Monday,21.5,0- free flowing,59740
2 Monday,21.5,1 - light traffic,84
2 Monday,21.5,2 - medium traffic,290
2 Monday,21.5,3 - heavy traffic,1221
2 Monday,21.5,4 - stand still,1932
2 Monday,22,0- free flowing,49691
2 Monday,22,1 - light traffic,44
2 Monday,22,2 - medium traffic,85
2 Monday,22,3 - heavy traffic,975
2 Monday,22,4 - stand still,2758
2 Monday,22.5,0- free flowing,42496
2 Monday,22.5,1 - light traffic,20
2 Monday,22.5,2 - medium traffic,137.5
2 Monday,22.5,3 - heavy traffic,708
2 Monday,22.5,4 - stand still,1494.5
2 Monday,23,0- free flowing,37481
2 Monday,23,1 - light traffic,30
2 Monday,23,2 - medium traffic,230
2 Monday,23,3 - heavy traffic,672
2 Monday,23,4 - stand still,997.5
2 Monday,23.5,0- free flowing,33979
2 Monday,23.5,1 - light traffic,48
2 Monday,23.5,2 - medium traffic,162.5
2 Monday,23.5,3 - heavy traffic,552
2 Monday,23.5,4 - stand still,1372
2 Monday,24,0- free flowing,31275
2 Monday,24,1 - light traffic,58
2 Monday,24,2 - medium traffic,117.5
2 Monday,24,3 - heavy traffic,195
2 Monday,24,4 - stand still,1641.5
3 Tuesday,0.5,0- free flowing,25006
3 Tuesday,0.5,1 - light traffic,24
3 Tuesday,0.5,2 - medium traffic,72.5
3 Tuesday,0.5,3 - heavy traffic,189
3 Tuesday,0.5,4 - stand still,1267
3 Tuesday,1,0- free flowing,21053
3 Tuesday,1,1 - light traffic,56
3 Tuesday,1,2 - medium traffic,35
3 Tuesday,1,3 - heavy traffic,198
3 Tuesday,1,4 - stand still,903
3 Tuesday,1.5,0- free flowing,17466
3 Tuesday,1.5,1 - light traffic,28
3 Tuesday,1.5,2 - medium traffic,35
3 Tuesday,1.5,3 - heavy traffic,84
3 Tuesday,1.5,4 - stand still,521.5
3 Tuesday,2,0- free flowing,15408
3 Tuesday,2,1 - light traffic,48
3 Tuesday,2,2 - medium traffic,12.5
3 Tuesday,2,3 - heavy traffic,126
3 Tuesday,2,4 - stand still,360.5
3 Tuesday,2.5,0- free flowing,14073
3 Tuesday,2.5,1 - light traffic,40
3 Tuesday,2.5,2 - medium traffic,15
3 Tuesday,2.5,3 - heavy traffic,90
3 Tuesday,2.5,4 - stand still,451.5
3 Tuesday,3,0- free flowing,13237
3 Tuesday,3,1 - light traffic,10
3 Tuesday,3,2 - medium traffic,30
3 Tuesday,3,3 - heavy traffic,90
3 Tuesday,3,4 - stand still,192.5
3 Tuesday,3.5,0- free flowing,13496
3 Tuesday,3.5,1 - light traffic,16
3 Tuesday,3.5,2 - medium traffic,15
3 Tuesday,3.5,3 - heavy traffic,78
3 Tuesday,3.5,4 - stand still,126
3 Tuesday,4,0- free flowing,14367
3 Tuesday,4,1 - light traffic,16
3 Tuesday,4,2 - medium traffic,20
3 Tuesday,4,3 - heavy traffic,66
3 Tuesday,4,4 - stand still,192.5
3 Tuesday,4.5,0- free flowing,16930
3 Tuesday,4.5,1 - light traffic,16
3 Tuesday,4.5,2 - medium traffic,15
3 Tuesday,4.5,3 - heavy traffic,105
3 Tuesday,4.5,4 - stand still,182
3 Tuesday,5,0- free flowing,23775
3 Tuesday,5,1 - light traffic,10
3 Tuesday,5,2 - medium traffic,30
3 Tuesday,5,3 - heavy traffic,87
3 Tuesday,5,4 - stand still,231
3 Tuesday,5.5,0- free flowing,31782
3 Tuesday,5.5,1 - light traffic,20
3 Tuesday,5.5,2 - medium traffic,20
3 Tuesday,5.5,3 - heavy traffic,138
3 Tuesday,5.5,4 - stand still,301
3 Tuesday,6,0- free flowing,38372
3 Tuesday,6,1 - light traffic,12
3 Tuesday,6,2 - medium traffic,15
3 Tuesday,6,3 - heavy traffic,144
3 Tuesday,6,4 - stand still,143.5
3 Tuesday,6.5,0- free flowing,48747
3 Tuesday,6.5,1 - light traffic,8
3 Tuesday,6.5,2 - medium traffic,75
3 Tuesday,6.5,3 - heavy traffic,213
3 Tuesday,6.5,4 - stand still,350
3 Tuesday,7,0- free flowing,72236
3 Tuesday,7,1 - light traffic,64
3 Tuesday,7,2 - medium traffic,337.5
3 Tuesday,7,3 - heavy traffic,954
3 Tuesday,7,4 - stand still,1046.5
3 Tuesday,7.5,0- free flowing,118364
3 Tuesday,7.5,1 - light traffic,1176
3 Tuesday,7.5,2 - medium traffic,6360
3 Tuesday,7.5,3 - heavy traffic,8214
3 Tuesday,7.5,4 - stand still,2779
3 Tuesday,8,0- free flowing,139200
3 Tuesday,8,1 - light traffic,1400
3 Tuesday,8,2 - medium traffic,12417.5
3 Tuesday,8,3 - heavy traffic,28107
3 Tuesday,8,4 - stand still,6993
3 Tuesday,8.5,0- free flowing,139747
3 Tuesday,8.5,1 - light traffic,1374
3 Tuesday,8.5,2 - medium traffic,7887.5
3 Tuesday,8.5,3 - heavy traffic,13569
3 Tuesday,8.5,4 - stand still,4028.5
3 Tuesday,9,0- free flowing,123303
3 Tuesday,9,1 - light traffic,802
3 Tuesday,9,2 - medium traffic,3675
3 Tuesday,9,3 - heavy traffic,6504
3 Tuesday,9,4 - stand still,4875.5
3 Tuesday,9.5,0- free flowing,112999
3 Tuesday,9.5,1 - light traffic,200
3 Tuesday,9.5,2 - medium traffic,1265
3 Tuesday,9.5,3 - heavy traffic,3021
3 Tuesday,9.5,4 - stand still,3360
3 Tuesday,10,0- free flowing,115014
3 Tuesday,10,1 - light traffic,166
3 Tuesday,10,2 - medium traffic,622.5
3 Tuesday,10,3 - heavy traffic,2382
3 Tuesday,10,4 - stand still,1820
3 Tuesday,10.5,0- free flowing,117264
3 Tuesday,10.5,1 - light traffic,176
3 Tuesday,10.5,2 - medium traffic,670
3 Tuesday,10.5,3 - heavy traffic,1707
3 Tuesday,10.5,4 - stand still,1578.5
3 Tuesday,11,0- free flowing,123504
3 Tuesday,11,1 - light traffic,120
3 Tuesday,11,2 - medium traffic,657.5
3 Tuesday,11,3 - heavy traffic,3750
3 Tuesday,11,4 - stand still,2254
3 Tuesday,11.5,0- free flowing,130489
3 Tuesday,11.5,1 - light traffic,270
3 Tuesday,11.5,2 - medium traffic,1037.5
3 Tuesday,11.5,3 - heavy traffic,5031
3 Tuesday,11.5,4 - stand still,2709
3 Tuesday,12,0- free flowing,135300
3 Tuesday,12,1 - light traffic,492
3 Tuesday,12,2 - medium traffic,2010
3 Tuesday,12,3 - heavy traffic,6723
3 Tuesday,12,4 - stand still,2513
3 Tuesday,12.5,0- free flowing,144077
3 Tuesday,12.5,1 - light traffic,870
3 Tuesday,12.5,2 - medium traffic,3140
3 Tuesday,12.5,3 - heavy traffic,8721
3 Tuesday,12.5,4 - stand still,2912
3 Tuesday,13,0- free flowing,145241
3 Tuesday,13,1 - light traffic,1040
3 Tuesday,13,2 - medium traffic,4502.5
3 Tuesday,13,3 - heavy traffic,11817
3 Tuesday,13,4 - stand still,3794
3 Tuesday,13.5,0- free flowing,144756
3 Tuesday,13.5,1 - light traffic,924
3 Tuesday,13.5,2 - medium traffic,5820
3 Tuesday,13.5,3 - heavy traffic,15399
3 Tuesday,13.5,4 - stand still,4200
3 Tuesday,14,0- free flowing,138111
3 Tuesday,14,1 - light traffic,1450
3 Tuesday,14,2 - medium traffic,6355
3 Tuesday,14,3 - heavy traffic,15702
3 Tuesday,14,4 - stand still,5575.5
3 Tuesday,14.5,0- free flowing,148479
3 Tuesday,14.5,1 - light traffic,1810
3 Tuesday,14.5,2 - medium traffic,7607.5
3 Tuesday,14.5,3 - heavy traffic,17574
3 Tuesday,14.5,4 - stand still,6755
3 Tuesday,15,0- free flowing,160755
3 Tuesday,15,1 - light traffic,1756
3 Tuesday,15,2 - medium traffic,10167.5
3 Tuesday,15,3 - heavy traffic,18270
3 Tuesday,15,4 - stand still,8858.5
3 Tuesday,15.5,0- free flowing,168613
3 Tuesday,15.5,1 - light traffic,3876
3 Tuesday,15.5,2 - medium traffic,15225
3 Tuesday,15.5,3 - heavy traffic,18702
3 Tuesday,15.5,4 - stand still,9954
3 Tuesday,16,0- free flowing,172153
3 Tuesday,16,1 - light traffic,3078
3 Tuesday,16,2 - medium traffic,25917.5
3 Tuesday,16,3 - heavy traffic,23529
3 Tuesday,16,4 - stand still,10367
3 Tuesday,16.5,0- free flowing,185954
3 Tuesday,16.5,1 - light traffic,2082
3 Tuesday,16.5,2 - medium traffic,30527.5
3 Tuesday,16.5,3 - heavy traffic,30948
3 Tuesday,16.5,4 - stand still,12117
3 Tuesday,17,0- free flowing,194595
3 Tuesday,17,1 - light traffic,2728
3 Tuesday,17,2 - medium traffic,30530
3 Tuesday,17,3 - heavy traffic,43710
3 Tuesday,17,4 - stand still,14262.5
3 Tuesday,17.5,0- free flowing,206455
3 Tuesday,17.5,1 - light traffic,4154
3 Tuesday,17.5,2 - medium traffic,27887.5
3 Tuesday,17.5,3 - heavy traffic,77409
3 Tuesday,17.5,4 - stand still,22652
3 Tuesday,18,0- free flowing,182591
3 Tuesday,18,1 - light traffic,2414
3 Tuesday,18,2 - medium traffic,22820
3 Tuesday,18,3 - heavy traffic,40941
3 Tuesday,18,4 - stand still,11994.5
3 Tuesday,18.5,0- free flowing,150719
3 Tuesday,18.5,1 - light traffic,1662
3 Tuesday,18.5,2 - medium traffic,13630
3 Tuesday,18.5,3 - heavy traffic,11823
3 Tuesday,18.5,4 - stand still,6608
3 Tuesday,19,0- free flowing,116268
3 Tuesday,19,1 - light traffic,874
3 Tuesday,19,2 - medium traffic,2067.5
3 Tuesday,19,3 - heavy traffic,4860
3 Tuesday,19,4 - stand still,4301.5
3 Tuesday,19.5,0- free flowing,98240
3 Tuesday,19.5,1 - light traffic,402
3 Tuesday,19.5,2 - medium traffic,1247.5
3 Tuesday,19.5,3 - heavy traffic,1749
3 Tuesday,19.5,4 - stand still,2978.5
3 Tuesday,20,0- free flowing,83200
3 Tuesday,20,1 - light traffic,422
3 Tuesday,20,2 - medium traffic,592.5
3 Tuesday,20,3 - heavy traffic,948
3 Tuesday,20,4 - stand still,1771
3 Tuesday,20.5,0- free flowing,73942
3 Tuesday,20.5,1 - light traffic,212
3 Tuesday,20.5,2 - medium traffic,275
3 Tuesday,20.5,3 - heavy traffic,801
3 Tuesday,20.5,4 - stand still,1323
3 Tuesday,21,0- free flowing,65661
3 Tuesday,21,1 - light traffic,344
3 Tuesday,21,2 - medium traffic,357.5
3 Tuesday,21,3 - heavy traffic,924
3 Tuesday,21,4 - stand still,1403.5
3 Tuesday,21.5,0- free flowing,56269
3 Tuesday,21.5,1 - light traffic,90
3 Tuesday,21.5,2 - medium traffic,187.5
3 Tuesday,21.5,3 - heavy traffic,1377
3 Tuesday,21.5,4 - stand still,2380
3 Tuesday,22,0- free flowing,46563
3 Tuesday,22,1 - light traffic,32
3 Tuesday,22,2 - medium traffic,285
3 Tuesday,22,3 - heavy traffic,975
3 Tuesday,22,4 - stand still,2733.5
3 Tuesday,22.5,0- free flowing,42030
3 Tuesday,22.5,1 - light traffic,22
3 Tuesday,22.5,2 - medium traffic,227.5
3 Tuesday,22.5,3 - heavy traffic,885
3 Tuesday,22.5,4 - stand still,1858.5
3 Tuesday,23,0- free flowing,37548
3 Tuesday,23,1 - light traffic,32
3 Tuesday,23,2 - medium traffic,220
3 Tuesday,23,3 - heavy traffic,957
3 Tuesday,23,4 - stand still,1470
3 Tuesday,23.5,0- free flowing,33528
3 Tuesday,23.5,1 - light traffic,20
3 Tuesday,23.5,2 - medium traffic,242.5
3 Tuesday,23.5,3 - heavy traffic,663
3 Tuesday,23.5,4 - stand still,710.5
3 Tuesday,24,0- free flowing,28116
3 Tuesday,24,1 - light traffic,48
3 Tuesday,24,2 - medium traffic,92.5
3 Tuesday,24,3 - heavy traffic,294
3 Tuesday,24,4 - stand still,815.5
4 Wednesday,0.5,0- free flowing,24425
4 Wednesday,0.5,1 - light traffic,46
4 Wednesday,0.5,2 - medium traffic,62.5
4 Wednesday,0.5,3 - heavy traffic,144
4 Wednesday,0.5,4 - stand still,378
4 Wednesday,1,0- free flowing,20391
4 Wednesday,1,1 - light traffic,42
4 Wednesday,1,2 - medium traffic,52.5
4 Wednesday,1,3 - heavy traffic,126
4 Wednesday,1,4 - stand still,462
4 Wednesday,1.5,0- free flowing,17003
4 Wednesday,1.5,1 - light traffic,42
4 Wednesday,1.5,2 - medium traffic,50
4 Wednesday,1.5,3 - heavy traffic,99
4 Wednesday,1.5,4 - stand still,360.5
4 Wednesday,2,0- free flowing,14705
4 Wednesday,2,1 - light traffic,28
4 Wednesday,2,2 - medium traffic,22.5
4 Wednesday,2,3 - heavy traffic,72
4 Wednesday,2,4 - stand still,224
4 Wednesday,2.5,0- free flowing,13622
4 Wednesday,2.5,1 - light traffic,16
4 Wednesday,2.5,2 - medium traffic,15
4 Wednesday,2.5,3 - heavy traffic,39
4 Wednesday,2.5,4 - stand still,308
4 Wednesday,3,0- free flowing,13192
4 Wednesday,3,1 - light traffic,16
4 Wednesday,3,2 - medium traffic,20
4 Wednesday,3,3 - heavy traffic,48
4 Wednesday,3,4 - stand still,210
4 Wednesday,3.5,0- free flowing,12876
4 Wednesday,3.5,1 - light traffic,16
4 Wednesday,3.5,2 - medium traffic,40
4 Wednesday,3.5,3 - heavy traffic,36
4 Wednesday,3.5,4 - stand still,297.5
4 Wednesday,4,0- free flowing,13997
4 Wednesday,4,1 - light traffic,6
4 Wednesday,4,2 - medium traffic,35
4 Wednesday,4,3 - heavy traffic,87
4 Wednesday,4,4 - stand still,143.5
4 Wednesday,4.5,0- free flowing,17117
4 Wednesday,4.5,1 - light traffic,8
4 Wednesday,4.5,2 - medium traffic,20
4 Wednesday,4.5,3 - heavy traffic,105
4 Wednesday,4.5,4 - stand still,35
4 Wednesday,5,0- free flowing,22787
4 Wednesday,5,1 - light traffic,22
4 Wednesday,5,2 - medium traffic,35
4 Wednesday,5,3 - heavy traffic,96
4 Wednesday,5,4 - stand still,136.5
4 Wednesday,5.5,0- free flowing,30286
4 Wednesday,5.5,1 - light traffic,8
4 Wednesday,5.5,2 - medium traffic,42.5
4 Wednesday,5.5,3 - heavy traffic,249
4 Wednesday,5.5,4 - stand still,283.5
4 Wednesday,6,0- free flowing,36174
4 Wednesday,6,1 - light traffic,10
4 Wednesday,6,2 - medium traffic,72.5
4 Wednesday,6,3 - heavy traffic,219
4 Wednesday,6,4 - stand still,325.5
4 Wednesday,6.5,0- free flowing,46916
4 Wednesday,6.5,1 - light traffic,26
4 Wednesday,6.5,2 - medium traffic,122.5
4 Wednesday,6.5,3 - heavy traffic,132
4 Wednesday,6.5,4 - stand still,378
4 Wednesday,7,0- free flowing,66742
4 Wednesday,7,1 - light traffic,76
4 Wednesday,7,2 - medium traffic,522.5
4 Wednesday,7,3 - heavy traffic,909
4 Wednesday,7,4 - stand still,1176
4 Wednesday,7.5,0- free flowing,109994
4 Wednesday,7.5,1 - light traffic,1068
4 Wednesday,7.5,2 - medium traffic,6972.5
4 Wednesday,7.5,3 - heavy traffic,6579
4 Wednesday,7.5,4 - stand still,1757
4 Wednesday,8,0- free flowing,132153
4 Wednesday,8,1 - light traffic,1794
4 Wednesday,8,2 - medium traffic,12002.5
4 Wednesday,8,3 - heavy traffic,26727
4 Wednesday,8,4 - stand still,7024.5
4 Wednesday,8.5,0- free flowing,136346
4 Wednesday,8.5,1 - light traffic,1566
4 Wednesday,8.5,2 - medium traffic,7872.5
4 Wednesday,8.5,3 - heavy traffic,15495
4 Wednesday,8.5,4 - stand still,5390
4 Wednesday,9,0- free flowing,124061
4 Wednesday,9,1 - light traffic,820
4 Wednesday,9,2 - medium traffic,4140
4 Wednesday,9,3 - heavy traffic,8133
4 Wednesday,9,4 - stand still,3976
4 Wednesday,9.5,0- free flowing,116672
4 Wednesday,9.5,1 - light traffic,384
4 Wednesday,9.5,2 - medium traffic,2155
4 Wednesday,9.5,3 - heavy traffic,2655
4 Wednesday,9.5,4 - stand still,2488.5
4 Wednesday,10,0- free flowing,119304
4 Wednesday,10,1 - light traffic,256
4 Wednesday,10,2 - medium traffic,1387.5
4 Wednesday,10,3 - heavy traffic,2745
4 Wednesday,10,4 - stand still,1407
4 Wednesday,10.5,0- free flowing,120587
4 Wednesday,10.5,1 - light traffic,390
4 Wednesday,10.5,2 - medium traffic,1170
4 Wednesday,10.5,3 - heavy traffic,3381
4 Wednesday,10.5,4 - stand still,1211
4 Wednesday,11,0- free flowing,128191
4 Wednesday,11,1 - light traffic,694
4 Wednesday,11,2 - medium traffic,2205
4 Wednesday,11,3 - heavy traffic,3972
4 Wednesday,11,4 - stand still,4256
4 Wednesday,11.5,0- free flowing,135852
4 Wednesday,11.5,1 - light traffic,1084
4 Wednesday,11.5,2 - medium traffic,3790
4 Wednesday,11.5,3 - heavy traffic,6621
4 Wednesday,11.5,4 - stand still,5019
4 Wednesday,12,0- free flowing,142708
4 Wednesday,12,1 - light traffic,956
4 Wednesday,12,2 - medium traffic,6172.5
4 Wednesday,12,3 - heavy traffic,10755
4 Wednesday,12,4 - stand still,5558
4 Wednesday,12.5,0- free flowing,151210
4 Wednesday,12.5,1 - light traffic,1380
4 Wednesday,12.5,2 - medium traffic,7232.5
4 Wednesday,12.5,3 - heavy traffic,16215
4 Wednesday,12.5,4 - stand still,6296.5
4 Wednesday,13,0- free flowing,152695
4 Wednesday,13,1 - light traffic,1620
4 Wednesday,13,2 - medium traffic,8157.5
4 Wednesday,13,3 - heavy traffic,15138
4 Wednesday,13,4 - stand still,9093
4 Wednesday,13.5,0- free flowing,156027
4 Wednesday,13.5,1 - light traffic,1344
4 Wednesday,13.5,2 - medium traffic,9940
4 Wednesday,13.5,3 - heavy traffic,15411
4 Wednesday,13.5,4 - stand still,9975
4 Wednesday,14,0- free flowing,157210
4 Wednesday,14,1 - light traffic,1820
4 Wednesday,14,2 - medium traffic,10877.5
4 Wednesday,14,3 - heavy traffic,16989
4 Wednesday,14,4 - stand still,9299.5
4 Wednesday,14.5,0- free flowing,162605
4 Wednesday,14.5,1 - light traffic,2380
4 Wednesday,14.5,2 - medium traffic,14945
4 Wednesday,14.5,3 - heavy traffic,21048
4 Wednesday,14.5,4 - stand still,11585
4 Wednesday,15,0- free flowing,168932
4 Wednesday,15,1 - light traffic,4134
4 Wednesday,15,2 - medium traffic,17755
4 Wednesday,15,3 - heavy traffic,23754
4 Wednesday,15,4 - stand still,15043
4 Wednesday,15.5,0- free flowing,176777
4 Wednesday,15.5,1 - light traffic,4802
4 Wednesday,15.5,2 - medium traffic,22227.5
4 Wednesday,15.5,3 - heavy traffic,34404
4 Wednesday,15.5,4 - stand still,13524
4 Wednesday,16,0- free flowing,172350
4 Wednesday,16,1 - light traffic,3726
4 Wednesday,16,2 - medium traffic,31050
4 Wednesday,16,3 - heavy traffic,34548
4 Wednesday,16,4 - stand still,11627
4 Wednesday,16.5,0- free flowing,187434
4 Wednesday,16.5,1 - light traffic,2892
4 Wednesday,16.5,2 - medium traffic,34142.5
4 Wednesday,16.5,3 - heavy traffic,44709
4 Wednesday,16.5,4 - stand still,14542.5
4 Wednesday,17,0- free flowing,201282
4 Wednesday,17,1 - light traffic,3288
4 Wednesday,17,2 - medium traffic,31817.5
4 Wednesday,17,3 - heavy traffic,66627
4 Wednesday,17,4 - stand still,15907.5
4 Wednesday,17.5,0- free flowing,212100
4 Wednesday,17.5,1 - light traffic,4290
4 Wednesday,17.5,2 - medium traffic,26167.5
4 Wednesday,17.5,3 - heavy traffic,102168
4 Wednesday,17.5,4 - stand still,20226.5
4 Wednesday,18,0- free flowing,191608
4 Wednesday,18,1 - light traffic,3184
4 Wednesday,18,2 - medium traffic,22940
4 Wednesday,18,3 - heavy traffic,60939
4 Wednesday,18,4 - stand still,12407.5
4 Wednesday,18.5,0- free flowing,154047
4 Wednesday,18.5,1 - light traffic,2046
4 Wednesday,18.5,2 - medium traffic,18715
4 Wednesday,18.5,3 - heavy traffic,17343
4 Wednesday,18.5,4 - stand still,7567
4 Wednesday,19,0- free flowing,119585
4 Wednesday,19,1 - light traffic,1224
4 Wednesday,19,2 - medium traffic,6005
4 Wednesday,19,3 - heavy traffic,5256
4 Wednesday,19,4 - stand still,5173
4 Wednesday,19.5,0- free flowing,101438
4 Wednesday,19.5,1 - light traffic,314
4 Wednesday,19.5,2 - medium traffic,1715
4 Wednesday,19.5,3 - heavy traffic,2979
4 Wednesday,19.5,4 - stand still,1974
4 Wednesday,20,0- free flowing,86600
4 Wednesday,20,1 - light traffic,106
4 Wednesday,20,2 - medium traffic,1807.5
4 Wednesday,20,3 - heavy traffic,975
4 Wednesday,20,4 - stand still,973
4 Wednesday,20.5,0- free flowing,77854
4 Wednesday,20.5,1 - light traffic,194
4 Wednesday,20.5,2 - medium traffic,360
4 Wednesday,20.5,3 - heavy traffic,1293
4 Wednesday,20.5,4 - stand still,1809.5
4 Wednesday,21,0- free flowing,68568
4 Wednesday,21,1 - light traffic,130
4 Wednesday,21,2 - medium traffic,305
4 Wednesday,21,3 - heavy traffic,1194
4 Wednesday,21,4 - stand still,1256.5
4 Wednesday,21.5,0- free flowing,60181
4 Wednesday,21.5,1 - light traffic,142
4 Wednesday,21.5,2 - medium traffic,612.5
4 Wednesday,21.5,3 - heavy traffic,1914
4 Wednesday,21.5,4 - stand still,2093
4 Wednesday,22,0- free flowing,48656
4 Wednesday,22,1 - light traffic,48
4 Wednesday,22,2 - medium traffic,310
4 Wednesday,22,3 - heavy traffic,1194
4 Wednesday,22,4 - stand still,2446.5
4 Wednesday,22.5,0- free flowing,42733
4 Wednesday,22.5,1 - light traffic,48
4 Wednesday,22.5,2 - medium traffic,335
4 Wednesday,22.5,3 - heavy traffic,1119
4 Wednesday,22.5,4 - stand still,1869
4 Wednesday,23,0- free flowing,38519
4 Wednesday,23,1 - light traffic,38
4 Wednesday,23,2 - medium traffic,300
4 Wednesday,23,3 - heavy traffic,1056
4 Wednesday,23,4 - stand still,1466.5
4 Wednesday,23.5,0- free flowing,34722
4 Wednesday,23.5,1 - light traffic,26
4 Wednesday,23.5,2 - medium traffic,230
4 Wednesday,23.5,3 - heavy traffic,1134
4 Wednesday,23.5,4 - stand still,934.5
4 Wednesday,24,0- free flowing,28849
4 Wednesday,24,1 - light traffic,50
4 Wednesday,24,2 - medium traffic,112.5
4 Wednesday,24,3 - heavy traffic,501
4 Wednesday,24,4 - stand still,637
5 Thursday,0.5,0- free flowing,26478
5 Thursday,0.5,1 - light traffic,46
5 Thursday,0.5,2 - medium traffic,110
5 Thursday,0.5,3 - heavy traffic,465
5 Thursday,0.5,4 - stand still,637
5 Thursday,1,0- free flowing,22084
5 Thursday,1,1 - light traffic,32
5 Thursday,1,2 - medium traffic,75
5 Thursday,1,3 - heavy traffic,144
5 Thursday,1,4 - stand still,577.5
5 Thursday,1.5,0- free flowing,17951
5 Thursday,1.5,1 - light traffic,46
5 Thursday,1.5,2 - medium traffic,45
5 Thursday,1.5,3 - heavy traffic,135
5 Thursday,1.5,4 - stand still,287
5 Thursday,2,0- free flowing,15993
5 Thursday,2,1 - light traffic,34
5 Thursday,2,2 - medium traffic,32.5
5 Thursday,2,3 - heavy traffic,165
5 Thursday,2,4 - stand still,430.5
5 Thursday,2.5,0- free flowing,14950
5 Thursday,2.5,1 - light traffic,12
5 Thursday,2.5,2 - medium traffic,30
5 Thursday,2.5,3 - heavy traffic,84
5 Thursday,2.5,4 - stand still,234.5
5 Thursday,3,0- free flowing,14249
5 Thursday,3,1 - light traffic,16
5 Thursday,3,2 - medium traffic,42.5
5 Thursday,3,3 - heavy traffic,84
5 Thursday,3,4 - stand still,287
5 Thursday,3.5,0- free flowing,14433
5 Thursday,3.5,1 - light traffic,6
5 Thursday,3.5,2 - medium traffic,45
5 Thursday,3.5,3 - heavy traffic,144
5 Thursday,3.5,4 - stand still,385
5 Thursday,4,0- free flowing,14853
5 Thursday,4,1 - light traffic,8
5 Thursday,4,2 - medium traffic,22.5
5 Thursday,4,3 - heavy traffic,174
5 Thursday,4,4 - stand still,332.5
5 Thursday,4.5,0- free flowing,18211
5 Thursday,4.5,1 - light traffic,20
5 Thursday,4.5,2 - medium traffic,25
5 Thursday,4.5,3 - heavy traffic,111
5 Thursday,4.5,4 - stand still,350
5 Thursday,5,0- free flowing,24392
5 Thursday,5,1 - light traffic,16
5 Thursday,5,2 - medium traffic,47.5
5 Thursday,5,3 - heavy traffic,252
5 Thursday,5,4 - stand still,378
5 Thursday,5.5,0- free flowing,31168
5 Thursday,5.5,1 - light traffic,10
5 Thursday,5.5,2 - medium traffic,62.5
5 Thursday,5.5,3 - heavy traffic,255
5 Thursday,5.5,4 - stand still,441
5 Thursday,6,0- free flowing,36910
5 Thursday,6,1 - light traffic,12
5 Thursday,6,2 - medium traffic,35
5 Thursday,6,3 - heavy traffic,165
5 Thursday,6,4 - stand still,392
5 Thursday,6.5,0- free flowing,47968
5 Thursday,6.5,1 - light traffic,48
5 Thursday,6.5,2 - medium traffic,82.5
5 Thursday,6.5,3 - heavy traffic,201
5 Thursday,6.5,4 - stand still,308
5 Thursday,7,0- free flowing,68849
5 Thursday,7,1 - light traffic,70
5 Thursday,7,2 - medium traffic,382.5
5 Thursday,7,3 - heavy traffic,1098
5 Thursday,7,4 - stand still,1130.5
5 Thursday,7.5,0- free flowing,110146
5 Thursday,7.5,1 - light traffic,1322
5 Thursday,7.5,2 - medium traffic,5470
5 Thursday,7.5,3 - heavy traffic,8316
5 Thursday,7.5,4 - stand still,1974
5 Thursday,8,0- free flowing,135008
5 Thursday,8,1 - light traffic,1842
5 Thursday,8,2 - medium traffic,11632.5
5 Thursday,8,3 - heavy traffic,27171
5 Thursday,8,4 - stand still,6303.5
5 Thursday,8.5,0- free flowing,133113
5 Thursday,8.5,1 - light traffic,1304
5 Thursday,8.5,2 - medium traffic,8600
5 Thursday,8.5,3 - heavy traffic,11964
5 Thursday,8.5,4 - stand still,6429.5
5 Thursday,9,0- free flowing,122511
5 Thursday,9,1 - light traffic,704
5 Thursday,9,2 - medium traffic,4285
5 Thursday,9,3 - heavy traffic,7224
5 Thursday,9,4 - stand still,6223
5 Thursday,9.5,0- free flowing,116292
5 Thursday,9.5,1 - light traffic,454
5 Thursday,9.5,2 - medium traffic,1677.5
5 Thursday,9.5,3 - heavy traffic,3405
5 Thursday,9.5,4 - stand still,6048
5 Thursday,10,0- free flowing,116834
5 Thursday,10,1 - light traffic,370
5 Thursday,10,2 - medium traffic,1502.5
5 Thursday,10,3 - heavy traffic,3528
5 Thursday,10,4 - stand still,5456.5
5 Thursday,10.5,0- free flowing,124556
5 Thursday,10.5,1 - light traffic,930
5 Thursday,10.5,2 - medium traffic,2465
5 Thursday,10.5,3 - heavy traffic,2901
5 Thursday,10.5,4 - stand still,4025
5 Thursday,11,0- free flowing,132185
5 Thursday,11,1 - light traffic,976
5 Thursday,11,2 - medium traffic,5055
5 Thursday,11,3 - heavy traffic,4590
5 Thursday,11,4 - stand still,3031
5 Thursday,11.5,0- free flowing,141647
5 Thursday,11.5,1 - light traffic,1238
5 Thursday,11.5,2 - medium traffic,4462.5
5 Thursday,11.5,3 - heavy traffic,7725
5 Thursday,11.5,4 - stand still,4805.5
5 Thursday,12,0- free flowing,149109
5 Thursday,12,1 - light traffic,1936
5 Thursday,12,2 - medium traffic,6287.5
5 Thursday,12,3 - heavy traffic,11421
5 Thursday,12,4 - stand still,6667.5
5 Thursday,12.5,0- free flowing,155982
5 Thursday,12.5,1 - light traffic,1792
5 Thursday,12.5,2 - medium traffic,9742.5
5 Thursday,12.5,3 - heavy traffic,18126
5 Thursday,12.5,4 - stand still,6184.5
5 Thursday,13,0- free flowing,159775
5 Thursday,13,1 - light traffic,2508
5 Thursday,13,2 - medium traffic,11042.5
5 Thursday,13,3 - heavy traffic,22359
5 Thursday,13,4 - stand still,9530.5
5 Thursday,13.5,0- free flowing,162895
5 Thursday,13.5,1 - light traffic,3298
5 Thursday,13.5,2 - medium traffic,14627.5
5 Thursday,13.5,3 - heavy traffic,23115
5 Thursday,13.5,4 - stand still,8417.5
5 Thursday,14,0- free flowing,161461
5 Thursday,14,1 - light traffic,3928
5 Thursday,14,2 - medium traffic,16550
5 Thursday,14,3 - heavy traffic,23604
5 Thursday,14,4 - stand still,8564.5
5 Thursday,14.5,0- free flowing,160840
5 Thursday,14.5,1 - light traffic,3318
5 Thursday,14.5,2 - medium traffic,21440
5 Thursday,14.5,3 - heavy traffic,26976
5 Thursday,14.5,4 - stand still,7210
5 Thursday,15,0- free flowing,173330
5 Thursday,15,1 - light traffic,3618
5 Thursday,15,2 - medium traffic,25620
5 Thursday,15,3 - heavy traffic,34779
5 Thursday,15,4 - stand still,7514.5
5 Thursday,15.5,0- free flowing,181348
5 Thursday,15.5,1 - light traffic,4378
5 Thursday,15.5,2 - medium traffic,34035
5 Thursday,15.5,3 - heavy traffic,41457
5 Thursday,15.5,4 - stand still,10545.5
5 Thursday,16,0- free flowing,183205
5 Thursday,16,1 - light traffic,4114
5 Thursday,16,2 - medium traffic,43832.5
5 Thursday,16,3 - heavy traffic,53976
5 Thursday,16,4 - stand still,15249.5
5 Thursday,16.5,0- free flowing,203472
5 Thursday,16.5,1 - light traffic,4424
5 Thursday,16.5,2 - medium traffic,43185
5 Thursday,16.5,3 - heavy traffic,74319
5 Thursday,16.5,4 - stand still,16698.5
5 Thursday,17,0- free flowing,221864
5 Thursday,17,1 - light traffic,5402
5 Thursday,17,2 - medium traffic,38827.5
5 Thursday,17,3 - heavy traffic,102750
5 Thursday,17,4 - stand still,16856
5 Thursday,17.5,0- free flowing,234119
5 Thursday,17.5,1 - light traffic,5988
5 Thursday,17.5,2 - medium traffic,35210
5 Thursday,17.5,3 - heavy traffic,139374
5 Thursday,17.5,4 - stand still,23957.5
5 Thursday,18,0- free flowing,212365
5 Thursday,18,1 - light traffic,4452
5 Thursday,18,2 - medium traffic,36550
5 Thursday,18,3 - heavy traffic,72861
5 Thursday,18,4 - stand still,16705.5
5 Thursday,18.5,0- free flowing,172835
5 Thursday,18.5,1 - light traffic,3400
5 Thursday,18.5,2 - medium traffic,26267.5
5 Thursday,18.5,3 - heavy traffic,21213
5 Thursday,18.5,4 - stand still,9135
5 Thursday,19,0- free flowing,138166
5 Thursday,19,1 - light traffic,1476
5 Thursday,19,2 - medium traffic,7520
5 Thursday,19,3 - heavy traffic,7260
5 Thursday,19,4 - stand still,4518.5
5 Thursday,19.5,0- free flowing,119138
5 Thursday,19.5,1 - light traffic,658
5 Thursday,19.5,2 - medium traffic,2667.5
5 Thursday,19.5,3 - heavy traffic,2400
5 Thursday,19.5,4 - stand still,3010
5 Thursday,20,0- free flowing,103812
5 Thursday,20,1 - light traffic,352
5 Thursday,20,2 - medium traffic,1120
5 Thursday,20,3 - heavy traffic,1395
5 Thursday,20,4 - stand still,1669.5
5 Thursday,20.5,0- free flowing,92405
5 Thursday,20.5,1 - light traffic,190
5 Thursday,20.5,2 - medium traffic,710
5 Thursday,20.5,3 - heavy traffic,1548
5 Thursday,20.5,4 - stand still,1760.5
5 Thursday,21,0- free flowing,84879
5 Thursday,21,1 - light traffic,224
5 Thursday,21,2 - medium traffic,1125
5 Thursday,21,3 - heavy traffic,1935
5 Thursday,21,4 - stand still,1904
5 Thursday,21.5,0- free flowing,72555
5 Thursday,21.5,1 - light traffic,252
5 Thursday,21.5,2 - medium traffic,952.5
5 Thursday,21.5,3 - heavy traffic,3483
5 Thursday,21.5,4 - stand still,2919
5 Thursday,22,0- free flowing,59540
5 Thursday,22,1 - light traffic,138
5 Thursday,22,2 - medium traffic,677.5
5 Thursday,22,3 - heavy traffic,2994
5 Thursday,22,4 - stand still,3818.5
5 Thursday,22.5,0- free flowing,50066
5 Thursday,22.5,1 - light traffic,42
5 Thursday,22.5,2 - medium traffic,492.5
5 Thursday,22.5,3 - heavy traffic,1620
5 Thursday,22.5,4 - stand still,5659.5
5 Thursday,23,0- free flowing,45264
5 Thursday,23,1 - light traffic,92
5 Thursday,23,2 - medium traffic,717.5
5 Thursday,23,3 - heavy traffic,1446
5 Thursday,23,4 - stand still,4088
5 Thursday,23.5,0- free flowing,38553
5 Thursday,23.5,1 - light traffic,40
5 Thursday,23.5,2 - medium traffic,962.5
5 Thursday,23.5,3 - heavy traffic,1290
5 Thursday,23.5,4 - stand still,1267
5 Thursday,24,0- free flowing,30781
5 Thursday,24,1 - light traffic,50
5 Thursday,24,2 - medium traffic,267.5
5 Thursday,24,3 - heavy traffic,807
5 Thursday,24,4 - stand still,857.5
6 Friday,0.5,0- free flowing,31151
6 Friday,0.5,1 - light traffic,26
6 Friday,0.5,2 - medium traffic,92.5
6 Friday,0.5,3 - heavy traffic,456
6 Friday,0.5,4 - stand still,1473.5
6 Friday,1,0- free flowing,26313
6 Friday,1,1 - light traffic,30
6 Friday,1,2 - medium traffic,47.5
6 Friday,1,3 - heavy traffic,525
6 Friday,1,4 - stand still,966
6 Friday,1.5,0- free flowing,23071
6 Friday,1.5,1 - light traffic,38
6 Friday,1.5,2 - medium traffic,100
6 Friday,1.5,3 - heavy traffic,357
6 Friday,1.5,4 - stand still,630
6 Friday,2,0- free flowing,19540
6 Friday,2,1 - light traffic,22
6 Friday,2,2 - medium traffic,70
6 Friday,2,3 - heavy traffic,171
6 Friday,2,4 - stand still,385
6 Friday,2.5,0- free flowing,18443
6 Friday,2.5,1 - light traffic,14
6 Friday,2.5,2 - medium traffic,30
6 Friday,2.5,3 - heavy traffic,213
6 Friday,2.5,4 - stand still,290.5
6 Friday,3,0- free flowing,17466
6 Friday,3,1 - light traffic,30
6 Friday,3,2 - medium traffic,40
6 Friday,3,3 - heavy traffic,180
6 Friday,3,4 - stand still,483
6 Friday,3.5,0- free flowing,17454
6 Friday,3.5,1 - light traffic,16
6 Friday,3.5,2 - medium traffic,52.5
6 Friday,3.5,3 - heavy traffic,87
6 Friday,3.5,4 - stand still,518
6 Friday,4,0- free flowing,17679
6 Friday,4,1 - light traffic,8
6 Friday,4,2 - medium traffic,40
6 Friday,4,3 - heavy traffic,75
6 Friday,4,4 - stand still,346.5
6 Friday,4.5,0- free flowing,20121
6 Friday,4.5,1 - light traffic,14
6 Friday,4.5,2 - medium traffic,42.5
6 Friday,4.5,3 - heavy traffic,129
6 Friday,4.5,4 - stand still,367.5
6 Friday,5,0- free flowing,24931
6 Friday,5,1 - light traffic,2
6 Friday,5,2 - medium traffic,65
6 Friday,5,3 - heavy traffic,99
6 Friday,5,4 - stand still,259
6 Friday,5.5,0- free flowing,31074
6 Friday,5.5,1 - light traffic,14
6 Friday,5.5,2 - medium traffic,52.5
6 Friday,5.5,3 - heavy traffic,105
6 Friday,5.5,4 - stand still,192.5
6 Friday,6,0- free flowing,34634
6 Friday,6,1 - light traffic,16
6 Friday,6,2 - medium traffic,32.5
6 Friday,6,3 - heavy traffic,99
6 Friday,6,4 - stand still,196
6 Friday,6.5,0- free flowing,45545
6 Friday,6.5,1 - light traffic,6
6 Friday,6.5,2 - medium traffic,32.5
6 Friday,6.5,3 - heavy traffic,186
6 Friday,6.5,4 - stand still,290.5
6 Friday,7,0- free flowing,63152
6 Friday,7,1 - light traffic,58
6 Friday,7,2 - medium traffic,257.5
6 Friday,7,3 - heavy traffic,621
6 Friday,7,4 - stand still,896
6 Friday,7.5,0- free flowing,103004
6 Friday,7.5,1 - light traffic,492
6 Friday,7.5,2 - medium traffic,2885
6 Friday,7.5,3 - heavy traffic,3282
6 Friday,7.5,4 - stand still,1918
6 Friday,8,0- free flowing,127207
6 Friday,8,1 - light traffic,1272
6 Friday,8,2 - medium traffic,8772.5
6 Friday,8,3 - heavy traffic,12264
6 Friday,8,4 - stand still,4147.5
6 Friday,8.5,0- free flowing,130247
6 Friday,8.5,1 - light traffic,872
6 Friday,8.5,2 - medium traffic,3835
6 Friday,8.5,3 - heavy traffic,5832
6 Friday,8.5,4 - stand still,4522
6 Friday,9,0- free flowing,119260
6 Friday,9,1 - light traffic,446
6 Friday,9,2 - medium traffic,1847.5
6 Friday,9,3 - heavy traffic,4035
6 Friday,9,4 - stand still,3902.5
6 Friday,9.5,0- free flowing,121053
6 Friday,9.5,1 - light traffic,270
6 Friday,9.5,2 - medium traffic,1440
6 Friday,9.5,3 - heavy traffic,2955
6 Friday,9.5,4 - stand still,3888.5
6 Friday,10,0- free flowing,128065
6 Friday,10,1 - light traffic,338
6 Friday,10,2 - medium traffic,2165
6 Friday,10,3 - heavy traffic,3978
6 Friday,10,4 - stand still,3689
6 Friday,10.5,0- free flowing,135464
6 Friday,10.5,1 - light traffic,528
6 Friday,10.5,2 - medium traffic,3345
6 Friday,10.5,3 - heavy traffic,4383
6 Friday,10.5,4 - stand still,4392.5
6 Friday,11,0- free flowing,146825
6 Friday,11,1 - light traffic,1138
6 Friday,11,2 - medium traffic,5100
6 Friday,11,3 - heavy traffic,8787
6 Friday,11,4 - stand still,5029.5
6 Friday,11.5,0- free flowing,161489
6 Friday,11.5,1 - light traffic,1994
6 Friday,11.5,2 - medium traffic,9070
6 Friday,11.5,3 - heavy traffic,17844
6 Friday,11.5,4 - stand still,6377
6 Friday,12,0- free flowing,173378
6 Friday,12,1 - light traffic,3148
6 Friday,12,2 - medium traffic,15365
6 Friday,12,3 - heavy traffic,28188
6 Friday,12,4 - stand still,7360.5
6 Friday,12.5,0- free flowing,180409
6 Friday,12.5,1 - light traffic,4350
6 Friday,12.5,2 - medium traffic,22245
6 Friday,12.5,3 - heavy traffic,38034
6 Friday,12.5,4 - stand still,10969
6 Friday,13,0- free flowing,187556
6 Friday,13,1 - light traffic,4668
6 Friday,13,2 - medium traffic,29340
6 Friday,13,3 - heavy traffic,46602
6 Friday,13,4 - stand still,15869
6 Friday,13.5,0- free flowing,193501
6 Friday,13.5,1 - light traffic,6102
6 Friday,13.5,2 - medium traffic,34765
6 Friday,13.5,3 - heavy traffic,56628
6 Friday,13.5,4 - stand still,20972
6 Friday,14,0- free flowing,199526
6 Friday,14,1 - light traffic,5622
6 Friday,14,2 - medium traffic,44465
6 Friday,14,3 - heavy traffic,64341
6 Friday,14,4 - stand still,22134
6 Friday,14.5,0- free flowing,204046
6 Friday,14.5,1 - light traffic,5600
6 Friday,14.5,2 - medium traffic,54800
6 Friday,14.5,3 - heavy traffic,72348
6 Friday,14.5,4 - stand still,22260
6 Friday,15,0- free flowing,215209
6 Friday,15,1 - light traffic,6522
6 Friday,15,2 - medium traffic,60350
6 Friday,15,3 - heavy traffic,91086
6 Friday,15,4 - stand still,21350
6 Friday,15.5,0- free flowing,226389
6 Friday,15.5,1 - light traffic,5642
6 Friday,15.5,2 - medium traffic,59650
6 Friday,15.5,3 - heavy traffic,117519
6 Friday,15.5,4 - stand still,29340.5
6 Friday,16,0- free flowing,237420
6 Friday,16,1 - light traffic,5710
6 Friday,16,2 - medium traffic,62142.5
6 Friday,16,3 - heavy traffic,135450
6 Friday,16,4 - stand still,38839.5
6 Friday,16.5,0- free flowing,260892
6 Friday,16.5,1 - light traffic,5372
6 Friday,16.5,2 - medium traffic,62145
6 Friday,16.5,3 - heavy traffic,143367
6 Friday,16.5,4 - stand still,41107.5
6 Friday,17,0- free flowing,255443
6 Friday,17,1 - light traffic,6412
6 Friday,17,2 - medium traffic,55095
6 Friday,17,3 - heavy traffic,150963
6 Friday,17,4 - stand still,46921
6 Friday,17.5,0- free flowing,256895
6 Friday,17.5,1 - light traffic,6470
6 Friday,17.5,2 - medium traffic,57572.5
6 Friday,17.5,3 - heavy traffic,141831
6 Friday,17.5,4 - stand still,48282.5
6 Friday,18,0- free flowing,238479
6 Friday,18,1 - light traffic,6442
6 Friday,18,2 - medium traffic,54590
6 Friday,18,3 - heavy traffic,88113
6 Friday,18,4 - stand still,40768
6 Friday,18.5,0- free flowing,216410
6 Friday,18.5,1 - light traffic,6266
6 Friday,18.5,2 - medium traffic,38792.5
6 Friday,18.5,3 - heavy traffic,48252
6 Friday,18.5,4 - stand still,33943
6 Friday,19,0- free flowing,188105
6 Friday,19,1 - light traffic,3970
6 Friday,19,2 - medium traffic,25492.5
6 Friday,19,3 - heavy traffic,26550
6 Friday,19,4 - stand still,27737.5
6 Friday,19.5,0- free flowing,169223
6 Friday,19.5,1 - light traffic,2590
6 Friday,19.5,2 - medium traffic,16507.5
6 Friday,19.5,3 - heavy traffic,19908
6 Friday,19.5,4 - stand still,19778.5
6 Friday,20,0- free flowing,147325
6 Friday,20,1 - light traffic,1514
6 Friday,20,2 - medium traffic,12765
6 Friday,20,3 - heavy traffic,12873
6 Friday,20,4 - stand still,13002.5
6 Friday,20.5,0- free flowing,133090
6 Friday,20.5,1 - light traffic,1006
6 Friday,20.5,2 - medium traffic,7240
6 Friday,20.5,3 - heavy traffic,8616
6 Friday,20.5,4 - stand still,9929.5
6 Friday,21,0- free flowing,119705
6 Friday,21,1 - light traffic,588
6 Friday,21,2 - medium traffic,6677.5
6 Friday,21,3 - heavy traffic,9693
6 Friday,21,4 - stand still,7143.5
6 Friday,21.5,0- free flowing,108637
6 Friday,21.5,1 - light traffic,1078
6 Friday,21.5,2 - medium traffic,5480
6 Friday,21.5,3 - heavy traffic,6219
6 Friday,21.5,4 - stand still,5190.5
6 Friday,22,0- free flowing,92027
6 Friday,22,1 - light traffic,444
6 Friday,22,2 - medium traffic,3430
6 Friday,22,3 - heavy traffic,3288
6 Friday,22,4 - stand still,4504.5
6 Friday,22.5,0- free flowing,78409
6 Friday,22.5,1 - light traffic,590
6 Friday,22.5,2 - medium traffic,1535
6 Friday,22.5,3 - heavy traffic,2304
6 Friday,22.5,4 - stand still,2054.5
6 Friday,23,0- free flowing,65167
6 Friday,23,1 - light traffic,62
6 Friday,23,2 - medium traffic,130
6 Friday,23,3 - heavy traffic,573
6 Friday,23,4 - stand still,1207.5
6 Friday,23.5,0- free flowing,52743
6 Friday,23.5,1 - light traffic,12
6 Friday,23.5,2 - medium traffic,57.5
6 Friday,23.5,3 - heavy traffic,201
6 Friday,23.5,4 - stand still,864.5
6 Friday,24,0- free flowing,37822
6 Friday,24,1 - light traffic,24
6 Friday,24,2 - medium traffic,112.5
6 Friday,24,3 - heavy traffic,441
6 Friday,24,4 - stand still,1449
7 Saturday,0.5,0- free flowing,41602
7 Saturday,0.5,1 - light traffic,22
7 Saturday,0.5,2 - medium traffic,17.5
7 Saturday,0.5,3 - heavy traffic,45
7 Saturday,0.5,4 - stand still,542.5
7 Saturday,1,0- free flowing,34924
7 Saturday,1,1 - light traffic,14
7 Saturday,1,2 - medium traffic,20
7 Saturday,1,3 - heavy traffic,108
7 Saturday,1,4 - stand still,182
7 Saturday,1.5,0- free flowing,31498
7 Saturday,1.5,1 - light traffic,16
7 Saturday,1.5,2 - medium traffic,7.5
7 Saturday,1.5,3 - heavy traffic,87
7 Saturday,1.5,4 - stand still,87.5
7 Saturday,2,0- free flowing,28268
7 Saturday,2,1 - light traffic,16
7 Saturday,2,2 - medium traffic,15
7 Saturday,2,3 - heavy traffic,225
7 Saturday,2,4 - stand still,157.5
7 Saturday,2.5,0- free flowing,25061
7 Saturday,2.5,1 - light traffic,38
7 Saturday,2.5,2 - medium traffic,25
7 Saturday,2.5,3 - heavy traffic,57
7 Saturday,2.5,4 - stand still,196
7 Saturday,3,0- free flowing,22602
7 Saturday,3,1 - light traffic,2
7 Saturday,3,2 - medium traffic,17.5
7 Saturday,3,3 - heavy traffic,66
7 Saturday,3,4 - stand still,126
7 Saturday,3.5,0- free flowing,21097
7 Saturday,3.5,1 - light traffic,4
7 Saturday,3.5,2 - medium traffic,47.5
7 Saturday,3.5,3 - heavy traffic,93
7 Saturday,3.5,4 - stand still,154
7 Saturday,4,0- free flowing,19878
7 Saturday,4,1 - light traffic,24
7 Saturday,4,2 - medium traffic,7.5
7 Saturday,4,3 - heavy traffic,60
7 Saturday,4,4 - stand still,154
7 Saturday,4.5,0- free flowing,19989
7 Saturday,4.5,1 - light traffic,26
7 Saturday,4.5,2 - medium traffic,22.5
7 Saturday,4.5,3 - heavy traffic,96
7 Saturday,4.5,4 - stand still,178.5
7 Saturday,5,0- free flowing,22046
7 Saturday,5,1 - light traffic,8
7 Saturday,5,2 - medium traffic,22.5
7 Saturday,5,3 - heavy traffic,42
7 Saturday,5,4 - stand still,238
7 Saturday,5.5,0- free flowing,25856
7 Saturday,5.5,1 - light traffic,6
7 Saturday,5.5,2 - medium traffic,7.5
7 Saturday,5.5,3 - heavy traffic,54
7 Saturday,5.5,4 - stand still,311.5
7 Saturday,6,0- free flowing,30606
7 Saturday,6,1 - light traffic,8
7 Saturday,6,2 - medium traffic,22.5
7 Saturday,6,3 - heavy traffic,33
7 Saturday,6,4 - stand still,122.5
7 Saturday,6.5,0- free flowing,36244
7 Saturday,6.5,1 - light traffic,18
7 Saturday,6.5,2 - medium traffic,35
7 Saturday,6.5,3 - heavy traffic,150
7 Saturday,6.5,4 - stand still,234.5
7 Saturday,7,0- free flowing,39536
7 Saturday,7,1 - light traffic,28
7 Saturday,7,2 - medium traffic,57.5
7 Saturday,7,3 - heavy traffic,96
7 Saturday,7,4 - stand still,115.5
7 Saturday,7.5,0- free flowing,49462
7 Saturday,7.5,1 - light traffic,16
7 Saturday,7.5,2 - medium traffic,27.5
7 Saturday,7.5,3 - heavy traffic,279
7 Saturday,7.5,4 - stand still,189
7 Saturday,8,0- free flowing,62541
7 Saturday,8,1 - light traffic,42
7 Saturday,8,2 - medium traffic,100
7 Saturday,8,3 - heavy traffic,402
7 Saturday,8,4 - stand still,479.5
7 Saturday,8.5,0- free flowing,81567
7 Saturday,8.5,1 - light traffic,214
7 Saturday,8.5,2 - medium traffic,182.5
7 Saturday,8.5,3 - heavy traffic,777
7 Saturday,8.5,4 - stand still,903
7 Saturday,9,0- free flowing,93515
7 Saturday,9,1 - light traffic,308
7 Saturday,9,2 - medium traffic,307.5
7 Saturday,9,3 - heavy traffic,1701
7 Saturday,9,4 - stand still,1757
7 Saturday,9.5,0- free flowing,110221
7 Saturday,9.5,1 - light traffic,240
7 Saturday,9.5,2 - medium traffic,265
7 Saturday,9.5,3 - heavy traffic,2304
7 Saturday,9.5,4 - stand still,4144
7 Saturday,10,0- free flowing,126896
7 Saturday,10,1 - light traffic,496
7 Saturday,10,2 - medium traffic,1172.5
7 Saturday,10,3 - heavy traffic,4725
7 Saturday,10,4 - stand still,5617.5
7 Saturday,10.5,0- free flowing,139950
7 Saturday,10.5,1 - light traffic,590
7 Saturday,10.5,2 - medium traffic,2982.5
7 Saturday,10.5,3 - heavy traffic,7419
7 Saturday,10.5,4 - stand still,5883.5
7 Saturday,11,0- free flowing,151860
7 Saturday,11,1 - light traffic,724
7 Saturday,11,2 - medium traffic,4735
7 Saturday,11,3 - heavy traffic,14208
7 Saturday,11,4 - stand still,7626.5
7 Saturday,11.5,0- free flowing,164042
7 Saturday,11.5,1 - light traffic,1364
7 Saturday,11.5,2 - medium traffic,6582.5
7 Saturday,11.5,3 - heavy traffic,22317
7 Saturday,11.5,4 - stand still,9135
7 Saturday,12,0- free flowing,177912
7 Saturday,12,1 - light traffic,1908
7 Saturday,12,2 - medium traffic,9567.5
7 Saturday,12,3 - heavy traffic,27201
7 Saturday,12,4 - stand still,14189
7 Saturday,12.5,0- free flowing,190563
7 Saturday,12.5,1 - light traffic,2696
7 Saturday,12.5,2 - medium traffic,13605
7 Saturday,12.5,3 - heavy traffic,32247
7 Saturday,12.5,4 - stand still,18893
7 Saturday,13,0- free flowing,196470
7 Saturday,13,1 - light traffic,2858
7 Saturday,13,2 - medium traffic,15897.5
7 Saturday,13,3 - heavy traffic,38109
7 Saturday,13,4 - stand still,17276
7 Saturday,13.5,0- free flowing,195498
7 Saturday,13.5,1 - light traffic,2178
7 Saturday,13.5,2 - medium traffic,17225
7 Saturday,13.5,3 - heavy traffic,38028
7 Saturday,13.5,4 - stand still,15676.5
7 Saturday,14,0- free flowing,194248
7 Saturday,14,1 - light traffic,2264
7 Saturday,14,2 - medium traffic,15992.5
7 Saturday,14,3 - heavy traffic,35388
7 Saturday,14,4 - stand still,16849
7 Saturday,14.5,0- free flowing,190717
7 Saturday,14.5,1 - light traffic,2894
7 Saturday,14.5,2 - medium traffic,17985
7 Saturday,14.5,3 - heavy traffic,37644
7 Saturday,14.5,4 - stand still,15183
7 Saturday,15,0- free flowing,189269
7 Saturday,15,1 - light traffic,2740
7 Saturday,15,2 - medium traffic,19410
7 Saturday,15,3 - heavy traffic,33663
7 Saturday,15,4 - stand still,15547
7 Saturday,15.5,0- free flowing,188798
7 Saturday,15.5,1 - light traffic,2594
7 Saturday,15.5,2 - medium traffic,18312.5
7 Saturday,15.5,3 - heavy traffic,30360
7 Saturday,15.5,4 - stand still,15169
7 Saturday,16,0- free flowing,183481
7 Saturday,16,1 - light traffic,2022
7 Saturday,16,2 - medium traffic,15325
7 Saturday,16,3 - heavy traffic,28305
7 Saturday,16,4 - stand still,14854
7 Saturday,16.5,0- free flowing,179314
7 Saturday,16.5,1 - light traffic,2426
7 Saturday,16.5,2 - medium traffic,15230
7 Saturday,16.5,3 - heavy traffic,22758
7 Saturday,16.5,4 - stand still,12036.5
7 Saturday,17,0- free flowing,174827
7 Saturday,17,1 - light traffic,2496
7 Saturday,17,2 - medium traffic,13595
7 Saturday,17,3 - heavy traffic,18636
7 Saturday,17,4 - stand still,9075.5
7 Saturday,17.5,0- free flowing,171651
7 Saturday,17.5,1 - light traffic,2014
7 Saturday,17.5,2 - medium traffic,14227.5
7 Saturday,17.5,3 - heavy traffic,15510
7 Saturday,17.5,4 - stand still,6639.5
7 Saturday,18,0- free flowing,165563
7 Saturday,18,1 - light traffic,1940
7 Saturday,18,2 - medium traffic,10127.5
7 Saturday,18,3 - heavy traffic,12177
7 Saturday,18,4 - stand still,7164.5
7 Saturday,18.5,0- free flowing,157631
7 Saturday,18.5,1 - light traffic,1258
7 Saturday,18.5,2 - medium traffic,5977.5
7 Saturday,18.5,3 - heavy traffic,9195
7 Saturday,18.5,4 - stand still,6566
7 Saturday,19,0- free flowing,146097
7 Saturday,19,1 - light traffic,538
7 Saturday,19,2 - medium traffic,3767.5
7 Saturday,19,3 - heavy traffic,5898
7 Saturday,19,4 - stand still,5890.5
7 Saturday,19.5,0- free flowing,130857
7 Saturday,19.5,1 - light traffic,406
7 Saturday,19.5,2 - medium traffic,2855
7 Saturday,19.5,3 - heavy traffic,3477
7 Saturday,19.5,4 - stand still,4494
7 Saturday,20,0- free flowing,103647
7 Saturday,20,1 - light traffic,800
7 Saturday,20,2 - medium traffic,1135
7 Saturday,20,3 - heavy traffic,2157
7 Saturday,20,4 - stand still,3843
7 Saturday,20.5,0- free flowing,85769
7 Saturday,20.5,1 - light traffic,558
7 Saturday,20.5,2 - medium traffic,722.5
7 Saturday,20.5,3 - heavy traffic,1707
7 Saturday,20.5,4 - stand still,2159.5
7 Saturday,21,0- free flowing,91492
7 Saturday,21,1 - light traffic,82
7 Saturday,21,2 - medium traffic,180
7 Saturday,21,3 - heavy traffic,1467
7 Saturday,21,4 - stand still,2215.5
7 Saturday,21.5,0- free flowing,85786
7 Saturday,21.5,1 - light traffic,68
7 Saturday,21.5,2 - medium traffic,195
7 Saturday,21.5,3 - heavy traffic,975
7 Saturday,21.5,4 - stand still,1102.5
7 Saturday,22,0- free flowing,77193
7 Saturday,22,1 - light traffic,48
7 Saturday,22,2 - medium traffic,212.5
7 Saturday,22,3 - heavy traffic,594
7 Saturday,22,4 - stand still,766.5
7 Saturday,22.5,0- free flowing,68183
7 Saturday,22.5,1 - light traffic,22
7 Saturday,22.5,2 - medium traffic,80
7 Saturday,22.5,3 - heavy traffic,423
7 Saturday,22.5,4 - stand still,714
7 Saturday,23,0- free flowing,57488
7 Saturday,23,1 - light traffic,24
7 Saturday,23,2 - medium traffic,37.5
7 Saturday,23,3 - heavy traffic,327
7 Saturday,23,4 - stand still,332.5
7 Saturday,23.5,0- free flowing,48234
7 Saturday,23.5,1 - light traffic,2
7 Saturday,23.5,2 - medium traffic,42.5
7 Saturday,23.5,3 - heavy traffic,123
7 Saturday,23.5,4 - stand still,182
7 Saturday,24,0- free flowing,41591
7 Saturday,24,1 - light traffic,2
7 Saturday,24,2 - medium traffic,0
7 Saturday,24,3 - heavy traffic,153
7 Saturday,24,4 - stand still,549.5
