Day of Week,Time Half Hour,Traffic Level,Traffic Flow
1 Sunday,0.5,0- free flowing,43185
1 Sunday,0.5,1 - light traffic,22
1 Sunday,0.5,2 - medium traffic,2.5
1 Sunday,0.5,3 - heavy traffic,66
1 Sunday,0.5,4 - stand still,154
1 Sunday,1,0- free flowing,38231
1 Sunday,1,1 - light traffic,14
1 Sunday,1,2 - medium traffic,10
1 Sunday,1,3 - heavy traffic,99
1 Sunday,1,4 - stand still,122.5
1 Sunday,1.5,0- free flowing,32560
1 Sunday,1.5,1 - light traffic,8
1 Sunday,1.5,2 - medium traffic,5
1 Sunday,1.5,3 - heavy traffic,51
1 Sunday,1.5,4 - stand still,63
1 Sunday,2,0- free flowing,26672
1 Sunday,2,1 - light traffic,10
1 Sunday,2,2 - medium traffic,12.5
1 Sunday,2,3 - heavy traffic,36
1 Sunday,2,4 - stand still,66.5
1 Sunday,2.5,0- free flowing,22856
1 Sunday,2.5,1 - light traffic,2
1 Sunday,2.5,2 - medium traffic,0
1 Sunday,2.5,3 - heavy traffic,63
1 Sunday,2.5,4 - stand still,56
1 Sunday,3,0- free flowing,21386
1 Sunday,3,1 - light traffic,2
1 Sunday,3,2 - medium traffic,5
1 Sunday,3,3 - heavy traffic,30
1 Sunday,3,4 - stand still,80.5
1 Sunday,3.5,0- free flowing,19045
1 Sunday,3.5,1 - light traffic,4
1 Sunday,3.5,2 - medium traffic,10
1 Sunday,3.5,3 - heavy traffic,36
1 Sunday,3.5,4 - stand still,31.5
1 Sunday,4,0- free flowing,16610
1 Sunday,4,1 - light traffic,6
1 Sunday,4,2 - medium traffic,12.5
1 Sunday,4,3 - heavy traffic,63
1 Sunday,4,4 - stand still,31.5
1 Sunday,4.5,0- free flowing,16139
1 Sunday,4.5,1 - light traffic,12
1 Sunday,4.5,2 - medium traffic,7.5
1 Sunday,4.5,3 - heavy traffic,21
1 Sunday,4.5,4 - stand still,126
1 Sunday,5,0- free flowing,17293
1 Sunday,5,1 - light traffic,14
1 Sunday,5,2 - medium traffic,20
1 Sunday,5,3 - heavy traffic,51
1 Sunday,5,4 - stand still,98
1 Sunday,5.5,0- free flowing,20085
1 Sunday,5.5,1 - light traffic,14
1 Sunday,5.5,2 - medium traffic,5
1 Sunday,5.5,3 - heavy traffic,54
1 Sunday,5.5,4 - stand still,52.5
1 Sunday,6,0- free flowing,24698
1 Sunday,6,1 - light traffic,4
1 Sunday,6,2 - medium traffic,20
1 Sunday,6,3 - heavy traffic,84
1 Sunday,6,4 - stand still,360.5
1 Sunday,6.5,0- free flowing,31537
1 Sunday,6.5,1 - light traffic,10
1 Sunday,6.5,2 - medium traffic,12.5
1 Sunday,6.5,3 - heavy traffic,72
1 Sunday,6.5,4 - stand still,70
1 Sunday,7,0- free flowing,35237
1 Sunday,7,1 - light traffic,14
1 Sunday,7,2 - medium traffic,20
1 Sunday,7,3 - heavy traffic,90
1 Sunday,7,4 - stand still,140
1 Sunday,7.5,0- free flowing,40258
1 Sunday,7.5,1 - light traffic,10
1 Sunday,7.5,2 - medium traffic,45
1 Sunday,7.5,3 - heavy traffic,162
1 Sunday,7.5,4 - stand still,402.5
1 Sunday,8,0- free flowing,45757
1 Sunday,8,1 - light traffic,4
1 Sunday,8,2 - medium traffic,110
1 Sunday,8,3 - heavy traffic,105
1 Sunday,8,4 - stand still,1477
1 Sunday,8.5,0- free flowing,58317
1 Sunday,8.5,1 - light traffic,8
1 Sunday,8.5,2 - medium traffic,62.5
1 Sunday,8.5,3 - heavy traffic,321
1 Sunday,8.5,4 - stand still,2478
1 Sunday,9,0- free flowing,76343
1 Sunday,9,1 - light traffic,30
1 Sunday,9,2 - medium traffic,417.5
1 Sunday,9,3 - heavy traffic,441
1 Sunday,9,4 - stand still,2684.5
1 Sunday,9.5,0- free flowing,94334
1 Sunday,9.5,1 - light traffic,58
1 Sunday,9.5,2 - medium traffic,435
1 Sunday,9.5,3 - heavy traffic,1362
1 Sunday,9.5,4 - stand still,2572.5
1 Sunday,10,0- free flowing,107102
1 Sunday,10,1 - light traffic,52
1 Sunday,10,2 - medium traffic,355
1 Sunday,10,3 - heavy traffic,2364
1 Sunday,10,4 - stand still,4210.5
1 Sunday,10.5,0- free flowing,137743
1 Sunday,10.5,1 - light traffic,328
1 Sunday,10.5,2 - medium traffic,1072.5
1 Sunday,10.5,3 - heavy traffic,4074
1 Sunday,10.5,4 - stand still,7119
1 Sunday,11,0- free flowing,154746
1 Sunday,11,1 - light traffic,630
1 Sunday,11,2 - medium traffic,2895
1 Sunday,11,3 - heavy traffic,8334
1 Sunday,11,4 - stand still,7959
1 Sunday,11.5,0- free flowing,163268
1 Sunday,11.5,1 - light traffic,716
1 Sunday,11.5,2 - medium traffic,4197.5
1 Sunday,11.5,3 - heavy traffic,14181
1 Sunday,11.5,4 - stand still,10615.5
1 Sunday,12,0- free flowing,179309
1 Sunday,12,1 - light traffic,1544
1 Sunday,12,2 - medium traffic,6647.5
1 Sunday,12,3 - heavy traffic,20442
1 Sunday,12,4 - stand still,13051.5
1 Sunday,12.5,0- free flowing,200536
1 Sunday,12.5,1 - light traffic,3240
1 Sunday,12.5,2 - medium traffic,11210
1 Sunday,12.5,3 - heavy traffic,30534
1 Sunday,12.5,4 - stand still,14213.5
1 Sunday,13,0- free flowing,207719
1 Sunday,13,1 - light traffic,5130
1 Sunday,13,2 - medium traffic,23082.5
1 Sunday,13,3 - heavy traffic,42579
1 Sunday,13,4 - stand still,19743.5
1 Sunday,13.5,0- free flowing,203473
1 Sunday,13.5,1 - light traffic,5334
1 Sunday,13.5,2 - medium traffic,32265
1 Sunday,13.5,3 - heavy traffic,41820
1 Sunday,13.5,4 - stand still,19950
1 Sunday,14,0- free flowing,205368
1 Sunday,14,1 - light traffic,5470
1 Sunday,14,2 - medium traffic,32392.5
1 Sunday,14,3 - heavy traffic,44649
1 Sunday,14,4 - stand still,25336.5
1 Sunday,14.5,0- free flowing,206753
1 Sunday,14.5,1 - light traffic,5316
1 Sunday,14.5,2 - medium traffic,33680
1 Sunday,14.5,3 - heavy traffic,51117
1 Sunday,14.5,4 - stand still,27303.5
1 Sunday,15,0- free flowing,215525
1 Sunday,15,1 - light traffic,4840
1 Sunday,15,2 - medium traffic,34665
1 Sunday,15,3 - heavy traffic,54408
1 Sunday,15,4 - stand still,27513.5
1 Sunday,15.5,0- free flowing,211092
1 Sunday,15.5,1 - light traffic,4276
1 Sunday,15.5,2 - medium traffic,35137.5
1 Sunday,15.5,3 - heavy traffic,51888
1 Sunday,15.5,4 - stand still,25067
1 Sunday,16,0- free flowing,208428
1 Sunday,16,1 - light traffic,4446
1 Sunday,16,2 - medium traffic,36925
1 Sunday,16,3 - heavy traffic,50313
1 Sunday,16,4 - stand still,21787.5
1 Sunday,16.5,0- free flowing,207516
1 Sunday,16.5,1 - light traffic,4052
1 Sunday,16.5,2 - medium traffic,40527.5
1 Sunday,16.5,3 - heavy traffic,45549
1 Sunday,16.5,4 - stand still,19918.5
1 Sunday,17,0- free flowing,201097
1 Sunday,17,1 - light traffic,5048
1 Sunday,17,2 - medium traffic,35372.5
1 Sunday,17,3 - heavy traffic,40941
1 Sunday,17,4 - stand still,16324
1 Sunday,17.5,0- free flowing,192733
1 Sunday,17.5,1 - light traffic,3646
1 Sunday,17.5,2 - medium traffic,25882.5
1 Sunday,17.5,3 - heavy traffic,34263
1 Sunday,17.5,4 - stand still,15876
1 Sunday,18,0- free flowing,176929
1 Sunday,18,1 - light traffic,2664
1 Sunday,18,2 - medium traffic,20182.5
1 Sunday,18,3 - heavy traffic,24834
1 Sunday,18,4 - stand still,11599
1 Sunday,18.5,0- free flowing,166910
1 Sunday,18.5,1 - light traffic,2210
1 Sunday,18.5,2 - medium traffic,14077.5
1 Sunday,18.5,3 - heavy traffic,18576
1 Sunday,18.5,4 - stand still,7315
1 Sunday,19,0- free flowing,146937
1 Sunday,19,1 - light traffic,1020
1 Sunday,19,2 - medium traffic,9862.5
1 Sunday,19,3 - heavy traffic,11988
1 Sunday,19,4 - stand still,7150.5
1 Sunday,19.5,0- free flowing,135102
1 Sunday,19.5,1 - light traffic,822
1 Sunday,19.5,2 - medium traffic,4995
1 Sunday,19.5,3 - heavy traffic,9978
1 Sunday,19.5,4 - stand still,6429.5
1 Sunday,20,0- free flowing,115466
1 Sunday,20,1 - light traffic,772
1 Sunday,20,2 - medium traffic,4765
1 Sunday,20,3 - heavy traffic,4419
1 Sunday,20,4 - stand still,3416
1 Sunday,20.5,0- free flowing,103656
1 Sunday,20.5,1 - light traffic,440
1 Sunday,20.5,2 - medium traffic,2572.5
1 Sunday,20.5,3 - heavy traffic,2688
1 Sunday,20.5,4 - stand still,2810.5
1 Sunday,21,0- free flowing,92006
1 Sunday,21,1 - light traffic,454
1 Sunday,21,2 - medium traffic,1362.5
1 Sunday,21,3 - heavy traffic,2151
1 Sunday,21,4 - stand still,1981
1 Sunday,21.5,0- free flowing,77915
1 Sunday,21.5,1 - light traffic,248
1 Sunday,21.5,2 - medium traffic,887.5
1 Sunday,21.5,3 - heavy traffic,2157
1 Sunday,21.5,4 - stand still,3916.5
1 Sunday,22,0- free flowing,65877
1 Sunday,22,1 - light traffic,228
1 Sunday,22,2 - medium traffic,470
1 Sunday,22,3 - heavy traffic,1227
1 Sunday,22,4 - stand still,2929.5
1 Sunday,22.5,0- free flowing,54915
1 Sunday,22.5,1 - light traffic,158
1 Sunday,22.5,2 - medium traffic,382.5
1 Sunday,22.5,3 - heavy traffic,879
1 Sunday,22.5,4 - stand still,2558.5
1 Sunday,23,0- free flowing,45421
1 Sunday,23,1 - light traffic,150
1 Sunday,23,2 - medium traffic,375
1 Sunday,23,3 - heavy traffic,561
1 Sunday,23,4 - stand still,2432.5
1 Sunday,23.5,0- free flowing,38521
1 Sunday,23.5,1 - light traffic,68
1 Sunday,23.5,2 - medium traffic,172.5
1 Sunday,23.5,3 - heavy traffic,279
1 Sunday,23.5,4 - stand still,1708
1 Sunday,24,0- free flowing,44717
1 Sunday,24,1 - light traffic,32
1 Sunday,24,2 - medium traffic,115
1 Sunday,24,3 - heavy traffic,237
1 Sunday,24,4 - stand still,647.5
2 Monday,0.5,0- free flowing,29525
2 Monday,0.5,1 - light traffic,38
2 Monday,0.5,2 - medium traffic,50
2 Monday,0.5,3 - heavy traffic,144
2 Monday,0.5,4 - stand still,416.5
2 Monday,1,0- free flowing,25021
2 Monday,1,1 - light traffic,36
2 Monday,1,2 - medium traffic,27.5
2 Monday,1,3 - heavy traffic,81
2 Monday,1,4 - stand still,329
2 Monday,1.5,0- free flowing,21693
2 Monday,1.5,1 - light traffic,26
2 Monday,1.5,2 - medium traffic,17.5
2 Monday,1.5,3 - heavy traffic,69
2 Monday,1.5,4 - stand still,301
2 Monday,2,0- free flowing,19082
2 Monday,2,1 - light traffic,22
2 Monday,2,2 - medium traffic,47.5
2 Monday,2,3 - heavy traffic,69
2 Monday,2,4 - stand still,437.5
2 Monday,2.5,0- free flowing,17310
2 Monday,2.5,1 - light traffic,28
2 Monday,2.5,2 - medium traffic,27.5
2 Monday,2.5,3 - heavy traffic,93
2 Monday,2.5,4 - stand still,252
2 Monday,3,0- free flowing,15319
2 Monday,3,1 - light traffic,12
2 Monday,3,2 - medium traffic,22.5
2 Monday,3,3 - heavy traffic,78
2 Monday,3,4 - stand still,63
2 Monday,3.5,0- free flowing,15103
2 Monday,3.5,1 - light traffic,14
2 Monday,3.5,2 - medium traffic,27.5
2 Monday,3.5,3 - heavy traffic,42
2 Monday,3.5,4 - stand still,94.5
2 Monday,4,0- free flowing,16639
2 Monday,4,1 - light traffic,16
2 Monday,4,2 - medium traffic,55
2 Monday,4,3 - heavy traffic,45
2 Monday,4,4 - stand still,126
2 Monday,4.5,0- free flowing,19562
2 Monday,4.5,1 - light traffic,14
2 Monday,4.5,2 - medium traffic,20
2 Monday,4.5,3 - heavy traffic,48
2 Monday,4.5,4 - stand still,136.5
2 Monday,5,0- free flowing,26591
2 Monday,5,1 - light traffic,16
2 Monday,5,2 - medium traffic,10
2 Monday,5,3 - heavy traffic,60
2 Monday,5,4 - stand still,94.5
2 Monday,5.5,0- free flowing,34774
2 Monday,5.5,1 - light traffic,6
2 Monday,5.5,2 - medium traffic,57.5
2 Monday,5.5,3 - heavy traffic,141
2 Monday,5.5,4 - stand still,171.5
2 Monday,6,0- free flowing,41219
2 Monday,6,1 - light traffic,10
2 Monday,6,2 - medium traffic,22.5
2 Monday,6,3 - heavy traffic,165
2 Monday,6,4 - stand still,392
2 Monday,6.5,0- free flowing,54945
2 Monday,6.5,1 - light traffic,6
2 Monday,6.5,2 - medium traffic,97.5
2 Monday,6.5,3 - heavy traffic,378
2 Monday,6.5,4 - stand still,717.5
2 Monday,7,0- free flowing,77483
2 Monday,7,1 - light traffic,80
2 Monday,7,2 - medium traffic,570
2 Monday,7,3 - heavy traffic,1287
2 Monday,7,4 - stand still,2331
2 Monday,7.5,0- free flowing,122226
2 Monday,7.5,1 - light traffic,830
2 Monday,7.5,2 - medium traffic,3360
2 Monday,7.5,3 - heavy traffic,5070
2 Monday,7.5,4 - stand still,3930.5
2 Monday,8,0- free flowing,144118
2 Monday,8,1 - light traffic,1512
2 Monday,8,2 - medium traffic,10065
2 Monday,8,3 - heavy traffic,20022
2 Monday,8,4 - stand still,7927.5
2 Monday,8.5,0- free flowing,148910
2 Monday,8.5,1 - light traffic,1024
2 Monday,8.5,2 - medium traffic,6397.5
2 Monday,8.5,3 - heavy traffic,12123
2 Monday,8.5,4 - stand still,8200.5
2 Monday,9,0- free flowing,136789
2 Monday,9,1 - light traffic,776
2 Monday,9,2 - medium traffic,3532.5
2 Monday,9,3 - heavy traffic,5007
2 Monday,9,4 - stand still,5365.5
2 Monday,9.5,0- free flowing,131273
2 Monday,9.5,1 - light traffic,194
2 Monday,9.5,2 - medium traffic,622.5
2 Monday,9.5,3 - heavy traffic,2577
2 Monday,9.5,4 - stand still,2870
2 Monday,10,0- free flowing,132409
2 Monday,10,1 - light traffic,174
2 Monday,10,2 - medium traffic,530
2 Monday,10,3 - heavy traffic,1581
2 Monday,10,4 - stand still,2009
2 Monday,10.5,0- free flowing,137807
2 Monday,10.5,1 - light traffic,138
2 Monday,10.5,2 - medium traffic,312.5
2 Monday,10.5,3 - heavy traffic,1086
2 Monday,10.5,4 - stand still,1466.5
2 Monday,11,0- free flowing,149432
2 Monday,11,1 - light traffic,204
2 Monday,11,2 - medium traffic,940
2 Monday,11,3 - heavy traffic,2148
2 Monday,11,4 - stand still,1676.5
2 Monday,11.5,0- free flowing,155081
2 Monday,11.5,1 - light traffic,636
2 Monday,11.5,2 - medium traffic,1675
2 Monday,11.5,3 - heavy traffic,4341
2 Monday,11.5,4 - stand still,1942.5
2 Monday,12,0- free flowing,165022
2 Monday,12,1 - light traffic,940
2 Monday,12,2 - medium traffic,2945
2 Monday,12,3 - heavy traffic,10122
2 Monday,12,4 - stand still,3965.5
2 Monday,12.5,0- free flowing,173230
2 Monday,12.5,1 - light traffic,1168
2 Monday,12.5,2 - medium traffic,4672.5
2 Monday,12.5,3 - heavy traffic,15336
2 Monday,12.5,4 - stand still,6359.5
2 Monday,13,0- free flowing,181014
2 Monday,13,1 - light traffic,1430
2 Monday,13,2 - medium traffic,7712.5
2 Monday,13,3 - heavy traffic,18480
2 Monday,13,4 - stand still,7364
2 Monday,13.5,0- free flowing,184410
2 Monday,13.5,1 - light traffic,1958
2 Monday,13.5,2 - medium traffic,10255
2 Monday,13.5,3 - heavy traffic,20361
2 Monday,13.5,4 - stand still,8029
2 Monday,14,0- free flowing,184446
2 Monday,14,1 - light traffic,1554
2 Monday,14,2 - medium traffic,13255
2 Monday,14,3 - heavy traffic,20634
2 Monday,14,4 - stand still,7220.5
2 Monday,14.5,0- free flowing,186059
2 Monday,14.5,1 - light traffic,2520
2 Monday,14.5,2 - medium traffic,13702.5
2 Monday,14.5,3 - heavy traffic,26487
2 Monday,14.5,4 - stand still,7010.5
2 Monday,15,0- free flowing,192555
2 Monday,15,1 - light traffic,2636
2 Monday,15,2 - medium traffic,14347.5
2 Monday,15,3 - heavy traffic,33123
2 Monday,15,4 - stand still,6135.5
2 Monday,15.5,0- free flowing,199152
2 Monday,15.5,1 - light traffic,3258
2 Monday,15.5,2 - medium traffic,20080
2 Monday,15.5,3 - heavy traffic,34113
2 Monday,15.5,4 - stand still,8984.5
2 Monday,16,0- free flowing,198070
2 Monday,16,1 - light traffic,3308
2 Monday,16,2 - medium traffic,27340
2 Monday,16,3 - heavy traffic,31806
2 Monday,16,4 - stand still,10706.5
2 Monday,16.5,0- free flowing,213695
2 Monday,16.5,1 - light traffic,2802
2 Monday,16.5,2 - medium traffic,30260
2 Monday,16.5,3 - heavy traffic,37659
2 Monday,16.5,4 - stand still,9163
2 Monday,17,0- free flowing,228597
2 Monday,17,1 - light traffic,3004
2 Monday,17,2 - medium traffic,31925
2 Monday,17,3 - heavy traffic,52428
2 Monday,17,4 - stand still,9670.5
2 Monday,17.5,0- free flowing,239700
2 Monday,17.5,1 - light traffic,3870
2 Monday,17.5,2 - medium traffic,34907.5
2 Monday,17.5,3 - heavy traffic,75768
2 Monday,17.5,4 - stand still,14822.5
2 Monday,18,0- free flowing,207314
2 Monday,18,1 - light traffic,3214
2 Monday,18,2 - medium traffic,22837.5
2 Monday,18,3 - heavy traffic,38655
2 Monday,18,4 - stand still,10738
2 Monday,18.5,0- free flowing,171875
2 Monday,18.5,1 - light traffic,1456
2 Monday,18.5,2 - medium traffic,9460
2 Monday,18.5,3 - heavy traffic,9309
2 Monday,18.5,4 - stand still,4816
2 Monday,19,0- free flowing,136478
2 Monday,19,1 - light traffic,510
2 Monday,19,2 - medium traffic,1992.5
2 Monday,19,3 - heavy traffic,2706
2 Monday,19,4 - stand still,2572.5
2 Monday,19.5,0- free flowing,116533
2 Monday,19.5,1 - light traffic,310
2 Monday,19.5,2 - medium traffic,512.5
2 Monday,19.5,3 - heavy traffic,1095
2 Monday,19.5,4 - stand still,3059
2 Monday,20,0- free flowing,101051
2 Monday,20,1 - light traffic,98
2 Monday,20,2 - medium traffic,467.5
2 Monday,20,3 - heavy traffic,525
2 Monday,20,4 - stand still,2387
2 Monday,20.5,0- free flowing,88602
2 Monday,20.5,1 - light traffic,226
2 Monday,20.5,2 - medium traffic,332.5
2 Monday,20.5,3 - heavy traffic,672
2 Monday,20.5,4 - stand still,1435
2 Monday,21,0- free flowing,77780
2 Monday,21,1 - light traffic,206
2 Monday,21,2 - medium traffic,162.5
2 Monday,21,3 - heavy traffic,717
2 Monday,21,4 - stand still,707
2 Monday,21.5,0- free flowing,67952
2 Monday,21.5,1 - light traffic,84
2 Monday,21.5,2 - medium traffic,372.5
2 Monday,21.5,3 - heavy traffic,1275
2 Monday,21.5,4 - stand still,2324
2 Monday,22,0- free flowing,55022
2 Monday,22,1 - light traffic,48
2 Monday,22,2 - medium traffic,85
2 Monday,22,3 - heavy traffic,1122
2 Monday,22,4 - stand still,3027.5
2 Monday,22.5,0- free flowing,47149
2 Monday,22.5,1 - light traffic,26
2 Monday,22.5,2 - medium traffic,167.5
2 Monday,22.5,3 - heavy traffic,777
2 Monday,22.5,4 - stand still,1694
2 Monday,23,0- free flowing,41365
2 Monday,23,1 - light traffic,30
2 Monday,23,2 - medium traffic,280
2 Monday,23,3 - heavy traffic,693
2 Monday,23,4 - stand still,1218
2 Monday,23.5,0- free flowing,36984
2 Monday,23.5,1 - light traffic,48
2 Monday,23.5,2 - medium traffic,172.5
2 Monday,23.5,3 - heavy traffic,564
2 Monday,23.5,4 - stand still,1582
2 Monday,24,0- free flowing,33822
2 Monday,24,1 - light traffic,58
2 Monday,24,2 - medium traffic,117.5
2 Monday,24,3 - heavy traffic,222
2 Monday,24,4 - stand still,1641.5
3 Tuesday,0.5,0- free flowing,27376
3 Tuesday,0.5,1 - light traffic,24
3 Tuesday,0.5,2 - medium traffic,72.5
3 Tuesday,0.5,3 - heavy traffic,267
3 Tuesday,0.5,4 - stand still,1330
3 Tuesday,1,0- free flowing,23037
3 Tuesday,1,1 - light traffic,56
3 Tuesday,1,2 - medium traffic,42.5
3 Tuesday,1,3 - heavy traffic,279
3 Tuesday,1,4 - stand still,934.5
3 Tuesday,1.5,0- free flowing,18985
3 Tuesday,1.5,1 - light traffic,30
3 Tuesday,1.5,2 - medium traffic,35
3 Tuesday,1.5,3 - heavy traffic,84
3 Tuesday,1.5,4 - stand still,556.5
3 Tuesday,2,0- free flowing,16798
3 Tuesday,2,1 - light traffic,48
3 Tuesday,2,2 - medium traffic,32.5
3 Tuesday,2,3 - heavy traffic,174
3 Tuesday,2,4 - stand still,378
3 Tuesday,2.5,0- free flowing,15319
3 Tuesday,2.5,1 - light traffic,40
3 Tuesday,2.5,2 - medium traffic,22.5
3 Tuesday,2.5,3 - heavy traffic,90
3 Tuesday,2.5,4 - stand still,504
3 Tuesday,3,0- free flowing,14658
3 Tuesday,3,1 - light traffic,10
3 Tuesday,3,2 - medium traffic,37.5
3 Tuesday,3,3 - heavy traffic,90
3 Tuesday,3,4 - stand still,220.5
3 Tuesday,3.5,0- free flowing,14889
3 Tuesday,3.5,1 - light traffic,16
3 Tuesday,3.5,2 - medium traffic,17.5
3 Tuesday,3.5,3 - heavy traffic,87
3 Tuesday,3.5,4 - stand still,150.5
3 Tuesday,4,0- free flowing,16118
3 Tuesday,4,1 - light traffic,16
3 Tuesday,4,2 - medium traffic,20
3 Tuesday,4,3 - heavy traffic,66
3 Tuesday,4,4 - stand still,224
3 Tuesday,4.5,0- free flowing,18933
3 Tuesday,4.5,1 - light traffic,16
3 Tuesday,4.5,2 - medium traffic,17.5
3 Tuesday,4.5,3 - heavy traffic,108
3 Tuesday,4.5,4 - stand still,182
3 Tuesday,5,0- free flowing,27103
3 Tuesday,5,1 - light traffic,10
3 Tuesday,5,2 - medium traffic,32.5
3 Tuesday,5,3 - heavy traffic,90
3 Tuesday,5,4 - stand still,248.5
3 Tuesday,5.5,0- free flowing,36763
3 Tuesday,5.5,1 - light traffic,20
3 Tuesday,5.5,2 - medium traffic,30
3 Tuesday,5.5,3 - heavy traffic,147
3 Tuesday,5.5,4 - stand still,329
3 Tuesday,6,0- free flowing,45025
3 Tuesday,6,1 - light traffic,12
3 Tuesday,6,2 - medium traffic,50
3 Tuesday,6,3 - heavy traffic,150
3 Tuesday,6,4 - stand still,168
3 Tuesday,6.5,0- free flowing,59874
3 Tuesday,6.5,1 - light traffic,8
3 Tuesday,6.5,2 - medium traffic,77.5
3 Tuesday,6.5,3 - heavy traffic,213
3 Tuesday,6.5,4 - stand still,437.5
3 Tuesday,7,0- free flowing,89454
3 Tuesday,7,1 - light traffic,92
3 Tuesday,7,2 - medium traffic,427.5
3 Tuesday,7,3 - heavy traffic,1314
3 Tuesday,7,4 - stand still,1319.5
3 Tuesday,7.5,0- free flowing,143189
3 Tuesday,7.5,1 - light traffic,1562
3 Tuesday,7.5,2 - medium traffic,7542.5
3 Tuesday,7.5,3 - heavy traffic,9687
3 Tuesday,7.5,4 - stand still,3272.5
3 Tuesday,8,0- free flowing,163175
3 Tuesday,8,1 - light traffic,1554
3 Tuesday,8,2 - medium traffic,14630
3 Tuesday,8,3 - heavy traffic,30906
3 Tuesday,8,4 - stand still,7836.5
3 Tuesday,8.5,0- free flowing,161436
3 Tuesday,8.5,1 - light traffic,1570
3 Tuesday,8.5,2 - medium traffic,8457.5
3 Tuesday,8.5,3 - heavy traffic,15240
3 Tuesday,8.5,4 - stand still,4851
3 Tuesday,9,0- free flowing,139659
3 Tuesday,9,1 - light traffic,850
3 Tuesday,9,2 - medium traffic,4047.5
3 Tuesday,9,3 - heavy traffic,7167
3 Tuesday,9,4 - stand still,5313
3 Tuesday,9.5,0- free flowing,128267
3 Tuesday,9.5,1 - light traffic,220
3 Tuesday,9.5,2 - medium traffic,1410
3 Tuesday,9.5,3 - heavy traffic,3444
3 Tuesday,9.5,4 - stand still,3825.5
3 Tuesday,10,0- free flowing,129287
3 Tuesday,10,1 - light traffic,236
3 Tuesday,10,2 - medium traffic,742.5
3 Tuesday,10,3 - heavy traffic,2601
3 Tuesday,10,4 - stand still,2177
3 Tuesday,10.5,0- free flowing,131438
3 Tuesday,10.5,1 - light traffic,218
3 Tuesday,10.5,2 - medium traffic,820
3 Tuesday,10.5,3 - heavy traffic,1890
3 Tuesday,10.5,4 - stand still,2058
3 Tuesday,11,0- free flowing,136981
3 Tuesday,11,1 - light traffic,154
3 Tuesday,11,2 - medium traffic,750
3 Tuesday,11,3 - heavy traffic,4245
3 Tuesday,11,4 - stand still,2478
3 Tuesday,11.5,0- free flowing,143509
3 Tuesday,11.5,1 - light traffic,298
3 Tuesday,11.5,2 - medium traffic,1247.5
3 Tuesday,11.5,3 - heavy traffic,5268
3 Tuesday,11.5,4 - stand still,2737
3 Tuesday,12,0- free flowing,151958
3 Tuesday,12,1 - light traffic,536
3 Tuesday,12,2 - medium traffic,2340
3 Tuesday,12,3 - heavy traffic,7221
3 Tuesday,12,4 - stand still,2583
3 Tuesday,12.5,0- free flowing,161529
3 Tuesday,12.5,1 - light traffic,998
3 Tuesday,12.5,2 - medium traffic,3422.5
3 Tuesday,12.5,3 - heavy traffic,9225
3 Tuesday,12.5,4 - stand still,3059
3 Tuesday,13,0- free flowing,159553
3 Tuesday,13,1 - light traffic,1090
3 Tuesday,13,2 - medium traffic,4817.5
3 Tuesday,13,3 - heavy traffic,12507
3 Tuesday,13,4 - stand still,3881.5
3 Tuesday,13.5,0- free flowing,158688
3 Tuesday,13.5,1 - light traffic,1130
3 Tuesday,13.5,2 - medium traffic,6375
3 Tuesday,13.5,3 - heavy traffic,16164
3 Tuesday,13.5,4 - stand still,4525.5
3 Tuesday,14,0- free flowing,149139
3 Tuesday,14,1 - light traffic,1662
3 Tuesday,14,2 - medium traffic,6677.5
3 Tuesday,14,3 - heavy traffic,16332
3 Tuesday,14,4 - stand still,5831
3 Tuesday,14.5,0- free flowing,160825
3 Tuesday,14.5,1 - light traffic,1926
3 Tuesday,14.5,2 - medium traffic,8155
3 Tuesday,14.5,3 - heavy traffic,18309
3 Tuesday,14.5,4 - stand still,7063
3 Tuesday,15,0- free flowing,171919
3 Tuesday,15,1 - light traffic,1828
3 Tuesday,15,2 - medium traffic,10835
3 Tuesday,15,3 - heavy traffic,19197
3 Tuesday,15,4 - stand still,9121
3 Tuesday,15.5,0- free flowing,181376
3 Tuesday,15.5,1 - light traffic,4062
3 Tuesday,15.5,2 - medium traffic,16052.5
3 Tuesday,15.5,3 - heavy traffic,19995
3 Tuesday,15.5,4 - stand still,10115
3 Tuesday,16,0- free flowing,185106
3 Tuesday,16,1 - light traffic,3338
3 Tuesday,16,2 - medium traffic,27390
3 Tuesday,16,3 - heavy traffic,24966
3 Tuesday,16,4 - stand still,10538.5
3 Tuesday,16.5,0- free flowing,201386
3 Tuesday,16.5,1 - light traffic,2256
3 Tuesday,16.5,2 - medium traffic,32052.5
3 Tuesday,16.5,3 - heavy traffic,33369
3 Tuesday,16.5,4 - stand still,12691
3 Tuesday,17,0- free flowing,210930
3 Tuesday,17,1 - light traffic,3014
3 Tuesday,17,2 - medium traffic,32937.5
3 Tuesday,17,3 - heavy traffic,45981
3 Tuesday,17,4 - stand still,14840
3 Tuesday,17.5,0- free flowing,222308
3 Tuesday,17.5,1 - light traffic,4396
3 Tuesday,17.5,2 - medium traffic,30292.5
3 Tuesday,17.5,3 - heavy traffic,81396
3 Tuesday,17.5,4 - stand still,23159.5
3 Tuesday,18,0- free flowing,192521
3 Tuesday,18,1 - light traffic,2502
3 Tuesday,18,2 - medium traffic,23957.5
3 Tuesday,18,3 - heavy traffic,41418
3 Tuesday,18,4 - stand still,12131
3 Tuesday,18.5,0- free flowing,161347
3 Tuesday,18.5,1 - light traffic,1704
3 Tuesday,18.5,2 - medium traffic,13890
3 Tuesday,18.5,3 - heavy traffic,11892
3 Tuesday,18.5,4 - stand still,6650
3 Tuesday,19,0- free flowing,123844
3 Tuesday,19,1 - light traffic,878
3 Tuesday,19,2 - medium traffic,2127.5
3 Tuesday,19,3 - heavy traffic,4866
3 Tuesday,19,4 - stand still,4392.5
3 Tuesday,19.5,0- free flowing,104749
3 Tuesday,19.5,1 - light traffic,410
3 Tuesday,19.5,2 - medium traffic,1257.5
3 Tuesday,19.5,3 - heavy traffic,1911
3 Tuesday,19.5,4 - stand still,3006.5
3 Tuesday,20,0- free flowing,89491
3 Tuesday,20,1 - light traffic,426
3 Tuesday,20,2 - medium traffic,605
3 Tuesday,20,3 - heavy traffic,948
3 Tuesday,20,4 - stand still,1799
3 Tuesday,20.5,0- free flowing,80274
3 Tuesday,20.5,1 - light traffic,214
3 Tuesday,20.5,2 - medium traffic,282.5
3 Tuesday,20.5,3 - heavy traffic,807
3 Tuesday,20.5,4 - stand still,1323
3 Tuesday,21,0- free flowing,71791
3 Tuesday,21,1 - light traffic,352
3 Tuesday,21,2 - medium traffic,432.5
3 Tuesday,21,3 - heavy traffic,948
3 Tuesday,21,4 - stand still,1407
3 Tuesday,21.5,0- free flowing,62925
3 Tuesday,21.5,1 - light traffic,100
3 Tuesday,21.5,2 - medium traffic,217.5
3 Tuesday,21.5,3 - heavy traffic,1569
3 Tuesday,21.5,4 - stand still,2502.5
3 Tuesday,22,0- free flowing,51913
3 Tuesday,22,1 - light traffic,32
3 Tuesday,22,2 - medium traffic,287.5
3 Tuesday,22,3 - heavy traffic,1197
3 Tuesday,22,4 - stand still,2768.5
3 Tuesday,22.5,0- free flowing,46977
3 Tuesday,22.5,1 - light traffic,24
3 Tuesday,22.5,2 - medium traffic,257.5
3 Tuesday,22.5,3 - heavy traffic,1116
3 Tuesday,22.5,4 - stand still,2012.5
3 Tuesday,23,0- free flowing,41704
3 Tuesday,23,1 - light traffic,32
3 Tuesday,23,2 - medium traffic,222.5
3 Tuesday,23,3 - heavy traffic,1026
3 Tuesday,23,4 - stand still,1582
3 Tuesday,23.5,0- free flowing,36575
3 Tuesday,23.5,1 - light traffic,20
3 Tuesday,23.5,2 - medium traffic,250
3 Tuesday,23.5,3 - heavy traffic,693
3 Tuesday,23.5,4 - stand still,766.5
3 Tuesday,24,0- free flowing,30937
3 Tuesday,24,1 - light traffic,48
3 Tuesday,24,2 - medium traffic,102.5
3 Tuesday,24,3 - heavy traffic,420
3 Tuesday,24,4 - stand still,903
4 Wednesday,0.5,0- free flowing,26511
4 Wednesday,0.5,1 - light traffic,46
4 Wednesday,0.5,2 - medium traffic,67.5
4 Wednesday,0.5,3 - heavy traffic,177
4 Wednesday,0.5,4 - stand still,392
4 Wednesday,1,0- free flowing,21992
4 Wednesday,1,1 - light traffic,42
4 Wednesday,1,2 - medium traffic,52.5
4 Wednesday,1,3 - heavy traffic,138
4 Wednesday,1,4 - stand still,462
4 Wednesday,1.5,0- free flowing,18216
4 Wednesday,1.5,1 - light traffic,42
4 Wednesday,1.5,2 - medium traffic,52.5
4 Wednesday,1.5,3 - heavy traffic,99
4 Wednesday,1.5,4 - stand still,360.5
4 Wednesday,2,0- free flowing,16011
4 Wednesday,2,1 - light traffic,28
4 Wednesday,2,2 - medium traffic,22.5
4 Wednesday,2,3 - heavy traffic,72
4 Wednesday,2,4 - stand still,224
4 Wednesday,2.5,0- free flowing,14936
4 Wednesday,2.5,1 - light traffic,18
4 Wednesday,2.5,2 - medium traffic,15
4 Wednesday,2.5,3 - heavy traffic,39
4 Wednesday,2.5,4 - stand still,308
4 Wednesday,3,0- free flowing,14489
4 Wednesday,3,1 - light traffic,16
4 Wednesday,3,2 - medium traffic,22.5
4 Wednesday,3,3 - heavy traffic,48
4 Wednesday,3,4 - stand still,210
4 Wednesday,3.5,0- free flowing,14225
4 Wednesday,3.5,1 - light traffic,18
4 Wednesday,3.5,2 - medium traffic,42.5
4 Wednesday,3.5,3 - heavy traffic,36
4 Wednesday,3.5,4 - stand still,297.5
4 Wednesday,4,0- free flowing,15745
4 Wednesday,4,1 - light traffic,6
4 Wednesday,4,2 - medium traffic,35
4 Wednesday,4,3 - heavy traffic,87
4 Wednesday,4,4 - stand still,143.5
4 Wednesday,4.5,0- free flowing,19320
4 Wednesday,4.5,1 - light traffic,8
4 Wednesday,4.5,2 - medium traffic,20
4 Wednesday,4.5,3 - heavy traffic,105
4 Wednesday,4.5,4 - stand still,35
4 Wednesday,5,0- free flowing,25858
4 Wednesday,5,1 - light traffic,26
4 Wednesday,5,2 - medium traffic,35
4 Wednesday,5,3 - heavy traffic,99
4 Wednesday,5,4 - stand still,164.5
4 Wednesday,5.5,0- free flowing,35301
4 Wednesday,5.5,1 - light traffic,8
4 Wednesday,5.5,2 - medium traffic,52.5
4 Wednesday,5.5,3 - heavy traffic,255
4 Wednesday,5.5,4 - stand still,336
4 Wednesday,6,0- free flowing,42984
4 Wednesday,6,1 - light traffic,10
4 Wednesday,6,2 - medium traffic,75
4 Wednesday,6,3 - heavy traffic,240
4 Wednesday,6,4 - stand still,423.5
4 Wednesday,6.5,0- free flowing,57353
4 Wednesday,6.5,1 - light traffic,26
4 Wednesday,6.5,2 - medium traffic,145
4 Wednesday,6.5,3 - heavy traffic,255
4 Wednesday,6.5,4 - stand still,553
4 Wednesday,7,0- free flowing,81704
4 Wednesday,7,1 - light traffic,90
4 Wednesday,7,2 - medium traffic,615
4 Wednesday,7,3 - heavy traffic,1080
4 Wednesday,7,4 - stand still,1316
4 Wednesday,7.5,0- free flowing,129991
4 Wednesday,7.5,1 - light traffic,1282
4 Wednesday,7.5,2 - medium traffic,7925
4 Wednesday,7.5,3 - heavy traffic,7644
4 Wednesday,7.5,4 - stand still,2138.5
4 Wednesday,8,0- free flowing,154728
4 Wednesday,8,1 - light traffic,2052
4 Wednesday,8,2 - medium traffic,13732.5
4 Wednesday,8,3 - heavy traffic,29784
4 Wednesday,8,4 - stand still,8263.5
4 Wednesday,8.5,0- free flowing,158358
4 Wednesday,8.5,1 - light traffic,1752
4 Wednesday,8.5,2 - medium traffic,8700
4 Wednesday,8.5,3 - heavy traffic,17553
4 Wednesday,8.5,4 - stand still,6219.5
4 Wednesday,9,0- free flowing,137364
4 Wednesday,9,1 - light traffic,980
4 Wednesday,9,2 - medium traffic,4377.5
4 Wednesday,9,3 - heavy traffic,8793
4 Wednesday,9,4 - stand still,4438
4 Wednesday,9.5,0- free flowing,130310
4 Wednesday,9.5,1 - light traffic,516
4 Wednesday,9.5,2 - medium traffic,2257.5
4 Wednesday,9.5,3 - heavy traffic,2706
4 Wednesday,9.5,4 - stand still,2947
4 Wednesday,10,0- free flowing,132243
4 Wednesday,10,1 - light traffic,332
4 Wednesday,10,2 - medium traffic,1510
4 Wednesday,10,3 - heavy traffic,2832
4 Wednesday,10,4 - stand still,1589
4 Wednesday,10.5,0- free flowing,136123
4 Wednesday,10.5,1 - light traffic,432
4 Wednesday,10.5,2 - medium traffic,1262.5
4 Wednesday,10.5,3 - heavy traffic,3504
4 Wednesday,10.5,4 - stand still,1431.5
4 Wednesday,11,0- free flowing,143752
4 Wednesday,11,1 - light traffic,748
4 Wednesday,11,2 - medium traffic,2342.5
4 Wednesday,11,3 - heavy traffic,4212
4 Wednesday,11,4 - stand still,4515
4 Wednesday,11.5,0- free flowing,150074
4 Wednesday,11.5,1 - light traffic,1150
4 Wednesday,11.5,2 - medium traffic,4072.5
4 Wednesday,11.5,3 - heavy traffic,7074
4 Wednesday,11.5,4 - stand still,5516
4 Wednesday,12,0- free flowing,160707
4 Wednesday,12,1 - light traffic,1124
4 Wednesday,12,2 - medium traffic,6672.5
4 Wednesday,12,3 - heavy traffic,11442
4 Wednesday,12,4 - stand still,6639.5
4 Wednesday,12.5,0- free flowing,169797
4 Wednesday,12.5,1 - light traffic,1528
4 Wednesday,12.5,2 - medium traffic,7785
4 Wednesday,12.5,3 - heavy traffic,17577
4 Wednesday,12.5,4 - stand still,6989.5
4 Wednesday,13,0- free flowing,170424
4 Wednesday,13,1 - light traffic,1806
4 Wednesday,13,2 - medium traffic,8812.5
4 Wednesday,13,3 - heavy traffic,16572
4 Wednesday,13,4 - stand still,10188.5
4 Wednesday,13.5,0- free flowing,175201
4 Wednesday,13.5,1 - light traffic,1638
4 Wednesday,13.5,2 - medium traffic,10830
4 Wednesday,13.5,3 - heavy traffic,16983
4 Wednesday,13.5,4 - stand still,10566.5
4 Wednesday,14,0- free flowing,176022
4 Wednesday,14,1 - light traffic,2004
4 Wednesday,14,2 - medium traffic,12057.5
4 Wednesday,14,3 - heavy traffic,18261
4 Wednesday,14,4 - stand still,9803.5
4 Wednesday,14.5,0- free flowing,178848
4 Wednesday,14.5,1 - light traffic,2622
4 Wednesday,14.5,2 - medium traffic,16420
4 Wednesday,14.5,3 - heavy traffic,22815
4 Wednesday,14.5,4 - stand still,11896.5
4 Wednesday,15,0- free flowing,185457
4 Wednesday,15,1 - light traffic,4394
4 Wednesday,15,2 - medium traffic,19015
4 Wednesday,15,3 - heavy traffic,26760
4 Wednesday,15,4 - stand still,15729
4 Wednesday,15.5,0- free flowing,194773
4 Wednesday,15.5,1 - light traffic,5076
4 Wednesday,15.5,2 - medium traffic,23965
4 Wednesday,15.5,3 - heavy traffic,37902
4 Wednesday,15.5,4 - stand still,14329
4 Wednesday,16,0- free flowing,190086
4 Wednesday,16,1 - light traffic,4036
4 Wednesday,16,2 - medium traffic,32807.5
4 Wednesday,16,3 - heavy traffic,38001
4 Wednesday,16,4 - stand still,12726
4 Wednesday,16.5,0- free flowing,205935
4 Wednesday,16.5,1 - light traffic,3138
4 Wednesday,16.5,2 - medium traffic,36552.5
4 Wednesday,16.5,3 - heavy traffic,49839
4 Wednesday,16.5,4 - stand still,15533
4 Wednesday,17,0- free flowing,218048
4 Wednesday,17,1 - light traffic,3514
4 Wednesday,17,2 - medium traffic,33605
4 Wednesday,17,3 - heavy traffic,72117
4 Wednesday,17,4 - stand still,17594.5
4 Wednesday,17.5,0- free flowing,234332
4 Wednesday,17.5,1 - light traffic,4740
4 Wednesday,17.5,2 - medium traffic,28835
4 Wednesday,17.5,3 - heavy traffic,111699
4 Wednesday,17.5,4 - stand still,21973
4 Wednesday,18,0- free flowing,203236
4 Wednesday,18,1 - light traffic,3290
4 Wednesday,18,2 - medium traffic,24942.5
4 Wednesday,18,3 - heavy traffic,62382
4 Wednesday,18,4 - stand still,12953.5
4 Wednesday,18.5,0- free flowing,165425
4 Wednesday,18.5,1 - light traffic,2248
4 Wednesday,18.5,2 - medium traffic,19257.5
4 Wednesday,18.5,3 - heavy traffic,17898
4 Wednesday,18.5,4 - stand still,7619.5
4 Wednesday,19,0- free flowing,129338
4 Wednesday,19,1 - light traffic,1230
4 Wednesday,19,2 - medium traffic,6052.5
4 Wednesday,19,3 - heavy traffic,5475
4 Wednesday,19,4 - stand still,5225.5
4 Wednesday,19.5,0- free flowing,108551
4 Wednesday,19.5,1 - light traffic,314
4 Wednesday,19.5,2 - medium traffic,1732.5
4 Wednesday,19.5,3 - heavy traffic,3045
4 Wednesday,19.5,4 - stand still,2002
4 Wednesday,20,0- free flowing,94947
4 Wednesday,20,1 - light traffic,108
4 Wednesday,20,2 - medium traffic,1812.5
4 Wednesday,20,3 - heavy traffic,1020
4 Wednesday,20,4 - stand still,1053.5
4 Wednesday,20.5,0- free flowing,84917
4 Wednesday,20.5,1 - light traffic,196
4 Wednesday,20.5,2 - medium traffic,360
4 Wednesday,20.5,3 - heavy traffic,1347
4 Wednesday,20.5,4 - stand still,1876
4 Wednesday,21,0- free flowing,76692
4 Wednesday,21,1 - light traffic,148
4 Wednesday,21,2 - medium traffic,352.5
4 Wednesday,21,3 - heavy traffic,1236
4 Wednesday,21,4 - stand still,1323
4 Wednesday,21.5,0- free flowing,68421
4 Wednesday,21.5,1 - light traffic,182
4 Wednesday,21.5,2 - medium traffic,670
4 Wednesday,21.5,3 - heavy traffic,2001
4 Wednesday,21.5,4 - stand still,2709
4 Wednesday,22,0- free flowing,55147
4 Wednesday,22,1 - light traffic,52
4 Wednesday,22,2 - medium traffic,360
4 Wednesday,22,3 - heavy traffic,1284
4 Wednesday,22,4 - stand still,3195.5
4 Wednesday,22.5,0- free flowing,48011
4 Wednesday,22.5,1 - light traffic,48
4 Wednesday,22.5,2 - medium traffic,392.5
4 Wednesday,22.5,3 - heavy traffic,1254
4 Wednesday,22.5,4 - stand still,2583
4 Wednesday,23,0- free flowing,43223
4 Wednesday,23,1 - light traffic,60
4 Wednesday,23,2 - medium traffic,312.5
4 Wednesday,23,3 - heavy traffic,1080
4 Wednesday,23,4 - stand still,1928.5
4 Wednesday,23.5,0- free flowing,38158
4 Wednesday,23.5,1 - light traffic,32
4 Wednesday,23.5,2 - medium traffic,257.5
4 Wednesday,23.5,3 - heavy traffic,1179
4 Wednesday,23.5,4 - stand still,1382.5
4 Wednesday,24,0- free flowing,31312
4 Wednesday,24,1 - light traffic,58
4 Wednesday,24,2 - medium traffic,130
4 Wednesday,24,3 - heavy traffic,504
4 Wednesday,24,4 - stand still,651
5 Thursday,0.5,0- free flowing,28824
5 Thursday,0.5,1 - light traffic,48
5 Thursday,0.5,2 - medium traffic,120
5 Thursday,0.5,3 - heavy traffic,492
5 Thursday,0.5,4 - stand still,766.5
5 Thursday,1,0- free flowing,24023
5 Thursday,1,1 - light traffic,32
5 Thursday,1,2 - medium traffic,77.5
5 Thursday,1,3 - heavy traffic,150
5 Thursday,1,4 - stand still,647.5
5 Thursday,1.5,0- free flowing,19580
5 Thursday,1.5,1 - light traffic,46
5 Thursday,1.5,2 - medium traffic,60
5 Thursday,1.5,3 - heavy traffic,138
5 Thursday,1.5,4 - stand still,364
5 Thursday,2,0- free flowing,17454
5 Thursday,2,1 - light traffic,46
5 Thursday,2,2 - medium traffic,42.5
5 Thursday,2,3 - heavy traffic,171
5 Thursday,2,4 - stand still,486.5
5 Thursday,2.5,0- free flowing,16270
5 Thursday,2.5,1 - light traffic,16
5 Thursday,2.5,2 - medium traffic,30
5 Thursday,2.5,3 - heavy traffic,84
5 Thursday,2.5,4 - stand still,290.5
5 Thursday,3,0- free flowing,15810
5 Thursday,3,1 - light traffic,16
5 Thursday,3,2 - medium traffic,42.5
5 Thursday,3,3 - heavy traffic,84
5 Thursday,3,4 - stand still,343
5 Thursday,3.5,0- free flowing,16116
5 Thursday,3.5,1 - light traffic,6
5 Thursday,3.5,2 - medium traffic,50
5 Thursday,3.5,3 - heavy traffic,159
5 Thursday,3.5,4 - stand still,388.5
5 Thursday,4,0- free flowing,16604
5 Thursday,4,1 - light traffic,8
5 Thursday,4,2 - medium traffic,25
5 Thursday,4,3 - heavy traffic,177
5 Thursday,4,4 - stand still,357
5 Thursday,4.5,0- free flowing,20190
5 Thursday,4.5,1 - light traffic,22
5 Thursday,4.5,2 - medium traffic,27.5
5 Thursday,4.5,3 - heavy traffic,129
5 Thursday,4.5,4 - stand still,378
5 Thursday,5,0- free flowing,27254
5 Thursday,5,1 - light traffic,18
5 Thursday,5,2 - medium traffic,55
5 Thursday,5,3 - heavy traffic,327
5 Thursday,5,4 - stand still,385
5 Thursday,5.5,0- free flowing,35477
5 Thursday,5.5,1 - light traffic,10
5 Thursday,5.5,2 - medium traffic,62.5
5 Thursday,5.5,3 - heavy traffic,279
5 Thursday,5.5,4 - stand still,539
5 Thursday,6,0- free flowing,42126
5 Thursday,6,1 - light traffic,22
5 Thursday,6,2 - medium traffic,42.5
5 Thursday,6,3 - heavy traffic,234
5 Thursday,6,4 - stand still,434
5 Thursday,6.5,0- free flowing,56412
5 Thursday,6.5,1 - light traffic,48
5 Thursday,6.5,2 - medium traffic,87.5
5 Thursday,6.5,3 - heavy traffic,279
5 Thursday,6.5,4 - stand still,395.5
5 Thursday,7,0- free flowing,84756
5 Thursday,7,1 - light traffic,90
5 Thursday,7,2 - medium traffic,437.5
5 Thursday,7,3 - heavy traffic,1566
5 Thursday,7,4 - stand still,1253
5 Thursday,7.5,0- free flowing,129981
5 Thursday,7.5,1 - light traffic,1538
5 Thursday,7.5,2 - medium traffic,6740
5 Thursday,7.5,3 - heavy traffic,9315
5 Thursday,7.5,4 - stand still,2460.5
5 Thursday,8,0- free flowing,154591
5 Thursday,8,1 - light traffic,2078
5 Thursday,8,2 - medium traffic,13215
5 Thursday,8,3 - heavy traffic,29562
5 Thursday,8,4 - stand still,7381.5
5 Thursday,8.5,0- free flowing,149911
5 Thursday,8.5,1 - light traffic,1510
5 Thursday,8.5,2 - medium traffic,9282.5
5 Thursday,8.5,3 - heavy traffic,13485
5 Thursday,8.5,4 - stand still,7269.5
5 Thursday,9,0- free flowing,138724
5 Thursday,9,1 - light traffic,824
5 Thursday,9,2 - medium traffic,4795
5 Thursday,9,3 - heavy traffic,8022
5 Thursday,9,4 - stand still,6667.5
5 Thursday,9.5,0- free flowing,132944
5 Thursday,9.5,1 - light traffic,486
5 Thursday,9.5,2 - medium traffic,1915
5 Thursday,9.5,3 - heavy traffic,3750
5 Thursday,9.5,4 - stand still,6583.5
5 Thursday,10,0- free flowing,132523
5 Thursday,10,1 - light traffic,390
5 Thursday,10,2 - medium traffic,1720
5 Thursday,10,3 - heavy traffic,3942
5 Thursday,10,4 - stand still,5533.5
5 Thursday,10.5,0- free flowing,139783
5 Thursday,10.5,1 - light traffic,992
5 Thursday,10.5,2 - medium traffic,2805
5 Thursday,10.5,3 - heavy traffic,3036
5 Thursday,10.5,4 - stand still,4690
5 Thursday,11,0- free flowing,149125
5 Thursday,11,1 - light traffic,1044
5 Thursday,11,2 - medium traffic,5275
5 Thursday,11,3 - heavy traffic,4872
5 Thursday,11,4 - stand still,3591
5 Thursday,11.5,0- free flowing,159625
5 Thursday,11.5,1 - light traffic,1378
5 Thursday,11.5,2 - medium traffic,4697.5
5 Thursday,11.5,3 - heavy traffic,8760
5 Thursday,11.5,4 - stand still,5159
5 Thursday,12,0- free flowing,163864
5 Thursday,12,1 - light traffic,2068
5 Thursday,12,2 - medium traffic,6670
5 Thursday,12,3 - heavy traffic,12150
5 Thursday,12,4 - stand still,7469
5 Thursday,12.5,0- free flowing,174972
5 Thursday,12.5,1 - light traffic,1882
5 Thursday,12.5,2 - medium traffic,10752.5
5 Thursday,12.5,3 - heavy traffic,19578
5 Thursday,12.5,4 - stand still,7112
5 Thursday,13,0- free flowing,177341
5 Thursday,13,1 - light traffic,2772
5 Thursday,13,2 - medium traffic,12547.5
5 Thursday,13,3 - heavy traffic,23760
5 Thursday,13,4 - stand still,10101
5 Thursday,13.5,0- free flowing,179150
5 Thursday,13.5,1 - light traffic,3582
5 Thursday,13.5,2 - medium traffic,16332.5
5 Thursday,13.5,3 - heavy traffic,24795
5 Thursday,13.5,4 - stand still,9065
5 Thursday,14,0- free flowing,178178
5 Thursday,14,1 - light traffic,4280
5 Thursday,14,2 - medium traffic,17937.5
5 Thursday,14,3 - heavy traffic,25746
5 Thursday,14,4 - stand still,9016
5 Thursday,14.5,0- free flowing,176740
5 Thursday,14.5,1 - light traffic,3508
5 Thursday,14.5,2 - medium traffic,23517.5
5 Thursday,14.5,3 - heavy traffic,29088
5 Thursday,14.5,4 - stand still,7808.5
5 Thursday,15,0- free flowing,190981
5 Thursday,15,1 - light traffic,4106
5 Thursday,15,2 - medium traffic,27955
5 Thursday,15,3 - heavy traffic,37728
5 Thursday,15,4 - stand still,7892.5
5 Thursday,15.5,0- free flowing,197404
5 Thursday,15.5,1 - light traffic,4808
5 Thursday,15.5,2 - medium traffic,36217.5
5 Thursday,15.5,3 - heavy traffic,46767
5 Thursday,15.5,4 - stand still,10857
5 Thursday,16,0- free flowing,196827
5 Thursday,16,1 - light traffic,4322
5 Thursday,16,2 - medium traffic,46102.5
5 Thursday,16,3 - heavy traffic,58509
5 Thursday,16,4 - stand still,16677.5
5 Thursday,16.5,0- free flowing,223808
5 Thursday,16.5,1 - light traffic,4894
5 Thursday,16.5,2 - medium traffic,46102.5
5 Thursday,16.5,3 - heavy traffic,80922
5 Thursday,16.5,4 - stand still,18882.5
5 Thursday,17,0- free flowing,240789
5 Thursday,17,1 - light traffic,5806
5 Thursday,17,2 - medium traffic,41632.5
5 Thursday,17,3 - heavy traffic,109443
5 Thursday,17,4 - stand still,18249
5 Thursday,17.5,0- free flowing,255188
5 Thursday,17.5,1 - light traffic,6256
5 Thursday,17.5,2 - medium traffic,38500
5 Thursday,17.5,3 - heavy traffic,147516
5 Thursday,17.5,4 - stand still,26281.5
5 Thursday,18,0- free flowing,229500
5 Thursday,18,1 - light traffic,4628
5 Thursday,18,2 - medium traffic,39065
5 Thursday,18,3 - heavy traffic,76704
5 Thursday,18,4 - stand still,17836
5 Thursday,18.5,0- free flowing,186760
5 Thursday,18.5,1 - light traffic,3716
5 Thursday,18.5,2 - medium traffic,27115
5 Thursday,18.5,3 - heavy traffic,22140
5 Thursday,18.5,4 - stand still,9649.5
5 Thursday,19,0- free flowing,149227
5 Thursday,19,1 - light traffic,1512
5 Thursday,19,2 - medium traffic,7822.5
5 Thursday,19,3 - heavy traffic,7518
5 Thursday,19,4 - stand still,4553.5
5 Thursday,19.5,0- free flowing,127079
5 Thursday,19.5,1 - light traffic,714
5 Thursday,19.5,2 - medium traffic,2720
5 Thursday,19.5,3 - heavy traffic,2562
5 Thursday,19.5,4 - stand still,3111.5
5 Thursday,20,0- free flowing,111297
5 Thursday,20,1 - light traffic,354
5 Thursday,20,2 - medium traffic,1122.5
5 Thursday,20,3 - heavy traffic,1470
5 Thursday,20,4 - stand still,1792
5 Thursday,20.5,0- free flowing,98672
5 Thursday,20.5,1 - light traffic,196
5 Thursday,20.5,2 - medium traffic,785
5 Thursday,20.5,3 - heavy traffic,1548
5 Thursday,20.5,4 - stand still,1872.5
5 Thursday,21,0- free flowing,92803
5 Thursday,21,1 - light traffic,226
5 Thursday,21,2 - medium traffic,1147.5
5 Thursday,21,3 - heavy traffic,1974
5 Thursday,21,4 - stand still,1907.5
5 Thursday,21.5,0- free flowing,79161
5 Thursday,21.5,1 - light traffic,260
5 Thursday,21.5,2 - medium traffic,1045
5 Thursday,21.5,3 - heavy traffic,3492
5 Thursday,21.5,4 - stand still,3013.5
5 Thursday,22,0- free flowing,65065
5 Thursday,22,1 - light traffic,142
5 Thursday,22,2 - medium traffic,710
5 Thursday,22,3 - heavy traffic,3105
5 Thursday,22,4 - stand still,4000.5
5 Thursday,22.5,0- free flowing,56470
5 Thursday,22.5,1 - light traffic,48
5 Thursday,22.5,2 - medium traffic,500
5 Thursday,22.5,3 - heavy traffic,1731
5 Thursday,22.5,4 - stand still,5988.5
5 Thursday,23,0- free flowing,50599
5 Thursday,23,1 - light traffic,94
5 Thursday,23,2 - medium traffic,720
5 Thursday,23,3 - heavy traffic,1548
5 Thursday,23,4 - stand still,4350.5
5 Thursday,23.5,0- free flowing,43038
5 Thursday,23.5,1 - light traffic,40
5 Thursday,23.5,2 - medium traffic,977.5
5 Thursday,23.5,3 - heavy traffic,1350
5 Thursday,23.5,4 - stand still,1403.5
5 Thursday,24,0- free flowing,33652
5 Thursday,24,1 - light traffic,52
5 Thursday,24,2 - medium traffic,267.5
5 Thursday,24,3 - heavy traffic,876
5 Thursday,24,4 - stand still,1057
6 Friday,0.5,0- free flowing,34054
6 Friday,0.5,1 - light traffic,38
6 Friday,0.5,2 - medium traffic,102.5
6 Friday,0.5,3 - heavy traffic,471
6 Friday,0.5,4 - stand still,1522.5
6 Friday,1,0- free flowing,28751
6 Friday,1,1 - light traffic,30
6 Friday,1,2 - medium traffic,47.5
6 Friday,1,3 - heavy traffic,528
6 Friday,1,4 - stand still,966
6 Friday,1.5,0- free flowing,25042
6 Friday,1.5,1 - light traffic,38
6 Friday,1.5,2 - medium traffic,100
6 Friday,1.5,3 - heavy traffic,357
6 Friday,1.5,4 - stand still,633.5
6 Friday,2,0- free flowing,21388
6 Friday,2,1 - light traffic,22
6 Friday,2,2 - medium traffic,70
6 Friday,2,3 - heavy traffic,174
6 Friday,2,4 - stand still,385
6 Friday,2.5,0- free flowing,20283
6 Friday,2.5,1 - light traffic,14
6 Friday,2.5,2 - medium traffic,30
6 Friday,2.5,3 - heavy traffic,219
6 Friday,2.5,4 - stand still,294
6 Friday,3,0- free flowing,19467
6 Friday,3,1 - light traffic,30
6 Friday,3,2 - medium traffic,40
6 Friday,3,3 - heavy traffic,180
6 Friday,3,4 - stand still,483
6 Friday,3.5,0- free flowing,19480
6 Friday,3.5,1 - light traffic,16
6 Friday,3.5,2 - medium traffic,52.5
6 Friday,3.5,3 - heavy traffic,93
6 Friday,3.5,4 - stand still,518
6 Friday,4,0- free flowing,19835
6 Friday,4,1 - light traffic,8
6 Friday,4,2 - medium traffic,42.5
6 Friday,4,3 - heavy traffic,84
6 Friday,4,4 - stand still,350
6 Friday,4.5,0- free flowing,22605
6 Friday,4.5,1 - light traffic,14
6 Friday,4.5,2 - medium traffic,45
6 Friday,4.5,3 - heavy traffic,132
6 Friday,4.5,4 - stand still,367.5
6 Friday,5,0- free flowing,28140
6 Friday,5,1 - light traffic,16
6 Friday,5,2 - medium traffic,77.5
6 Friday,5,3 - heavy traffic,117
6 Friday,5,4 - stand still,259
6 Friday,5.5,0- free flowing,36071
6 Friday,5.5,1 - light traffic,16
6 Friday,5.5,2 - medium traffic,55
6 Friday,5.5,3 - heavy traffic,108
6 Friday,5.5,4 - stand still,192.5
6 Friday,6,0- free flowing,41112
6 Friday,6,1 - light traffic,16
6 Friday,6,2 - medium traffic,35
6 Friday,6,3 - heavy traffic,102
6 Friday,6,4 - stand still,196
6 Friday,6.5,0- free flowing,55479
6 Friday,6.5,1 - light traffic,6
6 Friday,6.5,2 - medium traffic,32.5
6 Friday,6.5,3 - heavy traffic,192
6 Friday,6.5,4 - stand still,322
6 Friday,7,0- free flowing,77777
6 Friday,7,1 - light traffic,66
6 Friday,7,2 - medium traffic,335
6 Friday,7,3 - heavy traffic,822
6 Friday,7,4 - stand still,931
6 Friday,7.5,0- free flowing,117128
6 Friday,7.5,1 - light traffic,704
6 Friday,7.5,2 - medium traffic,3220
6 Friday,7.5,3 - heavy traffic,3699
6 Friday,7.5,4 - stand still,2191
6 Friday,8,0- free flowing,145121
6 Friday,8,1 - light traffic,1358
6 Friday,8,2 - medium traffic,9675
6 Friday,8,3 - heavy traffic,13368
6 Friday,8,4 - stand still,5225.5
6 Friday,8.5,0- free flowing,146197
6 Friday,8.5,1 - light traffic,972
6 Friday,8.5,2 - medium traffic,4097.5
6 Friday,8.5,3 - heavy traffic,6579
6 Friday,8.5,4 - stand still,5201
6 Friday,9,0- free flowing,135080
6 Friday,9,1 - light traffic,506
6 Friday,9,2 - medium traffic,2057.5
6 Friday,9,3 - heavy traffic,4542
6 Friday,9,4 - stand still,4396
6 Friday,9.5,0- free flowing,133371
6 Friday,9.5,1 - light traffic,282
6 Friday,9.5,2 - medium traffic,1547.5
6 Friday,9.5,3 - heavy traffic,3093
6 Friday,9.5,4 - stand still,4140.5
6 Friday,10,0- free flowing,141597
6 Friday,10,1 - light traffic,366
6 Friday,10,2 - medium traffic,2315
6 Friday,10,3 - heavy traffic,4158
6 Friday,10,4 - stand still,3944.5
6 Friday,10.5,0- free flowing,150733
6 Friday,10.5,1 - light traffic,560
6 Friday,10.5,2 - medium traffic,3707.5
6 Friday,10.5,3 - heavy traffic,4692
6 Friday,10.5,4 - stand still,4616.5
6 Friday,11,0- free flowing,165303
6 Friday,11,1 - light traffic,1346
6 Friday,11,2 - medium traffic,5987.5
6 Friday,11,3 - heavy traffic,9678
6 Friday,11,4 - stand still,5162.5
6 Friday,11.5,0- free flowing,181826
6 Friday,11.5,1 - light traffic,2534
6 Friday,11.5,2 - medium traffic,10225
6 Friday,11.5,3 - heavy traffic,19743
6 Friday,11.5,4 - stand still,6804
6 Friday,12,0- free flowing,192522
6 Friday,12,1 - light traffic,3446
6 Friday,12,2 - medium traffic,17180
6 Friday,12,3 - heavy traffic,31299
6 Friday,12,4 - stand still,8099
6 Friday,12.5,0- free flowing,199024
6 Friday,12.5,1 - light traffic,4776
6 Friday,12.5,2 - medium traffic,24015
6 Friday,12.5,3 - heavy traffic,42096
6 Friday,12.5,4 - stand still,11690
6 Friday,13,0- free flowing,212748
6 Friday,13,1 - light traffic,5016
6 Friday,13,2 - medium traffic,32597.5
6 Friday,13,3 - heavy traffic,52833
6 Friday,13,4 - stand still,16835
6 Friday,13.5,0- free flowing,213286
6 Friday,13.5,1 - light traffic,6474
6 Friday,13.5,2 - medium traffic,37637.5
6 Friday,13.5,3 - heavy traffic,62802
6 Friday,13.5,4 - stand still,21987
6 Friday,14,0- free flowing,218271
6 Friday,14,1 - light traffic,5984
6 Friday,14,2 - medium traffic,46950
6 Friday,14,3 - heavy traffic,71127
6 Friday,14,4 - stand still,23464
6 Friday,14.5,0- free flowing,222276
6 Friday,14.5,1 - light traffic,5938
6 Friday,14.5,2 - medium traffic,58192.5
6 Friday,14.5,3 - heavy traffic,78432
6 Friday,14.5,4 - stand still,22638
6 Friday,15,0- free flowing,229899
6 Friday,15,1 - light traffic,6968
6 Friday,15,2 - medium traffic,63280
6 Friday,15,3 - heavy traffic,96810
6 Friday,15,4 - stand still,21651
6 Friday,15.5,0- free flowing,245809
6 Friday,15.5,1 - light traffic,6018
6 Friday,15.5,2 - medium traffic,63525
6 Friday,15.5,3 - heavy traffic,125280
6 Friday,15.5,4 - stand still,30649.5
6 Friday,16,0- free flowing,255836
6 Friday,16,1 - light traffic,6094
6 Friday,16,2 - medium traffic,65132.5
6 Friday,16,3 - heavy traffic,143616
6 Friday,16,4 - stand still,39973.5
6 Friday,16.5,0- free flowing,280549
6 Friday,16.5,1 - light traffic,5788
6 Friday,16.5,2 - medium traffic,66045
6 Friday,16.5,3 - heavy traffic,153282
6 Friday,16.5,4 - stand still,43435
6 Friday,17,0- free flowing,273767
6 Friday,17,1 - light traffic,6712
6 Friday,17,2 - medium traffic,58905
6 Friday,17,3 - heavy traffic,158658
6 Friday,17,4 - stand still,49259
6 Friday,17.5,0- free flowing,271618
6 Friday,17.5,1 - light traffic,6924
6 Friday,17.5,2 - medium traffic,59567.5
6 Friday,17.5,3 - heavy traffic,147507
6 Friday,17.5,4 - stand still,50267
6 Friday,18,0- free flowing,250540
6 Friday,18,1 - light traffic,6596
6 Friday,18,2 - medium traffic,56385
6 Friday,18,3 - heavy traffic,90897
6 Friday,18,4 - stand still,41968.5
6 Friday,18.5,0- free flowing,228210
6 Friday,18.5,1 - light traffic,6462
6 Friday,18.5,2 - medium traffic,40365
6 Friday,18.5,3 - heavy traffic,49290
6 Friday,18.5,4 - stand still,34821.5
6 Friday,19,0- free flowing,199766
6 Friday,19,1 - light traffic,4200
6 Friday,19,2 - medium traffic,26320
6 Friday,19,3 - heavy traffic,27699
6 Friday,19,4 - stand still,28056
6 Friday,19.5,0- free flowing,179310
6 Friday,19.5,1 - light traffic,2756
6 Friday,19.5,2 - medium traffic,16682.5
6 Friday,19.5,3 - heavy traffic,20505
6 Friday,19.5,4 - stand still,19834.5
6 Friday,20,0- free flowing,156363
6 Friday,20,1 - light traffic,1518
6 Friday,20,2 - medium traffic,12920
6 Friday,20,3 - heavy traffic,13185
6 Friday,20,4 - stand still,13100.5
6 Friday,20.5,0- free flowing,143534
6 Friday,20.5,1 - light traffic,1016
6 Friday,20.5,2 - medium traffic,7327.5
6 Friday,20.5,3 - heavy traffic,8772
6 Friday,20.5,4 - stand still,9985.5
6 Friday,21,0- free flowing,131931
6 Friday,21,1 - light traffic,610
6 Friday,21,2 - medium traffic,6760
6 Friday,21,3 - heavy traffic,9909
6 Friday,21,4 - stand still,7343
6 Friday,21.5,0- free flowing,121412
6 Friday,21.5,1 - light traffic,1114
6 Friday,21.5,2 - medium traffic,5550
6 Friday,21.5,3 - heavy traffic,6615
6 Friday,21.5,4 - stand still,5281.5
6 Friday,22,0- free flowing,103098
6 Friday,22,1 - light traffic,462
6 Friday,22,2 - medium traffic,3505
6 Friday,22,3 - heavy traffic,3402
6 Friday,22,4 - stand still,4536
6 Friday,22.5,0- free flowing,88468
6 Friday,22.5,1 - light traffic,594
6 Friday,22.5,2 - medium traffic,1627.5
6 Friday,22.5,3 - heavy traffic,2433
6 Friday,22.5,4 - stand still,2096.5
6 Friday,23,0- free flowing,73533
6 Friday,23,1 - light traffic,64
6 Friday,23,2 - medium traffic,187.5
6 Friday,23,3 - heavy traffic,612
6 Friday,23,4 - stand still,1221.5
6 Friday,23.5,0- free flowing,59007
6 Friday,23.5,1 - light traffic,58
6 Friday,23.5,2 - medium traffic,62.5
6 Friday,23.5,3 - heavy traffic,240
6 Friday,23.5,4 - stand still,864.5
6 Friday,24,0- free flowing,41493
6 Friday,24,1 - light traffic,24
6 Friday,24,2 - medium traffic,160
6 Friday,24,3 - heavy traffic,519
6 Friday,24,4 - stand still,1589
7 Saturday,0.5,0- free flowing,49282
7 Saturday,0.5,1 - light traffic,22
7 Saturday,0.5,2 - medium traffic,17.5
7 Saturday,0.5,3 - heavy traffic,54
7 Saturday,0.5,4 - stand still,542.5
7 Saturday,1,0- free flowing,38374
7 Saturday,1,1 - light traffic,14
7 Saturday,1,2 - medium traffic,22.5
7 Saturday,1,3 - heavy traffic,111
7 Saturday,1,4 - stand still,182
7 Saturday,1.5,0- free flowing,34759
7 Saturday,1.5,1 - light traffic,16
7 Saturday,1.5,2 - medium traffic,15
7 Saturday,1.5,3 - heavy traffic,90
7 Saturday,1.5,4 - stand still,143.5
7 Saturday,2,0- free flowing,30933
7 Saturday,2,1 - light traffic,16
7 Saturday,2,2 - medium traffic,22.5
7 Saturday,2,3 - heavy traffic,225
7 Saturday,2,4 - stand still,213.5
7 Saturday,2.5,0- free flowing,27261
7 Saturday,2.5,1 - light traffic,38
7 Saturday,2.5,2 - medium traffic,25
7 Saturday,2.5,3 - heavy traffic,60
7 Saturday,2.5,4 - stand still,206.5
7 Saturday,3,0- free flowing,24801
7 Saturday,3,1 - light traffic,2
7 Saturday,3,2 - medium traffic,17.5
7 Saturday,3,3 - heavy traffic,69
7 Saturday,3,4 - stand still,182
7 Saturday,3.5,0- free flowing,23392
7 Saturday,3.5,1 - light traffic,4
7 Saturday,3.5,2 - medium traffic,50
7 Saturday,3.5,3 - heavy traffic,93
7 Saturday,3.5,4 - stand still,154
7 Saturday,4,0- free flowing,21828
7 Saturday,4,1 - light traffic,24
7 Saturday,4,2 - medium traffic,7.5
7 Saturday,4,3 - heavy traffic,60
7 Saturday,4,4 - stand still,154
7 Saturday,4.5,0- free flowing,21664
7 Saturday,4.5,1 - light traffic,26
7 Saturday,4.5,2 - medium traffic,22.5
7 Saturday,4.5,3 - heavy traffic,96
7 Saturday,4.5,4 - stand still,178.5
7 Saturday,5,0- free flowing,24186
7 Saturday,5,1 - light traffic,8
7 Saturday,5,2 - medium traffic,22.5
7 Saturday,5,3 - heavy traffic,45
7 Saturday,5,4 - stand still,238
7 Saturday,5.5,0- free flowing,28378
7 Saturday,5.5,1 - light traffic,6
7 Saturday,5.5,2 - medium traffic,7.5
7 Saturday,5.5,3 - heavy traffic,57
7 Saturday,5.5,4 - stand still,311.5
7 Saturday,6,0- free flowing,33928
7 Saturday,6,1 - light traffic,8
7 Saturday,6,2 - medium traffic,25
7 Saturday,6,3 - heavy traffic,33
7 Saturday,6,4 - stand still,122.5
7 Saturday,6.5,0- free flowing,41559
7 Saturday,6.5,1 - light traffic,18
7 Saturday,6.5,2 - medium traffic,40
7 Saturday,6.5,3 - heavy traffic,156
7 Saturday,6.5,4 - stand still,234.5
7 Saturday,7,0- free flowing,45807
7 Saturday,7,1 - light traffic,28
7 Saturday,7,2 - medium traffic,67.5
7 Saturday,7,3 - heavy traffic,102
7 Saturday,7,4 - stand still,115.5
7 Saturday,7.5,0- free flowing,57537
7 Saturday,7.5,1 - light traffic,20
7 Saturday,7.5,2 - medium traffic,27.5
7 Saturday,7.5,3 - heavy traffic,282
7 Saturday,7.5,4 - stand still,189
7 Saturday,8,0- free flowing,72706
7 Saturday,8,1 - light traffic,44
7 Saturday,8,2 - medium traffic,105
7 Saturday,8,3 - heavy traffic,423
7 Saturday,8,4 - stand still,479.5
7 Saturday,8.5,0- free flowing,93949
7 Saturday,8.5,1 - light traffic,232
7 Saturday,8.5,2 - medium traffic,182.5
7 Saturday,8.5,3 - heavy traffic,810
7 Saturday,8.5,4 - stand still,945
7 Saturday,9,0- free flowing,104558
7 Saturday,9,1 - light traffic,312
7 Saturday,9,2 - medium traffic,312.5
7 Saturday,9,3 - heavy traffic,1812
7 Saturday,9,4 - stand still,1757
7 Saturday,9.5,0- free flowing,122088
7 Saturday,9.5,1 - light traffic,242
7 Saturday,9.5,2 - medium traffic,285
7 Saturday,9.5,3 - heavy traffic,2307
7 Saturday,9.5,4 - stand still,4144
7 Saturday,10,0- free flowing,144092
7 Saturday,10,1 - light traffic,562
7 Saturday,10,2 - medium traffic,1237.5
7 Saturday,10,3 - heavy traffic,4869
7 Saturday,10,4 - stand still,5617.5
7 Saturday,10.5,0- free flowing,157308
7 Saturday,10.5,1 - light traffic,718
7 Saturday,10.5,2 - medium traffic,3067.5
7 Saturday,10.5,3 - heavy traffic,8100
7 Saturday,10.5,4 - stand still,5925.5
7 Saturday,11,0- free flowing,170768
7 Saturday,11,1 - light traffic,808
7 Saturday,11,2 - medium traffic,5210
7 Saturday,11,3 - heavy traffic,15402
7 Saturday,11,4 - stand still,7861
7 Saturday,11.5,0- free flowing,183771
7 Saturday,11.5,1 - light traffic,1630
7 Saturday,11.5,2 - medium traffic,7622.5
7 Saturday,11.5,3 - heavy traffic,24558
7 Saturday,11.5,4 - stand still,9429
7 Saturday,12,0- free flowing,198926
7 Saturday,12,1 - light traffic,2294
7 Saturday,12,2 - medium traffic,10617.5
7 Saturday,12,3 - heavy traffic,30555
7 Saturday,12,4 - stand still,14668.5
7 Saturday,12.5,0- free flowing,210553
7 Saturday,12.5,1 - light traffic,3018
7 Saturday,12.5,2 - medium traffic,15217.5
7 Saturday,12.5,3 - heavy traffic,35442
7 Saturday,12.5,4 - stand still,19250
7 Saturday,13,0- free flowing,215510
7 Saturday,13,1 - light traffic,3212
7 Saturday,13,2 - medium traffic,17762.5
7 Saturday,13,3 - heavy traffic,41085
7 Saturday,13,4 - stand still,17671.5
7 Saturday,13.5,0- free flowing,213080
7 Saturday,13.5,1 - light traffic,2630
7 Saturday,13.5,2 - medium traffic,19115
7 Saturday,13.5,3 - heavy traffic,40137
7 Saturday,13.5,4 - stand still,16296
7 Saturday,14,0- free flowing,210252
7 Saturday,14,1 - light traffic,2480
7 Saturday,14,2 - medium traffic,17432.5
7 Saturday,14,3 - heavy traffic,37686
7 Saturday,14,4 - stand still,17552.5
7 Saturday,14.5,0- free flowing,207606
7 Saturday,14.5,1 - light traffic,3180
7 Saturday,14.5,2 - medium traffic,19645
7 Saturday,14.5,3 - heavy traffic,39780
7 Saturday,14.5,4 - stand still,15862
7 Saturday,15,0- free flowing,205848
7 Saturday,15,1 - light traffic,2982
7 Saturday,15,2 - medium traffic,20867.5
7 Saturday,15,3 - heavy traffic,35439
7 Saturday,15,4 - stand still,16058
7 Saturday,15.5,0- free flowing,203910
7 Saturday,15.5,1 - light traffic,2758
7 Saturday,15.5,2 - medium traffic,19355
7 Saturday,15.5,3 - heavy traffic,32178
7 Saturday,15.5,4 - stand still,15575
7 Saturday,16,0- free flowing,202301
7 Saturday,16,1 - light traffic,2518
7 Saturday,16,2 - medium traffic,16820
7 Saturday,16,3 - heavy traffic,30534
7 Saturday,16,4 - stand still,15344
7 Saturday,16.5,0- free flowing,198906
7 Saturday,16.5,1 - light traffic,2596
7 Saturday,16.5,2 - medium traffic,16627.5
7 Saturday,16.5,3 - heavy traffic,25164
7 Saturday,16.5,4 - stand still,12432
7 Saturday,17,0- free flowing,193949
7 Saturday,17,1 - light traffic,2712
7 Saturday,17,2 - medium traffic,14825
7 Saturday,17,3 - heavy traffic,20340
7 Saturday,17,4 - stand still,9877
7 Saturday,17.5,0- free flowing,187471
7 Saturday,17.5,1 - light traffic,2212
7 Saturday,17.5,2 - medium traffic,15202.5
7 Saturday,17.5,3 - heavy traffic,17064
7 Saturday,17.5,4 - stand still,7714
7 Saturday,18,0- free flowing,180994
7 Saturday,18,1 - light traffic,1998
7 Saturday,18,2 - medium traffic,10595
7 Saturday,18,3 - heavy traffic,13242
7 Saturday,18,4 - stand still,7962.5
7 Saturday,18.5,0- free flowing,169941
7 Saturday,18.5,1 - light traffic,1348
7 Saturday,18.5,2 - medium traffic,6082.5
7 Saturday,18.5,3 - heavy traffic,9687
7 Saturday,18.5,4 - stand still,6783
7 Saturday,19,0- free flowing,159021
7 Saturday,19,1 - light traffic,550
7 Saturday,19,2 - medium traffic,3867.5
7 Saturday,19,3 - heavy traffic,6537
7 Saturday,19,4 - stand still,6209
7 Saturday,19.5,0- free flowing,143418
7 Saturday,19.5,1 - light traffic,436
7 Saturday,19.5,2 - medium traffic,3155
7 Saturday,19.5,3 - heavy traffic,3915
7 Saturday,19.5,4 - stand still,4672.5
7 Saturday,20,0- free flowing,114899
7 Saturday,20,1 - light traffic,836
7 Saturday,20,2 - medium traffic,1355
7 Saturday,20,3 - heavy traffic,2277
7 Saturday,20,4 - stand still,4315.5
7 Saturday,20.5,0- free flowing,94767
7 Saturday,20.5,1 - light traffic,560
7 Saturday,20.5,2 - medium traffic,742.5
7 Saturday,20.5,3 - heavy traffic,1818
7 Saturday,20.5,4 - stand still,2383.5
7 Saturday,21,0- free flowing,100934
7 Saturday,21,1 - light traffic,88
7 Saturday,21,2 - medium traffic,212.5
7 Saturday,21,3 - heavy traffic,1476
7 Saturday,21,4 - stand still,2215.5
7 Saturday,21.5,0- free flowing,96049
7 Saturday,21.5,1 - light traffic,68
7 Saturday,21.5,2 - medium traffic,220
7 Saturday,21.5,3 - heavy traffic,999
7 Saturday,21.5,4 - stand still,1106
7 Saturday,22,0- free flowing,86393
7 Saturday,22,1 - light traffic,54
7 Saturday,22,2 - medium traffic,225
7 Saturday,22,3 - heavy traffic,603
7 Saturday,22,4 - stand still,766.5
7 Saturday,22.5,0- free flowing,77560
7 Saturday,22.5,1 - light traffic,22
7 Saturday,22.5,2 - medium traffic,95
7 Saturday,22.5,3 - heavy traffic,438
7 Saturday,22.5,4 - stand still,714
7 Saturday,23,0- free flowing,64302
7 Saturday,23,1 - light traffic,28
7 Saturday,23,2 - medium traffic,40
7 Saturday,23,3 - heavy traffic,339
7 Saturday,23,4 - stand still,332.5
7 Saturday,23.5,0- free flowing,54103
7 Saturday,23.5,1 - light traffic,2
7 Saturday,23.5,2 - medium traffic,62.5
7 Saturday,23.5,3 - heavy traffic,129
7 Saturday,23.5,4 - stand still,185.5
7 Saturday,24,0- free flowing,42550
7 Saturday,24,1 - light traffic,2
7 Saturday,24,2 - medium traffic,2.5
7 Saturday,24,3 - heavy traffic,159
7 Saturday,24,4 - stand still,549.5
