Day of Week,Time Half Hour,Traffic Level,Traffic Flow
1 Sunday,0.5,0- free flowing,37404
1 Sunday,0.5,1 - light traffic,18
1 Sunday,0.5,2 - medium traffic,0
1 Sunday,0.5,3 - heavy traffic,63
1 Sunday,0.5,4 - stand still,122.5
1 Sunday,1,0- free flowing,33445
1 Sunday,1,1 - light traffic,4
1 Sunday,1,2 - medium traffic,7.5
1 Sunday,1,3 - heavy traffic,84
1 Sunday,1,4 - stand still,105
1 Sunday,1.5,0- free flowing,28728
1 Sunday,1.5,1 - light traffic,6
1 Sunday,1.5,2 - medium traffic,5
1 Sunday,1.5,3 - heavy traffic,33
1 Sunday,1.5,4 - stand still,59.5
1 Sunday,2,0- free flowing,23530
1 Sunday,2,1 - light traffic,2
1 Sunday,2,2 - medium traffic,10
1 Sunday,2,3 - heavy traffic,36
1 Sunday,2,4 - stand still,45.5
1 Sunday,2.5,0- free flowing,20182
1 Sunday,2.5,1 - light traffic,0
1 Sunday,2.5,2 - medium traffic,0
1 Sunday,2.5,3 - heavy traffic,60
1 Sunday,2.5,4 - stand still,45.5
1 Sunday,3,0- free flowing,18500
1 Sunday,3,1 - light traffic,0
1 Sunday,3,2 - medium traffic,2.5
1 Sunday,3,3 - heavy traffic,27
1 Sunday,3,4 - stand still,66.5
1 Sunday,3.5,0- free flowing,16684
1 Sunday,3.5,1 - light traffic,0
1 Sunday,3.5,2 - medium traffic,10
1 Sunday,3.5,3 - heavy traffic,33
1 Sunday,3.5,4 - stand still,24.5
1 Sunday,4,0- free flowing,14389
1 Sunday,4,1 - light traffic,0
1 Sunday,4,2 - medium traffic,10
1 Sunday,4,3 - heavy traffic,54
1 Sunday,4,4 - stand still,24.5
1 Sunday,4.5,0- free flowing,13991
1 Sunday,4.5,1 - light traffic,8
1 Sunday,4.5,2 - medium traffic,7.5
1 Sunday,4.5,3 - heavy traffic,18
1 Sunday,4.5,4 - stand still,119
1 Sunday,5,0- free flowing,15041
1 Sunday,5,1 - light traffic,10
1 Sunday,5,2 - medium traffic,15
1 Sunday,5,3 - heavy traffic,48
1 Sunday,5,4 - stand still,87.5
1 Sunday,5.5,0- free flowing,17249
1 Sunday,5.5,1 - light traffic,12
1 Sunday,5.5,2 - medium traffic,5
1 Sunday,5.5,3 - heavy traffic,51
1 Sunday,5.5,4 - stand still,49
1 Sunday,6,0- free flowing,20919
1 Sunday,6,1 - light traffic,0
1 Sunday,6,2 - medium traffic,20
1 Sunday,6,3 - heavy traffic,81
1 Sunday,6,4 - stand still,350
1 Sunday,6.5,0- free flowing,26751
1 Sunday,6.5,1 - light traffic,2
1 Sunday,6.5,2 - medium traffic,12.5
1 Sunday,6.5,3 - heavy traffic,72
1 Sunday,6.5,4 - stand still,66.5
1 Sunday,7,0- free flowing,29355
1 Sunday,7,1 - light traffic,8
1 Sunday,7,2 - medium traffic,17.5
1 Sunday,7,3 - heavy traffic,90
1 Sunday,7,4 - stand still,133
1 Sunday,7.5,0- free flowing,32799
1 Sunday,7.5,1 - light traffic,6
1 Sunday,7.5,2 - medium traffic,45
1 Sunday,7.5,3 - heavy traffic,159
1 Sunday,7.5,4 - stand still,395.5
1 Sunday,8,0- free flowing,36989
1 Sunday,8,1 - light traffic,0
1 Sunday,8,2 - medium traffic,110
1 Sunday,8,3 - heavy traffic,102
1 Sunday,8,4 - stand still,1354.5
1 Sunday,8.5,0- free flowing,46451
1 Sunday,8.5,1 - light traffic,6
1 Sunday,8.5,2 - medium traffic,62.5
1 Sunday,8.5,3 - heavy traffic,318
1 Sunday,8.5,4 - stand still,2439.5
1 Sunday,9,0- free flowing,61531
1 Sunday,9,1 - light traffic,28
1 Sunday,9,2 - medium traffic,410
1 Sunday,9,3 - heavy traffic,438
1 Sunday,9,4 - stand still,2541
1 Sunday,9.5,0- free flowing,76670
1 Sunday,9.5,1 - light traffic,46
1 Sunday,9.5,2 - medium traffic,420
1 Sunday,9.5,3 - heavy traffic,1350
1 Sunday,9.5,4 - stand still,2408
1 Sunday,10,0- free flowing,85813
1 Sunday,10,1 - light traffic,46
1 Sunday,10,2 - medium traffic,322.5
1 Sunday,10,3 - heavy traffic,2172
1 Sunday,10,4 - stand still,3990
1 Sunday,10.5,0- free flowing,111580
1 Sunday,10.5,1 - light traffic,302
1 Sunday,10.5,2 - medium traffic,1020
1 Sunday,10.5,3 - heavy traffic,3696
1 Sunday,10.5,4 - stand still,7017.5
1 Sunday,11,0- free flowing,128701
1 Sunday,11,1 - light traffic,602
1 Sunday,11,2 - medium traffic,2840
1 Sunday,11,3 - heavy traffic,7509
1 Sunday,11,4 - stand still,7829.5
1 Sunday,11.5,0- free flowing,136433
1 Sunday,11.5,1 - light traffic,622
1 Sunday,11.5,2 - medium traffic,3830
1 Sunday,11.5,3 - heavy traffic,12555
1 Sunday,11.5,4 - stand still,9936.5
1 Sunday,12,0- free flowing,150280
1 Sunday,12,1 - light traffic,1394
1 Sunday,12,2 - medium traffic,5992.5
1 Sunday,12,3 - heavy traffic,18687
1 Sunday,12,4 - stand still,12379.5
1 Sunday,12.5,0- free flowing,168067
1 Sunday,12.5,1 - light traffic,3034
1 Sunday,12.5,2 - medium traffic,9712.5
1 Sunday,12.5,3 - heavy traffic,27687
1 Sunday,12.5,4 - stand still,13615
1 Sunday,13,0- free flowing,177306
1 Sunday,13,1 - light traffic,4700
1 Sunday,13,2 - medium traffic,20197.5
1 Sunday,13,3 - heavy traffic,36819
1 Sunday,13,4 - stand still,18504.5
1 Sunday,13.5,0- free flowing,178293
1 Sunday,13.5,1 - light traffic,4950
1 Sunday,13.5,2 - medium traffic,29857.5
1 Sunday,13.5,3 - heavy traffic,38772
1 Sunday,13.5,4 - stand still,19250
1 Sunday,14,0- free flowing,180284
1 Sunday,14,1 - light traffic,4840
1 Sunday,14,2 - medium traffic,30040
1 Sunday,14,3 - heavy traffic,42357
1 Sunday,14,4 - stand still,24874.5
1 Sunday,14.5,0- free flowing,180966
1 Sunday,14.5,1 - light traffic,4860
1 Sunday,14.5,2 - medium traffic,30940
1 Sunday,14.5,3 - heavy traffic,48633
1 Sunday,14.5,4 - stand still,26747
1 Sunday,15,0- free flowing,185928
1 Sunday,15,1 - light traffic,4374
1 Sunday,15,2 - medium traffic,30552.5
1 Sunday,15,3 - heavy traffic,51393
1 Sunday,15,4 - stand still,26176.5
1 Sunday,15.5,0- free flowing,182916
1 Sunday,15.5,1 - light traffic,3860
1 Sunday,15.5,2 - medium traffic,30910
1 Sunday,15.5,3 - heavy traffic,48750
1 Sunday,15.5,4 - stand still,24451
1 Sunday,16,0- free flowing,180487
1 Sunday,16,1 - light traffic,3986
1 Sunday,16,2 - medium traffic,33745
1 Sunday,16,3 - heavy traffic,46797
1 Sunday,16,4 - stand still,21241.5
1 Sunday,16.5,0- free flowing,177291
1 Sunday,16.5,1 - light traffic,3442
1 Sunday,16.5,2 - medium traffic,37027.5
1 Sunday,16.5,3 - heavy traffic,41583
1 Sunday,16.5,4 - stand still,19439
1 Sunday,17,0- free flowing,172414
1 Sunday,17,1 - light traffic,4504
1 Sunday,17,2 - medium traffic,32327.5
1 Sunday,17,3 - heavy traffic,37404
1 Sunday,17,4 - stand still,15746.5
1 Sunday,17.5,0- free flowing,163174
1 Sunday,17.5,1 - light traffic,3184
1 Sunday,17.5,2 - medium traffic,23507.5
1 Sunday,17.5,3 - heavy traffic,32061
1 Sunday,17.5,4 - stand still,14892.5
1 Sunday,18,0- free flowing,152957
1 Sunday,18,1 - light traffic,2054
1 Sunday,18,2 - medium traffic,18920
1 Sunday,18,3 - heavy traffic,22566
1 Sunday,18,4 - stand still,11207
1 Sunday,18.5,0- free flowing,141230
1 Sunday,18.5,1 - light traffic,2010
1 Sunday,18.5,2 - medium traffic,13272.5
1 Sunday,18.5,3 - heavy traffic,17319
1 Sunday,18.5,4 - stand still,6968.5
1 Sunday,19,0- free flowing,124644
1 Sunday,19,1 - light traffic,1008
1 Sunday,19,2 - medium traffic,9410
1 Sunday,19,3 - heavy traffic,11628
1 Sunday,19,4 - stand still,6863.5
1 Sunday,19.5,0- free flowing,113654
1 Sunday,19.5,1 - light traffic,782
1 Sunday,19.5,2 - medium traffic,4702.5
1 Sunday,19.5,3 - heavy traffic,9804
1 Sunday,19.5,4 - stand still,6422.5
1 Sunday,20,0- free flowing,97445
1 Sunday,20,1 - light traffic,766
1 Sunday,20,2 - medium traffic,4740
1 Sunday,20,3 - heavy traffic,4245
1 Sunday,20,4 - stand still,3381
1 Sunday,20.5,0- free flowing,87545
1 Sunday,20.5,1 - light traffic,434
1 Sunday,20.5,2 - medium traffic,2570
1 Sunday,20.5,3 - heavy traffic,2601
1 Sunday,20.5,4 - stand still,2730
1 Sunday,21,0- free flowing,76151
1 Sunday,21,1 - light traffic,434
1 Sunday,21,2 - medium traffic,1315
1 Sunday,21,3 - heavy traffic,2109
1 Sunday,21,4 - stand still,1855
1 Sunday,21.5,0- free flowing,65538
1 Sunday,21.5,1 - light traffic,214
1 Sunday,21.5,2 - medium traffic,805
1 Sunday,21.5,3 - heavy traffic,1872
1 Sunday,21.5,4 - stand still,3374
1 Sunday,22,0- free flowing,56311
1 Sunday,22,1 - light traffic,224
1 Sunday,22,2 - medium traffic,460
1 Sunday,22,3 - heavy traffic,1023
1 Sunday,22,4 - stand still,2376.5
1 Sunday,22.5,0- free flowing,47066
1 Sunday,22.5,1 - light traffic,154
1 Sunday,22.5,2 - medium traffic,382.5
1 Sunday,22.5,3 - heavy traffic,696
1 Sunday,22.5,4 - stand still,2254
1 Sunday,23,0- free flowing,39927
1 Sunday,23,1 - light traffic,126
1 Sunday,23,2 - medium traffic,370
1 Sunday,23,3 - heavy traffic,450
1 Sunday,23,4 - stand still,2390.5
1 Sunday,23.5,0- free flowing,34200
1 Sunday,23.5,1 - light traffic,56
1 Sunday,23.5,2 - medium traffic,170
1 Sunday,23.5,3 - heavy traffic,279
1 Sunday,23.5,4 - stand still,1666
1 Sunday,24,0- free flowing,38307
1 Sunday,24,1 - light traffic,28
1 Sunday,24,2 - medium traffic,112.5
1 Sunday,24,3 - heavy traffic,237
1 Sunday,24,4 - stand still,633.5
2 Monday,0.5,0- free flowing,25983
2 Monday,0.5,1 - light traffic,30
2 Monday,0.5,2 - medium traffic,47.5
2 Monday,0.5,3 - heavy traffic,144
2 Monday,0.5,4 - stand still,413
2 Monday,1,0- free flowing,22330
2 Monday,1,1 - light traffic,34
2 Monday,1,2 - medium traffic,25
2 Monday,1,3 - heavy traffic,81
2 Monday,1,4 - stand still,329
2 Monday,1.5,0- free flowing,19261
2 Monday,1.5,1 - light traffic,18
2 Monday,1.5,2 - medium traffic,12.5
2 Monday,1.5,3 - heavy traffic,69
2 Monday,1.5,4 - stand still,301
2 Monday,2,0- free flowing,16956
2 Monday,2,1 - light traffic,20
2 Monday,2,2 - medium traffic,30
2 Monday,2,3 - heavy traffic,69
2 Monday,2,4 - stand still,416.5
2 Monday,2.5,0- free flowing,15377
2 Monday,2.5,1 - light traffic,20
2 Monday,2.5,2 - medium traffic,22.5
2 Monday,2.5,3 - heavy traffic,93
2 Monday,2.5,4 - stand still,252
2 Monday,3,0- free flowing,13373
2 Monday,3,1 - light traffic,8
2 Monday,3,2 - medium traffic,20
2 Monday,3,3 - heavy traffic,78
2 Monday,3,4 - stand still,63
2 Monday,3.5,0- free flowing,12974
2 Monday,3.5,1 - light traffic,12
2 Monday,3.5,2 - medium traffic,27.5
2 Monday,3.5,3 - heavy traffic,39
2 Monday,3.5,4 - stand still,91
2 Monday,4,0- free flowing,14236
2 Monday,4,1 - light traffic,10
2 Monday,4,2 - medium traffic,55
2 Monday,4,3 - heavy traffic,45
2 Monday,4,4 - stand still,122.5
2 Monday,4.5,0- free flowing,16507
2 Monday,4.5,1 - light traffic,6
2 Monday,4.5,2 - medium traffic,20
2 Monday,4.5,3 - heavy traffic,39
2 Monday,4.5,4 - stand still,133
2 Monday,5,0- free flowing,22144
2 Monday,5,1 - light traffic,14
2 Monday,5,2 - medium traffic,10
2 Monday,5,3 - heavy traffic,60
2 Monday,5,4 - stand still,91
2 Monday,5.5,0- free flowing,28692
2 Monday,5.5,1 - light traffic,4
2 Monday,5.5,2 - medium traffic,35
2 Monday,5.5,3 - heavy traffic,120
2 Monday,5.5,4 - stand still,168
2 Monday,6,0- free flowing,32657
2 Monday,6,1 - light traffic,8
2 Monday,6,2 - medium traffic,22.5
2 Monday,6,3 - heavy traffic,165
2 Monday,6,4 - stand still,392
2 Monday,6.5,0- free flowing,42265
2 Monday,6.5,1 - light traffic,4
2 Monday,6.5,2 - medium traffic,72.5
2 Monday,6.5,3 - heavy traffic,369
2 Monday,6.5,4 - stand still,707
2 Monday,7,0- free flowing,59974
2 Monday,7,1 - light traffic,58
2 Monday,7,2 - medium traffic,487.5
2 Monday,7,3 - heavy traffic,1068
2 Monday,7,4 - stand still,2310
2 Monday,7.5,0- free flowing,95717
2 Monday,7.5,1 - light traffic,592
2 Monday,7.5,2 - medium traffic,2780
2 Monday,7.5,3 - heavy traffic,4446
2 Monday,7.5,4 - stand still,3776.5
2 Monday,8,0- free flowing,115785
2 Monday,8,1 - light traffic,1352
2 Monday,8,2 - medium traffic,7857.5
2 Monday,8,3 - heavy traffic,17940
2 Monday,8,4 - stand still,7182
2 Monday,8.5,0- free flowing,122438
2 Monday,8.5,1 - light traffic,878
2 Monday,8.5,2 - medium traffic,5927.5
2 Monday,8.5,3 - heavy traffic,10872
2 Monday,8.5,4 - stand still,7577.5
2 Monday,9,0- free flowing,115162
2 Monday,9,1 - light traffic,676
2 Monday,9,2 - medium traffic,3242.5
2 Monday,9,3 - heavy traffic,4542
2 Monday,9,4 - stand still,4641
2 Monday,9.5,0- free flowing,109310
2 Monday,9.5,1 - light traffic,132
2 Monday,9.5,2 - medium traffic,485
2 Monday,9.5,3 - heavy traffic,2475
2 Monday,9.5,4 - stand still,2142
2 Monday,10,0- free flowing,114472
2 Monday,10,1 - light traffic,156
2 Monday,10,2 - medium traffic,380
2 Monday,10,3 - heavy traffic,1359
2 Monday,10,4 - stand still,1851.5
2 Monday,10.5,0- free flowing,119935
2 Monday,10.5,1 - light traffic,88
2 Monday,10.5,2 - medium traffic,257.5
2 Monday,10.5,3 - heavy traffic,1026
2 Monday,10.5,4 - stand still,1456
2 Monday,11,0- free flowing,129013
2 Monday,11,1 - light traffic,176
2 Monday,11,2 - medium traffic,795
2 Monday,11,3 - heavy traffic,1773
2 Monday,11,4 - stand still,1193.5
2 Monday,11.5,0- free flowing,135800
2 Monday,11.5,1 - light traffic,532
2 Monday,11.5,2 - medium traffic,1547.5
2 Monday,11.5,3 - heavy traffic,4275
2 Monday,11.5,4 - stand still,1806
2 Monday,12,0- free flowing,142145
2 Monday,12,1 - light traffic,740
2 Monday,12,2 - medium traffic,2420
2 Monday,12,3 - heavy traffic,9612
2 Monday,12,4 - stand still,3762.5
2 Monday,12.5,0- free flowing,149206
2 Monday,12.5,1 - light traffic,1072
2 Monday,12.5,2 - medium traffic,3947.5
2 Monday,12.5,3 - heavy traffic,14385
2 Monday,12.5,4 - stand still,6142.5
2 Monday,13,0- free flowing,157539
2 Monday,13,1 - light traffic,1202
2 Monday,13,2 - medium traffic,7057.5
2 Monday,13,3 - heavy traffic,17139
2 Monday,13,4 - stand still,7105
2 Monday,13.5,0- free flowing,160327
2 Monday,13.5,1 - light traffic,1822
2 Monday,13.5,2 - medium traffic,9137.5
2 Monday,13.5,3 - heavy traffic,19074
2 Monday,13.5,4 - stand still,7388.5
2 Monday,14,0- free flowing,161310
2 Monday,14,1 - light traffic,1360
2 Monday,14,2 - medium traffic,11855
2 Monday,14,3 - heavy traffic,19224
2 Monday,14,4 - stand still,6685
2 Monday,14.5,0- free flowing,164461
2 Monday,14.5,1 - light traffic,2248
2 Monday,14.5,2 - medium traffic,12687.5
2 Monday,14.5,3 - heavy traffic,24741
2 Monday,14.5,4 - stand still,6667.5
2 Monday,15,0- free flowing,171423
2 Monday,15,1 - light traffic,2522
2 Monday,15,2 - medium traffic,13110
2 Monday,15,3 - heavy traffic,31548
2 Monday,15,4 - stand still,5026
2 Monday,15.5,0- free flowing,174460
2 Monday,15.5,1 - light traffic,2922
2 Monday,15.5,2 - medium traffic,18442.5
2 Monday,15.5,3 - heavy traffic,31683
2 Monday,15.5,4 - stand still,8543.5
2 Monday,16,0- free flowing,173337
2 Monday,16,1 - light traffic,2996
2 Monday,16,2 - medium traffic,25412.5
2 Monday,16,3 - heavy traffic,28815
2 Monday,16,4 - stand still,10328.5
2 Monday,16.5,0- free flowing,184867
2 Monday,16.5,1 - light traffic,2504
2 Monday,16.5,2 - medium traffic,27360
2 Monday,16.5,3 - heavy traffic,34983
2 Monday,16.5,4 - stand still,8193.5
2 Monday,17,0- free flowing,199501
2 Monday,17,1 - light traffic,2710
2 Monday,17,2 - medium traffic,29137.5
2 Monday,17,3 - heavy traffic,48480
2 Monday,17,4 - stand still,8484
2 Monday,17.5,0- free flowing,208131
2 Monday,17.5,1 - light traffic,3384
2 Monday,17.5,2 - medium traffic,31335
2 Monday,17.5,3 - heavy traffic,70326
2 Monday,17.5,4 - stand still,14143.5
2 Monday,18,0- free flowing,180542
2 Monday,18,1 - light traffic,2944
2 Monday,18,2 - medium traffic,21237.5
2 Monday,18,3 - heavy traffic,37173
2 Monday,18,4 - stand still,9730
2 Monday,18.5,0- free flowing,146586
2 Monday,18.5,1 - light traffic,1438
2 Monday,18.5,2 - medium traffic,9207.5
2 Monday,18.5,3 - heavy traffic,8934
2 Monday,18.5,4 - stand still,4319
2 Monday,19,0- free flowing,115300
2 Monday,19,1 - light traffic,504
2 Monday,19,2 - medium traffic,1955
2 Monday,19,3 - heavy traffic,2637
2 Monday,19,4 - stand still,2387
2 Monday,19.5,0- free flowing,98359
2 Monday,19.5,1 - light traffic,306
2 Monday,19.5,2 - medium traffic,495
2 Monday,19.5,3 - heavy traffic,1062
2 Monday,19.5,4 - stand still,2898
2 Monday,20,0- free flowing,85442
2 Monday,20,1 - light traffic,82
2 Monday,20,2 - medium traffic,460
2 Monday,20,3 - heavy traffic,495
2 Monday,20,4 - stand still,2163
2 Monday,20.5,0- free flowing,75270
2 Monday,20.5,1 - light traffic,224
2 Monday,20.5,2 - medium traffic,275
2 Monday,20.5,3 - heavy traffic,648
2 Monday,20.5,4 - stand still,1326.5
2 Monday,21,0- free flowing,65319
2 Monday,21,1 - light traffic,196
2 Monday,21,2 - medium traffic,117.5
2 Monday,21,3 - heavy traffic,654
2 Monday,21,4 - stand still,605.5
2 Monday,21.5,0- free flowing,56683
2 Monday,21.5,1 - light traffic,76
2 Monday,21.5,2 - medium traffic,280
2 Monday,21.5,3 - heavy traffic,1116
2 Monday,21.5,4 - stand still,1753.5
2 Monday,22,0- free flowing,47406
2 Monday,22,1 - light traffic,36
2 Monday,22,2 - medium traffic,70
2 Monday,22,3 - heavy traffic,948
2 Monday,22,4 - stand still,2663.5
2 Monday,22.5,0- free flowing,40684
2 Monday,22.5,1 - light traffic,18
2 Monday,22.5,2 - medium traffic,137.5
2 Monday,22.5,3 - heavy traffic,696
2 Monday,22.5,4 - stand still,1428
2 Monday,23,0- free flowing,35908
2 Monday,23,1 - light traffic,24
2 Monday,23,2 - medium traffic,210
2 Monday,23,3 - heavy traffic,669
2 Monday,23,4 - stand still,959
2 Monday,23.5,0- free flowing,32700
2 Monday,23.5,1 - light traffic,40
2 Monday,23.5,2 - medium traffic,162.5
2 Monday,23.5,3 - heavy traffic,552
2 Monday,23.5,4 - stand still,1372
2 Monday,24,0- free flowing,30156
2 Monday,24,1 - light traffic,58
2 Monday,24,2 - medium traffic,117.5
2 Monday,24,3 - heavy traffic,195
2 Monday,24,4 - stand still,1634.5
3 Tuesday,0.5,0- free flowing,24176
3 Tuesday,0.5,1 - light traffic,18
3 Tuesday,0.5,2 - medium traffic,72.5
3 Tuesday,0.5,3 - heavy traffic,189
3 Tuesday,0.5,4 - stand still,1267
3 Tuesday,1,0- free flowing,20384
3 Tuesday,1,1 - light traffic,46
3 Tuesday,1,2 - medium traffic,32.5
3 Tuesday,1,3 - heavy traffic,198
3 Tuesday,1,4 - stand still,903
3 Tuesday,1.5,0- free flowing,16869
3 Tuesday,1.5,1 - light traffic,14
3 Tuesday,1.5,2 - medium traffic,35
3 Tuesday,1.5,3 - heavy traffic,84
3 Tuesday,1.5,4 - stand still,521.5
3 Tuesday,2,0- free flowing,14852
3 Tuesday,2,1 - light traffic,26
3 Tuesday,2,2 - medium traffic,12.5
3 Tuesday,2,3 - heavy traffic,126
3 Tuesday,2,4 - stand still,353.5
3 Tuesday,2.5,0- free flowing,13595
3 Tuesday,2.5,1 - light traffic,26
3 Tuesday,2.5,2 - medium traffic,15
3 Tuesday,2.5,3 - heavy traffic,90
3 Tuesday,2.5,4 - stand still,448
3 Tuesday,3,0- free flowing,12726
3 Tuesday,3,1 - light traffic,2
3 Tuesday,3,2 - medium traffic,30
3 Tuesday,3,3 - heavy traffic,90
3 Tuesday,3,4 - stand still,185.5
3 Tuesday,3.5,0- free flowing,12990
3 Tuesday,3.5,1 - light traffic,12
3 Tuesday,3.5,2 - medium traffic,12.5
3 Tuesday,3.5,3 - heavy traffic,78
3 Tuesday,3.5,4 - stand still,126
3 Tuesday,4,0- free flowing,13761
3 Tuesday,4,1 - light traffic,4
3 Tuesday,4,2 - medium traffic,15
3 Tuesday,4,3 - heavy traffic,66
3 Tuesday,4,4 - stand still,154
3 Tuesday,4.5,0- free flowing,16160
3 Tuesday,4.5,1 - light traffic,0
3 Tuesday,4.5,2 - medium traffic,10
3 Tuesday,4.5,3 - heavy traffic,105
3 Tuesday,4.5,4 - stand still,161
3 Tuesday,5,0- free flowing,22679
3 Tuesday,5,1 - light traffic,4
3 Tuesday,5,2 - medium traffic,27.5
3 Tuesday,5,3 - heavy traffic,81
3 Tuesday,5,4 - stand still,220.5
3 Tuesday,5.5,0- free flowing,30100
3 Tuesday,5.5,1 - light traffic,4
3 Tuesday,5.5,2 - medium traffic,15
3 Tuesday,5.5,3 - heavy traffic,117
3 Tuesday,5.5,4 - stand still,280
3 Tuesday,6,0- free flowing,36422
3 Tuesday,6,1 - light traffic,2
3 Tuesday,6,2 - medium traffic,15
3 Tuesday,6,3 - heavy traffic,132
3 Tuesday,6,4 - stand still,105
3 Tuesday,6.5,0- free flowing,45343
3 Tuesday,6.5,1 - light traffic,2
3 Tuesday,6.5,2 - medium traffic,75
3 Tuesday,6.5,3 - heavy traffic,213
3 Tuesday,6.5,4 - stand still,343
3 Tuesday,7,0- free flowing,66978
3 Tuesday,7,1 - light traffic,56
3 Tuesday,7,2 - medium traffic,317.5
3 Tuesday,7,3 - heavy traffic,909
3 Tuesday,7,4 - stand still,1039.5
3 Tuesday,7.5,0- free flowing,109933
3 Tuesday,7.5,1 - light traffic,1062
3 Tuesday,7.5,2 - medium traffic,5815
3 Tuesday,7.5,3 - heavy traffic,7764
3 Tuesday,7.5,4 - stand still,2635.5
3 Tuesday,8,0- free flowing,129427
3 Tuesday,8,1 - light traffic,1368
3 Tuesday,8,2 - medium traffic,11410
3 Tuesday,8,3 - heavy traffic,26484
3 Tuesday,8,4 - stand still,6349
3 Tuesday,8.5,0- free flowing,130507
3 Tuesday,8.5,1 - light traffic,1278
3 Tuesday,8.5,2 - medium traffic,7310
3 Tuesday,8.5,3 - heavy traffic,12489
3 Tuesday,8.5,4 - stand still,3570
3 Tuesday,9,0- free flowing,115591
3 Tuesday,9,1 - light traffic,736
3 Tuesday,9,2 - medium traffic,3555
3 Tuesday,9,3 - heavy traffic,5973
3 Tuesday,9,4 - stand still,4081
3 Tuesday,9.5,0- free flowing,105938
3 Tuesday,9.5,1 - light traffic,192
3 Tuesday,9.5,2 - medium traffic,1157.5
3 Tuesday,9.5,3 - heavy traffic,2832
3 Tuesday,9.5,4 - stand still,2933
3 Tuesday,10,0- free flowing,107784
3 Tuesday,10,1 - light traffic,150
3 Tuesday,10,2 - medium traffic,572.5
3 Tuesday,10,3 - heavy traffic,2226
3 Tuesday,10,4 - stand still,1463
3 Tuesday,10.5,0- free flowing,109976
3 Tuesday,10.5,1 - light traffic,166
3 Tuesday,10.5,2 - medium traffic,637.5
3 Tuesday,10.5,3 - heavy traffic,1641
3 Tuesday,10.5,4 - stand still,1095.5
3 Tuesday,11,0- free flowing,115886
3 Tuesday,11,1 - light traffic,94
3 Tuesday,11,2 - medium traffic,597.5
3 Tuesday,11,3 - heavy traffic,3546
3 Tuesday,11,4 - stand still,1372
3 Tuesday,11.5,0- free flowing,122307
3 Tuesday,11.5,1 - light traffic,228
3 Tuesday,11.5,2 - medium traffic,995
3 Tuesday,11.5,3 - heavy traffic,4479
3 Tuesday,11.5,4 - stand still,1981
3 Tuesday,12,0- free flowing,126483
3 Tuesday,12,1 - light traffic,418
3 Tuesday,12,2 - medium traffic,1735
3 Tuesday,12,3 - heavy traffic,5946
3 Tuesday,12,4 - stand still,2191
3 Tuesday,12.5,0- free flowing,134870
3 Tuesday,12.5,1 - light traffic,758
3 Tuesday,12.5,2 - medium traffic,2940
3 Tuesday,12.5,3 - heavy traffic,7464
3 Tuesday,12.5,4 - stand still,2177
3 Tuesday,13,0- free flowing,137028
3 Tuesday,13,1 - light traffic,944
3 Tuesday,13,2 - medium traffic,4180
3 Tuesday,13,3 - heavy traffic,10446
3 Tuesday,13,4 - stand still,3055.5
3 Tuesday,13.5,0- free flowing,135347
3 Tuesday,13.5,1 - light traffic,814
3 Tuesday,13.5,2 - medium traffic,5332.5
3 Tuesday,13.5,3 - heavy traffic,13470
3 Tuesday,13.5,4 - stand still,3437
3 Tuesday,14,0- free flowing,129748
3 Tuesday,14,1 - light traffic,1360
3 Tuesday,14,2 - medium traffic,5935
3 Tuesday,14,3 - heavy traffic,14469
3 Tuesday,14,4 - stand still,4662
3 Tuesday,14.5,0- free flowing,138968
3 Tuesday,14.5,1 - light traffic,1704
3 Tuesday,14.5,2 - medium traffic,7000
3 Tuesday,14.5,3 - heavy traffic,15927
3 Tuesday,14.5,4 - stand still,5778.5
3 Tuesday,15,0- free flowing,149939
3 Tuesday,15,1 - light traffic,1476
3 Tuesday,15,2 - medium traffic,9462.5
3 Tuesday,15,3 - heavy traffic,16383
3 Tuesday,15,4 - stand still,7780.5
3 Tuesday,15.5,0- free flowing,156763
3 Tuesday,15.5,1 - light traffic,3634
3 Tuesday,15.5,2 - medium traffic,14170
3 Tuesday,15.5,3 - heavy traffic,16815
3 Tuesday,15.5,4 - stand still,8554
3 Tuesday,16,0- free flowing,160228
3 Tuesday,16,1 - light traffic,2846
3 Tuesday,16,2 - medium traffic,24630
3 Tuesday,16,3 - heavy traffic,20721
3 Tuesday,16,4 - stand still,9656.5
3 Tuesday,16.5,0- free flowing,173024
3 Tuesday,16.5,1 - light traffic,2002
3 Tuesday,16.5,2 - medium traffic,28915
3 Tuesday,16.5,3 - heavy traffic,28896
3 Tuesday,16.5,4 - stand still,10381
3 Tuesday,17,0- free flowing,180904
3 Tuesday,17,1 - light traffic,2466
3 Tuesday,17,2 - medium traffic,28447.5
3 Tuesday,17,3 - heavy traffic,40599
3 Tuesday,17,4 - stand still,13279
3 Tuesday,17.5,0- free flowing,192231
3 Tuesday,17.5,1 - light traffic,3972
3 Tuesday,17.5,2 - medium traffic,25495
3 Tuesday,17.5,3 - heavy traffic,73089
3 Tuesday,17.5,4 - stand still,21297.5
3 Tuesday,18,0- free flowing,170355
3 Tuesday,18,1 - light traffic,2230
3 Tuesday,18,2 - medium traffic,21560
3 Tuesday,18,3 - heavy traffic,38550
3 Tuesday,18,4 - stand still,11399.5
3 Tuesday,18.5,0- free flowing,141013
3 Tuesday,18.5,1 - light traffic,1486
3 Tuesday,18.5,2 - medium traffic,13032.5
3 Tuesday,18.5,3 - heavy traffic,11388
3 Tuesday,18.5,4 - stand still,5670
3 Tuesday,19,0- free flowing,108500
3 Tuesday,19,1 - light traffic,826
3 Tuesday,19,2 - medium traffic,1982.5
3 Tuesday,19,3 - heavy traffic,4737
3 Tuesday,19,4 - stand still,3692.5
3 Tuesday,19.5,0- free flowing,91701
3 Tuesday,19.5,1 - light traffic,380
3 Tuesday,19.5,2 - medium traffic,1027.5
3 Tuesday,19.5,3 - heavy traffic,1593
3 Tuesday,19.5,4 - stand still,2754.5
3 Tuesday,20,0- free flowing,78234
3 Tuesday,20,1 - light traffic,380
3 Tuesday,20,2 - medium traffic,570
3 Tuesday,20,3 - heavy traffic,876
3 Tuesday,20,4 - stand still,1522.5
3 Tuesday,20.5,0- free flowing,69603
3 Tuesday,20.5,1 - light traffic,198
3 Tuesday,20.5,2 - medium traffic,272.5
3 Tuesday,20.5,3 - heavy traffic,702
3 Tuesday,20.5,4 - stand still,1197
3 Tuesday,21,0- free flowing,61420
3 Tuesday,21,1 - light traffic,320
3 Tuesday,21,2 - medium traffic,357.5
3 Tuesday,21,3 - heavy traffic,804
3 Tuesday,21,4 - stand still,1274
3 Tuesday,21.5,0- free flowing,53179
3 Tuesday,21.5,1 - light traffic,76
3 Tuesday,21.5,2 - medium traffic,187.5
3 Tuesday,21.5,3 - heavy traffic,1224
3 Tuesday,21.5,4 - stand still,2072
3 Tuesday,22,0- free flowing,43829
3 Tuesday,22,1 - light traffic,24
3 Tuesday,22,2 - medium traffic,267.5
3 Tuesday,22,3 - heavy traffic,906
3 Tuesday,22,4 - stand still,2509.5
3 Tuesday,22.5,0- free flowing,39824
3 Tuesday,22.5,1 - light traffic,18
3 Tuesday,22.5,2 - medium traffic,220
3 Tuesday,22.5,3 - heavy traffic,813
3 Tuesday,22.5,4 - stand still,1753.5
3 Tuesday,23,0- free flowing,35562
3 Tuesday,23,1 - light traffic,22
3 Tuesday,23,2 - medium traffic,220
3 Tuesday,23,3 - heavy traffic,891
3 Tuesday,23,4 - stand still,1319.5
3 Tuesday,23.5,0- free flowing,31972
3 Tuesday,23.5,1 - light traffic,14
3 Tuesday,23.5,2 - medium traffic,240
3 Tuesday,23.5,3 - heavy traffic,630
3 Tuesday,23.5,4 - stand still,686
3 Tuesday,24,0- free flowing,27149
3 Tuesday,24,1 - light traffic,44
3 Tuesday,24,2 - medium traffic,92.5
3 Tuesday,24,3 - heavy traffic,294
3 Tuesday,24,4 - stand still,805
4 Wednesday,0.5,0- free flowing,23491
4 Wednesday,0.5,1 - light traffic,42
4 Wednesday,0.5,2 - medium traffic,57.5
4 Wednesday,0.5,3 - heavy traffic,144
4 Wednesday,0.5,4 - stand still,353.5
4 Wednesday,1,0- free flowing,19649
4 Wednesday,1,1 - light traffic,32
4 Wednesday,1,2 - medium traffic,52.5
4 Wednesday,1,3 - heavy traffic,126
4 Wednesday,1,4 - stand still,441
4 Wednesday,1.5,0- free flowing,16363
4 Wednesday,1.5,1 - light traffic,38
4 Wednesday,1.5,2 - medium traffic,50
4 Wednesday,1.5,3 - heavy traffic,93
4 Wednesday,1.5,4 - stand still,332.5
4 Wednesday,2,0- free flowing,14122
4 Wednesday,2,1 - light traffic,24
4 Wednesday,2,2 - medium traffic,12.5
4 Wednesday,2,3 - heavy traffic,72
4 Wednesday,2,4 - stand still,220.5
4 Wednesday,2.5,0- free flowing,13102
4 Wednesday,2.5,1 - light traffic,14
4 Wednesday,2.5,2 - medium traffic,15
4 Wednesday,2.5,3 - heavy traffic,36
4 Wednesday,2.5,4 - stand still,301
4 Wednesday,3,0- free flowing,12620
4 Wednesday,3,1 - light traffic,16
4 Wednesday,3,2 - medium traffic,20
4 Wednesday,3,3 - heavy traffic,48
4 Wednesday,3,4 - stand still,206.5
4 Wednesday,3.5,0- free flowing,12297
4 Wednesday,3.5,1 - light traffic,14
4 Wednesday,3.5,2 - medium traffic,40
4 Wednesday,3.5,3 - heavy traffic,36
4 Wednesday,3.5,4 - stand still,276.5
4 Wednesday,4,0- free flowing,13315
4 Wednesday,4,1 - light traffic,4
4 Wednesday,4,2 - medium traffic,32.5
4 Wednesday,4,3 - heavy traffic,87
4 Wednesday,4,4 - stand still,136.5
4 Wednesday,4.5,0- free flowing,16245
4 Wednesday,4.5,1 - light traffic,8
4 Wednesday,4.5,2 - medium traffic,20
4 Wednesday,4.5,3 - heavy traffic,105
4 Wednesday,4.5,4 - stand still,35
4 Wednesday,5,0- free flowing,21584
4 Wednesday,5,1 - light traffic,18
4 Wednesday,5,2 - medium traffic,35
4 Wednesday,5,3 - heavy traffic,96
4 Wednesday,5,4 - stand still,136.5
4 Wednesday,5.5,0- free flowing,28600
4 Wednesday,5.5,1 - light traffic,6
4 Wednesday,5.5,2 - medium traffic,42.5
4 Wednesday,5.5,3 - heavy traffic,234
4 Wednesday,5.5,4 - stand still,273
4 Wednesday,6,0- free flowing,33913
4 Wednesday,6,1 - light traffic,4
4 Wednesday,6,2 - medium traffic,72.5
4 Wednesday,6,3 - heavy traffic,198
4 Wednesday,6,4 - stand still,325.5
4 Wednesday,6.5,0- free flowing,43042
4 Wednesday,6.5,1 - light traffic,20
4 Wednesday,6.5,2 - medium traffic,122.5
4 Wednesday,6.5,3 - heavy traffic,129
4 Wednesday,6.5,4 - stand still,287
4 Wednesday,7,0- free flowing,60844
4 Wednesday,7,1 - light traffic,74
4 Wednesday,7,2 - medium traffic,482.5
4 Wednesday,7,3 - heavy traffic,843
4 Wednesday,7,4 - stand still,1092
4 Wednesday,7.5,0- free flowing,100406
4 Wednesday,7.5,1 - light traffic,946
4 Wednesday,7.5,2 - medium traffic,6315
4 Wednesday,7.5,3 - heavy traffic,6093
4 Wednesday,7.5,4 - stand still,1645
4 Wednesday,8,0- free flowing,120968
4 Wednesday,8,1 - light traffic,1690
4 Wednesday,8,2 - medium traffic,10742.5
4 Wednesday,8,3 - heavy traffic,25125
4 Wednesday,8,4 - stand still,6104
4 Wednesday,8.5,0- free flowing,125547
4 Wednesday,8.5,1 - light traffic,1362
4 Wednesday,8.5,2 - medium traffic,7477.5
4 Wednesday,8.5,3 - heavy traffic,14448
4 Wednesday,8.5,4 - stand still,4861.5
4 Wednesday,9,0- free flowing,115032
4 Wednesday,9,1 - light traffic,740
4 Wednesday,9,2 - medium traffic,3962.5
4 Wednesday,9,3 - heavy traffic,7542
4 Wednesday,9,4 - stand still,3545.5
4 Wednesday,9.5,0- free flowing,108289
4 Wednesday,9.5,1 - light traffic,362
4 Wednesday,9.5,2 - medium traffic,2055
4 Wednesday,9.5,3 - heavy traffic,2451
4 Wednesday,9.5,4 - stand still,2180.5
4 Wednesday,10,0- free flowing,111151
4 Wednesday,10,1 - light traffic,212
4 Wednesday,10,2 - medium traffic,1350
4 Wednesday,10,3 - heavy traffic,2643
4 Wednesday,10,4 - stand still,1239
4 Wednesday,10.5,0- free flowing,112622
4 Wednesday,10.5,1 - light traffic,374
4 Wednesday,10.5,2 - medium traffic,1160
4 Wednesday,10.5,3 - heavy traffic,3159
4 Wednesday,10.5,4 - stand still,962.5
4 Wednesday,11,0- free flowing,119750
4 Wednesday,11,1 - light traffic,592
4 Wednesday,11,2 - medium traffic,2130
4 Wednesday,11,3 - heavy traffic,3696
4 Wednesday,11,4 - stand still,3556
4 Wednesday,11.5,0- free flowing,126665
4 Wednesday,11.5,1 - light traffic,932
4 Wednesday,11.5,2 - medium traffic,3445
4 Wednesday,11.5,3 - heavy traffic,6102
4 Wednesday,11.5,4 - stand still,4704
4 Wednesday,12,0- free flowing,133020
4 Wednesday,12,1 - light traffic,936
4 Wednesday,12,2 - medium traffic,5635
4 Wednesday,12,3 - heavy traffic,10182
4 Wednesday,12,4 - stand still,5148.5
4 Wednesday,12.5,0- free flowing,140905
4 Wednesday,12.5,1 - light traffic,1336
4 Wednesday,12.5,2 - medium traffic,6615
4 Wednesday,12.5,3 - heavy traffic,15075
4 Wednesday,12.5,4 - stand still,6156.5
4 Wednesday,13,0- free flowing,142458
4 Wednesday,13,1 - light traffic,1524
4 Wednesday,13,2 - medium traffic,7570
4 Wednesday,13,3 - heavy traffic,14151
4 Wednesday,13,4 - stand still,8900.5
4 Wednesday,13.5,0- free flowing,145851
4 Wednesday,13.5,1 - light traffic,1206
4 Wednesday,13.5,2 - medium traffic,9480
4 Wednesday,13.5,3 - heavy traffic,14187
4 Wednesday,13.5,4 - stand still,9821
4 Wednesday,14,0- free flowing,147726
4 Wednesday,14,1 - light traffic,1772
4 Wednesday,14,2 - medium traffic,10430
4 Wednesday,14,3 - heavy traffic,15378
4 Wednesday,14,4 - stand still,9051
4 Wednesday,14.5,0- free flowing,152489
4 Wednesday,14.5,1 - light traffic,2290
4 Wednesday,14.5,2 - medium traffic,14107.5
4 Wednesday,14.5,3 - heavy traffic,20079
4 Wednesday,14.5,4 - stand still,10731
4 Wednesday,15,0- free flowing,157429
4 Wednesday,15,1 - light traffic,4046
4 Wednesday,15,2 - medium traffic,16752.5
4 Wednesday,15,3 - heavy traffic,22731
4 Wednesday,15,4 - stand still,14476
4 Wednesday,15.5,0- free flowing,164779
4 Wednesday,15.5,1 - light traffic,4576
4 Wednesday,15.5,2 - medium traffic,21305
4 Wednesday,15.5,3 - heavy traffic,32934
4 Wednesday,15.5,4 - stand still,12985
4 Wednesday,16,0- free flowing,160097
4 Wednesday,16,1 - light traffic,3628
4 Wednesday,16,2 - medium traffic,30212.5
4 Wednesday,16,3 - heavy traffic,31863
4 Wednesday,16,4 - stand still,10724
4 Wednesday,16.5,0- free flowing,174345
4 Wednesday,16.5,1 - light traffic,2770
4 Wednesday,16.5,2 - medium traffic,32487.5
4 Wednesday,16.5,3 - heavy traffic,41988
4 Wednesday,16.5,4 - stand still,13429.5
4 Wednesday,17,0- free flowing,187634
4 Wednesday,17,1 - light traffic,3168
4 Wednesday,17,2 - medium traffic,29670
4 Wednesday,17,3 - heavy traffic,62625
4 Wednesday,17,4 - stand still,14766.5
4 Wednesday,17.5,0- free flowing,197307
4 Wednesday,17.5,1 - light traffic,4074
4 Wednesday,17.5,2 - medium traffic,24365
4 Wednesday,17.5,3 - heavy traffic,96987
4 Wednesday,17.5,4 - stand still,17920
4 Wednesday,18,0- free flowing,179854
4 Wednesday,18,1 - light traffic,3050
4 Wednesday,18,2 - medium traffic,21392.5
4 Wednesday,18,3 - heavy traffic,58581
4 Wednesday,18,4 - stand still,11595.5
4 Wednesday,18.5,0- free flowing,143613
4 Wednesday,18.5,1 - light traffic,1824
4 Wednesday,18.5,2 - medium traffic,18162.5
4 Wednesday,18.5,3 - heavy traffic,16455
4 Wednesday,18.5,4 - stand still,6940.5
4 Wednesday,19,0- free flowing,111604
4 Wednesday,19,1 - light traffic,1202
4 Wednesday,19,2 - medium traffic,5895
4 Wednesday,19,3 - heavy traffic,4740
4 Wednesday,19,4 - stand still,4735.5
4 Wednesday,19.5,0- free flowing,94692
4 Wednesday,19.5,1 - light traffic,314
4 Wednesday,19.5,2 - medium traffic,1667.5
4 Wednesday,19.5,3 - heavy traffic,2454
4 Wednesday,19.5,4 - stand still,1953
4 Wednesday,20,0- free flowing,81238
4 Wednesday,20,1 - light traffic,96
4 Wednesday,20,2 - medium traffic,1537.5
4 Wednesday,20,3 - heavy traffic,975
4 Wednesday,20,4 - stand still,973
4 Wednesday,20.5,0- free flowing,73278
4 Wednesday,20.5,1 - light traffic,188
4 Wednesday,20.5,2 - medium traffic,350
4 Wednesday,20.5,3 - heavy traffic,1287
4 Wednesday,20.5,4 - stand still,1526
4 Wednesday,21,0- free flowing,64122
4 Wednesday,21,1 - light traffic,126
4 Wednesday,21,2 - medium traffic,305
4 Wednesday,21,3 - heavy traffic,1194
4 Wednesday,21,4 - stand still,994
4 Wednesday,21.5,0- free flowing,56124
4 Wednesday,21.5,1 - light traffic,118
4 Wednesday,21.5,2 - medium traffic,602.5
4 Wednesday,21.5,3 - heavy traffic,1698
4 Wednesday,21.5,4 - stand still,1774.5
4 Wednesday,22,0- free flowing,45707
4 Wednesday,22,1 - light traffic,40
4 Wednesday,22,2 - medium traffic,275
4 Wednesday,22,3 - heavy traffic,1044
4 Wednesday,22,4 - stand still,2201.5
4 Wednesday,22.5,0- free flowing,40323
4 Wednesday,22.5,1 - light traffic,36
4 Wednesday,22.5,2 - medium traffic,297.5
4 Wednesday,22.5,3 - heavy traffic,1029
4 Wednesday,22.5,4 - stand still,1617
4 Wednesday,23,0- free flowing,36507
4 Wednesday,23,1 - light traffic,20
4 Wednesday,23,2 - medium traffic,275
4 Wednesday,23,3 - heavy traffic,933
4 Wednesday,23,4 - stand still,1389.5
4 Wednesday,23.5,0- free flowing,33120
4 Wednesday,23.5,1 - light traffic,18
4 Wednesday,23.5,2 - medium traffic,182.5
4 Wednesday,23.5,3 - heavy traffic,1098
4 Wednesday,23.5,4 - stand still,829.5
4 Wednesday,24,0- free flowing,27694
4 Wednesday,24,1 - light traffic,50
4 Wednesday,24,2 - medium traffic,110
4 Wednesday,24,3 - heavy traffic,474
4 Wednesday,24,4 - stand still,612.5
5 Thursday,0.5,0- free flowing,25399
5 Thursday,0.5,1 - light traffic,44
5 Thursday,0.5,2 - medium traffic,97.5
5 Thursday,0.5,3 - heavy traffic,456
5 Thursday,0.5,4 - stand still,535.5
5 Thursday,1,0- free flowing,21254
5 Thursday,1,1 - light traffic,28
5 Thursday,1,2 - medium traffic,67.5
5 Thursday,1,3 - heavy traffic,129
5 Thursday,1,4 - stand still,577.5
5 Thursday,1.5,0- free flowing,17279
5 Thursday,1.5,1 - light traffic,46
5 Thursday,1.5,2 - medium traffic,45
5 Thursday,1.5,3 - heavy traffic,135
5 Thursday,1.5,4 - stand still,287
5 Thursday,2,0- free flowing,15386
5 Thursday,2,1 - light traffic,32
5 Thursday,2,2 - medium traffic,25
5 Thursday,2,3 - heavy traffic,165
5 Thursday,2,4 - stand still,427
5 Thursday,2.5,0- free flowing,14374
5 Thursday,2.5,1 - light traffic,12
5 Thursday,2.5,2 - medium traffic,30
5 Thursday,2.5,3 - heavy traffic,81
5 Thursday,2.5,4 - stand still,199.5
5 Thursday,3,0- free flowing,13681
5 Thursday,3,1 - light traffic,8
5 Thursday,3,2 - medium traffic,42.5
5 Thursday,3,3 - heavy traffic,69
5 Thursday,3,4 - stand still,234.5
5 Thursday,3.5,0- free flowing,13837
5 Thursday,3.5,1 - light traffic,2
5 Thursday,3.5,2 - medium traffic,30
5 Thursday,3.5,3 - heavy traffic,126
5 Thursday,3.5,4 - stand still,364
5 Thursday,4,0- free flowing,14243
5 Thursday,4,1 - light traffic,6
5 Thursday,4,2 - medium traffic,17.5
5 Thursday,4,3 - heavy traffic,165
5 Thursday,4,4 - stand still,280
5 Thursday,4.5,0- free flowing,17319
5 Thursday,4.5,1 - light traffic,18
5 Thursday,4.5,2 - medium traffic,17.5
5 Thursday,4.5,3 - heavy traffic,111
5 Thursday,4.5,4 - stand still,322
5 Thursday,5,0- free flowing,23217
5 Thursday,5,1 - light traffic,12
5 Thursday,5,2 - medium traffic,47.5
5 Thursday,5,3 - heavy traffic,219
5 Thursday,5,4 - stand still,301
5 Thursday,5.5,0- free flowing,29373
5 Thursday,5.5,1 - light traffic,8
5 Thursday,5.5,2 - medium traffic,60
5 Thursday,5.5,3 - heavy traffic,210
5 Thursday,5.5,4 - stand still,399
5 Thursday,6,0- free flowing,34577
5 Thursday,6,1 - light traffic,8
5 Thursday,6,2 - medium traffic,30
5 Thursday,6,3 - heavy traffic,138
5 Thursday,6,4 - stand still,287
5 Thursday,6.5,0- free flowing,44120
5 Thursday,6.5,1 - light traffic,44
5 Thursday,6.5,2 - medium traffic,82.5
5 Thursday,6.5,3 - heavy traffic,198
5 Thursday,6.5,4 - stand still,241.5
5 Thursday,7,0- free flowing,62949
5 Thursday,7,1 - light traffic,58
5 Thursday,7,2 - medium traffic,335
5 Thursday,7,3 - heavy traffic,957
5 Thursday,7,4 - stand still,1106
5 Thursday,7.5,0- free flowing,100231
5 Thursday,7.5,1 - light traffic,1216
5 Thursday,7.5,2 - medium traffic,5217.5
5 Thursday,7.5,3 - heavy traffic,8061
5 Thursday,7.5,4 - stand still,1928.5
5 Thursday,8,0- free flowing,124897
5 Thursday,8,1 - light traffic,1782
5 Thursday,8,2 - medium traffic,10735
5 Thursday,8,3 - heavy traffic,26145
5 Thursday,8,4 - stand still,5981.5
5 Thursday,8.5,0- free flowing,122396
5 Thursday,8.5,1 - light traffic,1204
5 Thursday,8.5,2 - medium traffic,8352.5
5 Thursday,8.5,3 - heavy traffic,11172
5 Thursday,8.5,4 - stand still,6265
5 Thursday,9,0- free flowing,113323
5 Thursday,9,1 - light traffic,678
5 Thursday,9,2 - medium traffic,4122.5
5 Thursday,9,3 - heavy traffic,6924
5 Thursday,9,4 - stand still,6114.5
5 Thursday,9.5,0- free flowing,107885
5 Thursday,9.5,1 - light traffic,424
5 Thursday,9.5,2 - medium traffic,1667.5
5 Thursday,9.5,3 - heavy traffic,3390
5 Thursday,9.5,4 - stand still,6034
5 Thursday,10,0- free flowing,109462
5 Thursday,10,1 - light traffic,366
5 Thursday,10,2 - medium traffic,1470
5 Thursday,10,3 - heavy traffic,3363
5 Thursday,10,4 - stand still,5351.5
5 Thursday,10.5,0- free flowing,115404
5 Thursday,10.5,1 - light traffic,892
5 Thursday,10.5,2 - medium traffic,2445
5 Thursday,10.5,3 - heavy traffic,2790
5 Thursday,10.5,4 - stand still,3706.5
5 Thursday,11,0- free flowing,123243
5 Thursday,11,1 - light traffic,952
5 Thursday,11,2 - medium traffic,4887.5
5 Thursday,11,3 - heavy traffic,4446
5 Thursday,11,4 - stand still,2513
5 Thursday,11.5,0- free flowing,132243
5 Thursday,11.5,1 - light traffic,1152
5 Thursday,11.5,2 - medium traffic,4125
5 Thursday,11.5,3 - heavy traffic,7260
5 Thursday,11.5,4 - stand still,4452
5 Thursday,12,0- free flowing,138670
5 Thursday,12,1 - light traffic,1850
5 Thursday,12,2 - medium traffic,5777.5
5 Thursday,12,3 - heavy traffic,11058
5 Thursday,12,4 - stand still,6426
5 Thursday,12.5,0- free flowing,145125
5 Thursday,12.5,1 - light traffic,1680
5 Thursday,12.5,2 - medium traffic,9142.5
5 Thursday,12.5,3 - heavy traffic,17715
5 Thursday,12.5,4 - stand still,5943
5 Thursday,13,0- free flowing,148855
5 Thursday,13,1 - light traffic,2350
5 Thursday,13,2 - medium traffic,10432.5
5 Thursday,13,3 - heavy traffic,21282
5 Thursday,13,4 - stand still,9380
5 Thursday,13.5,0- free flowing,152996
5 Thursday,13.5,1 - light traffic,3148
5 Thursday,13.5,2 - medium traffic,14122.5
5 Thursday,13.5,3 - heavy traffic,22128
5 Thursday,13.5,4 - stand still,8060.5
5 Thursday,14,0- free flowing,149628
5 Thursday,14,1 - light traffic,3716
5 Thursday,14,2 - medium traffic,15795
5 Thursday,14,3 - heavy traffic,22545
5 Thursday,14,4 - stand still,8092
5 Thursday,14.5,0- free flowing,149520
5 Thursday,14.5,1 - light traffic,3172
5 Thursday,14.5,2 - medium traffic,20600
5 Thursday,14.5,3 - heavy traffic,25983
5 Thursday,14.5,4 - stand still,6972
5 Thursday,15,0- free flowing,161270
5 Thursday,15,1 - light traffic,3360
5 Thursday,15,2 - medium traffic,24335
5 Thursday,15,3 - heavy traffic,33285
5 Thursday,15,4 - stand still,7423.5
5 Thursday,15.5,0- free flowing,168359
5 Thursday,15.5,1 - light traffic,4114
5 Thursday,15.5,2 - medium traffic,33042.5
5 Thursday,15.5,3 - heavy traffic,39123
5 Thursday,15.5,4 - stand still,10045
5 Thursday,16,0- free flowing,170098
5 Thursday,16,1 - light traffic,3894
5 Thursday,16,2 - medium traffic,42117.5
5 Thursday,16,3 - heavy traffic,50316
5 Thursday,16,4 - stand still,14759.5
5 Thursday,16.5,0- free flowing,189314
5 Thursday,16.5,1 - light traffic,4300
5 Thursday,16.5,2 - medium traffic,41255
5 Thursday,16.5,3 - heavy traffic,70440
5 Thursday,16.5,4 - stand still,15946
5 Thursday,17,0- free flowing,206909
5 Thursday,17,1 - light traffic,5178
5 Thursday,17,2 - medium traffic,36657.5
5 Thursday,17,3 - heavy traffic,98718
5 Thursday,17,4 - stand still,15939
5 Thursday,17.5,0- free flowing,218592
5 Thursday,17.5,1 - light traffic,5778
5 Thursday,17.5,2 - medium traffic,32417.5
5 Thursday,17.5,3 - heavy traffic,134124
5 Thursday,17.5,4 - stand still,22564.5
5 Thursday,18,0- free flowing,199943
5 Thursday,18,1 - light traffic,4244
5 Thursday,18,2 - medium traffic,35030
5 Thursday,18,3 - heavy traffic,71151
5 Thursday,18,4 - stand still,14962.5
5 Thursday,18.5,0- free flowing,161600
5 Thursday,18.5,1 - light traffic,3250
5 Thursday,18.5,2 - medium traffic,25267.5
5 Thursday,18.5,3 - heavy traffic,20301
5 Thursday,18.5,4 - stand still,7983.5
5 Thursday,19,0- free flowing,129094
5 Thursday,19,1 - light traffic,1402
5 Thursday,19,2 - medium traffic,7065
5 Thursday,19,3 - heavy traffic,6759
5 Thursday,19,4 - stand still,3948
5 Thursday,19.5,0- free flowing,111346
5 Thursday,19.5,1 - light traffic,636
5 Thursday,19.5,2 - medium traffic,2520
5 Thursday,19.5,3 - heavy traffic,2325
5 Thursday,19.5,4 - stand still,2593.5
5 Thursday,20,0- free flowing,97265
5 Thursday,20,1 - light traffic,326
5 Thursday,20,2 - medium traffic,1057.5
5 Thursday,20,3 - heavy traffic,1305
5 Thursday,20,4 - stand still,1662.5
5 Thursday,20.5,0- free flowing,86745
5 Thursday,20.5,1 - light traffic,188
5 Thursday,20.5,2 - medium traffic,695
5 Thursday,20.5,3 - heavy traffic,1467
5 Thursday,20.5,4 - stand still,1757
5 Thursday,21,0- free flowing,79920
5 Thursday,21,1 - light traffic,218
5 Thursday,21,2 - medium traffic,1117.5
5 Thursday,21,3 - heavy traffic,1821
5 Thursday,21,4 - stand still,1778
5 Thursday,21.5,0- free flowing,68352
5 Thursday,21.5,1 - light traffic,240
5 Thursday,21.5,2 - medium traffic,920
5 Thursday,21.5,3 - heavy traffic,3417
5 Thursday,21.5,4 - stand still,2509.5
5 Thursday,22,0- free flowing,56196
5 Thursday,22,1 - light traffic,134
5 Thursday,22,2 - medium traffic,632.5
5 Thursday,22,3 - heavy traffic,2919
5 Thursday,22,4 - stand still,3493
5 Thursday,22.5,0- free flowing,47387
5 Thursday,22.5,1 - light traffic,36
5 Thursday,22.5,2 - medium traffic,475
5 Thursday,22.5,3 - heavy traffic,1497
5 Thursday,22.5,4 - stand still,5502
5 Thursday,23,0- free flowing,43231
5 Thursday,23,1 - light traffic,76
5 Thursday,23,2 - medium traffic,687.5
5 Thursday,23,3 - heavy traffic,1350
5 Thursday,23,4 - stand still,4039
5 Thursday,23.5,0- free flowing,36968
5 Thursday,23.5,1 - light traffic,36
5 Thursday,23.5,2 - medium traffic,952.5
5 Thursday,23.5,3 - heavy traffic,1263
5 Thursday,23.5,4 - stand still,1218
5 Thursday,24,0- free flowing,29494
5 Thursday,24,1 - light traffic,42
5 Thursday,24,2 - medium traffic,257.5
5 Thursday,24,3 - heavy traffic,768
5 Thursday,24,4 - stand still,819
6 Friday,0.5,0- free flowing,30053
6 Friday,0.5,1 - light traffic,24
6 Friday,0.5,2 - medium traffic,92.5
6 Friday,0.5,3 - heavy traffic,456
6 Friday,0.5,4 - stand still,1470
6 Friday,1,0- free flowing,25401
6 Friday,1,1 - light traffic,28
6 Friday,1,2 - medium traffic,45
6 Friday,1,3 - heavy traffic,519
6 Friday,1,4 - stand still,892.5
6 Friday,1.5,0- free flowing,22350
6 Friday,1.5,1 - light traffic,32
6 Friday,1.5,2 - medium traffic,100
6 Friday,1.5,3 - heavy traffic,357
6 Friday,1.5,4 - stand still,591.5
6 Friday,2,0- free flowing,18857
6 Friday,2,1 - light traffic,20
6 Friday,2,2 - medium traffic,70
6 Friday,2,3 - heavy traffic,171
6 Friday,2,4 - stand still,374.5
6 Friday,2.5,0- free flowing,17843
6 Friday,2.5,1 - light traffic,10
6 Friday,2.5,2 - medium traffic,30
6 Friday,2.5,3 - heavy traffic,213
6 Friday,2.5,4 - stand still,287
6 Friday,3,0- free flowing,16876
6 Friday,3,1 - light traffic,30
6 Friday,3,2 - medium traffic,40
6 Friday,3,3 - heavy traffic,180
6 Friday,3,4 - stand still,416.5
6 Friday,3.5,0- free flowing,16797
6 Friday,3.5,1 - light traffic,14
6 Friday,3.5,2 - medium traffic,52.5
6 Friday,3.5,3 - heavy traffic,87
6 Friday,3.5,4 - stand still,437.5
6 Friday,4,0- free flowing,17006
6 Friday,4,1 - light traffic,4
6 Friday,4,2 - medium traffic,37.5
6 Friday,4,3 - heavy traffic,75
6 Friday,4,4 - stand still,325.5
6 Friday,4.5,0- free flowing,19292
6 Friday,4.5,1 - light traffic,12
6 Friday,4.5,2 - medium traffic,42.5
6 Friday,4.5,3 - heavy traffic,120
6 Friday,4.5,4 - stand still,364
6 Friday,5,0- free flowing,23847
6 Friday,5,1 - light traffic,2
6 Friday,5,2 - medium traffic,65
6 Friday,5,3 - heavy traffic,99
6 Friday,5,4 - stand still,248.5
6 Friday,5.5,0- free flowing,29363
6 Friday,5.5,1 - light traffic,10
6 Friday,5.5,2 - medium traffic,52.5
6 Friday,5.5,3 - heavy traffic,105
6 Friday,5.5,4 - stand still,189
6 Friday,6,0- free flowing,32744
6 Friday,6,1 - light traffic,10
6 Friday,6,2 - medium traffic,32.5
6 Friday,6,3 - heavy traffic,99
6 Friday,6,4 - stand still,196
6 Friday,6.5,0- free flowing,42304
6 Friday,6.5,1 - light traffic,4
6 Friday,6.5,2 - medium traffic,30
6 Friday,6.5,3 - heavy traffic,186
6 Friday,6.5,4 - stand still,287
6 Friday,7,0- free flowing,58587
6 Friday,7,1 - light traffic,54
6 Friday,7,2 - medium traffic,240
6 Friday,7,3 - heavy traffic,591
6 Friday,7,4 - stand still,882
6 Friday,7.5,0- free flowing,94017
6 Friday,7.5,1 - light traffic,458
6 Friday,7.5,2 - medium traffic,2735
6 Friday,7.5,3 - heavy traffic,3210
6 Friday,7.5,4 - stand still,1893.5
6 Friday,8,0- free flowing,117261
6 Friday,8,1 - light traffic,1210
6 Friday,8,2 - medium traffic,8247.5
6 Friday,8,3 - heavy traffic,11613
6 Friday,8,4 - stand still,3871
6 Friday,8.5,0- free flowing,120949
6 Friday,8.5,1 - light traffic,856
6 Friday,8.5,2 - medium traffic,3715
6 Friday,8.5,3 - heavy traffic,5427
6 Friday,8.5,4 - stand still,4161.5
6 Friday,9,0- free flowing,111308
6 Friday,9,1 - light traffic,424
6 Friday,9,2 - medium traffic,1782.5
6 Friday,9,3 - heavy traffic,3921
6 Friday,9,4 - stand still,3888.5
6 Friday,9.5,0- free flowing,113411
6 Friday,9.5,1 - light traffic,260
6 Friday,9.5,2 - medium traffic,1435
6 Friday,9.5,3 - heavy traffic,2907
6 Friday,9.5,4 - stand still,3888.5
6 Friday,10,0- free flowing,119954
6 Friday,10,1 - light traffic,330
6 Friday,10,2 - medium traffic,2120
6 Friday,10,3 - heavy traffic,3957
6 Friday,10,4 - stand still,3678.5
6 Friday,10.5,0- free flowing,127096
6 Friday,10.5,1 - light traffic,480
6 Friday,10.5,2 - medium traffic,3312.5
6 Friday,10.5,3 - heavy traffic,4326
6 Friday,10.5,4 - stand still,4392.5
6 Friday,11,0- free flowing,138062
6 Friday,11,1 - light traffic,1080
6 Friday,11,2 - medium traffic,4962.5
6 Friday,11,3 - heavy traffic,8766
6 Friday,11,4 - stand still,5015.5
6 Friday,11.5,0- free flowing,152075
6 Friday,11.5,1 - light traffic,1788
6 Friday,11.5,2 - medium traffic,8780
6 Friday,11.5,3 - heavy traffic,17565
6 Friday,11.5,4 - stand still,6366.5
6 Friday,12,0- free flowing,163243
6 Friday,12,1 - light traffic,2966
6 Friday,12,2 - medium traffic,14867.5
6 Friday,12,3 - heavy traffic,27906
6 Friday,12,4 - stand still,7304.5
6 Friday,12.5,0- free flowing,169699
6 Friday,12.5,1 - light traffic,4208
6 Friday,12.5,2 - medium traffic,21465
6 Friday,12.5,3 - heavy traffic,37233
6 Friday,12.5,4 - stand still,10920
6 Friday,13,0- free flowing,176533
6 Friday,13,1 - light traffic,4464
6 Friday,13,2 - medium traffic,28672.5
6 Friday,13,3 - heavy traffic,45054
6 Friday,13,4 - stand still,15603
6 Friday,13.5,0- free flowing,182439
6 Friday,13.5,1 - light traffic,5846
6 Friday,13.5,2 - medium traffic,33322.5
6 Friday,13.5,3 - heavy traffic,55428
6 Friday,13.5,4 - stand still,20671
6 Friday,14,0- free flowing,188252
6 Friday,14,1 - light traffic,5440
6 Friday,14,2 - medium traffic,43025
6 Friday,14,3 - heavy traffic,62598
6 Friday,14,4 - stand still,21598.5
6 Friday,14.5,0- free flowing,192163
6 Friday,14.5,1 - light traffic,5354
6 Friday,14.5,2 - medium traffic,53175
6 Friday,14.5,3 - heavy traffic,69561
6 Friday,14.5,4 - stand still,22106
6 Friday,15,0- free flowing,202985
6 Friday,15,1 - light traffic,6256
6 Friday,15,2 - medium traffic,58412.5
6 Friday,15,3 - heavy traffic,87741
6 Friday,15,4 - stand still,20688.5
6 Friday,15.5,0- free flowing,213680
6 Friday,15.5,1 - light traffic,5410
6 Friday,15.5,2 - medium traffic,57692.5
6 Friday,15.5,3 - heavy traffic,112884
6 Friday,15.5,4 - stand still,28647.5
6 Friday,16,0- free flowing,223911
6 Friday,16,1 - light traffic,5264
6 Friday,16,2 - medium traffic,60205
6 Friday,16,3 - heavy traffic,130770
6 Friday,16,4 - stand still,37940
6 Friday,16.5,0- free flowing,247125
6 Friday,16.5,1 - light traffic,4968
6 Friday,16.5,2 - medium traffic,60605
6 Friday,16.5,3 - heavy traffic,138495
6 Friday,16.5,4 - stand still,40050.5
6 Friday,17,0- free flowing,241349
6 Friday,17,1 - light traffic,6188
6 Friday,17,2 - medium traffic,53280
6 Friday,17,3 - heavy traffic,146193
6 Friday,17,4 - stand still,46095
6 Friday,17.5,0- free flowing,242846
6 Friday,17.5,1 - light traffic,6118
6 Friday,17.5,2 - medium traffic,55502.5
6 Friday,17.5,3 - heavy traffic,137862
6 Friday,17.5,4 - stand still,47173
6 Friday,18,0- free flowing,227164
6 Friday,18,1 - light traffic,6188
6 Friday,18,2 - medium traffic,53200
6 Friday,18,3 - heavy traffic,86031
6 Friday,18,4 - stand still,40474
6 Friday,18.5,0- free flowing,205183
6 Friday,18.5,1 - light traffic,6062
6 Friday,18.5,2 - medium traffic,38060
6 Friday,18.5,3 - heavy traffic,47082
6 Friday,18.5,4 - stand still,33495
6 Friday,19,0- free flowing,178354
6 Friday,19,1 - light traffic,3850
6 Friday,19,2 - medium traffic,25317.5
6 Friday,19,3 - heavy traffic,26301
6 Friday,19,4 - stand still,27408.5
6 Friday,19.5,0- free flowing,160862
6 Friday,19.5,1 - light traffic,2562
6 Friday,19.5,2 - medium traffic,16352.5
6 Friday,19.5,3 - heavy traffic,19785
6 Friday,19.5,4 - stand still,19435.5
6 Friday,20,0- free flowing,140336
6 Friday,20,1 - light traffic,1508
6 Friday,20,2 - medium traffic,12742.5
6 Friday,20,3 - heavy traffic,12546
6 Friday,20,4 - stand still,13002.5
6 Friday,20.5,0- free flowing,126800
6 Friday,20.5,1 - light traffic,968
6 Friday,20.5,2 - medium traffic,7232.5
6 Friday,20.5,3 - heavy traffic,8463
6 Friday,20.5,4 - stand still,9929.5
6 Friday,21,0- free flowing,114288
6 Friday,21,1 - light traffic,582
6 Friday,21,2 - medium traffic,6655
6 Friday,21,3 - heavy traffic,9648
6 Friday,21,4 - stand still,7014
6 Friday,21.5,0- free flowing,103725
6 Friday,21.5,1 - light traffic,1072
6 Friday,21.5,2 - medium traffic,5475
6 Friday,21.5,3 - heavy traffic,6219
6 Friday,21.5,4 - stand still,5033
6 Friday,22,0- free flowing,88006
6 Friday,22,1 - light traffic,442
6 Friday,22,2 - medium traffic,3427.5
6 Friday,22,3 - heavy traffic,3267
6 Friday,22,4 - stand still,4497.5
6 Friday,22.5,0- free flowing,74938
6 Friday,22.5,1 - light traffic,584
6 Friday,22.5,2 - medium traffic,1532.5
6 Friday,22.5,3 - heavy traffic,2304
6 Friday,22.5,4 - stand still,2054.5
6 Friday,23,0- free flowing,62380
6 Friday,23,1 - light traffic,58
6 Friday,23,2 - medium traffic,130
6 Friday,23,3 - heavy traffic,573
6 Friday,23,4 - stand still,1207.5
6 Friday,23.5,0- free flowing,50614
6 Friday,23.5,1 - light traffic,8
6 Friday,23.5,2 - medium traffic,57.5
6 Friday,23.5,3 - heavy traffic,201
6 Friday,23.5,4 - stand still,857.5
6 Friday,24,0- free flowing,36608
6 Friday,24,1 - light traffic,18
6 Friday,24,2 - medium traffic,100
6 Friday,24,3 - heavy traffic,441
6 Friday,24,4 - stand still,1428
7 Saturday,0.5,0- free flowing,39990
7 Saturday,0.5,1 - light traffic,12
7 Saturday,0.5,2 - medium traffic,15
7 Saturday,0.5,3 - heavy traffic,45
7 Saturday,0.5,4 - stand still,539
7 Saturday,1,0- free flowing,33626
7 Saturday,1,1 - light traffic,8
7 Saturday,1,2 - medium traffic,20
7 Saturday,1,3 - heavy traffic,108
7 Saturday,1,4 - stand still,175
7 Saturday,1.5,0- free flowing,30387
7 Saturday,1.5,1 - light traffic,12
7 Saturday,1.5,2 - medium traffic,7.5
7 Saturday,1.5,3 - heavy traffic,87
7 Saturday,1.5,4 - stand still,80.5
7 Saturday,2,0- free flowing,27223
7 Saturday,2,1 - light traffic,14
7 Saturday,2,2 - medium traffic,15
7 Saturday,2,3 - heavy traffic,225
7 Saturday,2,4 - stand still,157.5
7 Saturday,2.5,0- free flowing,24163
7 Saturday,2.5,1 - light traffic,36
7 Saturday,2.5,2 - medium traffic,25
7 Saturday,2.5,3 - heavy traffic,54
7 Saturday,2.5,4 - stand still,196
7 Saturday,3,0- free flowing,21800
7 Saturday,3,1 - light traffic,2
7 Saturday,3,2 - medium traffic,17.5
7 Saturday,3,3 - heavy traffic,66
7 Saturday,3,4 - stand still,119
7 Saturday,3.5,0- free flowing,20368
7 Saturday,3.5,1 - light traffic,2
7 Saturday,3.5,2 - medium traffic,47.5
7 Saturday,3.5,3 - heavy traffic,93
7 Saturday,3.5,4 - stand still,126
7 Saturday,4,0- free flowing,19197
7 Saturday,4,1 - light traffic,22
7 Saturday,4,2 - medium traffic,7.5
7 Saturday,4,3 - heavy traffic,60
7 Saturday,4,4 - stand still,143.5
7 Saturday,4.5,0- free flowing,19206
7 Saturday,4.5,1 - light traffic,24
7 Saturday,4.5,2 - medium traffic,20
7 Saturday,4.5,3 - heavy traffic,96
7 Saturday,4.5,4 - stand still,157.5
7 Saturday,5,0- free flowing,21225
7 Saturday,5,1 - light traffic,4
7 Saturday,5,2 - medium traffic,22.5
7 Saturday,5,3 - heavy traffic,42
7 Saturday,5,4 - stand still,231
7 Saturday,5.5,0- free flowing,24663
7 Saturday,5.5,1 - light traffic,2
7 Saturday,5.5,2 - medium traffic,7.5
7 Saturday,5.5,3 - heavy traffic,54
7 Saturday,5.5,4 - stand still,311.5
7 Saturday,6,0- free flowing,29334
7 Saturday,6,1 - light traffic,2
7 Saturday,6,2 - medium traffic,22.5
7 Saturday,6,3 - heavy traffic,33
7 Saturday,6,4 - stand still,122.5
7 Saturday,6.5,0- free flowing,34406
7 Saturday,6.5,1 - light traffic,12
7 Saturday,6.5,2 - medium traffic,35
7 Saturday,6.5,3 - heavy traffic,150
7 Saturday,6.5,4 - stand still,199.5
7 Saturday,7,0- free flowing,37243
7 Saturday,7,1 - light traffic,26
7 Saturday,7,2 - medium traffic,57.5
7 Saturday,7,3 - heavy traffic,84
7 Saturday,7,4 - stand still,101.5
7 Saturday,7.5,0- free flowing,46462
7 Saturday,7.5,1 - light traffic,14
7 Saturday,7.5,2 - medium traffic,27.5
7 Saturday,7.5,3 - heavy traffic,264
7 Saturday,7.5,4 - stand still,182
7 Saturday,8,0- free flowing,58766
7 Saturday,8,1 - light traffic,34
7 Saturday,8,2 - medium traffic,100
7 Saturday,8,3 - heavy traffic,390
7 Saturday,8,4 - stand still,472.5
7 Saturday,8.5,0- free flowing,76398
7 Saturday,8.5,1 - light traffic,212
7 Saturday,8.5,2 - medium traffic,182.5
7 Saturday,8.5,3 - heavy traffic,771
7 Saturday,8.5,4 - stand still,889
7 Saturday,9,0- free flowing,87626
7 Saturday,9,1 - light traffic,302
7 Saturday,9,2 - medium traffic,302.5
7 Saturday,9,3 - heavy traffic,1701
7 Saturday,9,4 - stand still,1753.5
7 Saturday,9.5,0- free flowing,102901
7 Saturday,9.5,1 - light traffic,236
7 Saturday,9.5,2 - medium traffic,265
7 Saturday,9.5,3 - heavy traffic,2298
7 Saturday,9.5,4 - stand still,4144
7 Saturday,10,0- free flowing,118170
7 Saturday,10,1 - light traffic,490
7 Saturday,10,2 - medium traffic,1170
7 Saturday,10,3 - heavy traffic,4722
7 Saturday,10,4 - stand still,5610.5
7 Saturday,10.5,0- free flowing,130354
7 Saturday,10.5,1 - light traffic,566
7 Saturday,10.5,2 - medium traffic,2910
7 Saturday,10.5,3 - heavy traffic,7362
7 Saturday,10.5,4 - stand still,5726
7 Saturday,11,0- free flowing,141301
7 Saturday,11,1 - light traffic,706
7 Saturday,11,2 - medium traffic,4675
7 Saturday,11,3 - heavy traffic,13953
7 Saturday,11,4 - stand still,7588
7 Saturday,11.5,0- free flowing,152892
7 Saturday,11.5,1 - light traffic,1252
7 Saturday,11.5,2 - medium traffic,6497.5
7 Saturday,11.5,3 - heavy traffic,21984
7 Saturday,11.5,4 - stand still,9114
7 Saturday,12,0- free flowing,166345
7 Saturday,12,1 - light traffic,1786
7 Saturday,12,2 - medium traffic,9105
7 Saturday,12,3 - heavy traffic,26628
7 Saturday,12,4 - stand still,13835.5
7 Saturday,12.5,0- free flowing,178388
7 Saturday,12.5,1 - light traffic,2566
7 Saturday,12.5,2 - medium traffic,12887.5
7 Saturday,12.5,3 - heavy traffic,31230
7 Saturday,12.5,4 - stand still,18413.5
7 Saturday,13,0- free flowing,184006
7 Saturday,13,1 - light traffic,2640
7 Saturday,13,2 - medium traffic,15355
7 Saturday,13,3 - heavy traffic,36759
7 Saturday,13,4 - stand still,16653
7 Saturday,13.5,0- free flowing,183026
7 Saturday,13.5,1 - light traffic,2100
7 Saturday,13.5,2 - medium traffic,16557.5
7 Saturday,13.5,3 - heavy traffic,36333
7 Saturday,13.5,4 - stand still,15270.5
7 Saturday,14,0- free flowing,182802
7 Saturday,14,1 - light traffic,2180
7 Saturday,14,2 - medium traffic,15272.5
7 Saturday,14,3 - heavy traffic,33453
7 Saturday,14,4 - stand still,16744
7 Saturday,14.5,0- free flowing,178707
7 Saturday,14.5,1 - light traffic,2702
7 Saturday,14.5,2 - medium traffic,17060
7 Saturday,14.5,3 - heavy traffic,36144
7 Saturday,14.5,4 - stand still,15008
7 Saturday,15,0- free flowing,177443
7 Saturday,15,1 - light traffic,2482
7 Saturday,15,2 - medium traffic,18512.5
7 Saturday,15,3 - heavy traffic,32547
7 Saturday,15,4 - stand still,14647.5
7 Saturday,15.5,0- free flowing,176884
7 Saturday,15.5,1 - light traffic,2408
7 Saturday,15.5,2 - medium traffic,17517.5
7 Saturday,15.5,3 - heavy traffic,29187
7 Saturday,15.5,4 - stand still,14801.5
7 Saturday,16,0- free flowing,172001
7 Saturday,16,1 - light traffic,1914
7 Saturday,16,2 - medium traffic,14755
7 Saturday,16,3 - heavy traffic,27567
7 Saturday,16,4 - stand still,14637
7 Saturday,16.5,0- free flowing,167975
7 Saturday,16.5,1 - light traffic,2332
7 Saturday,16.5,2 - medium traffic,14620
7 Saturday,16.5,3 - heavy traffic,22380
7 Saturday,16.5,4 - stand still,11826.5
7 Saturday,17,0- free flowing,163613
7 Saturday,17,1 - light traffic,2388
7 Saturday,17,2 - medium traffic,13217.5
7 Saturday,17,3 - heavy traffic,17727
7 Saturday,17,4 - stand still,8589
7 Saturday,17.5,0- free flowing,160820
7 Saturday,17.5,1 - light traffic,1954
7 Saturday,17.5,2 - medium traffic,13787.5
7 Saturday,17.5,3 - heavy traffic,14931
7 Saturday,17.5,4 - stand still,6128.5
7 Saturday,18,0- free flowing,156593
7 Saturday,18,1 - light traffic,1922
7 Saturday,18,2 - medium traffic,10007.5
7 Saturday,18,3 - heavy traffic,12006
7 Saturday,18,4 - stand still,6891.5
7 Saturday,18.5,0- free flowing,147586
7 Saturday,18.5,1 - light traffic,1238
7 Saturday,18.5,2 - medium traffic,5725
7 Saturday,18.5,3 - heavy traffic,8982
7 Saturday,18.5,4 - stand still,6552
7 Saturday,19,0- free flowing,137138
7 Saturday,19,1 - light traffic,536
7 Saturday,19,2 - medium traffic,3605
7 Saturday,19,3 - heavy traffic,5844
7 Saturday,19,4 - stand still,5876.5
7 Saturday,19.5,0- free flowing,123164
7 Saturday,19.5,1 - light traffic,370
7 Saturday,19.5,2 - medium traffic,2830
7 Saturday,19.5,3 - heavy traffic,3471
7 Saturday,19.5,4 - stand still,4494
7 Saturday,20,0- free flowing,97091
7 Saturday,20,1 - light traffic,792
7 Saturday,20,2 - medium traffic,1130
7 Saturday,20,3 - heavy traffic,2145
7 Saturday,20,4 - stand still,3839.5
7 Saturday,20.5,0- free flowing,79982
7 Saturday,20.5,1 - light traffic,556
7 Saturday,20.5,2 - medium traffic,710
7 Saturday,20.5,3 - heavy traffic,1707
7 Saturday,20.5,4 - stand still,2131.5
7 Saturday,21,0- free flowing,86235
7 Saturday,21,1 - light traffic,70
7 Saturday,21,2 - medium traffic,172.5
7 Saturday,21,3 - heavy traffic,1467
7 Saturday,21,4 - stand still,2205
7 Saturday,21.5,0- free flowing,81089
7 Saturday,21.5,1 - light traffic,64
7 Saturday,21.5,2 - medium traffic,182.5
7 Saturday,21.5,3 - heavy traffic,969
7 Saturday,21.5,4 - stand still,1095.5
7 Saturday,22,0- free flowing,73819
7 Saturday,22,1 - light traffic,46
7 Saturday,22,2 - medium traffic,210
7 Saturday,22,3 - heavy traffic,594
7 Saturday,22,4 - stand still,759.5
7 Saturday,22.5,0- free flowing,64842
7 Saturday,22.5,1 - light traffic,18
7 Saturday,22.5,2 - medium traffic,77.5
7 Saturday,22.5,3 - heavy traffic,423
7 Saturday,22.5,4 - stand still,675.5
7 Saturday,23,0- free flowing,54588
7 Saturday,23,1 - light traffic,24
7 Saturday,23,2 - medium traffic,35
7 Saturday,23,3 - heavy traffic,327
7 Saturday,23,4 - stand still,318.5
7 Saturday,23.5,0- free flowing,45763
7 Saturday,23.5,1 - light traffic,0
7 Saturday,23.5,2 - medium traffic,42.5
7 Saturday,23.5,3 - heavy traffic,123
7 Saturday,23.5,4 - stand still,154
7 Saturday,24,0- free flowing,40062
7 Saturday,24,1 - light traffic,2
7 Saturday,24,2 - medium traffic,0
7 Saturday,24,3 - heavy traffic,153
7 Saturday,24,4 - stand still,539
