Day of Week,Time Half Hour,Traffic Level,Traffic Flow
1 Sunday,0.5,0- free flowing,40237
1 Sunday,0.5,1 - light traffic,22
1 Sunday,0.5,2 - medium traffic,2.5
1 Sunday,0.5,3 - heavy traffic,66
1 Sunday,0.5,4 - stand still,147
1 Sunday,1,0- free flowing,35728
1 Sunday,1,1 - light traffic,14
1 Sunday,1,2 - medium traffic,10
1 Sunday,1,3 - heavy traffic,99
1 Sunday,1,4 - stand still,108.5
1 Sunday,1.5,0- free flowing,30663
1 Sunday,1.5,1 - light traffic,8
1 Sunday,1.5,2 - medium traffic,5
1 Sunday,1.5,3 - heavy traffic,33
1 Sunday,1.5,4 - stand still,63
1 Sunday,2,0- free flowing,25032
1 Sunday,2,1 - light traffic,8
1 Sunday,2,2 - medium traffic,12.5
1 Sunday,2,3 - heavy traffic,36
1 Sunday,2,4 - stand still,49
1 Sunday,2.5,0- free flowing,21486
1 Sunday,2.5,1 - light traffic,2
1 Sunday,2.5,2 - medium traffic,0
1 Sunday,2.5,3 - heavy traffic,60
1 Sunday,2.5,4 - stand still,49
1 Sunday,3,0- free flowing,19871
1 Sunday,3,1 - light traffic,2
1 Sunday,3,2 - medium traffic,5
1 Sunday,3,3 - heavy traffic,30
1 Sunday,3,4 - stand still,77
1 Sunday,3.5,0- free flowing,17682
1 Sunday,3.5,1 - light traffic,4
1 Sunday,3.5,2 - medium traffic,10
1 Sunday,3.5,3 - heavy traffic,36
1 Sunday,3.5,4 - stand still,31.5
1 Sunday,4,0- free flowing,15320
1 Sunday,4,1 - light traffic,6
1 Sunday,4,2 - medium traffic,12.5
1 Sunday,4,3 - heavy traffic,54
1 Sunday,4,4 - stand still,28
1 Sunday,4.5,0- free flowing,14958
1 Sunday,4.5,1 - light traffic,12
1 Sunday,4.5,2 - medium traffic,7.5
1 Sunday,4.5,3 - heavy traffic,18
1 Sunday,4.5,4 - stand still,126
1 Sunday,5,0- free flowing,15946
1 Sunday,5,1 - light traffic,14
1 Sunday,5,2 - medium traffic,15
1 Sunday,5,3 - heavy traffic,51
1 Sunday,5,4 - stand still,98
1 Sunday,5.5,0- free flowing,18500
1 Sunday,5.5,1 - light traffic,14
1 Sunday,5.5,2 - medium traffic,5
1 Sunday,5.5,3 - heavy traffic,54
1 Sunday,5.5,4 - stand still,52.5
1 Sunday,6,0- free flowing,22463
1 Sunday,6,1 - light traffic,4
1 Sunday,6,2 - medium traffic,20
1 Sunday,6,3 - heavy traffic,81
1 Sunday,6,4 - stand still,360.5
1 Sunday,6.5,0- free flowing,28647
1 Sunday,6.5,1 - light traffic,10
1 Sunday,6.5,2 - medium traffic,12.5
1 Sunday,6.5,3 - heavy traffic,72
1 Sunday,6.5,4 - stand still,70
1 Sunday,7,0- free flowing,31633
1 Sunday,7,1 - light traffic,14
1 Sunday,7,2 - medium traffic,17.5
1 Sunday,7,3 - heavy traffic,90
1 Sunday,7,4 - stand still,140
1 Sunday,7.5,0- free flowing,35849
1 Sunday,7.5,1 - light traffic,8
1 Sunday,7.5,2 - medium traffic,45
1 Sunday,7.5,3 - heavy traffic,162
1 Sunday,7.5,4 - stand still,402.5
1 Sunday,8,0- free flowing,40332
1 Sunday,8,1 - light traffic,4
1 Sunday,8,2 - medium traffic,110
1 Sunday,8,3 - heavy traffic,102
1 Sunday,8,4 - stand still,1361.5
1 Sunday,8.5,0- free flowing,50963
1 Sunday,8.5,1 - light traffic,8
1 Sunday,8.5,2 - medium traffic,62.5
1 Sunday,8.5,3 - heavy traffic,318
1 Sunday,8.5,4 - stand still,2453.5
1 Sunday,9,0- free flowing,67012
1 Sunday,9,1 - light traffic,30
1 Sunday,9,2 - medium traffic,412.5
1 Sunday,9,3 - heavy traffic,441
1 Sunday,9,4 - stand still,2555
1 Sunday,9.5,0- free flowing,83095
1 Sunday,9.5,1 - light traffic,48
1 Sunday,9.5,2 - medium traffic,422.5
1 Sunday,9.5,3 - heavy traffic,1356
1 Sunday,9.5,4 - stand still,2415
1 Sunday,10,0- free flowing,94862
1 Sunday,10,1 - light traffic,50
1 Sunday,10,2 - medium traffic,340
1 Sunday,10,3 - heavy traffic,2268
1 Sunday,10,4 - stand still,4014.5
1 Sunday,10.5,0- free flowing,122388
1 Sunday,10.5,1 - light traffic,308
1 Sunday,10.5,2 - medium traffic,1025
1 Sunday,10.5,3 - heavy traffic,3963
1 Sunday,10.5,4 - stand still,7049
1 Sunday,11,0- free flowing,140182
1 Sunday,11,1 - light traffic,608
1 Sunday,11,2 - medium traffic,2852.5
1 Sunday,11,3 - heavy traffic,8034
1 Sunday,11,4 - stand still,7941.5
1 Sunday,11.5,0- free flowing,147320
1 Sunday,11.5,1 - light traffic,646
1 Sunday,11.5,2 - medium traffic,3910
1 Sunday,11.5,3 - heavy traffic,13260
1 Sunday,11.5,4 - stand still,10013.5
1 Sunday,12,0- free flowing,162716
1 Sunday,12,1 - light traffic,1452
1 Sunday,12,2 - medium traffic,6130
1 Sunday,12,3 - heavy traffic,19383
1 Sunday,12,4 - stand still,12442.5
1 Sunday,12.5,0- free flowing,182062
1 Sunday,12.5,1 - light traffic,3088
1 Sunday,12.5,2 - medium traffic,9922.5
1 Sunday,12.5,3 - heavy traffic,28191
1 Sunday,12.5,4 - stand still,13772.5
1 Sunday,13,0- free flowing,191602
1 Sunday,13,1 - light traffic,4788
1 Sunday,13,2 - medium traffic,20862.5
1 Sunday,13,3 - heavy traffic,39429
1 Sunday,13,4 - stand still,18837
1 Sunday,13.5,0- free flowing,189994
1 Sunday,13.5,1 - light traffic,5054
1 Sunday,13.5,2 - medium traffic,30637.5
1 Sunday,13.5,3 - heavy traffic,40014
1 Sunday,13.5,4 - stand still,19575.5
1 Sunday,14,0- free flowing,191932
1 Sunday,14,1 - light traffic,4964
1 Sunday,14,2 - medium traffic,30817.5
1 Sunday,14,3 - heavy traffic,43365
1 Sunday,14,4 - stand still,25217.5
1 Sunday,14.5,0- free flowing,192573
1 Sunday,14.5,1 - light traffic,5008
1 Sunday,14.5,2 - medium traffic,31585
1 Sunday,14.5,3 - heavy traffic,49632
1 Sunday,14.5,4 - stand still,27125
1 Sunday,15,0- free flowing,198326
1 Sunday,15,1 - light traffic,4524
1 Sunday,15,2 - medium traffic,32097.5
1 Sunday,15,3 - heavy traffic,52395
1 Sunday,15,4 - stand still,26859
1 Sunday,15.5,0- free flowing,194128
1 Sunday,15.5,1 - light traffic,4030
1 Sunday,15.5,2 - medium traffic,31907.5
1 Sunday,15.5,3 - heavy traffic,49554
1 Sunday,15.5,4 - stand still,24990
1 Sunday,16,0- free flowing,191790
1 Sunday,16,1 - light traffic,4106
1 Sunday,16,2 - medium traffic,34700
1 Sunday,16,3 - heavy traffic,47913
1 Sunday,16,4 - stand still,21532
1 Sunday,16.5,0- free flowing,188857
1 Sunday,16.5,1 - light traffic,3494
1 Sunday,16.5,2 - medium traffic,38322.5
1 Sunday,16.5,3 - heavy traffic,42441
1 Sunday,16.5,4 - stand still,19792.5
1 Sunday,17,0- free flowing,186060
1 Sunday,17,1 - light traffic,4670
1 Sunday,17,2 - medium traffic,33335
1 Sunday,17,3 - heavy traffic,38811
1 Sunday,17,4 - stand still,15911
1 Sunday,17.5,0- free flowing,176515
1 Sunday,17.5,1 - light traffic,3336
1 Sunday,17.5,2 - medium traffic,24300
1 Sunday,17.5,3 - heavy traffic,32970
1 Sunday,17.5,4 - stand still,15816.5
1 Sunday,18,0- free flowing,163868
1 Sunday,18,1 - light traffic,2418
1 Sunday,18,2 - medium traffic,19542.5
1 Sunday,18,3 - heavy traffic,23265
1 Sunday,18,4 - stand still,11294.5
1 Sunday,18.5,0- free flowing,152793
1 Sunday,18.5,1 - light traffic,2052
1 Sunday,18.5,2 - medium traffic,13557.5
1 Sunday,18.5,3 - heavy traffic,17754
1 Sunday,18.5,4 - stand still,7143.5
1 Sunday,19,0- free flowing,134344
1 Sunday,19,1 - light traffic,1014
1 Sunday,19,2 - medium traffic,9590
1 Sunday,19,3 - heavy traffic,11733
1 Sunday,19,4 - stand still,6993
1 Sunday,19.5,0- free flowing,123904
1 Sunday,19.5,1 - light traffic,808
1 Sunday,19.5,2 - medium traffic,4732.5
1 Sunday,19.5,3 - heavy traffic,9852
1 Sunday,19.5,4 - stand still,6429.5
1 Sunday,20,0- free flowing,105567
1 Sunday,20,1 - light traffic,770
1 Sunday,20,2 - medium traffic,4747.5
1 Sunday,20,3 - heavy traffic,4245
1 Sunday,20,4 - stand still,3395
1 Sunday,20.5,0- free flowing,94912
1 Sunday,20.5,1 - light traffic,438
1 Sunday,20.5,2 - medium traffic,2572.5
1 Sunday,20.5,3 - heavy traffic,2637
1 Sunday,20.5,4 - stand still,2744
1 Sunday,21,0- free flowing,83247
1 Sunday,21,1 - light traffic,452
1 Sunday,21,2 - medium traffic,1320
1 Sunday,21,3 - heavy traffic,2112
1 Sunday,21,4 - stand still,1925
1 Sunday,21.5,0- free flowing,71181
1 Sunday,21.5,1 - light traffic,220
1 Sunday,21.5,2 - medium traffic,860
1 Sunday,21.5,3 - heavy traffic,2016
1 Sunday,21.5,4 - stand still,3517.5
1 Sunday,22,0- free flowing,60419
1 Sunday,22,1 - light traffic,228
1 Sunday,22,2 - medium traffic,465
1 Sunday,22,3 - heavy traffic,1173
1 Sunday,22,4 - stand still,2485
1 Sunday,22.5,0- free flowing,50335
1 Sunday,22.5,1 - light traffic,158
1 Sunday,22.5,2 - medium traffic,382.5
1 Sunday,22.5,3 - heavy traffic,771
1 Sunday,22.5,4 - stand still,2278.5
1 Sunday,23,0- free flowing,42428
1 Sunday,23,1 - light traffic,150
1 Sunday,23,2 - medium traffic,370
1 Sunday,23,3 - heavy traffic,489
1 Sunday,23,4 - stand still,2418.5
1 Sunday,23.5,0- free flowing,36224
1 Sunday,23.5,1 - light traffic,64
1 Sunday,23.5,2 - medium traffic,170
1 Sunday,23.5,3 - heavy traffic,279
1 Sunday,23.5,4 - stand still,1673
1 Sunday,24,0- free flowing,41572
1 Sunday,24,1 - light traffic,32
1 Sunday,24,2 - medium traffic,112.5
1 Sunday,24,3 - heavy traffic,237
1 Sunday,24,4 - stand still,647.5
2 Monday,0.5,0- free flowing,27359
2 Monday,0.5,1 - light traffic,34
2 Monday,0.5,2 - medium traffic,50
2 Monday,0.5,3 - heavy traffic,144
2 Monday,0.5,4 - stand still,416.5
2 Monday,1,0- free flowing,23438
2 Monday,1,1 - light traffic,36
2 Monday,1,2 - medium traffic,25
2 Monday,1,3 - heavy traffic,81
2 Monday,1,4 - stand still,329
2 Monday,1.5,0- free flowing,20180
2 Monday,1.5,1 - light traffic,26
2 Monday,1.5,2 - medium traffic,15
2 Monday,1.5,3 - heavy traffic,69
2 Monday,1.5,4 - stand still,301
2 Monday,2,0- free flowing,17837
2 Monday,2,1 - light traffic,22
2 Monday,2,2 - medium traffic,47.5
2 Monday,2,3 - heavy traffic,69
2 Monday,2,4 - stand still,437.5
2 Monday,2.5,0- free flowing,16162
2 Monday,2.5,1 - light traffic,28
2 Monday,2.5,2 - medium traffic,25
2 Monday,2.5,3 - heavy traffic,93
2 Monday,2.5,4 - stand still,252
2 Monday,3,0- free flowing,14130
2 Monday,3,1 - light traffic,10
2 Monday,3,2 - medium traffic,20
2 Monday,3,3 - heavy traffic,78
2 Monday,3,4 - stand still,63
2 Monday,3.5,0- free flowing,13754
2 Monday,3.5,1 - light traffic,14
2 Monday,3.5,2 - medium traffic,27.5
2 Monday,3.5,3 - heavy traffic,39
2 Monday,3.5,4 - stand still,94.5
2 Monday,4,0- free flowing,15186
2 Monday,4,1 - light traffic,16
2 Monday,4,2 - medium traffic,55
2 Monday,4,3 - heavy traffic,45
2 Monday,4,4 - stand still,126
2 Monday,4.5,0- free flowing,17922
2 Monday,4.5,1 - light traffic,8
2 Monday,4.5,2 - medium traffic,20
2 Monday,4.5,3 - heavy traffic,39
2 Monday,4.5,4 - stand still,136.5
2 Monday,5,0- free flowing,24035
2 Monday,5,1 - light traffic,16
2 Monday,5,2 - medium traffic,10
2 Monday,5,3 - heavy traffic,60
2 Monday,5,4 - stand still,91
2 Monday,5.5,0- free flowing,31090
2 Monday,5.5,1 - light traffic,6
2 Monday,5.5,2 - medium traffic,35
2 Monday,5.5,3 - heavy traffic,123
2 Monday,5.5,4 - stand still,171.5
2 Monday,6,0- free flowing,35826
2 Monday,6,1 - light traffic,10
2 Monday,6,2 - medium traffic,22.5
2 Monday,6,3 - heavy traffic,165
2 Monday,6,4 - stand still,392
2 Monday,6.5,0- free flowing,47160
2 Monday,6.5,1 - light traffic,6
2 Monday,6.5,2 - medium traffic,72.5
2 Monday,6.5,3 - heavy traffic,372
2 Monday,6.5,4 - stand still,717.5
2 Monday,7,0- free flowing,65636
2 Monday,7,1 - light traffic,62
2 Monday,7,2 - medium traffic,492.5
2 Monday,7,3 - heavy traffic,1107
2 Monday,7,4 - stand still,2317
2 Monday,7.5,0- free flowing,104946
2 Monday,7.5,1 - light traffic,658
2 Monday,7.5,2 - medium traffic,2900
2 Monday,7.5,3 - heavy traffic,4656
2 Monday,7.5,4 - stand still,3804.5
2 Monday,8,0- free flowing,125497
2 Monday,8,1 - light traffic,1374
2 Monday,8,2 - medium traffic,8630
2 Monday,8,3 - heavy traffic,18612
2 Monday,8,4 - stand still,7318.5
2 Monday,8.5,0- free flowing,131201
2 Monday,8.5,1 - light traffic,976
2 Monday,8.5,2 - medium traffic,6032.5
2 Monday,8.5,3 - heavy traffic,11145
2 Monday,8.5,4 - stand still,7647.5
2 Monday,9,0- free flowing,123387
2 Monday,9,1 - light traffic,710
2 Monday,9,2 - medium traffic,3325
2 Monday,9,3 - heavy traffic,4590
2 Monday,9,4 - stand still,4784.5
2 Monday,9.5,0- free flowing,118714
2 Monday,9.5,1 - light traffic,140
2 Monday,9.5,2 - medium traffic,517.5
2 Monday,9.5,3 - heavy traffic,2493
2 Monday,9.5,4 - stand still,2320.5
2 Monday,10,0- free flowing,121644
2 Monday,10,1 - light traffic,158
2 Monday,10,2 - medium traffic,382.5
2 Monday,10,3 - heavy traffic,1365
2 Monday,10,4 - stand still,1862
2 Monday,10.5,0- free flowing,128227
2 Monday,10.5,1 - light traffic,92
2 Monday,10.5,2 - medium traffic,267.5
2 Monday,10.5,3 - heavy traffic,1053
2 Monday,10.5,4 - stand still,1463
2 Monday,11,0- free flowing,137686
2 Monday,11,1 - light traffic,196
2 Monday,11,2 - medium traffic,895
2 Monday,11,3 - heavy traffic,1857
2 Monday,11,4 - stand still,1669.5
2 Monday,11.5,0- free flowing,144211
2 Monday,11.5,1 - light traffic,564
2 Monday,11.5,2 - medium traffic,1565
2 Monday,11.5,3 - heavy traffic,4290
2 Monday,11.5,4 - stand still,1935.5
2 Monday,12,0- free flowing,151276
2 Monday,12,1 - light traffic,746
2 Monday,12,2 - medium traffic,2447.5
2 Monday,12,3 - heavy traffic,9672
2 Monday,12,4 - stand still,3930.5
2 Monday,12.5,0- free flowing,158837
2 Monday,12.5,1 - light traffic,1094
2 Monday,12.5,2 - medium traffic,4087.5
2 Monday,12.5,3 - heavy traffic,14643
2 Monday,12.5,4 - stand still,6300
2 Monday,13,0- free flowing,168060
2 Monday,13,1 - light traffic,1248
2 Monday,13,2 - medium traffic,7240
2 Monday,13,3 - heavy traffic,17538
2 Monday,13,4 - stand still,7189
2 Monday,13.5,0- free flowing,171865
2 Monday,13.5,1 - light traffic,1888
2 Monday,13.5,2 - medium traffic,9385
2 Monday,13.5,3 - heavy traffic,19356
2 Monday,13.5,4 - stand still,7637
2 Monday,14,0- free flowing,170861
2 Monday,14,1 - light traffic,1424
2 Monday,14,2 - medium traffic,12187.5
2 Monday,14,3 - heavy traffic,19437
2 Monday,14,4 - stand still,6860
2 Monday,14.5,0- free flowing,174202
2 Monday,14.5,1 - light traffic,2390
2 Monday,14.5,2 - medium traffic,12952.5
2 Monday,14.5,3 - heavy traffic,25224
2 Monday,14.5,4 - stand still,6727
2 Monday,15,0- free flowing,182632
2 Monday,15,1 - light traffic,2568
2 Monday,15,2 - medium traffic,13607.5
2 Monday,15,3 - heavy traffic,32508
2 Monday,15,4 - stand still,5439
2 Monday,15.5,0- free flowing,187740
2 Monday,15.5,1 - light traffic,3078
2 Monday,15.5,2 - medium traffic,19127.5
2 Monday,15.5,3 - heavy traffic,32685
2 Monday,15.5,4 - stand still,8858.5
2 Monday,16,0- free flowing,186581
2 Monday,16,1 - light traffic,3200
2 Monday,16,2 - medium traffic,26292.5
2 Monday,16,3 - heavy traffic,30321
2 Monday,16,4 - stand still,10489.5
2 Monday,16.5,0- free flowing,198930
2 Monday,16.5,1 - light traffic,2554
2 Monday,16.5,2 - medium traffic,28680
2 Monday,16.5,3 - heavy traffic,36225
2 Monday,16.5,4 - stand still,8344
2 Monday,17,0- free flowing,212766
2 Monday,17,1 - light traffic,2838
2 Monday,17,2 - medium traffic,30535
2 Monday,17,3 - heavy traffic,49884
2 Monday,17,4 - stand still,8897
2 Monday,17.5,0- free flowing,222203
2 Monday,17.5,1 - light traffic,3588
2 Monday,17.5,2 - medium traffic,32947.5
2 Monday,17.5,3 - heavy traffic,72309
2 Monday,17.5,4 - stand still,14514.5
2 Monday,18,0- free flowing,191604
2 Monday,18,1 - light traffic,3052
2 Monday,18,2 - medium traffic,21702.5
2 Monday,18,3 - heavy traffic,37707
2 Monday,18,4 - stand still,10059
2 Monday,18.5,0- free flowing,156889
2 Monday,18.5,1 - light traffic,1442
2 Monday,18.5,2 - medium traffic,9252.5
2 Monday,18.5,3 - heavy traffic,9018
2 Monday,18.5,4 - stand still,4424
2 Monday,19,0- free flowing,123666
2 Monday,19,1 - light traffic,510
2 Monday,19,2 - medium traffic,1957.5
2 Monday,19,3 - heavy traffic,2652
2 Monday,19,4 - stand still,2534
2 Monday,19.5,0- free flowing,105746
2 Monday,19.5,1 - light traffic,308
2 Monday,19.5,2 - medium traffic,500
2 Monday,19.5,3 - heavy traffic,1080
2 Monday,19.5,4 - stand still,3013.5
2 Monday,20,0- free flowing,92257
2 Monday,20,1 - light traffic,98
2 Monday,20,2 - medium traffic,465
2 Monday,20,3 - heavy traffic,504
2 Monday,20,4 - stand still,2285.5
2 Monday,20.5,0- free flowing,80711
2 Monday,20.5,1 - light traffic,224
2 Monday,20.5,2 - medium traffic,302.5
2 Monday,20.5,3 - heavy traffic,669
2 Monday,20.5,4 - stand still,1417.5
2 Monday,21,0- free flowing,70577
2 Monday,21,1 - light traffic,206
2 Monday,21,2 - medium traffic,157.5
2 Monday,21,3 - heavy traffic,717
2 Monday,21,4 - stand still,686
2 Monday,21.5,0- free flowing,61227
2 Monday,21.5,1 - light traffic,84
2 Monday,21.5,2 - medium traffic,365
2 Monday,21.5,3 - heavy traffic,1242
2 Monday,21.5,4 - stand still,1932
2 Monday,22,0- free flowing,50839
2 Monday,22,1 - light traffic,48
2 Monday,22,2 - medium traffic,85
2 Monday,22,3 - heavy traffic,975
2 Monday,22,4 - stand still,2772
2 Monday,22.5,0- free flowing,43412
2 Monday,22.5,1 - light traffic,22
2 Monday,22.5,2 - medium traffic,167.5
2 Monday,22.5,3 - heavy traffic,717
2 Monday,22.5,4 - stand still,1505
2 Monday,23,0- free flowing,38445
2 Monday,23,1 - light traffic,30
2 Monday,23,2 - medium traffic,280
2 Monday,23,3 - heavy traffic,672
2 Monday,23,4 - stand still,1018.5
2 Monday,23.5,0- free flowing,34532
2 Monday,23.5,1 - light traffic,48
2 Monday,23.5,2 - medium traffic,172.5
2 Monday,23.5,3 - heavy traffic,552
2 Monday,23.5,4 - stand still,1393
2 Monday,24,0- free flowing,31786
2 Monday,24,1 - light traffic,58
2 Monday,24,2 - medium traffic,117.5
2 Monday,24,3 - heavy traffic,195
2 Monday,24,4 - stand still,1641.5
3 Tuesday,0.5,0- free flowing,25649
3 Tuesday,0.5,1 - light traffic,24
3 Tuesday,0.5,2 - medium traffic,72.5
3 Tuesday,0.5,3 - heavy traffic,264
3 Tuesday,0.5,4 - stand still,1267
3 Tuesday,1,0- free flowing,21578
3 Tuesday,1,1 - light traffic,56
3 Tuesday,1,2 - medium traffic,35
3 Tuesday,1,3 - heavy traffic,279
3 Tuesday,1,4 - stand still,903
3 Tuesday,1.5,0- free flowing,17746
3 Tuesday,1.5,1 - light traffic,28
3 Tuesday,1.5,2 - medium traffic,35
3 Tuesday,1.5,3 - heavy traffic,84
3 Tuesday,1.5,4 - stand still,521.5
3 Tuesday,2,0- free flowing,15751
3 Tuesday,2,1 - light traffic,48
3 Tuesday,2,2 - medium traffic,32.5
3 Tuesday,2,3 - heavy traffic,141
3 Tuesday,2,4 - stand still,360.5
3 Tuesday,2.5,0- free flowing,14388
3 Tuesday,2.5,1 - light traffic,40
3 Tuesday,2.5,2 - medium traffic,20
3 Tuesday,2.5,3 - heavy traffic,90
3 Tuesday,2.5,4 - stand still,451.5
3 Tuesday,3,0- free flowing,13492
3 Tuesday,3,1 - light traffic,10
3 Tuesday,3,2 - medium traffic,30
3 Tuesday,3,3 - heavy traffic,90
3 Tuesday,3,4 - stand still,192.5
3 Tuesday,3.5,0- free flowing,13757
3 Tuesday,3.5,1 - light traffic,16
3 Tuesday,3.5,2 - medium traffic,15
3 Tuesday,3.5,3 - heavy traffic,78
3 Tuesday,3.5,4 - stand still,126
3 Tuesday,4,0- free flowing,14745
3 Tuesday,4,1 - light traffic,16
3 Tuesday,4,2 - medium traffic,20
3 Tuesday,4,3 - heavy traffic,66
3 Tuesday,4,4 - stand still,192.5
3 Tuesday,4.5,0- free flowing,17422
3 Tuesday,4.5,1 - light traffic,16
3 Tuesday,4.5,2 - medium traffic,15
3 Tuesday,4.5,3 - heavy traffic,105
3 Tuesday,4.5,4 - stand still,182
3 Tuesday,5,0- free flowing,24420
3 Tuesday,5,1 - light traffic,10
3 Tuesday,5,2 - medium traffic,30
3 Tuesday,5,3 - heavy traffic,90
3 Tuesday,5,4 - stand still,231
3 Tuesday,5.5,0- free flowing,32890
3 Tuesday,5.5,1 - light traffic,20
3 Tuesday,5.5,2 - medium traffic,20
3 Tuesday,5.5,3 - heavy traffic,138
3 Tuesday,5.5,4 - stand still,301
3 Tuesday,6,0- free flowing,39826
3 Tuesday,6,1 - light traffic,12
3 Tuesday,6,2 - medium traffic,17.5
3 Tuesday,6,3 - heavy traffic,144
3 Tuesday,6,4 - stand still,143.5
3 Tuesday,6.5,0- free flowing,51038
3 Tuesday,6.5,1 - light traffic,8
3 Tuesday,6.5,2 - medium traffic,75
3 Tuesday,6.5,3 - heavy traffic,213
3 Tuesday,6.5,4 - stand still,350
3 Tuesday,7,0- free flowing,75362
3 Tuesday,7,1 - light traffic,74
3 Tuesday,7,2 - medium traffic,377.5
3 Tuesday,7,3 - heavy traffic,1014
3 Tuesday,7,4 - stand still,1046.5
3 Tuesday,7.5,0- free flowing,121256
3 Tuesday,7.5,1 - light traffic,1182
3 Tuesday,7.5,2 - medium traffic,6552.5
3 Tuesday,7.5,3 - heavy traffic,8361
3 Tuesday,7.5,4 - stand still,2828
3 Tuesday,8,0- free flowing,141516
3 Tuesday,8,1 - light traffic,1410
3 Tuesday,8,2 - medium traffic,12692.5
3 Tuesday,8,3 - heavy traffic,28275
3 Tuesday,8,4 - stand still,7045.5
3 Tuesday,8.5,0- free flowing,142873
3 Tuesday,8.5,1 - light traffic,1426
3 Tuesday,8.5,2 - medium traffic,8037.5
3 Tuesday,8.5,3 - heavy traffic,13878
3 Tuesday,8.5,4 - stand still,4126.5
3 Tuesday,9,0- free flowing,125988
3 Tuesday,9,1 - light traffic,820
3 Tuesday,9,2 - medium traffic,3732.5
3 Tuesday,9,3 - heavy traffic,6696
3 Tuesday,9,4 - stand still,4903.5
3 Tuesday,9.5,0- free flowing,115309
3 Tuesday,9.5,1 - light traffic,200
3 Tuesday,9.5,2 - medium traffic,1290
3 Tuesday,9.5,3 - heavy traffic,3198
3 Tuesday,9.5,4 - stand still,3580.5
3 Tuesday,10,0- free flowing,117476
3 Tuesday,10,1 - light traffic,174
3 Tuesday,10,2 - medium traffic,632.5
3 Tuesday,10,3 - heavy traffic,2415
3 Tuesday,10,4 - stand still,1921.5
3 Tuesday,10.5,0- free flowing,119626
3 Tuesday,10.5,1 - light traffic,180
3 Tuesday,10.5,2 - medium traffic,672.5
3 Tuesday,10.5,3 - heavy traffic,1713
3 Tuesday,10.5,4 - stand still,1578.5
3 Tuesday,11,0- free flowing,126062
3 Tuesday,11,1 - light traffic,128
3 Tuesday,11,2 - medium traffic,660
3 Tuesday,11,3 - heavy traffic,3759
3 Tuesday,11,4 - stand still,2261
3 Tuesday,11.5,0- free flowing,133048
3 Tuesday,11.5,1 - light traffic,270
3 Tuesday,11.5,2 - medium traffic,1087.5
3 Tuesday,11.5,3 - heavy traffic,5112
3 Tuesday,11.5,4 - stand still,2719.5
3 Tuesday,12,0- free flowing,137072
3 Tuesday,12,1 - light traffic,496
3 Tuesday,12,2 - medium traffic,2022.5
3 Tuesday,12,3 - heavy traffic,6732
3 Tuesday,12,4 - stand still,2513
3 Tuesday,12.5,0- free flowing,145899
3 Tuesday,12.5,1 - light traffic,870
3 Tuesday,12.5,2 - medium traffic,3147.5
3 Tuesday,12.5,3 - heavy traffic,8760
3 Tuesday,12.5,4 - stand still,2912
3 Tuesday,13,0- free flowing,146158
3 Tuesday,13,1 - light traffic,1040
3 Tuesday,13,2 - medium traffic,4542.5
3 Tuesday,13,3 - heavy traffic,11823
3 Tuesday,13,4 - stand still,3794
3 Tuesday,13.5,0- free flowing,146609
3 Tuesday,13.5,1 - light traffic,940
3 Tuesday,13.5,2 - medium traffic,5880
3 Tuesday,13.5,3 - heavy traffic,15456
3 Tuesday,13.5,4 - stand still,4200
3 Tuesday,14,0- free flowing,139906
3 Tuesday,14,1 - light traffic,1506
3 Tuesday,14,2 - medium traffic,6415
3 Tuesday,14,3 - heavy traffic,15786
3 Tuesday,14,4 - stand still,5575.5
3 Tuesday,14.5,0- free flowing,152354
3 Tuesday,14.5,1 - light traffic,1832
3 Tuesday,14.5,2 - medium traffic,7765
3 Tuesday,14.5,3 - heavy traffic,17871
3 Tuesday,14.5,4 - stand still,6916
3 Tuesday,15,0- free flowing,161796
3 Tuesday,15,1 - light traffic,1756
3 Tuesday,15,2 - medium traffic,10235
3 Tuesday,15,3 - heavy traffic,18336
3 Tuesday,15,4 - stand still,8858.5
3 Tuesday,15.5,0- free flowing,169811
3 Tuesday,15.5,1 - light traffic,3888
3 Tuesday,15.5,2 - medium traffic,15310
3 Tuesday,15.5,3 - heavy traffic,18798
3 Tuesday,15.5,4 - stand still,9954
3 Tuesday,16,0- free flowing,173338
3 Tuesday,16,1 - light traffic,3086
3 Tuesday,16,2 - medium traffic,26040
3 Tuesday,16,3 - heavy traffic,23670
3 Tuesday,16,4 - stand still,10447.5
3 Tuesday,16.5,0- free flowing,187279
3 Tuesday,16.5,1 - light traffic,2090
3 Tuesday,16.5,2 - medium traffic,30692.5
3 Tuesday,16.5,3 - heavy traffic,31176
3 Tuesday,16.5,4 - stand still,12211.5
3 Tuesday,17,0- free flowing,196064
3 Tuesday,17,1 - light traffic,2728
3 Tuesday,17,2 - medium traffic,30705
3 Tuesday,17,3 - heavy traffic,43956
3 Tuesday,17,4 - stand still,14336
3 Tuesday,17.5,0- free flowing,207978
3 Tuesday,17.5,1 - light traffic,4190
3 Tuesday,17.5,2 - medium traffic,28167.5
3 Tuesday,17.5,3 - heavy traffic,77832
3 Tuesday,17.5,4 - stand still,22743
3 Tuesday,18,0- free flowing,183882
3 Tuesday,18,1 - light traffic,2414
3 Tuesday,18,2 - medium traffic,23032.5
3 Tuesday,18,3 - heavy traffic,41037
3 Tuesday,18,4 - stand still,12040
3 Tuesday,18.5,0- free flowing,151670
3 Tuesday,18.5,1 - light traffic,1676
3 Tuesday,18.5,2 - medium traffic,13682.5
3 Tuesday,18.5,3 - heavy traffic,11838
3 Tuesday,18.5,4 - stand still,6611.5
3 Tuesday,19,0- free flowing,117012
3 Tuesday,19,1 - light traffic,874
3 Tuesday,19,2 - medium traffic,2067.5
3 Tuesday,19,3 - heavy traffic,4860
3 Tuesday,19,4 - stand still,4308.5
3 Tuesday,19.5,0- free flowing,98892
3 Tuesday,19.5,1 - light traffic,402
3 Tuesday,19.5,2 - medium traffic,1247.5
3 Tuesday,19.5,3 - heavy traffic,1749
3 Tuesday,19.5,4 - stand still,2978.5
3 Tuesday,20,0- free flowing,83774
3 Tuesday,20,1 - light traffic,424
3 Tuesday,20,2 - medium traffic,595
3 Tuesday,20,3 - heavy traffic,948
3 Tuesday,20,4 - stand still,1771
3 Tuesday,20.5,0- free flowing,74446
3 Tuesday,20.5,1 - light traffic,212
3 Tuesday,20.5,2 - medium traffic,277.5
3 Tuesday,20.5,3 - heavy traffic,804
3 Tuesday,20.5,4 - stand still,1323
3 Tuesday,21,0- free flowing,66551
3 Tuesday,21,1 - light traffic,346
3 Tuesday,21,2 - medium traffic,427.5
3 Tuesday,21,3 - heavy traffic,924
3 Tuesday,21,4 - stand still,1403.5
3 Tuesday,21.5,0- free flowing,57020
3 Tuesday,21.5,1 - light traffic,90
3 Tuesday,21.5,2 - medium traffic,195
3 Tuesday,21.5,3 - heavy traffic,1527
3 Tuesday,21.5,4 - stand still,2380
3 Tuesday,22,0- free flowing,47123
3 Tuesday,22,1 - light traffic,32
3 Tuesday,22,2 - medium traffic,285
3 Tuesday,22,3 - heavy traffic,1080
3 Tuesday,22,4 - stand still,2733.5
3 Tuesday,22.5,0- free flowing,42839
3 Tuesday,22.5,1 - light traffic,24
3 Tuesday,22.5,2 - medium traffic,252.5
3 Tuesday,22.5,3 - heavy traffic,942
3 Tuesday,22.5,4 - stand still,1942.5
3 Tuesday,23,0- free flowing,38033
3 Tuesday,23,1 - light traffic,32
3 Tuesday,23,2 - medium traffic,220
3 Tuesday,23,3 - heavy traffic,966
3 Tuesday,23,4 - stand still,1571.5
3 Tuesday,23.5,0- free flowing,33919
3 Tuesday,23.5,1 - light traffic,20
3 Tuesday,23.5,2 - medium traffic,250
3 Tuesday,23.5,3 - heavy traffic,669
3 Tuesday,23.5,4 - stand still,749
3 Tuesday,24,0- free flowing,28745
3 Tuesday,24,1 - light traffic,48
3 Tuesday,24,2 - medium traffic,95
3 Tuesday,24,3 - heavy traffic,405
3 Tuesday,24,4 - stand still,819
4 Wednesday,0.5,0- free flowing,24700
4 Wednesday,0.5,1 - light traffic,46
4 Wednesday,0.5,2 - medium traffic,62.5
4 Wednesday,0.5,3 - heavy traffic,159
4 Wednesday,0.5,4 - stand still,392
4 Wednesday,1,0- free flowing,20587
4 Wednesday,1,1 - light traffic,42
4 Wednesday,1,2 - medium traffic,52.5
4 Wednesday,1,3 - heavy traffic,138
4 Wednesday,1,4 - stand still,462
4 Wednesday,1.5,0- free flowing,17163
4 Wednesday,1.5,1 - light traffic,42
4 Wednesday,1.5,2 - medium traffic,52.5
4 Wednesday,1.5,3 - heavy traffic,99
4 Wednesday,1.5,4 - stand still,360.5
4 Wednesday,2,0- free flowing,14914
4 Wednesday,2,1 - light traffic,28
4 Wednesday,2,2 - medium traffic,22.5
4 Wednesday,2,3 - heavy traffic,72
4 Wednesday,2,4 - stand still,224
4 Wednesday,2.5,0- free flowing,13795
4 Wednesday,2.5,1 - light traffic,16
4 Wednesday,2.5,2 - medium traffic,15
4 Wednesday,2.5,3 - heavy traffic,39
4 Wednesday,2.5,4 - stand still,308
4 Wednesday,3,0- free flowing,13409
4 Wednesday,3,1 - light traffic,16
4 Wednesday,3,2 - medium traffic,20
4 Wednesday,3,3 - heavy traffic,48
4 Wednesday,3,4 - stand still,210
4 Wednesday,3.5,0- free flowing,13100
4 Wednesday,3.5,1 - light traffic,16
4 Wednesday,3.5,2 - medium traffic,42.5
4 Wednesday,3.5,3 - heavy traffic,36
4 Wednesday,3.5,4 - stand still,297.5
4 Wednesday,4,0- free flowing,14385
4 Wednesday,4,1 - light traffic,6
4 Wednesday,4,2 - medium traffic,35
4 Wednesday,4,3 - heavy traffic,87
4 Wednesday,4,4 - stand still,143.5
4 Wednesday,4.5,0- free flowing,17575
4 Wednesday,4.5,1 - light traffic,8
4 Wednesday,4.5,2 - medium traffic,20
4 Wednesday,4.5,3 - heavy traffic,105
4 Wednesday,4.5,4 - stand still,35
4 Wednesday,5,0- free flowing,23328
4 Wednesday,5,1 - light traffic,24
4 Wednesday,5,2 - medium traffic,35
4 Wednesday,5,3 - heavy traffic,96
4 Wednesday,5,4 - stand still,164.5
4 Wednesday,5.5,0- free flowing,31191
4 Wednesday,5.5,1 - light traffic,8
4 Wednesday,5.5,2 - medium traffic,42.5
4 Wednesday,5.5,3 - heavy traffic,249
4 Wednesday,5.5,4 - stand still,325.5
4 Wednesday,6,0- free flowing,37380
4 Wednesday,6,1 - light traffic,10
4 Wednesday,6,2 - medium traffic,72.5
4 Wednesday,6,3 - heavy traffic,219
4 Wednesday,6,4 - stand still,381.5
4 Wednesday,6.5,0- free flowing,48846
4 Wednesday,6.5,1 - light traffic,26
4 Wednesday,6.5,2 - medium traffic,122.5
4 Wednesday,6.5,3 - heavy traffic,237
4 Wednesday,6.5,4 - stand still,483
4 Wednesday,7,0- free flowing,70038
4 Wednesday,7,1 - light traffic,80
4 Wednesday,7,2 - medium traffic,527.5
4 Wednesday,7,3 - heavy traffic,966
4 Wednesday,7,4 - stand still,1284.5
4 Wednesday,7.5,0- free flowing,113085
4 Wednesday,7.5,1 - light traffic,1106
4 Wednesday,7.5,2 - medium traffic,7180
4 Wednesday,7.5,3 - heavy traffic,6729
4 Wednesday,7.5,4 - stand still,1974
4 Wednesday,8,0- free flowing,135856
4 Wednesday,8,1 - light traffic,1844
4 Wednesday,8,2 - medium traffic,12325
4 Wednesday,8,3 - heavy traffic,27498
4 Wednesday,8,4 - stand still,7199.5
4 Wednesday,8.5,0- free flowing,139701
4 Wednesday,8.5,1 - light traffic,1606
4 Wednesday,8.5,2 - medium traffic,8150
4 Wednesday,8.5,3 - heavy traffic,15858
4 Wednesday,8.5,4 - stand still,5659.5
4 Wednesday,9,0- free flowing,125031
4 Wednesday,9,1 - light traffic,874
4 Wednesday,9,2 - medium traffic,4187.5
4 Wednesday,9,3 - heavy traffic,8232
4 Wednesday,9,4 - stand still,3983
4 Wednesday,9.5,0- free flowing,118323
4 Wednesday,9.5,1 - light traffic,384
4 Wednesday,9.5,2 - medium traffic,2155
4 Wednesday,9.5,3 - heavy traffic,2658
4 Wednesday,9.5,4 - stand still,2488.5
4 Wednesday,10,0- free flowing,120901
4 Wednesday,10,1 - light traffic,262
4 Wednesday,10,2 - medium traffic,1387.5
4 Wednesday,10,3 - heavy traffic,2748
4 Wednesday,10,4 - stand still,1421
4 Wednesday,10.5,0- free flowing,122233
4 Wednesday,10.5,1 - light traffic,390
4 Wednesday,10.5,2 - medium traffic,1172.5
4 Wednesday,10.5,3 - heavy traffic,3381
4 Wednesday,10.5,4 - stand still,1214.5
4 Wednesday,11,0- free flowing,129831
4 Wednesday,11,1 - light traffic,712
4 Wednesday,11,2 - medium traffic,2207.5
4 Wednesday,11,3 - heavy traffic,3975
4 Wednesday,11,4 - stand still,4256
4 Wednesday,11.5,0- free flowing,138399
4 Wednesday,11.5,1 - light traffic,1084
4 Wednesday,11.5,2 - medium traffic,3850
4 Wednesday,11.5,3 - heavy traffic,6633
4 Wednesday,11.5,4 - stand still,5124
4 Wednesday,12,0- free flowing,145358
4 Wednesday,12,1 - light traffic,960
4 Wednesday,12,2 - medium traffic,6247.5
4 Wednesday,12,3 - heavy traffic,10845
4 Wednesday,12,4 - stand still,5964
4 Wednesday,12.5,0- free flowing,155135
4 Wednesday,12.5,1 - light traffic,1384
4 Wednesday,12.5,2 - medium traffic,7340
4 Wednesday,12.5,3 - heavy traffic,16440
4 Wednesday,12.5,4 - stand still,6489
4 Wednesday,13,0- free flowing,156705
4 Wednesday,13,1 - light traffic,1662
4 Wednesday,13,2 - medium traffic,8335
4 Wednesday,13,3 - heavy traffic,15444
4 Wednesday,13,4 - stand still,9110.5
4 Wednesday,13.5,0- free flowing,158942
4 Wednesday,13.5,1 - light traffic,1398
4 Wednesday,13.5,2 - medium traffic,10052.5
4 Wednesday,13.5,3 - heavy traffic,15738
4 Wednesday,13.5,4 - stand still,9996
4 Wednesday,14,0- free flowing,160166
4 Wednesday,14,1 - light traffic,1852
4 Wednesday,14,2 - medium traffic,11212.5
4 Wednesday,14,3 - heavy traffic,17205
4 Wednesday,14,4 - stand still,9303
4 Wednesday,14.5,0- free flowing,164537
4 Wednesday,14.5,1 - light traffic,2460
4 Wednesday,14.5,2 - medium traffic,15220
4 Wednesday,14.5,3 - heavy traffic,21492
4 Wednesday,14.5,4 - stand still,11616.5
4 Wednesday,15,0- free flowing,171065
4 Wednesday,15,1 - light traffic,4228
4 Wednesday,15,2 - medium traffic,17920
4 Wednesday,15,3 - heavy traffic,24522
4 Wednesday,15,4 - stand still,15099
4 Wednesday,15.5,0- free flowing,179092
4 Wednesday,15.5,1 - light traffic,4802
4 Wednesday,15.5,2 - medium traffic,22445
4 Wednesday,15.5,3 - heavy traffic,35298
4 Wednesday,15.5,4 - stand still,13545
4 Wednesday,16,0- free flowing,173507
4 Wednesday,16,1 - light traffic,3726
4 Wednesday,16,2 - medium traffic,31132.5
4 Wednesday,16,3 - heavy traffic,34632
4 Wednesday,16,4 - stand still,11630.5
4 Wednesday,16.5,0- free flowing,190021
4 Wednesday,16.5,1 - light traffic,2938
4 Wednesday,16.5,2 - medium traffic,34497.5
4 Wednesday,16.5,3 - heavy traffic,45723
4 Wednesday,16.5,4 - stand still,14595
4 Wednesday,17,0- free flowing,205436
4 Wednesday,17,1 - light traffic,3354
4 Wednesday,17,2 - medium traffic,32252.5
4 Wednesday,17,3 - heavy traffic,68184
4 Wednesday,17,4 - stand still,16740.5
4 Wednesday,17.5,0- free flowing,217878
4 Wednesday,17.5,1 - light traffic,4372
4 Wednesday,17.5,2 - medium traffic,26937.5
4 Wednesday,17.5,3 - heavy traffic,105438
4 Wednesday,17.5,4 - stand still,20723.5
4 Wednesday,18,0- free flowing,191608
4 Wednesday,18,1 - light traffic,3184
4 Wednesday,18,2 - medium traffic,22940
4 Wednesday,18,3 - heavy traffic,60939
4 Wednesday,18,4 - stand still,12407.5
4 Wednesday,18.5,0- free flowing,155138
4 Wednesday,18.5,1 - light traffic,2048
4 Wednesday,18.5,2 - medium traffic,18822.5
4 Wednesday,18.5,3 - heavy traffic,17454
4 Wednesday,18.5,4 - stand still,7591.5
4 Wednesday,19,0- free flowing,121154
4 Wednesday,19,1 - light traffic,1224
4 Wednesday,19,2 - medium traffic,6010
4 Wednesday,19,3 - heavy traffic,5259
4 Wednesday,19,4 - stand still,5173
4 Wednesday,19.5,0- free flowing,102138
4 Wednesday,19.5,1 - light traffic,314
4 Wednesday,19.5,2 - medium traffic,1717.5
4 Wednesday,19.5,3 - heavy traffic,2979
4 Wednesday,19.5,4 - stand still,1974
4 Wednesday,20,0- free flowing,87804
4 Wednesday,20,1 - light traffic,108
4 Wednesday,20,2 - medium traffic,1807.5
4 Wednesday,20,3 - heavy traffic,975
4 Wednesday,20,4 - stand still,973
4 Wednesday,20.5,0- free flowing,78407
4 Wednesday,20.5,1 - light traffic,196
4 Wednesday,20.5,2 - medium traffic,360
4 Wednesday,20.5,3 - heavy traffic,1293
4 Wednesday,20.5,4 - stand still,1809.5
4 Wednesday,21,0- free flowing,69531
4 Wednesday,21,1 - light traffic,130
4 Wednesday,21,2 - medium traffic,305
4 Wednesday,21,3 - heavy traffic,1194
4 Wednesday,21,4 - stand still,1256.5
4 Wednesday,21.5,0- free flowing,60948
4 Wednesday,21.5,1 - light traffic,142
4 Wednesday,21.5,2 - medium traffic,627.5
4 Wednesday,21.5,3 - heavy traffic,1950
4 Wednesday,21.5,4 - stand still,2229.5
4 Wednesday,22,0- free flowing,48997
4 Wednesday,22,1 - light traffic,48
4 Wednesday,22,2 - medium traffic,310
4 Wednesday,22,3 - heavy traffic,1194
4 Wednesday,22,4 - stand still,2534
4 Wednesday,22.5,0- free flowing,43249
4 Wednesday,22.5,1 - light traffic,48
4 Wednesday,22.5,2 - medium traffic,367.5
4 Wednesday,22.5,3 - heavy traffic,1119
4 Wednesday,22.5,4 - stand still,1960
4 Wednesday,23,0- free flowing,39314
4 Wednesday,23,1 - light traffic,38
4 Wednesday,23,2 - medium traffic,307.5
4 Wednesday,23,3 - heavy traffic,1065
4 Wednesday,23,4 - stand still,1536.5
4 Wednesday,23.5,0- free flowing,35185
4 Wednesday,23.5,1 - light traffic,26
4 Wednesday,23.5,2 - medium traffic,237.5
4 Wednesday,23.5,3 - heavy traffic,1146
4 Wednesday,23.5,4 - stand still,934.5
4 Wednesday,24,0- free flowing,29245
4 Wednesday,24,1 - light traffic,50
4 Wednesday,24,2 - medium traffic,122.5
4 Wednesday,24,3 - heavy traffic,504
4 Wednesday,24,4 - stand still,651
5 Thursday,0.5,0- free flowing,26946
5 Thursday,0.5,1 - light traffic,46
5 Thursday,0.5,2 - medium traffic,110
5 Thursday,0.5,3 - heavy traffic,465
5 Thursday,0.5,4 - stand still,637
5 Thursday,1,0- free flowing,22477
5 Thursday,1,1 - light traffic,32
5 Thursday,1,2 - medium traffic,75
5 Thursday,1,3 - heavy traffic,144
5 Thursday,1,4 - stand still,577.5
5 Thursday,1.5,0- free flowing,18291
5 Thursday,1.5,1 - light traffic,46
5 Thursday,1.5,2 - medium traffic,45
5 Thursday,1.5,3 - heavy traffic,135
5 Thursday,1.5,4 - stand still,287
5 Thursday,2,0- free flowing,16279
5 Thursday,2,1 - light traffic,34
5 Thursday,2,2 - medium traffic,32.5
5 Thursday,2,3 - heavy traffic,168
5 Thursday,2,4 - stand still,430.5
5 Thursday,2.5,0- free flowing,15286
5 Thursday,2.5,1 - light traffic,12
5 Thursday,2.5,2 - medium traffic,30
5 Thursday,2.5,3 - heavy traffic,84
5 Thursday,2.5,4 - stand still,234.5
5 Thursday,3,0- free flowing,14601
5 Thursday,3,1 - light traffic,16
5 Thursday,3,2 - medium traffic,42.5
5 Thursday,3,3 - heavy traffic,84
5 Thursday,3,4 - stand still,287
5 Thursday,3.5,0- free flowing,14796
5 Thursday,3.5,1 - light traffic,6
5 Thursday,3.5,2 - medium traffic,45
5 Thursday,3.5,3 - heavy traffic,144
5 Thursday,3.5,4 - stand still,385
5 Thursday,4,0- free flowing,15280
5 Thursday,4,1 - light traffic,8
5 Thursday,4,2 - medium traffic,22.5
5 Thursday,4,3 - heavy traffic,174
5 Thursday,4,4 - stand still,332.5
5 Thursday,4.5,0- free flowing,18756
5 Thursday,4.5,1 - light traffic,20
5 Thursday,4.5,2 - medium traffic,25
5 Thursday,4.5,3 - heavy traffic,111
5 Thursday,4.5,4 - stand still,350
5 Thursday,5,0- free flowing,25114
5 Thursday,5,1 - light traffic,16
5 Thursday,5,2 - medium traffic,47.5
5 Thursday,5,3 - heavy traffic,252
5 Thursday,5,4 - stand still,378
5 Thursday,5.5,0- free flowing,32255
5 Thursday,5.5,1 - light traffic,10
5 Thursday,5.5,2 - medium traffic,62.5
5 Thursday,5.5,3 - heavy traffic,258
5 Thursday,5.5,4 - stand still,451.5
5 Thursday,6,0- free flowing,38097
5 Thursday,6,1 - light traffic,12
5 Thursday,6,2 - medium traffic,35
5 Thursday,6,3 - heavy traffic,225
5 Thursday,6,4 - stand still,392
5 Thursday,6.5,0- free flowing,49517
5 Thursday,6.5,1 - light traffic,48
5 Thursday,6.5,2 - medium traffic,82.5
5 Thursday,6.5,3 - heavy traffic,201
5 Thursday,6.5,4 - stand still,308
5 Thursday,7,0- free flowing,71347
5 Thursday,7,1 - light traffic,80
5 Thursday,7,2 - medium traffic,390
5 Thursday,7,3 - heavy traffic,1143
5 Thursday,7,4 - stand still,1134
5 Thursday,7.5,0- free flowing,113948
5 Thursday,7.5,1 - light traffic,1346
5 Thursday,7.5,2 - medium traffic,5857.5
5 Thursday,7.5,3 - heavy traffic,8460
5 Thursday,7.5,4 - stand still,2019.5
5 Thursday,8,0- free flowing,140638
5 Thursday,8,1 - light traffic,1878
5 Thursday,8,2 - medium traffic,12337.5
5 Thursday,8,3 - heavy traffic,27846
5 Thursday,8,4 - stand still,6443.5
5 Thursday,8.5,0- free flowing,134188
5 Thursday,8.5,1 - light traffic,1328
5 Thursday,8.5,2 - medium traffic,8602.5
5 Thursday,8.5,3 - heavy traffic,12006
5 Thursday,8.5,4 - stand still,6601
5 Thursday,9,0- free flowing,123387
5 Thursday,9,1 - light traffic,706
5 Thursday,9,2 - medium traffic,4310
5 Thursday,9,3 - heavy traffic,7290
5 Thursday,9,4 - stand still,6419
5 Thursday,9.5,0- free flowing,118074
5 Thursday,9.5,1 - light traffic,454
5 Thursday,9.5,2 - medium traffic,1682.5
5 Thursday,9.5,3 - heavy traffic,3483
5 Thursday,9.5,4 - stand still,6205.5
5 Thursday,10,0- free flowing,118543
5 Thursday,10,1 - light traffic,370
5 Thursday,10,2 - medium traffic,1517.5
5 Thursday,10,3 - heavy traffic,3690
5 Thursday,10,4 - stand still,5456.5
5 Thursday,10.5,0- free flowing,125363
5 Thursday,10.5,1 - light traffic,930
5 Thursday,10.5,2 - medium traffic,2550
5 Thursday,10.5,3 - heavy traffic,2901
5 Thursday,10.5,4 - stand still,4025
5 Thursday,11,0- free flowing,133013
5 Thursday,11,1 - light traffic,976
5 Thursday,11,2 - medium traffic,5060
5 Thursday,11,3 - heavy traffic,4590
5 Thursday,11,4 - stand still,3031
5 Thursday,11.5,0- free flowing,142540
5 Thursday,11.5,1 - light traffic,1240
5 Thursday,11.5,2 - medium traffic,4470
5 Thursday,11.5,3 - heavy traffic,7728
5 Thursday,11.5,4 - stand still,4805.5
5 Thursday,12,0- free flowing,150026
5 Thursday,12,1 - light traffic,1936
5 Thursday,12,2 - medium traffic,6292.5
5 Thursday,12,3 - heavy traffic,11427
5 Thursday,12,4 - stand still,6667.5
5 Thursday,12.5,0- free flowing,158098
5 Thursday,12.5,1 - light traffic,1792
5 Thursday,12.5,2 - medium traffic,9855
5 Thursday,12.5,3 - heavy traffic,18255
5 Thursday,12.5,4 - stand still,6408.5
5 Thursday,13,0- free flowing,161984
5 Thursday,13,1 - light traffic,2510
5 Thursday,13,2 - medium traffic,11192.5
5 Thursday,13,3 - heavy traffic,22512
5 Thursday,13,4 - stand still,9555
5 Thursday,13.5,0- free flowing,164924
5 Thursday,13.5,1 - light traffic,3310
5 Thursday,13.5,2 - medium traffic,14860
5 Thursday,13.5,3 - heavy traffic,23415
5 Thursday,13.5,4 - stand still,8417.5
5 Thursday,14,0- free flowing,162497
5 Thursday,14,1 - light traffic,3932
5 Thursday,14,2 - medium traffic,16610
5 Thursday,14,3 - heavy traffic,23859
5 Thursday,14,4 - stand still,8571.5
5 Thursday,14.5,0- free flowing,163116
5 Thursday,14.5,1 - light traffic,3352
5 Thursday,14.5,2 - medium traffic,21790
5 Thursday,14.5,3 - heavy traffic,27345
5 Thursday,14.5,4 - stand still,7234.5
5 Thursday,15,0- free flowing,177066
5 Thursday,15,1 - light traffic,3708
5 Thursday,15,2 - medium traffic,26457.5
5 Thursday,15,3 - heavy traffic,35460
5 Thursday,15,4 - stand still,7668.5
5 Thursday,15.5,0- free flowing,185253
5 Thursday,15.5,1 - light traffic,4506
5 Thursday,15.5,2 - medium traffic,34745
5 Thursday,15.5,3 - heavy traffic,42666
5 Thursday,15.5,4 - stand still,10668
5 Thursday,16,0- free flowing,184552
5 Thursday,16,1 - light traffic,4118
5 Thursday,16,2 - medium traffic,44105
5 Thursday,16,3 - heavy traffic,54762
5 Thursday,16,4 - stand still,15316
5 Thursday,16.5,0- free flowing,206321
5 Thursday,16.5,1 - light traffic,4520
5 Thursday,16.5,2 - medium traffic,43712.5
5 Thursday,16.5,3 - heavy traffic,75765
5 Thursday,16.5,4 - stand still,16789.5
5 Thursday,17,0- free flowing,223506
5 Thursday,17,1 - light traffic,5434
5 Thursday,17,2 - medium traffic,39082.5
5 Thursday,17,3 - heavy traffic,104031
5 Thursday,17,4 - stand still,16947
5 Thursday,17.5,0- free flowing,234119
5 Thursday,17.5,1 - light traffic,5988
5 Thursday,17.5,2 - medium traffic,35210
5 Thursday,17.5,3 - heavy traffic,139374
5 Thursday,17.5,4 - stand still,23957.5
5 Thursday,18,0- free flowing,213705
5 Thursday,18,1 - light traffic,4452
5 Thursday,18,2 - medium traffic,37247.5
5 Thursday,18,3 - heavy traffic,73269
5 Thursday,18,4 - stand still,16737
5 Thursday,18.5,0- free flowing,174060
5 Thursday,18.5,1 - light traffic,3512
5 Thursday,18.5,2 - medium traffic,26620
5 Thursday,18.5,3 - heavy traffic,21411
5 Thursday,18.5,4 - stand still,9135
5 Thursday,19,0- free flowing,139232
5 Thursday,19,1 - light traffic,1508
5 Thursday,19,2 - medium traffic,7575
5 Thursday,19,3 - heavy traffic,7323
5 Thursday,19,4 - stand still,4546.5
5 Thursday,19.5,0- free flowing,119138
5 Thursday,19.5,1 - light traffic,658
5 Thursday,19.5,2 - medium traffic,2667.5
5 Thursday,19.5,3 - heavy traffic,2400
5 Thursday,19.5,4 - stand still,3010
5 Thursday,20,0- free flowing,103812
5 Thursday,20,1 - light traffic,352
5 Thursday,20,2 - medium traffic,1120
5 Thursday,20,3 - heavy traffic,1395
5 Thursday,20,4 - stand still,1669.5
5 Thursday,20.5,0- free flowing,92405
5 Thursday,20.5,1 - light traffic,190
5 Thursday,20.5,2 - medium traffic,710
5 Thursday,20.5,3 - heavy traffic,1548
5 Thursday,20.5,4 - stand still,1760.5
5 Thursday,21,0- free flowing,85530
5 Thursday,21,1 - light traffic,226
5 Thursday,21,2 - medium traffic,1125
5 Thursday,21,3 - heavy traffic,1935
5 Thursday,21,4 - stand still,1904
5 Thursday,21.5,0- free flowing,73574
5 Thursday,21.5,1 - light traffic,252
5 Thursday,21.5,2 - medium traffic,990
5 Thursday,21.5,3 - heavy traffic,3483
5 Thursday,21.5,4 - stand still,2919
5 Thursday,22,0- free flowing,59886
5 Thursday,22,1 - light traffic,138
5 Thursday,22,2 - medium traffic,707.5
5 Thursday,22,3 - heavy traffic,3006
5 Thursday,22,4 - stand still,3818.5
5 Thursday,22.5,0- free flowing,51218
5 Thursday,22.5,1 - light traffic,42
5 Thursday,22.5,2 - medium traffic,500
5 Thursday,22.5,3 - heavy traffic,1677
5 Thursday,22.5,4 - stand still,5659.5
5 Thursday,23,0- free flowing,46533
5 Thursday,23,1 - light traffic,94
5 Thursday,23,2 - medium traffic,717.5
5 Thursday,23,3 - heavy traffic,1512
5 Thursday,23,4 - stand still,4088
5 Thursday,23.5,0- free flowing,39754
5 Thursday,23.5,1 - light traffic,40
5 Thursday,23.5,2 - medium traffic,965
5 Thursday,23.5,3 - heavy traffic,1326
5 Thursday,23.5,4 - stand still,1267
5 Thursday,24,0- free flowing,31185
5 Thursday,24,1 - light traffic,50
5 Thursday,24,2 - medium traffic,267.5
5 Thursday,24,3 - heavy traffic,807
5 Thursday,24,4 - stand still,857.5
6 Friday,0.5,0- free flowing,31968
6 Friday,0.5,1 - light traffic,28
6 Friday,0.5,2 - medium traffic,102.5
6 Friday,0.5,3 - heavy traffic,462
6 Friday,0.5,4 - stand still,1484
6 Friday,1,0- free flowing,27031
6 Friday,1,1 - light traffic,30
6 Friday,1,2 - medium traffic,47.5
6 Friday,1,3 - heavy traffic,528
6 Friday,1,4 - stand still,966
6 Friday,1.5,0- free flowing,23608
6 Friday,1.5,1 - light traffic,38
6 Friday,1.5,2 - medium traffic,100
6 Friday,1.5,3 - heavy traffic,357
6 Friday,1.5,4 - stand still,630
6 Friday,2,0- free flowing,20100
6 Friday,2,1 - light traffic,22
6 Friday,2,2 - medium traffic,70
6 Friday,2,3 - heavy traffic,171
6 Friday,2,4 - stand still,385
6 Friday,2.5,0- free flowing,18976
6 Friday,2.5,1 - light traffic,14
6 Friday,2.5,2 - medium traffic,30
6 Friday,2.5,3 - heavy traffic,219
6 Friday,2.5,4 - stand still,290.5
6 Friday,3,0- free flowing,18003
6 Friday,3,1 - light traffic,30
6 Friday,3,2 - medium traffic,40
6 Friday,3,3 - heavy traffic,180
6 Friday,3,4 - stand still,483
6 Friday,3.5,0- free flowing,17991
6 Friday,3.5,1 - light traffic,16
6 Friday,3.5,2 - medium traffic,52.5
6 Friday,3.5,3 - heavy traffic,93
6 Friday,3.5,4 - stand still,518
6 Friday,4,0- free flowing,18220
6 Friday,4,1 - light traffic,8
6 Friday,4,2 - medium traffic,40
6 Friday,4,3 - heavy traffic,78
6 Friday,4,4 - stand still,346.5
6 Friday,4.5,0- free flowing,20805
6 Friday,4.5,1 - light traffic,14
6 Friday,4.5,2 - medium traffic,42.5
6 Friday,4.5,3 - heavy traffic,132
6 Friday,4.5,4 - stand still,367.5
6 Friday,5,0- free flowing,25687
6 Friday,5,1 - light traffic,2
6 Friday,5,2 - medium traffic,65
6 Friday,5,3 - heavy traffic,102
6 Friday,5,4 - stand still,259
6 Friday,5.5,0- free flowing,32183
6 Friday,5.5,1 - light traffic,16
6 Friday,5.5,2 - medium traffic,52.5
6 Friday,5.5,3 - heavy traffic,105
6 Friday,5.5,4 - stand still,192.5
6 Friday,6,0- free flowing,36045
6 Friday,6,1 - light traffic,16
6 Friday,6,2 - medium traffic,32.5
6 Friday,6,3 - heavy traffic,102
6 Friday,6,4 - stand still,196
6 Friday,6.5,0- free flowing,47619
6 Friday,6.5,1 - light traffic,6
6 Friday,6.5,2 - medium traffic,32.5
6 Friday,6.5,3 - heavy traffic,189
6 Friday,6.5,4 - stand still,290.5
6 Friday,7,0- free flowing,66589
6 Friday,7,1 - light traffic,62
6 Friday,7,2 - medium traffic,260
6 Friday,7,3 - heavy traffic,657
6 Friday,7,4 - stand still,913.5
6 Friday,7.5,0- free flowing,103657
6 Friday,7.5,1 - light traffic,572
6 Friday,7.5,2 - medium traffic,2885
6 Friday,7.5,3 - heavy traffic,3282
6 Friday,7.5,4 - stand still,1918
6 Friday,8,0- free flowing,128241
6 Friday,8,1 - light traffic,1280
6 Friday,8,2 - medium traffic,8885
6 Friday,8,3 - heavy traffic,12300
6 Friday,8,4 - stand still,4168.5
6 Friday,8.5,0- free flowing,132012
6 Friday,8.5,1 - light traffic,878
6 Friday,8.5,2 - medium traffic,3850
6 Friday,8.5,3 - heavy traffic,5964
6 Friday,8.5,4 - stand still,4588.5
6 Friday,9,0- free flowing,120851
6 Friday,9,1 - light traffic,478
6 Friday,9,2 - medium traffic,1850
6 Friday,9,3 - heavy traffic,4068
6 Friday,9,4 - stand still,3902.5
6 Friday,9.5,0- free flowing,121780
6 Friday,9.5,1 - light traffic,270
6 Friday,9.5,2 - medium traffic,1440
6 Friday,9.5,3 - heavy traffic,2955
6 Friday,9.5,4 - stand still,3888.5
6 Friday,10,0- free flowing,128779
6 Friday,10,1 - light traffic,338
6 Friday,10,2 - medium traffic,2220
6 Friday,10,3 - heavy traffic,3978
6 Friday,10,4 - stand still,3689
6 Friday,10.5,0- free flowing,137122
6 Friday,10.5,1 - light traffic,528
6 Friday,10.5,2 - medium traffic,3350
6 Friday,10.5,3 - heavy traffic,4389
6 Friday,10.5,4 - stand still,4392.5
6 Friday,11,0- free flowing,148662
6 Friday,11,1 - light traffic,1140
6 Friday,11,2 - medium traffic,5105
6 Friday,11,3 - heavy traffic,8823
6 Friday,11,4 - stand still,5029.5
6 Friday,11.5,0- free flowing,164653
6 Friday,11.5,1 - light traffic,2010
6 Friday,11.5,2 - medium traffic,9172.5
6 Friday,11.5,3 - heavy traffic,18186
6 Friday,11.5,4 - stand still,6422.5
6 Friday,12,0- free flowing,175528
6 Friday,12,1 - light traffic,3218
6 Friday,12,2 - medium traffic,15485
6 Friday,12,3 - heavy traffic,28842
6 Friday,12,4 - stand still,7409.5
6 Friday,12.5,0- free flowing,181464
6 Friday,12.5,1 - light traffic,4370
6 Friday,12.5,2 - medium traffic,22250
6 Friday,12.5,3 - heavy traffic,38190
6 Friday,12.5,4 - stand still,10993.5
6 Friday,13,0- free flowing,192375
6 Friday,13,1 - light traffic,4728
6 Friday,13,2 - medium traffic,30057.5
6 Friday,13,3 - heavy traffic,47883
6 Friday,13,4 - stand still,15893.5
6 Friday,13.5,0- free flowing,194554
6 Friday,13.5,1 - light traffic,6120
6 Friday,13.5,2 - medium traffic,34857.5
6 Friday,13.5,3 - heavy traffic,56952
6 Friday,13.5,4 - stand still,20979
6 Friday,14,0- free flowing,200642
6 Friday,14,1 - light traffic,5672
6 Friday,14,2 - medium traffic,44597.5
6 Friday,14,3 - heavy traffic,64524
6 Friday,14,4 - stand still,22134
6 Friday,14.5,0- free flowing,205234
6 Friday,14.5,1 - light traffic,5602
6 Friday,14.5,2 - medium traffic,54907.5
6 Friday,14.5,3 - heavy traffic,72741
6 Friday,14.5,4 - stand still,22260
6 Friday,15,0- free flowing,216343
6 Friday,15,1 - light traffic,6572
6 Friday,15,2 - medium traffic,60457.5
6 Friday,15,3 - heavy traffic,91608
6 Friday,15,4 - stand still,21350
6 Friday,15.5,0- free flowing,227573
6 Friday,15.5,1 - light traffic,5688
6 Friday,15.5,2 - medium traffic,59652.5
6 Friday,15.5,3 - heavy traffic,118272
6 Friday,15.5,4 - stand still,29344
6 Friday,16,0- free flowing,238684
6 Friday,16,1 - light traffic,5738
6 Friday,16,2 - medium traffic,62307.5
6 Friday,16,3 - heavy traffic,136044
6 Friday,16,4 - stand still,38839.5
6 Friday,16.5,0- free flowing,263776
6 Friday,16.5,1 - light traffic,5450
6 Friday,16.5,2 - medium traffic,62830
6 Friday,16.5,3 - heavy traffic,144831
6 Friday,16.5,4 - stand still,41209
6 Friday,17,0- free flowing,258388
6 Friday,17,1 - light traffic,6416
6 Friday,17,2 - medium traffic,55817.5
6 Friday,17,3 - heavy traffic,152394
6 Friday,17,4 - stand still,46963
6 Friday,17.5,0- free flowing,258271
6 Friday,17.5,1 - light traffic,6492
6 Friday,17.5,2 - medium traffic,57855
6 Friday,17.5,3 - heavy traffic,142389
6 Friday,17.5,4 - stand still,48282.5
6 Friday,18,0- free flowing,239773
6 Friday,18,1 - light traffic,6466
6 Friday,18,2 - medium traffic,54777.5
6 Friday,18,3 - heavy traffic,88467
6 Friday,18,4 - stand still,40768
6 Friday,18.5,0- free flowing,217617
6 Friday,18.5,1 - light traffic,6268
6 Friday,18.5,2 - medium traffic,38867.5
6 Friday,18.5,3 - heavy traffic,48366
6 Friday,18.5,4 - stand still,33943
6 Friday,19,0- free flowing,189108
6 Friday,19,1 - light traffic,3970
6 Friday,19,2 - medium traffic,25547.5
6 Friday,19,3 - heavy traffic,26640
6 Friday,19,4 - stand still,27737.5
6 Friday,19.5,0- free flowing,170115
6 Friday,19.5,1 - light traffic,2594
6 Friday,19.5,2 - medium traffic,16517.5
6 Friday,19.5,3 - heavy traffic,19986
6 Friday,19.5,4 - stand still,19778.5
6 Friday,20,0- free flowing,148197
6 Friday,20,1 - light traffic,1514
6 Friday,20,2 - medium traffic,12777.5
6 Friday,20,3 - heavy traffic,12978
6 Friday,20,4 - stand still,13016.5
6 Friday,20.5,0- free flowing,133855
6 Friday,20.5,1 - light traffic,1006
6 Friday,20.5,2 - medium traffic,7245
6 Friday,20.5,3 - heavy traffic,8637
6 Friday,20.5,4 - stand still,9929.5
6 Friday,21,0- free flowing,121053
6 Friday,21,1 - light traffic,588
6 Friday,21,2 - medium traffic,6690
6 Friday,21,3 - heavy traffic,9696
6 Friday,21,4 - stand still,7143.5
6 Friday,21.5,0- free flowing,110495
6 Friday,21.5,1 - light traffic,1080
6 Friday,21.5,2 - medium traffic,5500
6 Friday,21.5,3 - heavy traffic,6261
6 Friday,21.5,4 - stand still,5190.5
6 Friday,22,0- free flowing,94181
6 Friday,22,1 - light traffic,460
6 Friday,22,2 - medium traffic,3487.5
6 Friday,22,3 - heavy traffic,3333
6 Friday,22,4 - stand still,4504.5
6 Friday,22.5,0- free flowing,80649
6 Friday,22.5,1 - light traffic,594
6 Friday,22.5,2 - medium traffic,1587.5
6 Friday,22.5,3 - heavy traffic,2418
6 Friday,22.5,4 - stand still,2075.5
6 Friday,23,0- free flowing,67035
6 Friday,23,1 - light traffic,62
6 Friday,23,2 - medium traffic,175
6 Friday,23,3 - heavy traffic,606
6 Friday,23,4 - stand still,1218
6 Friday,23.5,0- free flowing,54229
6 Friday,23.5,1 - light traffic,34
6 Friday,23.5,2 - medium traffic,60
6 Friday,23.5,3 - heavy traffic,204
6 Friday,23.5,4 - stand still,864.5
6 Friday,24,0- free flowing,38783
6 Friday,24,1 - light traffic,24
6 Friday,24,2 - medium traffic,140
6 Friday,24,3 - heavy traffic,444
6 Friday,24,4 - stand still,1519
7 Saturday,0.5,0- free flowing,43427
7 Saturday,0.5,1 - light traffic,22
7 Saturday,0.5,2 - medium traffic,17.5
7 Saturday,0.5,3 - heavy traffic,54
7 Saturday,0.5,4 - stand still,542.5
7 Saturday,1,0- free flowing,36099
7 Saturday,1,1 - light traffic,14
7 Saturday,1,2 - medium traffic,20
7 Saturday,1,3 - heavy traffic,111
7 Saturday,1,4 - stand still,182
7 Saturday,1.5,0- free flowing,32345
7 Saturday,1.5,1 - light traffic,16
7 Saturday,1.5,2 - medium traffic,12.5
7 Saturday,1.5,3 - heavy traffic,90
7 Saturday,1.5,4 - stand still,143.5
7 Saturday,2,0- free flowing,29067
7 Saturday,2,1 - light traffic,16
7 Saturday,2,2 - medium traffic,22.5
7 Saturday,2,3 - heavy traffic,225
7 Saturday,2,4 - stand still,213.5
7 Saturday,2.5,0- free flowing,25785
7 Saturday,2.5,1 - light traffic,38
7 Saturday,2.5,2 - medium traffic,25
7 Saturday,2.5,3 - heavy traffic,60
7 Saturday,2.5,4 - stand still,206.5
7 Saturday,3,0- free flowing,23307
7 Saturday,3,1 - light traffic,2
7 Saturday,3,2 - medium traffic,17.5
7 Saturday,3,3 - heavy traffic,69
7 Saturday,3,4 - stand still,182
7 Saturday,3.5,0- free flowing,21775
7 Saturday,3.5,1 - light traffic,4
7 Saturday,3.5,2 - medium traffic,50
7 Saturday,3.5,3 - heavy traffic,93
7 Saturday,3.5,4 - stand still,154
7 Saturday,4,0- free flowing,20435
7 Saturday,4,1 - light traffic,24
7 Saturday,4,2 - medium traffic,7.5
7 Saturday,4,3 - heavy traffic,60
7 Saturday,4,4 - stand still,154
7 Saturday,4.5,0- free flowing,20439
7 Saturday,4.5,1 - light traffic,26
7 Saturday,4.5,2 - medium traffic,22.5
7 Saturday,4.5,3 - heavy traffic,96
7 Saturday,4.5,4 - stand still,178.5
7 Saturday,5,0- free flowing,22570
7 Saturday,5,1 - light traffic,8
7 Saturday,5,2 - medium traffic,22.5
7 Saturday,5,3 - heavy traffic,45
7 Saturday,5,4 - stand still,238
7 Saturday,5.5,0- free flowing,26677
7 Saturday,5.5,1 - light traffic,6
7 Saturday,5.5,2 - medium traffic,7.5
7 Saturday,5.5,3 - heavy traffic,57
7 Saturday,5.5,4 - stand still,311.5
7 Saturday,6,0- free flowing,31625
7 Saturday,6,1 - light traffic,8
7 Saturday,6,2 - medium traffic,25
7 Saturday,6,3 - heavy traffic,33
7 Saturday,6,4 - stand still,122.5
7 Saturday,6.5,0- free flowing,37655
7 Saturday,6.5,1 - light traffic,18
7 Saturday,6.5,2 - medium traffic,37.5
7 Saturday,6.5,3 - heavy traffic,156
7 Saturday,6.5,4 - stand still,234.5
7 Saturday,7,0- free flowing,41191
7 Saturday,7,1 - light traffic,28
7 Saturday,7,2 - medium traffic,65
7 Saturday,7,3 - heavy traffic,96
7 Saturday,7,4 - stand still,115.5
7 Saturday,7.5,0- free flowing,50466
7 Saturday,7.5,1 - light traffic,18
7 Saturday,7.5,2 - medium traffic,27.5
7 Saturday,7.5,3 - heavy traffic,279
7 Saturday,7.5,4 - stand still,189
7 Saturday,8,0- free flowing,64378
7 Saturday,8,1 - light traffic,42
7 Saturday,8,2 - medium traffic,100
7 Saturday,8,3 - heavy traffic,408
7 Saturday,8,4 - stand still,479.5
7 Saturday,8.5,0- free flowing,83349
7 Saturday,8.5,1 - light traffic,214
7 Saturday,8.5,2 - medium traffic,182.5
7 Saturday,8.5,3 - heavy traffic,780
7 Saturday,8.5,4 - stand still,906.5
7 Saturday,9,0- free flowing,95555
7 Saturday,9,1 - light traffic,308
7 Saturday,9,2 - medium traffic,307.5
7 Saturday,9,3 - heavy traffic,1701
7 Saturday,9,4 - stand still,1757
7 Saturday,9.5,0- free flowing,110917
7 Saturday,9.5,1 - light traffic,240
7 Saturday,9.5,2 - medium traffic,265
7 Saturday,9.5,3 - heavy traffic,2304
7 Saturday,9.5,4 - stand still,4144
7 Saturday,10,0- free flowing,127726
7 Saturday,10,1 - light traffic,496
7 Saturday,10,2 - medium traffic,1190
7 Saturday,10,3 - heavy traffic,4737
7 Saturday,10,4 - stand still,5617.5
7 Saturday,10.5,0- free flowing,141941
7 Saturday,10.5,1 - light traffic,590
7 Saturday,10.5,2 - medium traffic,2985
7 Saturday,10.5,3 - heavy traffic,7443
7 Saturday,10.5,4 - stand still,5883.5
7 Saturday,11,0- free flowing,154026
7 Saturday,11,1 - light traffic,734
7 Saturday,11,2 - medium traffic,4740
7 Saturday,11,3 - heavy traffic,14292
7 Saturday,11,4 - stand still,7654.5
7 Saturday,11.5,0- free flowing,166247
7 Saturday,11.5,1 - light traffic,1372
7 Saturday,11.5,2 - medium traffic,6735
7 Saturday,11.5,3 - heavy traffic,22500
7 Saturday,11.5,4 - stand still,9166.5
7 Saturday,12,0- free flowing,179094
7 Saturday,12,1 - light traffic,1912
7 Saturday,12,2 - medium traffic,9572.5
7 Saturday,12,3 - heavy traffic,27348
7 Saturday,12,4 - stand still,14199.5
7 Saturday,12.5,0- free flowing,191780
7 Saturday,12.5,1 - light traffic,2722
7 Saturday,12.5,2 - medium traffic,13690
7 Saturday,12.5,3 - heavy traffic,32430
7 Saturday,12.5,4 - stand still,18896.5
7 Saturday,13,0- free flowing,197717
7 Saturday,13,1 - light traffic,2920
7 Saturday,13,2 - medium traffic,16005
7 Saturday,13,3 - heavy traffic,38259
7 Saturday,13,4 - stand still,17286.5
7 Saturday,13.5,0- free flowing,196718
7 Saturday,13.5,1 - light traffic,2262
7 Saturday,13.5,2 - medium traffic,17372.5
7 Saturday,13.5,3 - heavy traffic,38157
7 Saturday,13.5,4 - stand still,15687
7 Saturday,14,0- free flowing,195440
7 Saturday,14,1 - light traffic,2270
7 Saturday,14,2 - medium traffic,16107.5
7 Saturday,14,3 - heavy traffic,35601
7 Saturday,14,4 - stand still,16905
7 Saturday,14.5,0- free flowing,191947
7 Saturday,14.5,1 - light traffic,2932
7 Saturday,14.5,2 - medium traffic,18152.5
7 Saturday,14.5,3 - heavy traffic,37731
7 Saturday,14.5,4 - stand still,15207.5
7 Saturday,15,0- free flowing,191704
7 Saturday,15,1 - light traffic,2742
7 Saturday,15,2 - medium traffic,19732.5
7 Saturday,15,3 - heavy traffic,33918
7 Saturday,15,4 - stand still,15641.5
7 Saturday,15.5,0- free flowing,191145
7 Saturday,15.5,1 - light traffic,2676
7 Saturday,15.5,2 - medium traffic,18525
7 Saturday,15.5,3 - heavy traffic,30726
7 Saturday,15.5,4 - stand still,15225
7 Saturday,16,0- free flowing,187123
7 Saturday,16,1 - light traffic,2056
7 Saturday,16,2 - medium traffic,15717.5
7 Saturday,16,3 - heavy traffic,29526
7 Saturday,16,4 - stand still,15127
7 Saturday,16.5,0- free flowing,182910
7 Saturday,16.5,1 - light traffic,2442
7 Saturday,16.5,2 - medium traffic,15697.5
7 Saturday,16.5,3 - heavy traffic,23718
7 Saturday,16.5,4 - stand still,12110
7 Saturday,17,0- free flowing,177219
7 Saturday,17,1 - light traffic,2524
7 Saturday,17,2 - medium traffic,14025
7 Saturday,17,3 - heavy traffic,18948
7 Saturday,17,4 - stand still,9103.5
7 Saturday,17.5,0- free flowing,173951
7 Saturday,17.5,1 - light traffic,2036
7 Saturday,17.5,2 - medium traffic,14550
7 Saturday,17.5,3 - heavy traffic,15933
7 Saturday,17.5,4 - stand still,6702.5
7 Saturday,18,0- free flowing,166614
7 Saturday,18,1 - light traffic,1948
7 Saturday,18,2 - medium traffic,10225
7 Saturday,18,3 - heavy traffic,12324
7 Saturday,18,4 - stand still,7164.5
7 Saturday,18.5,0- free flowing,158673
7 Saturday,18.5,1 - light traffic,1258
7 Saturday,18.5,2 - medium traffic,5985
7 Saturday,18.5,3 - heavy traffic,9210
7 Saturday,18.5,4 - stand still,6576.5
7 Saturday,19,0- free flowing,147911
7 Saturday,19,1 - light traffic,538
7 Saturday,19,2 - medium traffic,3772.5
7 Saturday,19,3 - heavy traffic,6018
7 Saturday,19,4 - stand still,5929
7 Saturday,19.5,0- free flowing,132500
7 Saturday,19.5,1 - light traffic,406
7 Saturday,19.5,2 - medium traffic,2895
7 Saturday,19.5,3 - heavy traffic,3600
7 Saturday,19.5,4 - stand still,4494
7 Saturday,20,0- free flowing,105212
7 Saturday,20,1 - light traffic,802
7 Saturday,20,2 - medium traffic,1150
7 Saturday,20,3 - heavy traffic,2208
7 Saturday,20,4 - stand still,3916.5
7 Saturday,20.5,0- free flowing,87253
7 Saturday,20.5,1 - light traffic,560
7 Saturday,20.5,2 - medium traffic,732.5
7 Saturday,20.5,3 - heavy traffic,1776
7 Saturday,20.5,4 - stand still,2159.5
7 Saturday,21,0- free flowing,92806
7 Saturday,21,1 - light traffic,82
7 Saturday,21,2 - medium traffic,195
7 Saturday,21,3 - heavy traffic,1467
7 Saturday,21,4 - stand still,2215.5
7 Saturday,21.5,0- free flowing,87492
7 Saturday,21.5,1 - light traffic,68
7 Saturday,21.5,2 - medium traffic,197.5
7 Saturday,21.5,3 - heavy traffic,975
7 Saturday,21.5,4 - stand still,1102.5
7 Saturday,22,0- free flowing,78770
7 Saturday,22,1 - light traffic,48
7 Saturday,22,2 - medium traffic,217.5
7 Saturday,22,3 - heavy traffic,597
7 Saturday,22,4 - stand still,766.5
7 Saturday,22.5,0- free flowing,69915
7 Saturday,22.5,1 - light traffic,22
7 Saturday,22.5,2 - medium traffic,85
7 Saturday,22.5,3 - heavy traffic,423
7 Saturday,22.5,4 - stand still,714
7 Saturday,23,0- free flowing,59268
7 Saturday,23,1 - light traffic,28
7 Saturday,23,2 - medium traffic,37.5
7 Saturday,23,3 - heavy traffic,336
7 Saturday,23,4 - stand still,332.5
7 Saturday,23.5,0- free flowing,50010
7 Saturday,23.5,1 - light traffic,2
7 Saturday,23.5,2 - medium traffic,57.5
7 Saturday,23.5,3 - heavy traffic,123
7 Saturday,23.5,4 - stand still,182
7 Saturday,24,0- free flowing,41826
7 Saturday,24,1 - light traffic,2
7 Saturday,24,2 - medium traffic,2.5
7 Saturday,24,3 - heavy traffic,159
7 Saturday,24,4 - stand still,549.5
