Day of Week,Time Half Hour,Traffic Level,Traffic Flow
1 Sunday,0.5,0- free flowing,38127
1 Sunday,0.5,1 - light traffic,22
1 Sunday,0.5,2 - medium traffic,2.5
1 Sunday,0.5,3 - heavy traffic,63
1 Sunday,0.5,4 - stand still,126
1 Sunday,1,0- free flowing,34024
1 Sunday,1,1 - light traffic,10
1 Sunday,1,2 - medium traffic,7.5
1 Sunday,1,3 - heavy traffic,84
1 Sunday,1,4 - stand still,108.5
1 Sunday,1.5,0- free flowing,29247
1 Sunday,1.5,1 - light traffic,8
1 Sunday,1.5,2 - medium traffic,5
1 Sunday,1.5,3 - heavy traffic,33
1 Sunday,1.5,4 - stand still,63
1 Sunday,2,0- free flowing,23932
1 Sunday,2,1 - light traffic,6
1 Sunday,2,2 - medium traffic,10
1 Sunday,2,3 - heavy traffic,36
1 Sunday,2,4 - stand still,49
1 Sunday,2.5,0- free flowing,20543
1 Sunday,2.5,1 - light traffic,2
1 Sunday,2.5,2 - medium traffic,0
1 Sunday,2.5,3 - heavy traffic,60
1 Sunday,2.5,4 - stand still,49
1 Sunday,3,0- free flowing,18894
1 Sunday,3,1 - light traffic,2
1 Sunday,3,2 - medium traffic,5
1 Sunday,3,3 - heavy traffic,27
1 Sunday,3,4 - stand still,77
1 Sunday,3.5,0- free flowing,16965
1 Sunday,3.5,1 - light traffic,4
1 Sunday,3.5,2 - medium traffic,10
1 Sunday,3.5,3 - heavy traffic,33
1 Sunday,3.5,4 - stand still,31.5
1 Sunday,4,0- free flowing,14676
1 Sunday,4,1 - light traffic,6
1 Sunday,4,2 - medium traffic,10
1 Sunday,4,3 - heavy traffic,54
1 Sunday,4,4 - stand still,28
1 Sunday,4.5,0- free flowing,14261
1 Sunday,4.5,1 - light traffic,12
1 Sunday,4.5,2 - medium traffic,7.5
1 Sunday,4.5,3 - heavy traffic,18
1 Sunday,4.5,4 - stand still,126
1 Sunday,5,0- free flowing,15322
1 Sunday,5,1 - light traffic,14
1 Sunday,5,2 - medium traffic,15
1 Sunday,5,3 - heavy traffic,48
1 Sunday,5,4 - stand still,98
1 Sunday,5.5,0- free flowing,17627
1 Sunday,5.5,1 - light traffic,12
1 Sunday,5.5,2 - medium traffic,5
1 Sunday,5.5,3 - heavy traffic,51
1 Sunday,5.5,4 - stand still,52.5
1 Sunday,6,0- free flowing,21375
1 Sunday,6,1 - light traffic,4
1 Sunday,6,2 - medium traffic,20
1 Sunday,6,3 - heavy traffic,81
1 Sunday,6,4 - stand still,360.5
1 Sunday,6.5,0- free flowing,27324
1 Sunday,6.5,1 - light traffic,10
1 Sunday,6.5,2 - medium traffic,12.5
1 Sunday,6.5,3 - heavy traffic,72
1 Sunday,6.5,4 - stand still,70
1 Sunday,7,0- free flowing,30013
1 Sunday,7,1 - light traffic,14
1 Sunday,7,2 - medium traffic,17.5
1 Sunday,7,3 - heavy traffic,90
1 Sunday,7,4 - stand still,140
1 Sunday,7.5,0- free flowing,33612
1 Sunday,7.5,1 - light traffic,8
1 Sunday,7.5,2 - medium traffic,45
1 Sunday,7.5,3 - heavy traffic,159
1 Sunday,7.5,4 - stand still,402.5
1 Sunday,8,0- free flowing,37997
1 Sunday,8,1 - light traffic,4
1 Sunday,8,2 - medium traffic,110
1 Sunday,8,3 - heavy traffic,102
1 Sunday,8,4 - stand still,1361.5
1 Sunday,8.5,0- free flowing,47798
1 Sunday,8.5,1 - light traffic,8
1 Sunday,8.5,2 - medium traffic,62.5
1 Sunday,8.5,3 - heavy traffic,318
1 Sunday,8.5,4 - stand still,2453.5
1 Sunday,9,0- free flowing,63400
1 Sunday,9,1 - light traffic,30
1 Sunday,9,2 - medium traffic,410
1 Sunday,9,3 - heavy traffic,438
1 Sunday,9,4 - stand still,2541
1 Sunday,9.5,0- free flowing,78631
1 Sunday,9.5,1 - light traffic,48
1 Sunday,9.5,2 - medium traffic,420
1 Sunday,9.5,3 - heavy traffic,1350
1 Sunday,9.5,4 - stand still,2411.5
1 Sunday,10,0- free flowing,88046
1 Sunday,10,1 - light traffic,46
1 Sunday,10,2 - medium traffic,322.5
1 Sunday,10,3 - heavy traffic,2172
1 Sunday,10,4 - stand still,3993.5
1 Sunday,10.5,0- free flowing,114373
1 Sunday,10.5,1 - light traffic,308
1 Sunday,10.5,2 - medium traffic,1020
1 Sunday,10.5,3 - heavy traffic,3696
1 Sunday,10.5,4 - stand still,7024.5
1 Sunday,11,0- free flowing,131801
1 Sunday,11,1 - light traffic,606
1 Sunday,11,2 - medium traffic,2842.5
1 Sunday,11,3 - heavy traffic,7524
1 Sunday,11,4 - stand still,7836.5
1 Sunday,11.5,0- free flowing,139725
1 Sunday,11.5,1 - light traffic,626
1 Sunday,11.5,2 - medium traffic,3830
1 Sunday,11.5,3 - heavy traffic,12558
1 Sunday,11.5,4 - stand still,9936.5
1 Sunday,12,0- free flowing,154119
1 Sunday,12,1 - light traffic,1400
1 Sunday,12,2 - medium traffic,5995
1 Sunday,12,3 - heavy traffic,18690
1 Sunday,12,4 - stand still,12390
1 Sunday,12.5,0- free flowing,172474
1 Sunday,12.5,1 - light traffic,3036
1 Sunday,12.5,2 - medium traffic,9740
1 Sunday,12.5,3 - heavy traffic,27741
1 Sunday,12.5,4 - stand still,13639.5
1 Sunday,13,0- free flowing,181720
1 Sunday,13,1 - light traffic,4710
1 Sunday,13,2 - medium traffic,20215
1 Sunday,13,3 - heavy traffic,36840
1 Sunday,13,4 - stand still,18536
1 Sunday,13.5,0- free flowing,182535
1 Sunday,13.5,1 - light traffic,4964
1 Sunday,13.5,2 - medium traffic,29887.5
1 Sunday,13.5,3 - heavy traffic,38811
1 Sunday,13.5,4 - stand still,19267.5
1 Sunday,14,0- free flowing,184496
1 Sunday,14,1 - light traffic,4850
1 Sunday,14,2 - medium traffic,30055
1 Sunday,14,3 - heavy traffic,42372
1 Sunday,14,4 - stand still,24885
1 Sunday,14.5,0- free flowing,185171
1 Sunday,14.5,1 - light traffic,4866
1 Sunday,14.5,2 - medium traffic,31025
1 Sunday,14.5,3 - heavy traffic,48645
1 Sunday,14.5,4 - stand still,26771.5
1 Sunday,15,0- free flowing,189994
1 Sunday,15,1 - light traffic,4382
1 Sunday,15,2 - medium traffic,30627.5
1 Sunday,15,3 - heavy traffic,51420
1 Sunday,15,4 - stand still,26187
1 Sunday,15.5,0- free flowing,186945
1 Sunday,15.5,1 - light traffic,3890
1 Sunday,15.5,2 - medium traffic,30927.5
1 Sunday,15.5,3 - heavy traffic,48780
1 Sunday,15.5,4 - stand still,24458
1 Sunday,16,0- free flowing,184493
1 Sunday,16,1 - light traffic,3992
1 Sunday,16,2 - medium traffic,33752.5
1 Sunday,16,3 - heavy traffic,46818
1 Sunday,16,4 - stand still,21248.5
1 Sunday,16.5,0- free flowing,180997
1 Sunday,16.5,1 - light traffic,3452
1 Sunday,16.5,2 - medium traffic,37097.5
1 Sunday,16.5,3 - heavy traffic,41592
1 Sunday,16.5,4 - stand still,19449.5
1 Sunday,17,0- free flowing,176130
1 Sunday,17,1 - light traffic,4508
1 Sunday,17,2 - medium traffic,32337.5
1 Sunday,17,3 - heavy traffic,37407
1 Sunday,17,4 - stand still,15753.5
1 Sunday,17.5,0- free flowing,166810
1 Sunday,17.5,1 - light traffic,3184
1 Sunday,17.5,2 - medium traffic,23510
1 Sunday,17.5,3 - heavy traffic,32070
1 Sunday,17.5,4 - stand still,14892.5
1 Sunday,18,0- free flowing,156290
1 Sunday,18,1 - light traffic,2072
1 Sunday,18,2 - medium traffic,18925
1 Sunday,18,3 - heavy traffic,22569
1 Sunday,18,4 - stand still,11210.5
1 Sunday,18.5,0- free flowing,144480
1 Sunday,18.5,1 - light traffic,2016
1 Sunday,18.5,2 - medium traffic,13272.5
1 Sunday,18.5,3 - heavy traffic,17325
1 Sunday,18.5,4 - stand still,6968.5
1 Sunday,19,0- free flowing,127348
1 Sunday,19,1 - light traffic,1010
1 Sunday,19,2 - medium traffic,9410
1 Sunday,19,3 - heavy traffic,11640
1 Sunday,19,4 - stand still,6993
1 Sunday,19.5,0- free flowing,116114
1 Sunday,19.5,1 - light traffic,788
1 Sunday,19.5,2 - medium traffic,4705
1 Sunday,19.5,3 - heavy traffic,9804
1 Sunday,19.5,4 - stand still,6426
1 Sunday,20,0- free flowing,99549
1 Sunday,20,1 - light traffic,768
1 Sunday,20,2 - medium traffic,4740
1 Sunday,20,3 - heavy traffic,4245
1 Sunday,20,4 - stand still,3388
1 Sunday,20.5,0- free flowing,89441
1 Sunday,20.5,1 - light traffic,438
1 Sunday,20.5,2 - medium traffic,2572.5
1 Sunday,20.5,3 - heavy traffic,2601
1 Sunday,20.5,4 - stand still,2737
1 Sunday,21,0- free flowing,77699
1 Sunday,21,1 - light traffic,434
1 Sunday,21,2 - medium traffic,1320
1 Sunday,21,3 - heavy traffic,2109
1 Sunday,21,4 - stand still,1862
1 Sunday,21.5,0- free flowing,66916
1 Sunday,21.5,1 - light traffic,220
1 Sunday,21.5,2 - medium traffic,807.5
1 Sunday,21.5,3 - heavy traffic,1872
1 Sunday,21.5,4 - stand still,3419.5
1 Sunday,22,0- free flowing,57401
1 Sunday,22,1 - light traffic,228
1 Sunday,22,2 - medium traffic,460
1 Sunday,22,3 - heavy traffic,1029
1 Sunday,22,4 - stand still,2422
1 Sunday,22.5,0- free flowing,48008
1 Sunday,22.5,1 - light traffic,158
1 Sunday,22.5,2 - medium traffic,382.5
1 Sunday,22.5,3 - heavy traffic,696
1 Sunday,22.5,4 - stand still,2278.5
1 Sunday,23,0- free flowing,40769
1 Sunday,23,1 - light traffic,132
1 Sunday,23,2 - medium traffic,370
1 Sunday,23,3 - heavy traffic,489
1 Sunday,23,4 - stand still,2418.5
1 Sunday,23.5,0- free flowing,34922
1 Sunday,23.5,1 - light traffic,62
1 Sunday,23.5,2 - medium traffic,170
1 Sunday,23.5,3 - heavy traffic,279
1 Sunday,23.5,4 - stand still,1673
1 Sunday,24,0- free flowing,39222
1 Sunday,24,1 - light traffic,30
1 Sunday,24,2 - medium traffic,112.5
1 Sunday,24,3 - heavy traffic,237
1 Sunday,24,4 - stand still,644
2 Monday,0.5,0- free flowing,26522
2 Monday,0.5,1 - light traffic,32
2 Monday,0.5,2 - medium traffic,50
2 Monday,0.5,3 - heavy traffic,144
2 Monday,0.5,4 - stand still,416.5
2 Monday,1,0- free flowing,22774
2 Monday,1,1 - light traffic,36
2 Monday,1,2 - medium traffic,25
2 Monday,1,3 - heavy traffic,81
2 Monday,1,4 - stand still,329
2 Monday,1.5,0- free flowing,19621
2 Monday,1.5,1 - light traffic,26
2 Monday,1.5,2 - medium traffic,15
2 Monday,1.5,3 - heavy traffic,69
2 Monday,1.5,4 - stand still,301
2 Monday,2,0- free flowing,17248
2 Monday,2,1 - light traffic,22
2 Monday,2,2 - medium traffic,30
2 Monday,2,3 - heavy traffic,69
2 Monday,2,4 - stand still,423.5
2 Monday,2.5,0- free flowing,15631
2 Monday,2.5,1 - light traffic,26
2 Monday,2.5,2 - medium traffic,22.5
2 Monday,2.5,3 - heavy traffic,93
2 Monday,2.5,4 - stand still,252
2 Monday,3,0- free flowing,13606
2 Monday,3,1 - light traffic,10
2 Monday,3,2 - medium traffic,20
2 Monday,3,3 - heavy traffic,78
2 Monday,3,4 - stand still,63
2 Monday,3.5,0- free flowing,13183
2 Monday,3.5,1 - light traffic,14
2 Monday,3.5,2 - medium traffic,27.5
2 Monday,3.5,3 - heavy traffic,39
2 Monday,3.5,4 - stand still,94.5
2 Monday,4,0- free flowing,14481
2 Monday,4,1 - light traffic,16
2 Monday,4,2 - medium traffic,55
2 Monday,4,3 - heavy traffic,45
2 Monday,4,4 - stand still,126
2 Monday,4.5,0- free flowing,16783
2 Monday,4.5,1 - light traffic,8
2 Monday,4.5,2 - medium traffic,20
2 Monday,4.5,3 - heavy traffic,39
2 Monday,4.5,4 - stand still,136.5
2 Monday,5,0- free flowing,22511
2 Monday,5,1 - light traffic,16
2 Monday,5,2 - medium traffic,10
2 Monday,5,3 - heavy traffic,60
2 Monday,5,4 - stand still,91
2 Monday,5.5,0- free flowing,29143
2 Monday,5.5,1 - light traffic,6
2 Monday,5.5,2 - medium traffic,35
2 Monday,5.5,3 - heavy traffic,123
2 Monday,5.5,4 - stand still,171.5
2 Monday,6,0- free flowing,33278
2 Monday,6,1 - light traffic,10
2 Monday,6,2 - medium traffic,22.5
2 Monday,6,3 - heavy traffic,165
2 Monday,6,4 - stand still,392
2 Monday,6.5,0- free flowing,43299
2 Monday,6.5,1 - light traffic,6
2 Monday,6.5,2 - medium traffic,72.5
2 Monday,6.5,3 - heavy traffic,369
2 Monday,6.5,4 - stand still,717.5
2 Monday,7,0- free flowing,61273
2 Monday,7,1 - light traffic,62
2 Monday,7,2 - medium traffic,487.5
2 Monday,7,3 - heavy traffic,1071
2 Monday,7,4 - stand still,2313.5
2 Monday,7.5,0- free flowing,97849
2 Monday,7.5,1 - light traffic,640
2 Monday,7.5,2 - medium traffic,2802.5
2 Monday,7.5,3 - heavy traffic,4551
2 Monday,7.5,4 - stand still,3780
2 Monday,8,0- free flowing,118318
2 Monday,8,1 - light traffic,1362
2 Monday,8,2 - medium traffic,8042.5
2 Monday,8,3 - heavy traffic,18090
2 Monday,8,4 - stand still,7185.5
2 Monday,8.5,0- free flowing,124813
2 Monday,8.5,1 - light traffic,910
2 Monday,8.5,2 - medium traffic,5940
2 Monday,8.5,3 - heavy traffic,10929
2 Monday,8.5,4 - stand still,7584.5
2 Monday,9,0- free flowing,117328
2 Monday,9,1 - light traffic,682
2 Monday,9,2 - medium traffic,3280
2 Monday,9,3 - heavy traffic,4557
2 Monday,9,4 - stand still,4760
2 Monday,9.5,0- free flowing,111564
2 Monday,9.5,1 - light traffic,134
2 Monday,9.5,2 - medium traffic,517.5
2 Monday,9.5,3 - heavy traffic,2478
2 Monday,9.5,4 - stand still,2149
2 Monday,10,0- free flowing,116784
2 Monday,10,1 - light traffic,158
2 Monday,10,2 - medium traffic,380
2 Monday,10,3 - heavy traffic,1362
2 Monday,10,4 - stand still,1862
2 Monday,10.5,0- free flowing,122500
2 Monday,10.5,1 - light traffic,88
2 Monday,10.5,2 - medium traffic,257.5
2 Monday,10.5,3 - heavy traffic,1044
2 Monday,10.5,4 - stand still,1459.5
2 Monday,11,0- free flowing,131669
2 Monday,11,1 - light traffic,180
2 Monday,11,2 - medium traffic,807.5
2 Monday,11,3 - heavy traffic,1836
2 Monday,11,4 - stand still,1375.5
2 Monday,11.5,0- free flowing,138763
2 Monday,11.5,1 - light traffic,556
2 Monday,11.5,2 - medium traffic,1552.5
2 Monday,11.5,3 - heavy traffic,4281
2 Monday,11.5,4 - stand still,1935.5
2 Monday,12,0- free flowing,145225
2 Monday,12,1 - light traffic,744
2 Monday,12,2 - medium traffic,2425
2 Monday,12,3 - heavy traffic,9630
2 Monday,12,4 - stand still,3930.5
2 Monday,12.5,0- free flowing,152557
2 Monday,12.5,1 - light traffic,1074
2 Monday,12.5,2 - medium traffic,3950
2 Monday,12.5,3 - heavy traffic,14394
2 Monday,12.5,4 - stand still,6282.5
2 Monday,13,0- free flowing,160861
2 Monday,13,1 - light traffic,1204
2 Monday,13,2 - medium traffic,7077.5
2 Monday,13,3 - heavy traffic,17160
2 Monday,13,4 - stand still,7185.5
2 Monday,13.5,0- free flowing,163698
2 Monday,13.5,1 - light traffic,1870
2 Monday,13.5,2 - medium traffic,9182.5
2 Monday,13.5,3 - heavy traffic,19188
2 Monday,13.5,4 - stand still,7637
2 Monday,14,0- free flowing,164732
2 Monday,14,1 - light traffic,1386
2 Monday,14,2 - medium traffic,11940
2 Monday,14,3 - heavy traffic,19278
2 Monday,14,4 - stand still,6828.5
2 Monday,14.5,0- free flowing,167969
2 Monday,14.5,1 - light traffic,2358
2 Monday,14.5,2 - medium traffic,12737.5
2 Monday,14.5,3 - heavy traffic,24918
2 Monday,14.5,4 - stand still,6709.5
2 Monday,15,0- free flowing,175037
2 Monday,15,1 - light traffic,2532
2 Monday,15,2 - medium traffic,13225
2 Monday,15,3 - heavy traffic,31656
2 Monday,15,4 - stand still,5106.5
2 Monday,15.5,0- free flowing,178169
2 Monday,15.5,1 - light traffic,2976
2 Monday,15.5,2 - medium traffic,18507.5
2 Monday,15.5,3 - heavy traffic,31749
2 Monday,15.5,4 - stand still,8547
2 Monday,16,0- free flowing,176864
2 Monday,16,1 - light traffic,3008
2 Monday,16,2 - medium traffic,25507.5
2 Monday,16,3 - heavy traffic,29022
2 Monday,16,4 - stand still,10332
2 Monday,16.5,0- free flowing,188644
2 Monday,16.5,1 - light traffic,2538
2 Monday,16.5,2 - medium traffic,27515
2 Monday,16.5,3 - heavy traffic,35103
2 Monday,16.5,4 - stand still,8239
2 Monday,17,0- free flowing,203218
2 Monday,17,1 - light traffic,2742
2 Monday,17,2 - medium traffic,29255
2 Monday,17,3 - heavy traffic,48840
2 Monday,17,4 - stand still,8760.5
2 Monday,17.5,0- free flowing,211967
2 Monday,17.5,1 - light traffic,3446
2 Monday,17.5,2 - medium traffic,31465
2 Monday,17.5,3 - heavy traffic,70881
2 Monday,17.5,4 - stand still,14234.5
2 Monday,18,0- free flowing,183878
2 Monday,18,1 - light traffic,2958
2 Monday,18,2 - medium traffic,21325
2 Monday,18,3 - heavy traffic,37404
2 Monday,18,4 - stand still,9765
2 Monday,18.5,0- free flowing,149484
2 Monday,18.5,1 - light traffic,1440
2 Monday,18.5,2 - medium traffic,9220
2 Monday,18.5,3 - heavy traffic,8937
2 Monday,18.5,4 - stand still,4322.5
2 Monday,19,0- free flowing,117647
2 Monday,19,1 - light traffic,508
2 Monday,19,2 - medium traffic,1955
2 Monday,19,3 - heavy traffic,2643
2 Monday,19,4 - stand still,2390.5
2 Monday,19.5,0- free flowing,100279
2 Monday,19.5,1 - light traffic,306
2 Monday,19.5,2 - medium traffic,500
2 Monday,19.5,3 - heavy traffic,1065
2 Monday,19.5,4 - stand still,2905
2 Monday,20,0- free flowing,87158
2 Monday,20,1 - light traffic,92
2 Monday,20,2 - medium traffic,462.5
2 Monday,20,3 - heavy traffic,504
2 Monday,20,4 - stand still,2236.5
2 Monday,20.5,0- free flowing,76841
2 Monday,20.5,1 - light traffic,224
2 Monday,20.5,2 - medium traffic,275
2 Monday,20.5,3 - heavy traffic,648
2 Monday,20.5,4 - stand still,1417.5
2 Monday,21,0- free flowing,66725
2 Monday,21,1 - light traffic,204
2 Monday,21,2 - medium traffic,135
2 Monday,21,3 - heavy traffic,666
2 Monday,21,4 - stand still,605.5
2 Monday,21.5,0- free flowing,57888
2 Monday,21.5,1 - light traffic,80
2 Monday,21.5,2 - medium traffic,285
2 Monday,21.5,3 - heavy traffic,1200
2 Monday,21.5,4 - stand still,1760.5
2 Monday,22,0- free flowing,48384
2 Monday,22,1 - light traffic,36
2 Monday,22,2 - medium traffic,77.5
2 Monday,22,3 - heavy traffic,975
2 Monday,22,4 - stand still,2667
2 Monday,22.5,0- free flowing,41453
2 Monday,22.5,1 - light traffic,20
2 Monday,22.5,2 - medium traffic,137.5
2 Monday,22.5,3 - heavy traffic,696
2 Monday,22.5,4 - stand still,1438.5
2 Monday,23,0- free flowing,36577
2 Monday,23,1 - light traffic,26
2 Monday,23,2 - medium traffic,230
2 Monday,23,3 - heavy traffic,672
2 Monday,23,4 - stand still,969.5
2 Monday,23.5,0- free flowing,33258
2 Monday,23.5,1 - light traffic,44
2 Monday,23.5,2 - medium traffic,162.5
2 Monday,23.5,3 - heavy traffic,552
2 Monday,23.5,4 - stand still,1372
2 Monday,24,0- free flowing,30664
2 Monday,24,1 - light traffic,58
2 Monday,24,2 - medium traffic,117.5
2 Monday,24,3 - heavy traffic,195
2 Monday,24,4 - stand still,1641.5
3 Tuesday,0.5,0- free flowing,24590
3 Tuesday,0.5,1 - light traffic,24
3 Tuesday,0.5,2 - medium traffic,72.5
3 Tuesday,0.5,3 - heavy traffic,189
3 Tuesday,0.5,4 - stand still,1267
3 Tuesday,1,0- free flowing,20721
3 Tuesday,1,1 - light traffic,56
3 Tuesday,1,2 - medium traffic,35
3 Tuesday,1,3 - heavy traffic,198
3 Tuesday,1,4 - stand still,903
3 Tuesday,1.5,0- free flowing,17175
3 Tuesday,1.5,1 - light traffic,28
3 Tuesday,1.5,2 - medium traffic,35
3 Tuesday,1.5,3 - heavy traffic,84
3 Tuesday,1.5,4 - stand still,521.5
3 Tuesday,2,0- free flowing,15120
3 Tuesday,2,1 - light traffic,48
3 Tuesday,2,2 - medium traffic,12.5
3 Tuesday,2,3 - heavy traffic,126
3 Tuesday,2,4 - stand still,360.5
3 Tuesday,2.5,0- free flowing,13815
3 Tuesday,2.5,1 - light traffic,40
3 Tuesday,2.5,2 - medium traffic,15
3 Tuesday,2.5,3 - heavy traffic,90
3 Tuesday,2.5,4 - stand still,451.5
3 Tuesday,3,0- free flowing,12958
3 Tuesday,3,1 - light traffic,10
3 Tuesday,3,2 - medium traffic,30
3 Tuesday,3,3 - heavy traffic,90
3 Tuesday,3,4 - stand still,192.5
3 Tuesday,3.5,0- free flowing,13222
3 Tuesday,3.5,1 - light traffic,16
3 Tuesday,3.5,2 - medium traffic,15
3 Tuesday,3.5,3 - heavy traffic,78
3 Tuesday,3.5,4 - stand still,126
3 Tuesday,4,0- free flowing,14053
3 Tuesday,4,1 - light traffic,16
3 Tuesday,4,2 - medium traffic,20
3 Tuesday,4,3 - heavy traffic,66
3 Tuesday,4,4 - stand still,192.5
3 Tuesday,4.5,0- free flowing,16505
3 Tuesday,4.5,1 - light traffic,16
3 Tuesday,4.5,2 - medium traffic,15
3 Tuesday,4.5,3 - heavy traffic,105
3 Tuesday,4.5,4 - stand still,182
3 Tuesday,5,0- free flowing,23128
3 Tuesday,5,1 - light traffic,10
3 Tuesday,5,2 - medium traffic,30
3 Tuesday,5,3 - heavy traffic,87
3 Tuesday,5,4 - stand still,231
3 Tuesday,5.5,0- free flowing,30742
3 Tuesday,5.5,1 - light traffic,20
3 Tuesday,5.5,2 - medium traffic,17.5
3 Tuesday,5.5,3 - heavy traffic,117
3 Tuesday,5.5,4 - stand still,301
3 Tuesday,6,0- free flowing,37084
3 Tuesday,6,1 - light traffic,12
3 Tuesday,6,2 - medium traffic,15
3 Tuesday,6,3 - heavy traffic,135
3 Tuesday,6,4 - stand still,143.5
3 Tuesday,6.5,0- free flowing,46519
3 Tuesday,6.5,1 - light traffic,8
3 Tuesday,6.5,2 - medium traffic,75
3 Tuesday,6.5,3 - heavy traffic,213
3 Tuesday,6.5,4 - stand still,350
3 Tuesday,7,0- free flowing,68797
3 Tuesday,7,1 - light traffic,62
3 Tuesday,7,2 - medium traffic,320
3 Tuesday,7,3 - heavy traffic,939
3 Tuesday,7,4 - stand still,1046.5
3 Tuesday,7.5,0- free flowing,112879
3 Tuesday,7.5,1 - light traffic,1110
3 Tuesday,7.5,2 - medium traffic,5865
3 Tuesday,7.5,3 - heavy traffic,7779
3 Tuesday,7.5,4 - stand still,2649.5
3 Tuesday,8,0- free flowing,132596
3 Tuesday,8,1 - light traffic,1376
3 Tuesday,8,2 - medium traffic,11732.5
3 Tuesday,8,3 - heavy traffic,26775
3 Tuesday,8,4 - stand still,6457.5
3 Tuesday,8.5,0- free flowing,133731
3 Tuesday,8.5,1 - light traffic,1300
3 Tuesday,8.5,2 - medium traffic,7522.5
3 Tuesday,8.5,3 - heavy traffic,12663
3 Tuesday,8.5,4 - stand still,3706.5
3 Tuesday,9,0- free flowing,118461
3 Tuesday,9,1 - light traffic,752
3 Tuesday,9,2 - medium traffic,3597.5
3 Tuesday,9,3 - heavy traffic,6237
3 Tuesday,9,4 - stand still,4329.5
3 Tuesday,9.5,0- free flowing,108702
3 Tuesday,9.5,1 - light traffic,200
3 Tuesday,9.5,2 - medium traffic,1197.5
3 Tuesday,9.5,3 - heavy traffic,2919
3 Tuesday,9.5,4 - stand still,3010
3 Tuesday,10,0- free flowing,110694
3 Tuesday,10,1 - light traffic,166
3 Tuesday,10,2 - medium traffic,595
3 Tuesday,10,3 - heavy traffic,2256
3 Tuesday,10,4 - stand still,1578.5
3 Tuesday,10.5,0- free flowing,112923
3 Tuesday,10.5,1 - light traffic,174
3 Tuesday,10.5,2 - medium traffic,655
3 Tuesday,10.5,3 - heavy traffic,1644
3 Tuesday,10.5,4 - stand still,1316
3 Tuesday,11,0- free flowing,118964
3 Tuesday,11,1 - light traffic,120
3 Tuesday,11,2 - medium traffic,612.5
3 Tuesday,11,3 - heavy traffic,3639
3 Tuesday,11,4 - stand still,1988
3 Tuesday,11.5,0- free flowing,125815
3 Tuesday,11.5,1 - light traffic,258
3 Tuesday,11.5,2 - medium traffic,1015
3 Tuesday,11.5,3 - heavy traffic,4875
3 Tuesday,11.5,4 - stand still,2338
3 Tuesday,12,0- free flowing,130327
3 Tuesday,12,1 - light traffic,458
3 Tuesday,12,2 - medium traffic,1845
3 Tuesday,12,3 - heavy traffic,6531
3 Tuesday,12,4 - stand still,2495.5
3 Tuesday,12.5,0- free flowing,138847
3 Tuesday,12.5,1 - light traffic,854
3 Tuesday,12.5,2 - medium traffic,3070
3 Tuesday,12.5,3 - heavy traffic,8547
3 Tuesday,12.5,4 - stand still,2467.5
3 Tuesday,13,0- free flowing,140983
3 Tuesday,13,1 - light traffic,1010
3 Tuesday,13,2 - medium traffic,4447.5
3 Tuesday,13,3 - heavy traffic,11769
3 Tuesday,13,4 - stand still,3794
3 Tuesday,13.5,0- free flowing,139496
3 Tuesday,13.5,1 - light traffic,890
3 Tuesday,13.5,2 - medium traffic,5692.5
3 Tuesday,13.5,3 - heavy traffic,14865
3 Tuesday,13.5,4 - stand still,3885
3 Tuesday,14,0- free flowing,132879
3 Tuesday,14,1 - light traffic,1416
3 Tuesday,14,2 - medium traffic,6237.5
3 Tuesday,14,3 - heavy traffic,15537
3 Tuesday,14,4 - stand still,5082
3 Tuesday,14.5,0- free flowing,143064
3 Tuesday,14.5,1 - light traffic,1788
3 Tuesday,14.5,2 - medium traffic,7477.5
3 Tuesday,14.5,3 - heavy traffic,17241
3 Tuesday,14.5,4 - stand still,6275.5
3 Tuesday,15,0- free flowing,154966
3 Tuesday,15,1 - light traffic,1702
3 Tuesday,15,2 - medium traffic,9785
3 Tuesday,15,3 - heavy traffic,17655
3 Tuesday,15,4 - stand still,8414
3 Tuesday,15.5,0- free flowing,162154
3 Tuesday,15.5,1 - light traffic,3764
3 Tuesday,15.5,2 - medium traffic,14767.5
3 Tuesday,15.5,3 - heavy traffic,17820
3 Tuesday,15.5,4 - stand still,9604
3 Tuesday,16,0- free flowing,165620
3 Tuesday,16,1 - light traffic,3008
3 Tuesday,16,2 - medium traffic,25345
3 Tuesday,16,3 - heavy traffic,22071
3 Tuesday,16,4 - stand still,10209.5
3 Tuesday,16.5,0- free flowing,178822
3 Tuesday,16.5,1 - light traffic,2060
3 Tuesday,16.5,2 - medium traffic,29735
3 Tuesday,16.5,3 - heavy traffic,29763
3 Tuesday,16.5,4 - stand still,11403
3 Tuesday,17,0- free flowing,187017
3 Tuesday,17,1 - light traffic,2634
3 Tuesday,17,2 - medium traffic,29550
3 Tuesday,17,3 - heavy traffic,42000
3 Tuesday,17,4 - stand still,13923
3 Tuesday,17.5,0- free flowing,198552
3 Tuesday,17.5,1 - light traffic,4058
3 Tuesday,17.5,2 - medium traffic,26757.5
3 Tuesday,17.5,3 - heavy traffic,74706
3 Tuesday,17.5,4 - stand still,22274
3 Tuesday,18,0- free flowing,175681
3 Tuesday,18,1 - light traffic,2352
3 Tuesday,18,2 - medium traffic,22270
3 Tuesday,18,3 - heavy traffic,39519
3 Tuesday,18,4 - stand still,11837
3 Tuesday,18.5,0- free flowing,145429
3 Tuesday,18.5,1 - light traffic,1598
3 Tuesday,18.5,2 - medium traffic,13387.5
3 Tuesday,18.5,3 - heavy traffic,11730
3 Tuesday,18.5,4 - stand still,6590.5
3 Tuesday,19,0- free flowing,112207
3 Tuesday,19,1 - light traffic,874
3 Tuesday,19,2 - medium traffic,2057.5
3 Tuesday,19,3 - heavy traffic,4806
3 Tuesday,19,4 - stand still,4294.5
3 Tuesday,19.5,0- free flowing,94838
3 Tuesday,19.5,1 - light traffic,402
3 Tuesday,19.5,2 - medium traffic,1230
3 Tuesday,19.5,3 - heavy traffic,1716
3 Tuesday,19.5,4 - stand still,2954
3 Tuesday,20,0- free flowing,80828
3 Tuesday,20,1 - light traffic,422
3 Tuesday,20,2 - medium traffic,590
3 Tuesday,20,3 - heavy traffic,948
3 Tuesday,20,4 - stand still,1704.5
3 Tuesday,20.5,0- free flowing,71886
3 Tuesday,20.5,1 - light traffic,212
3 Tuesday,20.5,2 - medium traffic,275
3 Tuesday,20.5,3 - heavy traffic,792
3 Tuesday,20.5,4 - stand still,1267
3 Tuesday,21,0- free flowing,63491
3 Tuesday,21,1 - light traffic,340
3 Tuesday,21,2 - medium traffic,357.5
3 Tuesday,21,3 - heavy traffic,891
3 Tuesday,21,4 - stand still,1351
3 Tuesday,21.5,0- free flowing,54466
3 Tuesday,21.5,1 - light traffic,90
3 Tuesday,21.5,2 - medium traffic,187.5
3 Tuesday,21.5,3 - heavy traffic,1359
3 Tuesday,21.5,4 - stand still,2348.5
3 Tuesday,22,0- free flowing,45177
3 Tuesday,22,1 - light traffic,30
3 Tuesday,22,2 - medium traffic,285
3 Tuesday,22,3 - heavy traffic,975
3 Tuesday,22,4 - stand still,2733.5
3 Tuesday,22.5,0- free flowing,40962
3 Tuesday,22.5,1 - light traffic,20
3 Tuesday,22.5,2 - medium traffic,227.5
3 Tuesday,22.5,3 - heavy traffic,876
3 Tuesday,22.5,4 - stand still,1858.5
3 Tuesday,23,0- free flowing,36541
3 Tuesday,23,1 - light traffic,32
3 Tuesday,23,2 - medium traffic,220
3 Tuesday,23,3 - heavy traffic,957
3 Tuesday,23,4 - stand still,1470
3 Tuesday,23.5,0- free flowing,32786
3 Tuesday,23.5,1 - light traffic,20
3 Tuesday,23.5,2 - medium traffic,242.5
3 Tuesday,23.5,3 - heavy traffic,663
3 Tuesday,23.5,4 - stand still,710.5
3 Tuesday,24,0- free flowing,27589
3 Tuesday,24,1 - light traffic,48
3 Tuesday,24,2 - medium traffic,92.5
3 Tuesday,24,3 - heavy traffic,294
3 Tuesday,24,4 - stand still,815.5
4 Wednesday,0.5,0- free flowing,23984
4 Wednesday,0.5,1 - light traffic,46
4 Wednesday,0.5,2 - medium traffic,62.5
4 Wednesday,0.5,3 - heavy traffic,144
4 Wednesday,0.5,4 - stand still,378
4 Wednesday,1,0- free flowing,20017
4 Wednesday,1,1 - light traffic,42
4 Wednesday,1,2 - medium traffic,52.5
4 Wednesday,1,3 - heavy traffic,126
4 Wednesday,1,4 - stand still,462
4 Wednesday,1.5,0- free flowing,16681
4 Wednesday,1.5,1 - light traffic,42
4 Wednesday,1.5,2 - medium traffic,50
4 Wednesday,1.5,3 - heavy traffic,99
4 Wednesday,1.5,4 - stand still,360.5
4 Wednesday,2,0- free flowing,14444
4 Wednesday,2,1 - light traffic,28
4 Wednesday,2,2 - medium traffic,22.5
4 Wednesday,2,3 - heavy traffic,72
4 Wednesday,2,4 - stand still,224
4 Wednesday,2.5,0- free flowing,13385
4 Wednesday,2.5,1 - light traffic,16
4 Wednesday,2.5,2 - medium traffic,15
4 Wednesday,2.5,3 - heavy traffic,39
4 Wednesday,2.5,4 - stand still,308
4 Wednesday,3,0- free flowing,12914
4 Wednesday,3,1 - light traffic,16
4 Wednesday,3,2 - medium traffic,20
4 Wednesday,3,3 - heavy traffic,48
4 Wednesday,3,4 - stand still,210
4 Wednesday,3.5,0- free flowing,12592
4 Wednesday,3.5,1 - light traffic,16
4 Wednesday,3.5,2 - medium traffic,40
4 Wednesday,3.5,3 - heavy traffic,36
4 Wednesday,3.5,4 - stand still,280
4 Wednesday,4,0- free flowing,13667
4 Wednesday,4,1 - light traffic,6
4 Wednesday,4,2 - medium traffic,35
4 Wednesday,4,3 - heavy traffic,87
4 Wednesday,4,4 - stand still,140
4 Wednesday,4.5,0- free flowing,16667
4 Wednesday,4.5,1 - light traffic,8
4 Wednesday,4.5,2 - medium traffic,20
4 Wednesday,4.5,3 - heavy traffic,105
4 Wednesday,4.5,4 - stand still,35
4 Wednesday,5,0- free flowing,22139
4 Wednesday,5,1 - light traffic,22
4 Wednesday,5,2 - medium traffic,35
4 Wednesday,5,3 - heavy traffic,96
4 Wednesday,5,4 - stand still,136.5
4 Wednesday,5.5,0- free flowing,29452
4 Wednesday,5.5,1 - light traffic,8
4 Wednesday,5.5,2 - medium traffic,42.5
4 Wednesday,5.5,3 - heavy traffic,240
4 Wednesday,5.5,4 - stand still,283.5
4 Wednesday,6,0- free flowing,34913
4 Wednesday,6,1 - light traffic,8
4 Wednesday,6,2 - medium traffic,72.5
4 Wednesday,6,3 - heavy traffic,198
4 Wednesday,6,4 - stand still,325.5
4 Wednesday,6.5,0- free flowing,44778
4 Wednesday,6.5,1 - light traffic,26
4 Wednesday,6.5,2 - medium traffic,122.5
4 Wednesday,6.5,3 - heavy traffic,129
4 Wednesday,6.5,4 - stand still,294
4 Wednesday,7,0- free flowing,63391
4 Wednesday,7,1 - light traffic,74
4 Wednesday,7,2 - medium traffic,500
4 Wednesday,7,3 - heavy traffic,858
4 Wednesday,7,4 - stand still,1099
4 Wednesday,7.5,0- free flowing,104589
4 Wednesday,7.5,1 - light traffic,976
4 Wednesday,7.5,2 - medium traffic,6425
4 Wednesday,7.5,3 - heavy traffic,6207
4 Wednesday,7.5,4 - stand still,1652
4 Wednesday,8,0- free flowing,125633
4 Wednesday,8,1 - light traffic,1766
4 Wednesday,8,2 - medium traffic,10995
4 Wednesday,8,3 - heavy traffic,25692
4 Wednesday,8,4 - stand still,6471.5
4 Wednesday,8.5,0- free flowing,130323
4 Wednesday,8.5,1 - light traffic,1446
4 Wednesday,8.5,2 - medium traffic,7562.5
4 Wednesday,8.5,3 - heavy traffic,14739
4 Wednesday,8.5,4 - stand still,5159
4 Wednesday,9,0- free flowing,119062
4 Wednesday,9,1 - light traffic,742
4 Wednesday,9,2 - medium traffic,3982.5
4 Wednesday,9,3 - heavy traffic,7842
4 Wednesday,9,4 - stand still,3801
4 Wednesday,9.5,0- free flowing,112242
4 Wednesday,9.5,1 - light traffic,376
4 Wednesday,9.5,2 - medium traffic,2072.5
4 Wednesday,9.5,3 - heavy traffic,2553
4 Wednesday,9.5,4 - stand still,2320.5
4 Wednesday,10,0- free flowing,114978
4 Wednesday,10,1 - light traffic,216
4 Wednesday,10,2 - medium traffic,1367.5
4 Wednesday,10,3 - heavy traffic,2736
4 Wednesday,10,4 - stand still,1263.5
4 Wednesday,10.5,0- free flowing,116472
4 Wednesday,10.5,1 - light traffic,388
4 Wednesday,10.5,2 - medium traffic,1170
4 Wednesday,10.5,3 - heavy traffic,3381
4 Wednesday,10.5,4 - stand still,1113
4 Wednesday,11,0- free flowing,123818
4 Wednesday,11,1 - light traffic,690
4 Wednesday,11,2 - medium traffic,2182.5
4 Wednesday,11,3 - heavy traffic,3933
4 Wednesday,11,4 - stand still,4119.5
4 Wednesday,11.5,0- free flowing,130989
4 Wednesday,11.5,1 - light traffic,1052
4 Wednesday,11.5,2 - medium traffic,3617.5
4 Wednesday,11.5,3 - heavy traffic,6594
4 Wednesday,11.5,4 - stand still,4882.5
4 Wednesday,12,0- free flowing,137582
4 Wednesday,12,1 - light traffic,950
4 Wednesday,12,2 - medium traffic,6087.5
4 Wednesday,12,3 - heavy traffic,10635
4 Wednesday,12,4 - stand still,5208
4 Wednesday,12.5,0- free flowing,145818
4 Wednesday,12.5,1 - light traffic,1348
4 Wednesday,12.5,2 - medium traffic,6907.5
4 Wednesday,12.5,3 - heavy traffic,15909
4 Wednesday,12.5,4 - stand still,6191.5
4 Wednesday,13,0- free flowing,147464
4 Wednesday,13,1 - light traffic,1556
4 Wednesday,13,2 - medium traffic,7860
4 Wednesday,13,3 - heavy traffic,14892
4 Wednesday,13,4 - stand still,8998.5
4 Wednesday,13.5,0- free flowing,150735
4 Wednesday,13.5,1 - light traffic,1272
4 Wednesday,13.5,2 - medium traffic,9660
4 Wednesday,13.5,3 - heavy traffic,15153
4 Wednesday,13.5,4 - stand still,9856
4 Wednesday,14,0- free flowing,151875
4 Wednesday,14,1 - light traffic,1808
4 Wednesday,14,2 - medium traffic,10575
4 Wednesday,14,3 - heavy traffic,16707
4 Wednesday,14,4 - stand still,9075.5
4 Wednesday,14.5,0- free flowing,156873
4 Wednesday,14.5,1 - light traffic,2334
4 Wednesday,14.5,2 - medium traffic,14580
4 Wednesday,14.5,3 - heavy traffic,20748
4 Wednesday,14.5,4 - stand still,11315.5
4 Wednesday,15,0- free flowing,162900
4 Wednesday,15,1 - light traffic,4122
4 Wednesday,15,2 - medium traffic,17260
4 Wednesday,15,3 - heavy traffic,23271
4 Wednesday,15,4 - stand still,14948.5
4 Wednesday,15.5,0- free flowing,170572
4 Wednesday,15.5,1 - light traffic,4646
4 Wednesday,15.5,2 - medium traffic,21675
4 Wednesday,15.5,3 - heavy traffic,33588
4 Wednesday,15.5,4 - stand still,13443.5
4 Wednesday,16,0- free flowing,166082
4 Wednesday,16,1 - light traffic,3684
4 Wednesday,16,2 - medium traffic,30510
4 Wednesday,16,3 - heavy traffic,33072
4 Wednesday,16,4 - stand still,11193
4 Wednesday,16.5,0- free flowing,180535
4 Wednesday,16.5,1 - light traffic,2854
4 Wednesday,16.5,2 - medium traffic,33512.5
4 Wednesday,16.5,3 - heavy traffic,43152
4 Wednesday,16.5,4 - stand still,13562.5
4 Wednesday,17,0- free flowing,194035
4 Wednesday,17,1 - light traffic,3236
4 Wednesday,17,2 - medium traffic,30977.5
4 Wednesday,17,3 - heavy traffic,64542
4 Wednesday,17,4 - stand still,15169
4 Wednesday,17.5,0- free flowing,204201
4 Wednesday,17.5,1 - light traffic,4126
4 Wednesday,17.5,2 - medium traffic,25472.5
4 Wednesday,17.5,3 - heavy traffic,99420
4 Wednesday,17.5,4 - stand still,19222
4 Wednesday,18,0- free flowing,185861
4 Wednesday,18,1 - light traffic,3154
4 Wednesday,18,2 - medium traffic,22352.5
4 Wednesday,18,3 - heavy traffic,60048
4 Wednesday,18,4 - stand still,11812.5
4 Wednesday,18.5,0- free flowing,148487
4 Wednesday,18.5,1 - light traffic,2016
4 Wednesday,18.5,2 - medium traffic,18557.5
4 Wednesday,18.5,3 - heavy traffic,17067
4 Wednesday,18.5,4 - stand still,7182
4 Wednesday,19,0- free flowing,115330
4 Wednesday,19,1 - light traffic,1224
4 Wednesday,19,2 - medium traffic,5997.5
4 Wednesday,19,3 - heavy traffic,5112
4 Wednesday,19,4 - stand still,4854.5
4 Wednesday,19.5,0- free flowing,97748
4 Wednesday,19.5,1 - light traffic,314
4 Wednesday,19.5,2 - medium traffic,1675
4 Wednesday,19.5,3 - heavy traffic,2733
4 Wednesday,19.5,4 - stand still,1953
4 Wednesday,20,0- free flowing,83384
4 Wednesday,20,1 - light traffic,102
4 Wednesday,20,2 - medium traffic,1677.5
4 Wednesday,20,3 - heavy traffic,975
4 Wednesday,20,4 - stand still,973
4 Wednesday,20.5,0- free flowing,75146
4 Wednesday,20.5,1 - light traffic,192
4 Wednesday,20.5,2 - medium traffic,355
4 Wednesday,20.5,3 - heavy traffic,1287
4 Wednesday,20.5,4 - stand still,1529.5
4 Wednesday,21,0- free flowing,66171
4 Wednesday,21,1 - light traffic,130
4 Wednesday,21,2 - medium traffic,305
4 Wednesday,21,3 - heavy traffic,1194
4 Wednesday,21,4 - stand still,997.5
4 Wednesday,21.5,0- free flowing,58097
4 Wednesday,21.5,1 - light traffic,128
4 Wednesday,21.5,2 - medium traffic,612.5
4 Wednesday,21.5,3 - heavy traffic,1884
4 Wednesday,21.5,4 - stand still,1872.5
4 Wednesday,22,0- free flowing,47054
4 Wednesday,22,1 - light traffic,44
4 Wednesday,22,2 - medium traffic,300
4 Wednesday,22,3 - heavy traffic,1140
4 Wednesday,22,4 - stand still,2264.5
4 Wednesday,22.5,0- free flowing,41396
4 Wednesday,22.5,1 - light traffic,44
4 Wednesday,22.5,2 - medium traffic,335
4 Wednesday,22.5,3 - heavy traffic,1062
4 Wednesday,22.5,4 - stand still,1708
4 Wednesday,23,0- free flowing,37419
4 Wednesday,23,1 - light traffic,36
4 Wednesday,23,2 - medium traffic,287.5
4 Wednesday,23,3 - heavy traffic,984
4 Wednesday,23,4 - stand still,1421
4 Wednesday,23.5,0- free flowing,33819
4 Wednesday,23.5,1 - light traffic,22
4 Wednesday,23.5,2 - medium traffic,212.5
4 Wednesday,23.5,3 - heavy traffic,1125
4 Wednesday,23.5,4 - stand still,871.5
4 Wednesday,24,0- free flowing,28281
4 Wednesday,24,1 - light traffic,50
4 Wednesday,24,2 - medium traffic,112.5
4 Wednesday,24,3 - heavy traffic,501
4 Wednesday,24,4 - stand still,637
5 Thursday,0.5,0- free flowing,25936
5 Thursday,0.5,1 - light traffic,46
5 Thursday,0.5,2 - medium traffic,110
5 Thursday,0.5,3 - heavy traffic,465
5 Thursday,0.5,4 - stand still,567
5 Thursday,1,0- free flowing,21670
5 Thursday,1,1 - light traffic,32
5 Thursday,1,2 - medium traffic,72.5
5 Thursday,1,3 - heavy traffic,129
5 Thursday,1,4 - stand still,577.5
5 Thursday,1.5,0- free flowing,17618
5 Thursday,1.5,1 - light traffic,46
5 Thursday,1.5,2 - medium traffic,45
5 Thursday,1.5,3 - heavy traffic,135
5 Thursday,1.5,4 - stand still,287
5 Thursday,2,0- free flowing,15677
5 Thursday,2,1 - light traffic,34
5 Thursday,2,2 - medium traffic,32.5
5 Thursday,2,3 - heavy traffic,165
5 Thursday,2,4 - stand still,430.5
5 Thursday,2.5,0- free flowing,14661
5 Thursday,2.5,1 - light traffic,12
5 Thursday,2.5,2 - medium traffic,30
5 Thursday,2.5,3 - heavy traffic,81
5 Thursday,2.5,4 - stand still,203
5 Thursday,3,0- free flowing,13947
5 Thursday,3,1 - light traffic,10
5 Thursday,3,2 - medium traffic,42.5
5 Thursday,3,3 - heavy traffic,84
5 Thursday,3,4 - stand still,241.5
5 Thursday,3.5,0- free flowing,14134
5 Thursday,3.5,1 - light traffic,6
5 Thursday,3.5,2 - medium traffic,30
5 Thursday,3.5,3 - heavy traffic,132
5 Thursday,3.5,4 - stand still,385
5 Thursday,4,0- free flowing,14540
5 Thursday,4,1 - light traffic,8
5 Thursday,4,2 - medium traffic,22.5
5 Thursday,4,3 - heavy traffic,168
5 Thursday,4,4 - stand still,290.5
5 Thursday,4.5,0- free flowing,17746
5 Thursday,4.5,1 - light traffic,20
5 Thursday,4.5,2 - medium traffic,17.5
5 Thursday,4.5,3 - heavy traffic,111
5 Thursday,4.5,4 - stand still,332.5
5 Thursday,5,0- free flowing,23782
5 Thursday,5,1 - light traffic,14
5 Thursday,5,2 - medium traffic,47.5
5 Thursday,5,3 - heavy traffic,219
5 Thursday,5,4 - stand still,311.5
5 Thursday,5.5,0- free flowing,30200
5 Thursday,5.5,1 - light traffic,10
5 Thursday,5.5,2 - medium traffic,60
5 Thursday,5.5,3 - heavy traffic,210
5 Thursday,5.5,4 - stand still,406
5 Thursday,6,0- free flowing,35622
5 Thursday,6,1 - light traffic,10
5 Thursday,6,2 - medium traffic,30
5 Thursday,6,3 - heavy traffic,138
5 Thursday,6,4 - stand still,294
5 Thursday,6.5,0- free flowing,45851
5 Thursday,6.5,1 - light traffic,48
5 Thursday,6.5,2 - medium traffic,82.5
5 Thursday,6.5,3 - heavy traffic,198
5 Thursday,6.5,4 - stand still,245
5 Thursday,7,0- free flowing,65545
5 Thursday,7,1 - light traffic,60
5 Thursday,7,2 - medium traffic,350
5 Thursday,7,3 - heavy traffic,1023
5 Thursday,7,4 - stand still,1113
5 Thursday,7.5,0- free flowing,104725
5 Thursday,7.5,1 - light traffic,1248
5 Thursday,7.5,2 - medium traffic,5282.5
5 Thursday,7.5,3 - heavy traffic,8139
5 Thursday,7.5,4 - stand still,1953
5 Thursday,8,0- free flowing,129946
5 Thursday,8,1 - light traffic,1794
5 Thursday,8,2 - medium traffic,11177.5
5 Thursday,8,3 - heavy traffic,26763
5 Thursday,8,4 - stand still,6188
5 Thursday,8.5,0- free flowing,127263
5 Thursday,8.5,1 - light traffic,1240
5 Thursday,8.5,2 - medium traffic,8397.5
5 Thursday,8.5,3 - heavy traffic,11619
5 Thursday,8.5,4 - stand still,6370
5 Thursday,9,0- free flowing,117549
5 Thursday,9,1 - light traffic,688
5 Thursday,9,2 - medium traffic,4185
5 Thursday,9,3 - heavy traffic,7080
5 Thursday,9,4 - stand still,6181
5 Thursday,9.5,0- free flowing,111830
5 Thursday,9.5,1 - light traffic,442
5 Thursday,9.5,2 - medium traffic,1667.5
5 Thursday,9.5,3 - heavy traffic,3390
5 Thursday,9.5,4 - stand still,6041
5 Thursday,10,0- free flowing,113428
5 Thursday,10,1 - light traffic,370
5 Thursday,10,2 - medium traffic,1500
5 Thursday,10,3 - heavy traffic,3363
5 Thursday,10,4 - stand still,5365.5
5 Thursday,10.5,0- free flowing,119465
5 Thursday,10.5,1 - light traffic,906
5 Thursday,10.5,2 - medium traffic,2452.5
5 Thursday,10.5,3 - heavy traffic,2802
5 Thursday,10.5,4 - stand still,3867.5
5 Thursday,11,0- free flowing,127517
5 Thursday,11,1 - light traffic,970
5 Thursday,11,2 - medium traffic,5000
5 Thursday,11,3 - heavy traffic,4506
5 Thursday,11,4 - stand still,2688
5 Thursday,11.5,0- free flowing,136709
5 Thursday,11.5,1 - light traffic,1200
5 Thursday,11.5,2 - medium traffic,4297.5
5 Thursday,11.5,3 - heavy traffic,7413
5 Thursday,11.5,4 - stand still,4585
5 Thursday,12,0- free flowing,143509
5 Thursday,12,1 - light traffic,1902
5 Thursday,12,2 - medium traffic,6067.5
5 Thursday,12,3 - heavy traffic,11301
5 Thursday,12,4 - stand still,6629
5 Thursday,12.5,0- free flowing,150271
5 Thursday,12.5,1 - light traffic,1732
5 Thursday,12.5,2 - medium traffic,9602.5
5 Thursday,12.5,3 - heavy traffic,17904
5 Thursday,12.5,4 - stand still,6177.5
5 Thursday,13,0- free flowing,154093
5 Thursday,13,1 - light traffic,2464
5 Thursday,13,2 - medium traffic,10707.5
5 Thursday,13,3 - heavy traffic,21810
5 Thursday,13,4 - stand still,9492
5 Thursday,13.5,0- free flowing,158258
5 Thursday,13.5,1 - light traffic,3214
5 Thursday,13.5,2 - medium traffic,14460
5 Thursday,13.5,3 - heavy traffic,22614
5 Thursday,13.5,4 - stand still,8375.5
5 Thursday,14,0- free flowing,154646
5 Thursday,14,1 - light traffic,3778
5 Thursday,14,2 - medium traffic,16182.5
5 Thursday,14,3 - heavy traffic,23046
5 Thursday,14,4 - stand still,8123.5
5 Thursday,14.5,0- free flowing,154871
5 Thursday,14.5,1 - light traffic,3272
5 Thursday,14.5,2 - medium traffic,20990
5 Thursday,14.5,3 - heavy traffic,26862
5 Thursday,14.5,4 - stand still,6996.5
5 Thursday,15,0- free flowing,167081
5 Thursday,15,1 - light traffic,3530
5 Thursday,15,2 - medium traffic,24887.5
5 Thursday,15,3 - heavy traffic,34101
5 Thursday,15,4 - stand still,7448
5 Thursday,15.5,0- free flowing,174583
5 Thursday,15.5,1 - light traffic,4224
5 Thursday,15.5,2 - medium traffic,33475
5 Thursday,15.5,3 - heavy traffic,40284
5 Thursday,15.5,4 - stand still,10090.5
5 Thursday,16,0- free flowing,176274
5 Thursday,16,1 - light traffic,4010
5 Thursday,16,2 - medium traffic,42835
5 Thursday,16,3 - heavy traffic,52176
5 Thursday,16,4 - stand still,14927.5
5 Thursday,16.5,0- free flowing,195802
5 Thursday,16.5,1 - light traffic,4348
5 Thursday,16.5,2 - medium traffic,42325
5 Thursday,16.5,3 - heavy traffic,72054
5 Thursday,16.5,4 - stand still,16061.5
5 Thursday,17,0- free flowing,213614
5 Thursday,17,1 - light traffic,5264
5 Thursday,17,2 - medium traffic,37792.5
5 Thursday,17,3 - heavy traffic,100326
5 Thursday,17,4 - stand still,16047.5
5 Thursday,17.5,0- free flowing,225703
5 Thursday,17.5,1 - light traffic,5856
5 Thursday,17.5,2 - medium traffic,33817.5
5 Thursday,17.5,3 - heavy traffic,136125
5 Thursday,17.5,4 - stand still,22760.5
5 Thursday,18,0- free flowing,205990
5 Thursday,18,1 - light traffic,4370
5 Thursday,18,2 - medium traffic,35685
5 Thursday,18,3 - heavy traffic,71922
5 Thursday,18,4 - stand still,15568
5 Thursday,18.5,0- free flowing,166531
5 Thursday,18.5,1 - light traffic,3392
5 Thursday,18.5,2 - medium traffic,25765
5 Thursday,18.5,3 - heavy traffic,20604
5 Thursday,18.5,4 - stand still,8302
5 Thursday,19,0- free flowing,133078
5 Thursday,19,1 - light traffic,1424
5 Thursday,19,2 - medium traffic,7492.5
5 Thursday,19,3 - heavy traffic,6774
5 Thursday,19,4 - stand still,3951.5
5 Thursday,19.5,0- free flowing,114779
5 Thursday,19.5,1 - light traffic,642
5 Thursday,19.5,2 - medium traffic,2642.5
5 Thursday,19.5,3 - heavy traffic,2328
5 Thursday,19.5,4 - stand still,2593.5
5 Thursday,20,0- free flowing,100084
5 Thursday,20,1 - light traffic,340
5 Thursday,20,2 - medium traffic,1110
5 Thursday,20,3 - heavy traffic,1305
5 Thursday,20,4 - stand still,1666
5 Thursday,20.5,0- free flowing,89251
5 Thursday,20.5,1 - light traffic,190
5 Thursday,20.5,2 - medium traffic,697.5
5 Thursday,20.5,3 - heavy traffic,1467
5 Thursday,20.5,4 - stand still,1760.5
5 Thursday,21,0- free flowing,82098
5 Thursday,21,1 - light traffic,220
5 Thursday,21,2 - medium traffic,1122.5
5 Thursday,21,3 - heavy traffic,1821
5 Thursday,21,4 - stand still,1781.5
5 Thursday,21.5,0- free flowing,69936
5 Thursday,21.5,1 - light traffic,250
5 Thursday,21.5,2 - medium traffic,930
5 Thursday,21.5,3 - heavy traffic,3423
5 Thursday,21.5,4 - stand still,2695
5 Thursday,22,0- free flowing,57503
5 Thursday,22,1 - light traffic,138
5 Thursday,22,2 - medium traffic,642.5
5 Thursday,22,3 - heavy traffic,2964
5 Thursday,22,4 - stand still,3552.5
5 Thursday,22.5,0- free flowing,48409
5 Thursday,22.5,1 - light traffic,42
5 Thursday,22.5,2 - medium traffic,487.5
5 Thursday,22.5,3 - heavy traffic,1530
5 Thursday,22.5,4 - stand still,5519.5
5 Thursday,23,0- free flowing,44119
5 Thursday,23,1 - light traffic,90
5 Thursday,23,2 - medium traffic,700
5 Thursday,23,3 - heavy traffic,1371
5 Thursday,23,4 - stand still,4053
5 Thursday,23.5,0- free flowing,37634
5 Thursday,23.5,1 - light traffic,38
5 Thursday,23.5,2 - medium traffic,955
5 Thursday,23.5,3 - heavy traffic,1263
5 Thursday,23.5,4 - stand still,1225
5 Thursday,24,0- free flowing,30109
5 Thursday,24,1 - light traffic,50
5 Thursday,24,2 - medium traffic,265
5 Thursday,24,3 - heavy traffic,792
5 Thursday,24,4 - stand still,857.5
6 Friday,0.5,0- free flowing,30531
6 Friday,0.5,1 - light traffic,26
6 Friday,0.5,2 - medium traffic,92.5
6 Friday,0.5,3 - heavy traffic,456
6 Friday,0.5,4 - stand still,1473.5
6 Friday,1,0- free flowing,25834
6 Friday,1,1 - light traffic,28
6 Friday,1,2 - medium traffic,47.5
6 Friday,1,3 - heavy traffic,519
6 Friday,1,4 - stand still,906.5
6 Friday,1.5,0- free flowing,22691
6 Friday,1.5,1 - light traffic,38
6 Friday,1.5,2 - medium traffic,100
6 Friday,1.5,3 - heavy traffic,357
6 Friday,1.5,4 - stand still,591.5
6 Friday,2,0- free flowing,19159
6 Friday,2,1 - light traffic,22
6 Friday,2,2 - medium traffic,70
6 Friday,2,3 - heavy traffic,171
6 Friday,2,4 - stand still,385
6 Friday,2.5,0- free flowing,18106
6 Friday,2.5,1 - light traffic,14
6 Friday,2.5,2 - medium traffic,30
6 Friday,2.5,3 - heavy traffic,213
6 Friday,2.5,4 - stand still,290.5
6 Friday,3,0- free flowing,17157
6 Friday,3,1 - light traffic,30
6 Friday,3,2 - medium traffic,40
6 Friday,3,3 - heavy traffic,180
6 Friday,3,4 - stand still,427
6 Friday,3.5,0- free flowing,17071
6 Friday,3.5,1 - light traffic,16
6 Friday,3.5,2 - medium traffic,52.5
6 Friday,3.5,3 - heavy traffic,87
6 Friday,3.5,4 - stand still,441
6 Friday,4,0- free flowing,17304
6 Friday,4,1 - light traffic,8
6 Friday,4,2 - medium traffic,37.5
6 Friday,4,3 - heavy traffic,75
6 Friday,4,4 - stand still,325.5
6 Friday,4.5,0- free flowing,19643
6 Friday,4.5,1 - light traffic,14
6 Friday,4.5,2 - medium traffic,42.5
6 Friday,4.5,3 - heavy traffic,120
6 Friday,4.5,4 - stand still,367.5
6 Friday,5,0- free flowing,24301
6 Friday,5,1 - light traffic,2
6 Friday,5,2 - medium traffic,65
6 Friday,5,3 - heavy traffic,99
6 Friday,5,4 - stand still,259
6 Friday,5.5,0- free flowing,30026
6 Friday,5.5,1 - light traffic,14
6 Friday,5.5,2 - medium traffic,52.5
6 Friday,5.5,3 - heavy traffic,105
6 Friday,5.5,4 - stand still,192.5
6 Friday,6,0- free flowing,33585
6 Friday,6,1 - light traffic,16
6 Friday,6,2 - medium traffic,32.5
6 Friday,6,3 - heavy traffic,99
6 Friday,6,4 - stand still,196
6 Friday,6.5,0- free flowing,43619
6 Friday,6.5,1 - light traffic,6
6 Friday,6.5,2 - medium traffic,30
6 Friday,6.5,3 - heavy traffic,186
6 Friday,6.5,4 - stand still,290.5
6 Friday,7,0- free flowing,60445
6 Friday,7,1 - light traffic,58
6 Friday,7,2 - medium traffic,245
6 Friday,7,3 - heavy traffic,603
6 Friday,7,4 - stand still,889
6 Friday,7.5,0- free flowing,97276
6 Friday,7.5,1 - light traffic,490
6 Friday,7.5,2 - medium traffic,2737.5
6 Friday,7.5,3 - heavy traffic,3216
6 Friday,7.5,4 - stand still,1900.5
6 Friday,8,0- free flowing,120985
6 Friday,8,1 - light traffic,1238
6 Friday,8,2 - medium traffic,8417.5
6 Friday,8,3 - heavy traffic,11832
6 Friday,8,4 - stand still,3934
6 Friday,8.5,0- free flowing,124627
6 Friday,8.5,1 - light traffic,868
6 Friday,8.5,2 - medium traffic,3740
6 Friday,8.5,3 - heavy traffic,5532
6 Friday,8.5,4 - stand still,4473
6 Friday,9,0- free flowing,114584
6 Friday,9,1 - light traffic,438
6 Friday,9,2 - medium traffic,1815
6 Friday,9,3 - heavy traffic,3942
6 Friday,9,4 - stand still,3895.5
6 Friday,9.5,0- free flowing,116600
6 Friday,9.5,1 - light traffic,264
6 Friday,9.5,2 - medium traffic,1437.5
6 Friday,9.5,3 - heavy traffic,2910
6 Friday,9.5,4 - stand still,3888.5
6 Friday,10,0- free flowing,123390
6 Friday,10,1 - light traffic,332
6 Friday,10,2 - medium traffic,2122.5
6 Friday,10,3 - heavy traffic,3963
6 Friday,10,4 - stand still,3689
6 Friday,10.5,0- free flowing,130673
6 Friday,10.5,1 - light traffic,492
6 Friday,10.5,2 - medium traffic,3327.5
6 Friday,10.5,3 - heavy traffic,4332
6 Friday,10.5,4 - stand still,4392.5
6 Friday,11,0- free flowing,141898
6 Friday,11,1 - light traffic,1100
6 Friday,11,2 - medium traffic,5007.5
6 Friday,11,3 - heavy traffic,8772
6 Friday,11,4 - stand still,5022.5
6 Friday,11.5,0- free flowing,156147
6 Friday,11.5,1 - light traffic,1872
6 Friday,11.5,2 - medium traffic,8962.5
6 Friday,11.5,3 - heavy traffic,17667
6 Friday,11.5,4 - stand still,6370
6 Friday,12,0- free flowing,167595
6 Friday,12,1 - light traffic,3028
6 Friday,12,2 - medium traffic,15127.5
6 Friday,12,3 - heavy traffic,28056
6 Friday,12,4 - stand still,7339.5
6 Friday,12.5,0- free flowing,174397
6 Friday,12.5,1 - light traffic,4264
6 Friday,12.5,2 - medium traffic,21737.5
6 Friday,12.5,3 - heavy traffic,37692
6 Friday,12.5,4 - stand still,10937.5
6 Friday,13,0- free flowing,181295
6 Friday,13,1 - light traffic,4592
6 Friday,13,2 - medium traffic,28815
6 Friday,13,3 - heavy traffic,45828
6 Friday,13,4 - stand still,15823.5
6 Friday,13.5,0- free flowing,187200
6 Friday,13.5,1 - light traffic,6016
6 Friday,13.5,2 - medium traffic,33610
6 Friday,13.5,3 - heavy traffic,56085
6 Friday,13.5,4 - stand still,20951
6 Friday,14,0- free flowing,192935
6 Friday,14,1 - light traffic,5470
6 Friday,14,2 - medium traffic,43472.5
6 Friday,14,3 - heavy traffic,63087
6 Friday,14,4 - stand still,22106
6 Friday,14.5,0- free flowing,197119
6 Friday,14.5,1 - light traffic,5536
6 Friday,14.5,2 - medium traffic,53710
6 Friday,14.5,3 - heavy traffic,70242
6 Friday,14.5,4 - stand still,22134
6 Friday,15,0- free flowing,208000
6 Friday,15,1 - light traffic,6368
6 Friday,15,2 - medium traffic,58957.5
6 Friday,15,3 - heavy traffic,88740
6 Friday,15,4 - stand still,20779.5
6 Friday,15.5,0- free flowing,218917
6 Friday,15.5,1 - light traffic,5538
6 Friday,15.5,2 - medium traffic,58357.5
6 Friday,15.5,3 - heavy traffic,114081
6 Friday,15.5,4 - stand still,28693
6 Friday,16,0- free flowing,229366
6 Friday,16,1 - light traffic,5474
6 Friday,16,2 - medium traffic,60787.5
6 Friday,16,3 - heavy traffic,131901
6 Friday,16,4 - stand still,38248
6 Friday,16.5,0- free flowing,252775
6 Friday,16.5,1 - light traffic,5148
6 Friday,16.5,2 - medium traffic,61230
6 Friday,16.5,3 - heavy traffic,139668
6 Friday,16.5,4 - stand still,40064.5
6 Friday,17,0- free flowing,247075
6 Friday,17,1 - light traffic,6266
6 Friday,17,2 - medium traffic,54022.5
6 Friday,17,3 - heavy traffic,147474
6 Friday,17,4 - stand still,46126.5
6 Friday,17.5,0- free flowing,248628
6 Friday,17.5,1 - light traffic,6256
6 Friday,17.5,2 - medium traffic,56520
6 Friday,17.5,3 - heavy traffic,138663
6 Friday,17.5,4 - stand still,47512.5
6 Friday,18,0- free flowing,232246
6 Friday,18,1 - light traffic,6336
6 Friday,18,2 - medium traffic,53877.5
6 Friday,18,3 - heavy traffic,86487
6 Friday,18,4 - stand still,40488
6 Friday,18.5,0- free flowing,209878
6 Friday,18.5,1 - light traffic,6142
6 Friday,18.5,2 - medium traffic,38317.5
6 Friday,18.5,3 - heavy traffic,47517
6 Friday,18.5,4 - stand still,33603.5
6 Friday,19,0- free flowing,182380
6 Friday,19,1 - light traffic,3876
6 Friday,19,2 - medium traffic,25320
6 Friday,19,3 - heavy traffic,26445
6 Friday,19,4 - stand still,27496
6 Friday,19.5,0- free flowing,164288
6 Friday,19.5,1 - light traffic,2572
6 Friday,19.5,2 - medium traffic,16387.5
6 Friday,19.5,3 - heavy traffic,19809
6 Friday,19.5,4 - stand still,19442.5
6 Friday,20,0- free flowing,143116
6 Friday,20,1 - light traffic,1510
6 Friday,20,2 - medium traffic,12745
6 Friday,20,3 - heavy traffic,12546
6 Friday,20,4 - stand still,13002.5
6 Friday,20.5,0- free flowing,129406
6 Friday,20.5,1 - light traffic,984
6 Friday,20.5,2 - medium traffic,7232.5
6 Friday,20.5,3 - heavy traffic,8466
6 Friday,20.5,4 - stand still,9929.5
6 Friday,21,0- free flowing,116471
6 Friday,21,1 - light traffic,586
6 Friday,21,2 - medium traffic,6655
6 Friday,21,3 - heavy traffic,9651
6 Friday,21,4 - stand still,7014
6 Friday,21.5,0- free flowing,105801
6 Friday,21.5,1 - light traffic,1078
6 Friday,21.5,2 - medium traffic,5480
6 Friday,21.5,3 - heavy traffic,6219
6 Friday,21.5,4 - stand still,5036.5
6 Friday,22,0- free flowing,89670
6 Friday,22,1 - light traffic,444
6 Friday,22,2 - medium traffic,3427.5
6 Friday,22,3 - heavy traffic,3267
6 Friday,22,4 - stand still,4504.5
6 Friday,22.5,0- free flowing,76357
6 Friday,22.5,1 - light traffic,590
6 Friday,22.5,2 - medium traffic,1535
6 Friday,22.5,3 - heavy traffic,2304
6 Friday,22.5,4 - stand still,2054.5
6 Friday,23,0- free flowing,63524
6 Friday,23,1 - light traffic,60
6 Friday,23,2 - medium traffic,130
6 Friday,23,3 - heavy traffic,573
6 Friday,23,4 - stand still,1207.5
6 Friday,23.5,0- free flowing,51500
6 Friday,23.5,1 - light traffic,12
6 Friday,23.5,2 - medium traffic,57.5
6 Friday,23.5,3 - heavy traffic,201
6 Friday,23.5,4 - stand still,864.5
6 Friday,24,0- free flowing,37138
6 Friday,24,1 - light traffic,20
6 Friday,24,2 - medium traffic,105
6 Friday,24,3 - heavy traffic,441
6 Friday,24,4 - stand still,1435
7 Saturday,0.5,0- free flowing,40583
7 Saturday,0.5,1 - light traffic,18
7 Saturday,0.5,2 - medium traffic,17.5
7 Saturday,0.5,3 - heavy traffic,45
7 Saturday,0.5,4 - stand still,542.5
7 Saturday,1,0- free flowing,34302
7 Saturday,1,1 - light traffic,14
7 Saturday,1,2 - medium traffic,20
7 Saturday,1,3 - heavy traffic,108
7 Saturday,1,4 - stand still,182
7 Saturday,1.5,0- free flowing,30960
7 Saturday,1.5,1 - light traffic,16
7 Saturday,1.5,2 - medium traffic,7.5
7 Saturday,1.5,3 - heavy traffic,87
7 Saturday,1.5,4 - stand still,87.5
7 Saturday,2,0- free flowing,27749
7 Saturday,2,1 - light traffic,16
7 Saturday,2,2 - medium traffic,15
7 Saturday,2,3 - heavy traffic,225
7 Saturday,2,4 - stand still,157.5
7 Saturday,2.5,0- free flowing,24610
7 Saturday,2.5,1 - light traffic,38
7 Saturday,2.5,2 - medium traffic,25
7 Saturday,2.5,3 - heavy traffic,54
7 Saturday,2.5,4 - stand still,196
7 Saturday,3,0- free flowing,22211
7 Saturday,3,1 - light traffic,2
7 Saturday,3,2 - medium traffic,17.5
7 Saturday,3,3 - heavy traffic,66
7 Saturday,3,4 - stand still,126
7 Saturday,3.5,0- free flowing,20725
7 Saturday,3.5,1 - light traffic,4
7 Saturday,3.5,2 - medium traffic,47.5
7 Saturday,3.5,3 - heavy traffic,93
7 Saturday,3.5,4 - stand still,126
7 Saturday,4,0- free flowing,19537
7 Saturday,4,1 - light traffic,24
7 Saturday,4,2 - medium traffic,7.5
7 Saturday,4,3 - heavy traffic,60
7 Saturday,4,4 - stand still,154
7 Saturday,4.5,0- free flowing,19610
7 Saturday,4.5,1 - light traffic,26
7 Saturday,4.5,2 - medium traffic,20
7 Saturday,4.5,3 - heavy traffic,96
7 Saturday,4.5,4 - stand still,164.5
7 Saturday,5,0- free flowing,21644
7 Saturday,5,1 - light traffic,8
7 Saturday,5,2 - medium traffic,22.5
7 Saturday,5,3 - heavy traffic,42
7 Saturday,5,4 - stand still,238
7 Saturday,5.5,0- free flowing,25251
7 Saturday,5.5,1 - light traffic,6
7 Saturday,5.5,2 - medium traffic,7.5
7 Saturday,5.5,3 - heavy traffic,54
7 Saturday,5.5,4 - stand still,311.5
7 Saturday,6,0- free flowing,29985
7 Saturday,6,1 - light traffic,8
7 Saturday,6,2 - medium traffic,22.5
7 Saturday,6,3 - heavy traffic,33
7 Saturday,6,4 - stand still,122.5
7 Saturday,6.5,0- free flowing,35284
7 Saturday,6.5,1 - light traffic,18
7 Saturday,6.5,2 - medium traffic,35
7 Saturday,6.5,3 - heavy traffic,150
7 Saturday,6.5,4 - stand still,203
7 Saturday,7,0- free flowing,38270
7 Saturday,7,1 - light traffic,28
7 Saturday,7,2 - medium traffic,57.5
7 Saturday,7,3 - heavy traffic,84
7 Saturday,7,4 - stand still,108.5
7 Saturday,7.5,0- free flowing,47784
7 Saturday,7.5,1 - light traffic,16
7 Saturday,7.5,2 - medium traffic,27.5
7 Saturday,7.5,3 - heavy traffic,264
7 Saturday,7.5,4 - stand still,189
7 Saturday,8,0- free flowing,60434
7 Saturday,8,1 - light traffic,40
7 Saturday,8,2 - medium traffic,100
7 Saturday,8,3 - heavy traffic,390
7 Saturday,8,4 - stand still,479.5
7 Saturday,8.5,0- free flowing,78677
7 Saturday,8.5,1 - light traffic,214
7 Saturday,8.5,2 - medium traffic,182.5
7 Saturday,8.5,3 - heavy traffic,774
7 Saturday,8.5,4 - stand still,903
7 Saturday,9,0- free flowing,90219
7 Saturday,9,1 - light traffic,306
7 Saturday,9,2 - medium traffic,307.5
7 Saturday,9,3 - heavy traffic,1701
7 Saturday,9,4 - stand still,1757
7 Saturday,9.5,0- free flowing,106133
7 Saturday,9.5,1 - light traffic,240
7 Saturday,9.5,2 - medium traffic,265
7 Saturday,9.5,3 - heavy traffic,2301
7 Saturday,9.5,4 - stand still,4144
7 Saturday,10,0- free flowing,122123
7 Saturday,10,1 - light traffic,494
7 Saturday,10,2 - medium traffic,1172.5
7 Saturday,10,3 - heavy traffic,4722
7 Saturday,10,4 - stand still,5617.5
7 Saturday,10.5,0- free flowing,134810
7 Saturday,10.5,1 - light traffic,576
7 Saturday,10.5,2 - medium traffic,2955
7 Saturday,10.5,3 - heavy traffic,7398
7 Saturday,10.5,4 - stand still,5880
7 Saturday,11,0- free flowing,146172
7 Saturday,11,1 - light traffic,724
7 Saturday,11,2 - medium traffic,4725
7 Saturday,11,3 - heavy traffic,14112
7 Saturday,11,4 - stand still,7605.5
7 Saturday,11.5,0- free flowing,158151
7 Saturday,11.5,1 - light traffic,1258
7 Saturday,11.5,2 - medium traffic,6547.5
7 Saturday,11.5,3 - heavy traffic,22188
7 Saturday,11.5,4 - stand still,9131.5
7 Saturday,12,0- free flowing,171786
7 Saturday,12,1 - light traffic,1840
7 Saturday,12,2 - medium traffic,9362.5
7 Saturday,12,3 - heavy traffic,26943
7 Saturday,12,4 - stand still,13863.5
7 Saturday,12.5,0- free flowing,184138
7 Saturday,12.5,1 - light traffic,2612
7 Saturday,12.5,2 - medium traffic,13455
7 Saturday,12.5,3 - heavy traffic,31704
7 Saturday,12.5,4 - stand still,18501
7 Saturday,13,0- free flowing,189922
7 Saturday,13,1 - light traffic,2690
7 Saturday,13,2 - medium traffic,15577.5
7 Saturday,13,3 - heavy traffic,37503
7 Saturday,13,4 - stand still,16985.5
7 Saturday,13.5,0- free flowing,189058
7 Saturday,13.5,1 - light traffic,2114
7 Saturday,13.5,2 - medium traffic,16880
7 Saturday,13.5,3 - heavy traffic,37269
7 Saturday,13.5,4 - stand still,15571.5
7 Saturday,14,0- free flowing,187880
7 Saturday,14,1 - light traffic,2230
7 Saturday,14,2 - medium traffic,15595
7 Saturday,14,3 - heavy traffic,34635
7 Saturday,14,4 - stand still,16775.5
7 Saturday,14.5,0- free flowing,184374
7 Saturday,14.5,1 - light traffic,2818
7 Saturday,14.5,2 - medium traffic,17447.5
7 Saturday,14.5,3 - heavy traffic,37245
7 Saturday,14.5,4 - stand still,15106
7 Saturday,15,0- free flowing,183001
7 Saturday,15,1 - light traffic,2568
7 Saturday,15,2 - medium traffic,19112.5
7 Saturday,15,3 - heavy traffic,33045
7 Saturday,15,4 - stand still,15228.5
7 Saturday,15.5,0- free flowing,182571
7 Saturday,15.5,1 - light traffic,2514
7 Saturday,15.5,2 - medium traffic,17897.5
7 Saturday,15.5,3 - heavy traffic,29871
7 Saturday,15.5,4 - stand still,15116.5
7 Saturday,16,0- free flowing,177495
7 Saturday,16,1 - light traffic,2000
7 Saturday,16,2 - medium traffic,14955
7 Saturday,16,3 - heavy traffic,27951
7 Saturday,16,4 - stand still,14682.5
7 Saturday,16.5,0- free flowing,173358
7 Saturday,16.5,1 - light traffic,2378
7 Saturday,16.5,2 - medium traffic,14850
7 Saturday,16.5,3 - heavy traffic,22524
7 Saturday,16.5,4 - stand still,11886
7 Saturday,17,0- free flowing,168850
7 Saturday,17,1 - light traffic,2434
7 Saturday,17,2 - medium traffic,13340
7 Saturday,17,3 - heavy traffic,18006
7 Saturday,17,4 - stand still,8638
7 Saturday,17.5,0- free flowing,165764
7 Saturday,17.5,1 - light traffic,1984
7 Saturday,17.5,2 - medium traffic,13910
7 Saturday,17.5,3 - heavy traffic,15036
7 Saturday,17.5,4 - stand still,6135.5
7 Saturday,18,0- free flowing,161531
7 Saturday,18,1 - light traffic,1922
7 Saturday,18,2 - medium traffic,10062.5
7 Saturday,18,3 - heavy traffic,12069
7 Saturday,18,4 - stand still,6909
7 Saturday,18.5,0- free flowing,152295
7 Saturday,18.5,1 - light traffic,1246
7 Saturday,18.5,2 - medium traffic,5780
7 Saturday,18.5,3 - heavy traffic,9102
7 Saturday,18.5,4 - stand still,6566
7 Saturday,19,0- free flowing,141264
7 Saturday,19,1 - light traffic,538
7 Saturday,19,2 - medium traffic,3615
7 Saturday,19,3 - heavy traffic,5853
7 Saturday,19,4 - stand still,5876.5
7 Saturday,19.5,0- free flowing,126740
7 Saturday,19.5,1 - light traffic,374
7 Saturday,19.5,2 - medium traffic,2835
7 Saturday,19.5,3 - heavy traffic,3471
7 Saturday,19.5,4 - stand still,4494
7 Saturday,20,0- free flowing,100243
7 Saturday,20,1 - light traffic,796
7 Saturday,20,2 - medium traffic,1135
7 Saturday,20,3 - heavy traffic,2157
7 Saturday,20,4 - stand still,3843
7 Saturday,20.5,0- free flowing,82708
7 Saturday,20.5,1 - light traffic,558
7 Saturday,20.5,2 - medium traffic,715
7 Saturday,20.5,3 - heavy traffic,1707
7 Saturday,20.5,4 - stand still,2159.5
7 Saturday,21,0- free flowing,88696
7 Saturday,21,1 - light traffic,74
7 Saturday,21,2 - medium traffic,172.5
7 Saturday,21,3 - heavy traffic,1467
7 Saturday,21,4 - stand still,2212
7 Saturday,21.5,0- free flowing,83277
7 Saturday,21.5,1 - light traffic,66
7 Saturday,21.5,2 - medium traffic,190
7 Saturday,21.5,3 - heavy traffic,969
7 Saturday,21.5,4 - stand still,1102.5
7 Saturday,22,0- free flowing,75709
7 Saturday,22,1 - light traffic,48
7 Saturday,22,2 - medium traffic,210
7 Saturday,22,3 - heavy traffic,594
7 Saturday,22,4 - stand still,766.5
7 Saturday,22.5,0- free flowing,66413
7 Saturday,22.5,1 - light traffic,20
7 Saturday,22.5,2 - medium traffic,80
7 Saturday,22.5,3 - heavy traffic,423
7 Saturday,22.5,4 - stand still,682.5
7 Saturday,23,0- free flowing,55874
7 Saturday,23,1 - light traffic,24
7 Saturday,23,2 - medium traffic,35
7 Saturday,23,3 - heavy traffic,327
7 Saturday,23,4 - stand still,318.5
7 Saturday,23.5,0- free flowing,46878
7 Saturday,23.5,1 - light traffic,2
7 Saturday,23.5,2 - medium traffic,42.5
7 Saturday,23.5,3 - heavy traffic,123
7 Saturday,23.5,4 - stand still,168
7 Saturday,24,0- free flowing,40791
7 Saturday,24,1 - light traffic,2
7 Saturday,24,2 - medium traffic,0
7 Saturday,24,3 - heavy traffic,153
7 Saturday,24,4 - stand still,549.5
