ID,Priority Area,Action Item,Actions Taken,Status,Date Completed,Date (Hidden)
Justice and Safety 8 - Common-sense capital plan for first responders,JUSTICE & SAFETY,Develop a common-sense capital plan to ensure that the police and fire departments have adequate equipment and resources for training and operations.,"Meetings with Police and Fire department completed, capital plans being implemented in fiscal year 2022 budget and future Strategic Capital Improvments Plan",Completed,07/28/2021,05/23/2022
COVID/Recovery 3 - One Stop Shop to Help Small Businesses,"COVID, RECOVERY","Provide a one-stop shop to help small businesses navigate and recover from the COVID-19 crisis by sharing best business practices, identifying government support resources and helping navigate red tape that prevents business launches.",Done. The Chamber created StartingBlock ( https://startingblockchattanooga.com/ ) and the City's Office of Economic Development upgraded our website ( https://econ.chattanooga.gov/ ) which contains COVID-19 recovery information. Both websites are great sources of information for small businesses.,In Progress - Implementing,,05/23/2022
Justice and Safety 4 - Recruiting strategies for better representation,JUSTICE & SAFETY,Develop recruiting strategies to ensure that the police department increases minority representation to reflect the community it serves.,"Recruiting strategies developed, most recent class of cadets was representative of city demographics. Working to replicate these efforts to supply to Police Department Process Improvement Group (PIG) for review and long-term implmentation.",Completed,07/19/2021,05/23/2022
"Economic Development 3 - Attract Relocating ""Work From Homers"" and Entrepreneurs",ECONOMIC DEVELOPMENT,"Work with the Chamber of Commerce and EPB to develop an incentive program to attract relocating ""work from homers"" and entrepreneurs.","The Department of Economic Development is still working with the Chamber and EPB on the development of an incentive program to attract relocating ""work from homers"" and entrepreneurs, especially those entrepreneurs involved in the tech and innovation sector.",In Progress - Planning,,05/23/2022
Government 13 - Restore Legislative Analyst Position for the City Council,GOVERNMENT,Restore legislative analyst position for the city council in order to provide a more robust analysis of resolutions for both city council members and the public.,Recently added contract for University of Tennessee at Chattanooga to provide research services.,Completed,07/01/2021,05/23/2022
Justice and Safety 2 - Support Police Advisory Review Committee,JUSTICE & SAFETY,Provide support to ensure that the Police Advisory & Review Committee (PARC) operates as intended.,"Met with Chief Roddy and discussed current Police Advisory & Review Committee (PARC) operations and ideas on how Mayor's Office can support PARC; met with Kay Baker, developed framework for ongoing support.",Completed,,05/23/2022
Roads and Parking 4 - Timely Pothole Repair,ROADS & PARKING,Implement a new process to repair potholes timely and effectively.,"Plan in place to implement an increase in driver pay to allow the Public Works Department to respond more timely and effectively, added pothole inspector position in fiscal year 2022 budget.",Completed,,05/23/2022
Neighborhoods 1 - Fare-Free CARTA,NEIGHBORHOODS,Begin implementation of fare-free CARTA for selected main bus routes.,Staff is studying routes to determine appropriate long term strategy.,Completed,07/27/2021,05/23/2022
Government 8 - Complete Pay Study,GOVERNMENT,Complete pay study and develop an implementation plan to increase minimum wage for city employees to $15 per hour.,Pay study complete and plan in place to include $15 per hour minimum wage in fiscal year 22 budget.,Completed,,05/23/2022
Affordable Housing 2 - Convene group to discuss innovative housing strategies,AFFORDABLE HOUSING,"Convene private, nonprofit and foundation representatives to discuss the creation of innovative strategies to finance the development of affordable housing.","Convened meetings with several foundations, all-foundation call scheduled; exploring possibility of city contribution to impact investing groups that would finance affordable housing.",Completed,,05/23/2022
Roads and Parking 8 - Wayfinding Signage to Underutilized Parking Resources,ROADS & PARKING,Deploy wayfinding signage to expand access to underutilized parking resources.,OPMOD identified several locations for new and/or expanded signage. Installed on 7-27 and 7-28 near city parking garages downtown. Additional wayfinding will be installed as need.,Completed,,05/23/2022
Government 12 - Develop Sensible Interlocal Agreements,GOVERNMENT,Partner with the Hamilton County mayor to develop sensible interlocal agreements to better manage services that impact both city and county residents.,Interlocal agreement framework concerning Office of Community Health and Regional Planning Agency has been completed. Discussions on additional agreements ongoing.,Completed,07/11/2021,05/23/2022
COVID/Recovery 4 - New Chattanooga Minority Business Enterprise Program,"COVID, RECOVERY",Utilize the 2019 city of Chattanooga disparity study to develop and implement a new city of Chattanooga Minority Business Enterprises (MBEs) program with specific goals for increasing MBE participation in the city procurement process.,The City of Chattanooga created a position - the Director of Supplier Diversity - to implement many of the recommendations from the 2019 City of Chattanooga Disparity Study. The Director of Supplier Diversity has already developed an implementation plan for implementing these recommendations for increasing MBE participation in the city procurement process.,Completed,,05/23/2022
Affordable Housing 5 - Complete an audit of Affordable Housing Trust Fund,AFFORDABLE HOUSING,"Complete an audit of the Affordable Housing Trust Fund to ensure that the city is leveraging federal funding sources and incentives, like the HOME Investment Partnerships Program and Low-Income Housing Tax Credit, to enable the city, along with private sector and nonprofit partners, to expand the supply of safe and decent affordable homes in Chattanooga.","Prepared an overview of affordable housing programs available through the City, along with the most recent outcomes. Also included a list that consists of known (subsidized) affordable housing units created through the the City and other entities.",Completed,07/20/2021,05/23/2022
Homelessness 5 - Create working from for comprehensive strategy,HOMELESSNESS,Create a working group to establish a comprehensive homelessness strategy.,"City is working through Chattanooga Interagency Coalition on Homelessness (CICH), working with FUSE and others to explore avenues to increase permanent supportive services; Director of Homelessness & Supportive Housing and CICH will work together on future direction.",Completed,,05/23/2022
Government 10 - Update City Website,GOVERNMENT,Update city website to enhance transparency and user experience.,New Chattanooga.gov is currently in the user experience research and design phase. Capital funds have assigned to project.,In Progress - Planning,,05/23/2022
Affordable Housing 4 - Revitalize the Land Bank Authority,AFFORDABLE HOUSING,"Revitalize the Land Bank Authority and implement processes to convert vacant, abandoned and delinquent properties to affordable housing.",Inventory and initial assessment of city-owned properties suitable for affordable housing completed. Created an initial map which is going through internal review and will be made public once complete. Additional work required to renew nonprofit status and charter.,In Progress - Implementing,,05/23/2022
Economic Development 7 - Outdoor Chattanooga App,ECONOMIC DEVELOPMENT,Begin development of Outdoor Chattanooga app to consolidate resource access.,"We will focus on a redesign of current site, which already has all the functionality requested.",In Progress - Planning,,05/23/2022
Economic Development 6 - Small Business Summit,ECONOMIC DEVELOPMENT,Hold a small business summit to identify hurdles that impede their business growth.,"Local Brewery Summit held, additional roundtables scheduled. We are scheduling small business roundtables with the following small business groups: African-American etrepreneurs; Latino entrepreneurs; Women entrepreneurs; Early Childcare Centers, and Logistics sector companies.",Completed,07/19/2021,05/23/2022
Affordable Housing 1 - Survey of city-owned properties,AFFORDABLE HOUSING,"Complete a survey of city-owned properties that can be converted to affordable housing, including analyses of liens to be cured.","Inventory and initial assessment of city-owned properties suitable for affordable housing completed. Created a map with zoning and lot sizes, map under internal review.",Completed,,05/23/2022
Education 6 - Transit to Future Ready Institutes,EDUCATION,Prepare an action plan to expand transit coverage to better serve locations near Future Ready Institutes.,Meeting with Chattanooga Area Regional Transportation Authority (CARTA) held; discussed and forwarded documentation on a review of assisting with transportation to future ready institute that was previously studied; folding into item to identify a site for a future transit center.,Completed,07/15/2021,05/23/2022
Roads and Parking 7 - Action Plan for Modifying Bicycle Lanes,ROADS & PARKING,"Develop an action plan for modifying bicycle lanes, incorporating considerations for alternative vehicles.","Confirmed that alternative vehicles (class I and II e-bikes and e-scooters) are currently permitted to be driven in bike lanes, no action plan needed because current rules incorporate considerations for alternative vehicles.",Completed,07/21/2021,05/23/2022
Government 5 - Appoint Policy Director for Code Reform,GOVERNMENT,Appoint a policy director for code reform.,Chris Anderson and Joda Thongnopnua will lead code reform efforts.,Completed,04/19/2021,05/23/2022
Roads and Parking 2 - Implement a Paving Action Plan,ROADS & PARKING,Implement a paving action plan to pave as many roads as possible in summer 2021.,2-year list is ready and procurement steps for new contract are underway. Summer '21 Paving Action Plan Draft included 3 items: a) initial push ($3.3M of funds spent); b) change order ($1M of couch-cushion funding); and c) forward momentum on 2-year list for next Contract,Completed,06/02/2021,05/23/2022
Economic Development 1 - Optimize Working Relationship with Chamber,ECONOMIC DEVELOPMENT,Work with the Chamber of Commerce to optimize working relationships and proactively participate in the business recruitment process.,"The City of Chattanooga's Department of Economic Development and the Chattanooga Area Chamber work closely together on the recuitment of companies to Chattanooga. The City, County, Chamber, and State enjoy a collaborative relationship so that all economic development stakeholders are working together to improve our city's economic outcomes and capitalize on our city's economic advantages.",Completed,,05/23/2022
COVID/Recovery 2 - Establish Director of Community Health,"COVID, RECOVERY",Establish a policy director for community health and develop an interlocal agreement with Hamilton County to tightly coordinate with the health department.,Dr. Mary Lambert's appointment was announced on April 21st 2021. Dr. Lambert met with Hamilton County Health Department to determine next steps and cooperative relationship. Hamilton County is now one of our partners for recent HHS/OMH grant award. Additional ongoing contacts are underway for coordination of program (HD & OCH) efforts.,Completed,04/19/2021,05/23/2022
Neighborhoods 3 - Transition YFD Centers to Community Centers,NEIGHBORHOODS,Convert YFD centers into dedicated community centers that are operated based on the specific needs of each neighborhood. Each neighborhood has its own character and its own needs — community centers should reflect the needs of their community.,"Completed in reorganization of government, immediately began building toward individualization and implmenetation, working with community partners on ongoing efforts to maintain living, breathing neighborhood community centers.",Completed,,05/23/2022
Roads and Parking 1 - Increase Funding for Paving and Potholes,ROADS & PARKING,Reallocate $3.5 million to FY 22 Budget to increase funding for paving and potholes.,$3.5 million added to the fiscal year 2022 budget.,Completed,07/01/2021,05/23/2022
Homelessness 6 - Expand the FUSE program,HOMELESSNESS,Work with Hamilton County to expand the FUSE program.,Met with Sheriff's Office to determine gaps for expansion; will define permenent supportive housing goal to support FUSE.,Completed,,05/23/2022
Economic Development 5 - Partnerships for Skilled Work Training,ECONOMIC DEVELOPMENT,Establish pathways to higher-quality jobs by developing partnerships with local industries and trade unions to provide skilled-work training.,"Committed $2 million to Construction Academy and donated land at Harriett Tubman site in partnership with Hamilton County, Association of General Contractors, Hamilton County Schools, Chattanooga State and others. Workforce development meeting held with Chattanooga State, initial conversations held with IBEW.",Completed,,05/23/2022
Homelessness 4 - Establish working group to better coordinate services,HOMELESSNESS,Establish a working group to better coordinate services and support shelter providers.,"Expanded cost ceiling for potential shelter sites for city purchase, tours produced useful options; next steps are budget dependent—integrating shelter into capital plan.",Completed,07/14/2021,05/23/2022
Education 5 - Building and Trades Academy,EDUCATION,"Commit city resources to launch the Building Trades Academy in partnership with Hamilton County, Associated General Contractors, Hamilton County Schools, Chattanooga State and other key organizations.","Done, announced publicly.",Completed,07/27/2021,05/23/2022
Government 1 - Empower OPMOD,GOVERNMENT,Empower the Office of Performance Management and Open Data to increase transparency and focus on accountability.,"Created the Department of Innovation Delivery and Performance to expand the Office of Performance Management and Open Data's data, transparency and accountability efforts. Created a public tracker and transparency site for the 100 days of the Kelly Adminstration.",Completed,07/13/2021,05/23/2022
Neighborhoods 5 - Revive Neighborhood Parks,NEIGHBORHOODS,Revive neighborhood parks and create a department dedicated to parks and outdoors.,"Department created in reorganization of government, parks reopened, strategic plan moving forward to inject new life into parks system, create greenways and develop deeper neighborhood connections.",Completed,,05/23/2022
Justice and Safety 3 - Develop community outreach response team,JUSTICE & SAFETY,"Develop a community outreach response team that can dispatch to nonviolent situations involving mental illness, homelessness and addiction.","Pilot coordinated response initiative created and process request for funding has been submitted and entered in Oracle for $30,000 to project through Chattanooga Fire Department (CFD) Connect and UTC School of Social Work.  Included 10 social workers for alternative response model based on the CAHOOTS model from Eugene, Oregon to be included in fiscal year 2022 budget.",Completed,07/26/2021,05/23/2022
Homelessness 2 - Coordinate with CHA for housing choice voucher,HOMELESSNESS,Coordinate with the Chattanooga Housing Authority to develop a plan to launch a Housing Choice Voucher incentive package to boost affordable housing supply.,Identifying landlord pain points with vouchers and brainstorming incentives,In Progress,,05/23/2022
Justice and Safety 5 - Best practices of community policing,JUSTICE & SAFETY,Promote community policing through implementation of national best practices and integrating input from neighborhoods.,Community police strategy developed.,Completed,,05/23/2022
Neighborhoods 2 - Community Centers Community Advisory Boards,NEIGHBORHOODS,Establish community advisory boards (appointed by the mayor and city council) to provide operational recommendations for each Community Center and reimagine how these centers best serve their unique neighborhoods' needs and wants.,"Board structure developed, community advisory boards established, filling vacancies.",Completed,,05/23/2022
Affordable Housing 6 - Develop plan to convert 100 City-owned properties,AFFORDABLE HOUSING,"Develop a strategic plan to convert 100 city-owned properties to affordable housing by Dec. 31, 2021.",This item addressed in conjunction with Land Bank issue. Inventory and initial assessment of city-owned properties suitable for affordable housing completed. Created a map with zoning and lot sizes; considering a plan to hire a dedicated attorney to clear liens; meeting scheduled with Chattanoogan Design Studio to explore pattern zoning; strategic plan completed.,Completed,07/26/2021,05/23/2022
Education 2 - Affordable Pre-K for All Task Force,EDUCATION,"Establish a task force, including community partners, to develop a strategic plan to provide affordable pre-K for all.","Meeting scheduled with Office of Early Learning; determined clear direction to create most Investment Ready Early Learning System in US; launching Department of Early Learning; will assemble a coalition of early learning leaders to help guide the department; invitations went out on morning of Tuesday, July 27.",Completed,07/26/2021,05/23/2022
COVID/Recovery 1 - Coordinate with Health Department,"COVID, RECOVERY","Coordinate with Hamilton County mayor and Hamilton County Health Department to expand testing, build trust across communities and support innovative methods to accelerate vaccination distribution throughout the city.","Dr. Lambert has expanded testing sites to our local community centers, opened dialogue with the Hamilton County Health Department, and designed a plan for vaccine incentives for city employees and county residents.",Completed,07/01/2021,05/23/2022
Government 11 - Implement 311 App,GOVERNMENT,Implement a more robust 311 app.,"New app is already live in Beta, but to increase functionality the app will go through more development sprints over the next 6-12 months.",In Progress - Implementing,,05/23/2022
Roads and Parking 9 - Action Plan to Activate Full Functionality for City Mobile Parking Solutions,ROADS & PARKING,Develop an action plan to activate full functionality for city mobile parking solutions.,"Met with ParkMobile, developed a parking action plan to provide promotional codes to allow businesses to give customers free parking, will pilot at city.",Completed,07/15/2021,05/23/2022
Government 7 - Implement Process Improvement Plans,GOVERNMENT,Implement process improvement plans across all city departments.,"Ongoing process with Chattanooga Improves meetings across all departments. OLD NOTES: Created the Mayor's Process Improvement Fellowship to empower Peak Academy trained city staff to support process improvement plans in every department. Held kick off meeting on 6/25/2021 with all Peak trained staff. Piloting with Public Works for the complex land disturbing permit, brush and bulk trash pick up, using these pilots as a platform to expand the Mayor's Process Improvement Fellowship to all city departments.",In Progress - Implementing,,05/23/2022
Roads and Parking 6 - Action Plan for Synchronizing Traffic Lights,ROADS & PARKING,Develop an action plan for synchronizing traffic lights.,"1. Smart City Division has developed a phased approach: Phase 1 - Prioritize the Corridors, 2. Collect Data and Model, 3. Revisioning Intersections. 4.Implement and Validate. 5. Develop Sustainable Program. (348 signals over 5 years)2. City to Apply for Congestion Mitigation and Air Quality (CMAQ) grant to Synchronize all signals over 3 years. Smart City Division will work on several locations will grant is pending.3. CMAQ letter of interest submitted 6/7/2021 for $3,023,200.4. CMAQ letter of interest accepted and invited to submit full application",Completed,06/17/2021,05/23/2022
Education 3 - $15 Per Hour for Head Start Teachers,EDUCATION,Increase minimum wage for Head Start teachers to $15 per hour to promote recruiting and retention of those teachers.,Budgeted for increase in fiscal year 2022 financial plan.,Completed,07/27/2021,05/23/2022
Education 4 - Education Partnership with School District and Chamber,EDUCATION,Establish an education partnership with Hamilton County Schools and the Chamber of Commerce to jointly develop cradle-to-career pathways from poverty to opportunity.,"Emerging educational partnerships with Hamilton County Schools are in discussion, will be included in upcoming fiscal year 2022 budget.",Completed,,05/23/2022
Justice and Safety 1 - Decriminalize poverty policies,JUSTICE & SAFETY,Establish policies and revise codes to decriminalize poverty.,Established Chattanooga Police Department Lights On! Program; currently working on a legislative approach to de-emphasize certain charges and violations.,In Progress - Researching,,05/23/2022
Government 2 - Embed Performance Management,GOVERNMENT,"Embed a performance management system across all departments, establish monthly performance management meetings and implement public reporting process.","Scheduled recurring monthly performance one on one meeting between the city leadership, performance office and the mayor's office. Incorporated a regular ChattaData data check in during the weekly Mayor's cabinet meeting. Public performance is reported on ChattaData.org.",Completed,05/10/2021,05/23/2022
Government 3 - Research Internal Messaging,GOVERNMENT,"Research internal messaging system that would allow faster non-hierarchical communication, awareness and action among city employees.","Researching cost-effective methods with quick deployment time and low learning curve, solutions presented to mayor's team.",Completed,,05/23/2022
Roads and Parking 12 - Increase Electrification Infrastructure,ROADS & PARKING,Solicit proposals for targeted pilot projects to increase electrification infrastructure.,"Several electrification projects underway or being proposed, report being assembled; included an electrification infrastructure item in fiscal year 2022 capital budget; includes an equity investment as well as a fast direct current (DC) charging station.",Completed,07/26/2021,05/23/2022
Roads and Parking 3 - Five Year Strategic Plan for Paving,ROADS & PARKING,"Establish a strategic plan for road paving over the next five years with a focus on using a smarter and more practical approach to paving, by reducing mobilization costs and utilizing better contracts.",Currently a 4-year list has been developed.  Public Works has initiated process for development of a 5-year list.  The Transportation Asset Management Program (TAMP) draft (representing the strategic plan) is complete.,Completed,07/11/2021,05/23/2022
Homelessness 1 - Executive order for rental registry,HOMELESSNESS,Issue an executive order to create a rental registry complete with prices and Housing Choice Voucher acceptance status and establish anti-discrimination policies.,"Conducting legal research about how the registry would be created to ensure that executive order has the intended effect, currently working through legal analysis for scope of executive order and what approach the registry should take",In Progress - Planning,,05/23/2022
Justice and Safety 7 - Firefighter pay disparities,JUSTICE & SAFETY,Partner with the Chattanooga FireFighters Association to implement a pay plan that resolves pay disparities while enhancing recruiting and retention efforts.,Met with International Association of Fire Fighters (IAFF) on 7/15 to discuss pay plan. Plan to implement in fiscal year 2022 budget pending Council approval.,Completed,,05/23/2022
Government 9 - Plan to Expand and Improve 311 Services,GOVERNMENT,Develop and implement a plan to expand and improve 311 services to ensure more timely and effective services for all citizens.,Budget submitted with additional resources and expanded number of personnel to decrease wait times and increase resident service level.,Completed,,05/23/2022
Roads and Parking 5 - Streamline Pothole Monitoring,ROADS & PARKING,Implement processes to streamline monitoring of potholes.,"The Office of Performance Management and Open Data (OPMOD) has created a public dashboard to monitor potholes at https://www.chattadata.org/stories/s/p523-qiaf. Additionally, a full time pothole inspector to be added to fiscal year 2022 budget.",Completed,07/15/2021,05/23/2022
Neighborhoods 4 - Capital Plan for Neighborhoods,NEIGHBORHOODS,Develop a capital plan for investments in neighborhoods from community center upgrades to playground equipment and sidewalks.,"Capital plan developed, will be presented as part of fiscal year 2022 capital budget.",Completed,07/11/2021,05/23/2022
Roads and Parking 11 - Establish a Working Group for Transit Center/Transfer Hub,ROADS & PARKING,Establish a working group to study implementation and make recommendations on a transit center/transfer hub.,"Created a working group, task force invitations went out morning of Tuesday, July 27.",Completed,07/26/2021,05/23/2022
Education 1 - Pre-K Seats Inventory,EDUCATION,"Inventory the full number of pre-K seats available in Chattanooga through both public and private providers, including cost analysis per seat.","Reviewing data; Early Matters data indicates the deficit of seats is currently unknown but have clear inventory of available seats of child care that serve children 0-5: 8,088 providers clearly serve 0-5. Costs per seat vary, but average childcare costs are $10,500 per child.",Completed,07/21/2021,05/23/2022
Justice and Safety 6 - Police pay disparities,JUSTICE & SAFETY,Partner with the Fraternal Order of Police to implement a pay plan that resolves pay disparities while enhancing recruiting and retention efforts.,Met with Fraternal Order of Police (FOP) on 7/14 to discuss pay plan. Plan to implement in fiscal year 2022 budget pending Council approval.,Completed,,05/23/2022
Roads and Parking 10 - Shared Use Agreements with Private Parking Lot Owners,ROADS & PARKING,Work with private parking lot owners to develop shared-use agreements.,Met with Chattanooga Parking Authority and River City Company to craft a plan. Parking Authority team is reviewing the initial parking study and identifying lots and garages that are opportunities for shared-use. Will have a comprehensive list in early August.,In Progress - Planning,,05/23/2022
Homelessness 3 - Develop housing first action plan with CICH,HOMELESSNESS,Review the Chattanooga Interagency Council on Homelessness (CICH) strategy and develop a housing-first action plan to address homelessness.,"Review begun; Director of Homelessness & Supportive Housing hired to drive a plan to eliminate chronic homelessness, plan in process.",In Progress - Implementing,06/04/2021,05/23/2022
Affordable Housing 3 - Work with state legislative delegation,AFFORDABLE HOUSING,Work with the state legislative delegation as necessary to resolve issues with liens.,Researching the complexities of gaining clear titles for tax-seized parcels. In the process of reaching out to local legislators to see if there are legislative options to shorten or simplify the process. Tennessee Rep. Robin Smith has submitted the issues to the legislative research team and they are researching both legislative fixes and looking into how other states have addressed the issue. https://docs.google.com/document/d/1nUkJuhVnrxvo5us2l9fRb_mar2ROBC3zwWlDvG5ZmbM/edit?usp=sharing,In Progress - Implementing,,05/23/2022
Government 4 - Implement Impact Based Budgeting,GOVERNMENT,"Implement an impact-based budgeting process that focuses on sufficiently funding the services that impact citizens the most - public safety, roads, garbage collection, recycling, brush collection, etc.","In process of developing budget, strategic framework, and general overhaul of budget presentation from Budgeting for Outcomes (BFO) to strategic priority based budgeting with a focus on impact.",Completed,07/11/2021,05/23/2022
COVID/Recovery 5 - Partner With Hamilton County Schools,"COVID, RECOVERY",Partner with Hamilton County Schools to provide resources to keep schools safe and open.,"Met with the Hamilton County Department of Education to discuss summer programs, announced Community Forward schools initiative to provide seven navigators in city schools, working with public safety officials and Dr. Lambert on continued strategies.",Completed,07/15/2021,05/23/2022
Government 6 - Task Force to Overhaul and Simplify City Codes,GOVERNMENT,Establish a task force to develop a sensible plan to overhaul and simplify city codes.,"Task force established; structure determined, sub-committee determined, submitted to Granicus, invites emailed 7-28.",Completed,,05/23/2022
Homelessness 7 - Convene nonprofits to better coordinate City services,HOMELESSNESS,Convene local nonprofits dealing with homelessness to repair communications and better coordinate the provision of services with the city.,"City convenes weekly with Homeless Coalition, Community Kitchen, Chattanooga Room in the Inn, Family Promise of Greater Chattanooga, Homeless Healthcare, and other smaller regional non profits that are funded through federal funds; scheduled time for Mayor to speak to CICH; OHSH convened partners.",Completed,07/13/2021,05/23/2022
Economic Development 2 - Sharpen Pitch to Prospective Companies,ECONOMIC DEVELOPMENT,"Establish a focused ""use-case"" for Chattanooga to sharpen our pitch to prospective companies.","As evidenced by the recent City and County support for a large economic development project on the Riverfront, the City and its economic development partners are constantly sharpening and refining our pitch around current investments - like electric vehicle production and electric vehicle technology - that help our city create economic clusters that are hard to replace.",Completed,,05/23/2022
Economic Development 4 - Small-Business and Entrepreneurial Support,ECONOMIC DEVELOPMENT,Coordinate small-business and entrepreneurial support resources for maximum impact.,"The City of Chattanooga offers a number of small business incentives in the form of grants and loans that are favorable for small business growth. Additionally, we encourage small businesses to seek assistance from community partners and financial instituions - like Pathway Lending, a Community Development Finance Institution, along with Co.Lab, Launch CHA, Proof Incubator, SCORE, TSBDC, Hamilton County INCubator, Urban League, and UTC School of Business - for additional technical assistance and support. You can learn more HERE.",Completed,,05/23/2022
