Agreement Type,Company Name,Primary Tax Abated Property Address,All Tax Abated Properties Addresses,Primary Address Lat,Primary Address Long,City Council Resolution Number,City Council Resolution Date,City Council Resolution Agreement PDF,County Commission Resolution Number,County Commission Resolution Date,County Commission Resolution Agreement PDF,Year Beginning ,Year Ending,Jobs Commitment, Average Wage  ,Agreement Jobs Notes, Investment , Agreement Investment Notes ,State Map No., Assessment on PILOT Properties , City Taxes Without PILOT Agreement , Hamilton County General Tax Without PILOT Agreement , Hamilton County School Tax Without PILOT Agreement , Total Tax Without PILOT Agreement , City Payments Billed in Lieu of Taxes , Hamilton County Payments Billed in Lieu of Taxes , Hamilton County School Payments Billed in Lieu of Taxes , Total Economic Development Fee , Total Payments In Lieu of Taxes , City PILOT Incentives , Hamilton County PILOT Incentives , Hamilton County Schools PILOT Incentives , Economic Development Fee PILOT Incentives , Total PILOT Incentive ,Primary Address Location
Industrial Development Board- School Tax,AKI,3800 Amnicola Hwy,3800 Amnicola Hwy,35.0899079,-85.2584231,26093,10/06/2009,https://drive.google.com/file/d/0B2WuOPFKWns_a3kzSWY1dzRjUm8/view?usp=sharing,909-40,09/16/2009,https://drive.google.com/file/d/0B2WuOPFKWns_YzM5NmZ2NFBpMDA/view?usp=sharing,2010,2018,260,,Retain 210 50 new,15000000,,127D-B-001.15; Per 1040235,2305728.00,53239.00,32110.00,31648.00,116997.00,,,34163.00,,34163.00,53239.00,32110.00,-2515.00,,82834.00,"(35.0899079, -85.2584231)"
Industrial Development Board- School Tax,AMAZON.COM DEDC LLC PROJECT,7200 Volkswagen Dr,7200 Volkswagen Dr,35.06863024,-85.14266722,26502,11/30/2010,https://drive.google.com/file/d/0B2WuOPFKWns_RjU3cVZ1alFFSEU/view?usp=sharing,1210-12,12/01/2010,https://drive.google.com/file/d/0B2WuOPFKWns_RUFOdll0bnRWVTA/view?usp=sharing,2012,2022,1249,30500.00,,91000000,,Per 040158,15890826.00,366919.00,221296.00,218117.00,806332.00,,,218516.00,,218516.00,366919.00,221296.00,-399.00,,587816.00,"(35.06863024, -85.14266722)"
Industrial Development Board,CHATTEM INC  (Agreement 2),3350 Broad St,1715 W 38th St & 3350 Broad St,35.016125,-85.32156,25968,06/23/2009,https://drive.google.com/file/d/0B2WuOPFKWns_c2ZmR3dNY1VSQ3c/view?usp=sharing,609-11,06/03/2009,https://drive.google.com/file/d/0B2WuOPFKWns_a1hyNnl6aGpzUlU/view?usp=sharing,2011,2018,60,29000.00,,35500000,,155J-G-018; Per 038582,6364833.00,146964.00,88637.00,87364.00,322964.00,,,94306.00,,94306.00,146964.00,88637.00,-6942.00,,228659.00,"(35.016125, -85.32156)"
"Health, Education and Housing Facility Board",UTC TWO LLC,615 Lindsay St,Lindsay St & 615 Lindsay St,,,27336,12/04/2012,https://drive.google.com/file/d/0B2WuOPFKWns_UjE4TmFmYV9qMFU/view?usp=sharing,1212-20,12/19/2012,https://drive.google.com/file/d/0B2WuOPFKWns_Und6ZDZ1MzR3UTQ/view?usp=sharing,2013,2024,,,,,,"145D-B-008, 012",790120.00,18244.00,11003.00,10845.00,40092.00,10148.00,6120.00,8439.00,,24707.00,8096.00,4883.00,2406.00,,15386.00,
Industrial Development Board,LJT OF TENNESSEE #2,600 River Terminal Rd,600 River Terminal Rd,35.070201,-85.2729899,26357,07/06/2010,https://drive.google.com/file/d/0B2WuOPFKWns_TXI3NTBfNzEwUVk/view?usp=sharing,710-5,07/07/2010,https://drive.google.com/file/d/0B2WuOPFKWns_RDVhaG9VR1NfVU0/view?usp=sharing,2011,2017,80,42862.00,,10800000,,127-K-A-001.19,1833600.00,42338.00,25535.00,25168.00,93041.00,,,27168.00,,27168.00,42338.00,25535.00,-2000.00,,65873.00,"(35.070201, -85.2729899)"
Industrial Development Board,STEEL WAREHOUSE OF TN LLC (#1),600 River Terminal Rd,600 River Terminal Rd,35.070201,-85.2729899,24716,03/21/2006,https://drive.google.com/file/d/0B2WuOPFKWns_RUk2cF9oYzlVTjQ/view?usp=sharing,406-17,04/05/2006,https://drive.google.com/file/d/0B2WuOPFKWns_aWtkUm9uelctdzQ/view?usp=sharing,2007,2014,50,42000.00,,7250000,,Per 033405,2928612.00,67622.00,40784.00,40198.00,148604.00,33811.00,20392.00,20099.00,,74302.00,33811.00,20392.00,20099.00,,74302.00,"(35.070201, -85.2729899)"
Industrial Development Board,LJT OF TENNESSEE #2,600 River Terminal Rd,600 River Terminal Rd,35.070201,-85.2729899,24320,02/01/2005,https://drive.google.com/file/d/0B2WuOPFKWns_RnFkbFlVV0dvT0k/view?usp=sharing,406-17,04/05/2006,https://drive.google.com/file/d/0B2WuOPFKWns_aWtkUm9uelctdzQ/view?usp=sharing,2007,2014,50,42000.00,,7250000,,127-K-A-001.19,893680.00,20635.00,12445.00,12267.00,45347.00,10318.00,6223.00,6133.00,,22674.00,10318.00,6223.00,6133.00,,22674.00,"(35.070201, -85.2729899)"
Industrial Development Board- School Tax,COLE ID CHATT US REAL ESTATE AKA AMAZON,7380 Volkswagen Dr,7380 Volkswagen Dr,35.0697983,-85.13541205,26502,11/30/2010,https://drive.google.com/file/d/0B2WuOPFKWns_NkUxUEFjd0tlakE/view?usp=sharing,1210-12,12/01/2010,https://drive.google.com/file/d/0B2WuOPFKWns_RUFOdll0bnRWVTA/view?usp=sharing,2012,2022,,30500.00,"See jobs listed for this PILOT in the other Amazon PILOT in 2012. Jobs Totaled 1,249",,"See investment listed for the PILOT in the other Amazon PILOT. Investments totaled $91,000,000",139-074,23549080.00,543748.00,327944.00,323235.00,1194927.00,,,323825.00,,323825.00,543748.00,327944.00,-590.00,,871102.00,"(35.0697983, -85.13541205)"
Industrial Development Board,GESTAMP CHATTANOOGA LLC,3063 Hickory Valley Rd,3063 Hickory Valley Rd,35.0744819,-85.156703,26356,07/06/2010,https://drive.google.com/file/d/0B2WuOPFKWns_YkRXakIzYU1JS0U/view?usp=sharing,1109-52;       710-4,,,2011,2024,230,38247.00,,90300000,,130-001-25; Per 038692,19560411.00,451650.00,272398.00,268486.00,992534.00,232479.00,140212.00,268486.00,,641177.00,219171.00,132186.00,,,351357.00,"(35.0744819, -85.156703)"
Industrial Development Board,WESTINGHOUSE ELECTRIC CO,401 River Terminal Rd,401 River Terminal Rd,35.0729874,-85.2755018,25672,09/30/2008,https://drive.google.com/file/d/0B2WuOPFKWns_cmVjM0EyU3NoNjg/view?usp=sharing,308-51;  908-48         ,,,2009,2019,52,85000.00,,21200000,,127K-A-001.18; Per 038818,3613901.00,83445.00,50327.00,49604.00,183377.00,59652.00,35977.00,49604.00,,145234.00,23793.00,14350.00,,,38142.00,"(35.0729874, -85.2755018)"
Industrial Development Board,"PLASTIC OMNIUM AUTO EXTERIORS, LLC",3241 Hickory Valley Rd,3241 Hickory Valley Rd,35.0776476,-85.1539174,27892,06/03/2014,https://drive.google.com/file/d/0B2WuOPFKWns_NU5LSVJ3YnBaLWs/view?usp=sharing,614-19,06/04/2014,https://drive.google.com/file/d/0B2WuOPFKWns_MUZwN2RHUm5Vd00/view?usp=sharing,2014,2025,250,44699.00,,50000000,,130-001-.33,218040.00,5035.00,3036.00,2993.00,11064.00,5035.00,3036.00,2993.00,,11064.00,,,,,,"(35.0776476, -85.1539174)"
Industrial Development Board,SOUTHERN CHAMPION TRAY 2014,3480 Amnicola,"Compress St, 3480 Amnicola, 625 Hulsey",35.083309,-85.261725,28072,12/02/2014,https://drive.google.com/file/d/0B2WuOPFKWns_QkhoSnNXVndlcTg/view?usp=sharing,1214-8,12/03/2014,,2015,2022,105,45000.00,,18100000,,,,,,,,,,,,,,,,,,"(35.083309, -85.261725)"
Industrial Development Board,ASTEC INDUSTRIES INC, 1202 E 39th St,1725 Shepherd Rd & 1202 E 39th St,34.998956,-85.298479,24775,06/06/2006,https://drive.google.com/file/d/0B2WuOPFKWns_OFN4ZXZXUkwtZ2M/view?usp=sharing,606-26,06/07/2006,https://drive.google.com/file/d/0B2WuOPFKWns_VnY0SmRLaEhkWEU/view?usp=sharing,2007,2017,66,53000.00,,13590000,,"148G-G-005, 168A-P-014; Per 031920, 031917",2315002.00,53453.00,32239.00,31776.00,117468.00,26727.00,16119.00,15888.00,,58734.00,26727.00,16119.00,15888.00,,58734.00,"(34.998956, -85.298479)"
Industrial Development Board,NATIONAL PRINT GROUP/NATIONAL POSTERS,1601 S Holtzclaw Ave,1601 S Holtzclaw Ave,35.027401,-85.290148,23190,11/13/2001,https://drive.google.com/file/d/0B2WuOPFKWns_SENMUEZ0WFdPUTg/view?usp=sharing,1007-31,10/17/2007,https://drive.google.com/file/d/0B2WuOPFKWns_TWk3azJTWUVoRWM/view?usp=sharing,2008,2014,35,,,9200000,,156A-D-003; Per 1036672,1287927.00,29738.00,17936.00,17678.00,65352.00,14869.00,8968.00,8839.00,,32676.00,14869.00,8968.00,8839.00,,32676.00,"(35.027401, -85.290148)"
Industrial Development Board,STEEL WAREHOUSE OF TN LLC ((LJT),600 River Terminal Rd,600 River Terminal Rd,35.070201,-85.2729899,26357,07/06/2010,https://drive.google.com/file/d/0B2WuOPFKWns_Z3ZLVTN1V2tjaDQ/view?usp=sharing,710-5,07/07/2010,https://drive.google.com/file/d/0B2WuOPFKWns_RDVhaG9VR1NfVU0/view?usp=sharing,2011,2017,80,42862.00,,10800000,,Per 039927,3538522.00,81704.00,49277.00,48570.00,179552.00,,,52429.00,,52429.00,81704.00,49277.00,-3859.00,,127123.00,"(35.070201, -85.2729899)"
Industrial Development Board,"HEATEC, INC.",5200 Wilson Rd,5200 Wilson Rd,34.98821,-85.309032,24775,06/06/2006,https://drive.google.com/file/d/0B2WuOPFKWns_WC0zbHZxT0JJR1k/view?usp=sharing,606-26,06/07/2006,https://drive.google.com/file/d/0B2WuOPFKWns_VnY0SmRLaEhkWEU/view?usp=sharing,2007,2017,,53000.00,See jobs listed for this PILOT in the ASTEC PILOT. Jobs totaled 66. ,,"See investment listed for the PILOT in the ASTEC PILOT. Investments totaled $13,590,000",167M-A-001.01; Per 031919,1174844.00,27127.00,16361.00,16126.00,59614.00,13564.00,8180.00,8063.00,,29807.00,13564.00,8180.00,8063.00,,29807.00,"(34.98821, -85.309032)"
Industrial Development Board,"ROADTEC, INC.",800 Manufacturers Rd,800 Manufacturers Rd,35.057279,-85.326258,25297,10/09/2007,https://drive.google.com/file/d/0B2WuOPFKWns_WDdodXBLOXFFc00/view?usp=sharing,606-26,06/07/2006,https://drive.google.com/file/d/0B2WuOPFKWns_VnY0SmRLaEhkWEU/view?usp=sharing,2007,2017,66,53000.00,,13590000,,135J-B-001; Per 031918,1793739.00,41417.00,24980.00,24621.00,91018.00,20709.00,12490.00,12310.00,,45509.00,20709.00,12490.00,12310.00,,45509.00,"(35.057279, -85.326258)"
Industrial Development Board,CHATTEM INC  (Agreement 1),3350 Broad St,1715 W 38th St & 3350 Broad St,35.016125,-85.32156,25762,12/09/2008,https://drive.google.com/file/d/0B2WuOPFKWns_Tmg4RzBqcUZBZlk/view?usp=sharing,1208-36,12/17/2008,https://drive.google.com/file/d/0B2WuOPFKWns_QWFxaGd0M1o4TGM/view?usp=sharing,2009,2011,33,23000.00,,7000000,,155J-D-016.01; 155J-G-018,2830640.00,65359.00,39419.00,38853.00,143632.00,65359.00,39419.00,38853.00,,143632.00,0.00,,0.00,,0.00,"(35.016125, -85.32156)"
Industrial Development Board,Coca-Cola Bottling Company United,Olan Mills Drive,Olan Mills Drive,35.047637,-85.186363,27804,03/11/2014,https://drive.google.com/file/d/0B2WuOPFKWns_d055OFBPN3dqN1BMbE4zc21xNFhobGktYXRJ/view?usp=sharing,314-25,03/19/2014,https://drive.google.com/file/d/0B2WuOPFKWns_ejJfdER1b2YwYlU/view?usp=sharing,2016,2027,313,45000.00,43 new and 270 Retained,62000000,,,,,,,,,,,,,,,,,,"(35.047637, -85.186363)"
"Health, Education and Housing Facility Board",UTC THREE LLC,863 McCallie Ave,863 McCallie Ave,35.043093,-85.2932019,27337,12/04/2012,https://drive.google.com/file/d/0B2WuOPFKWns_YUlXdDFHVHJRVGc/view?usp=sharing,1212-21,12/19/2012,https://drive.google.com/file/d/0B2WuOPFKWns_ZzdPZzF3aENNRWM/view?usp=sharing,2013,2024,,,,,,146H-E-001,876440.00,20237.00,12205.00,12030.00,44472.00,5790.00,3492.00,7736.00,,17018.00,14447.00,8713.00,4294.00,,27454.00,"(35.043093, -85.2932019)"
Industrial Development Board- School Tax,ALSTOM POWER INC - #1,1119 Riverfront Pkwy,"1119, 1120, 1121 Riverfront Pkwy & 974 W 19th St",35.0463535,-85.323334,25561,06/17/2008,https://drive.google.com/file/d/0B2WuOPFKWns_UVBhQ2o2TVV0aXM/view?usp=sharing,608-44,06/18/2008,https://drive.google.com/file/d/0B2WuOPFKWns_OWY3R09jbnc3NWc/view?usp=sharing,2010,2024,300,,,265000000,,"145G-A-002, 005.05; 145J-A-004.01; Per 035255,038522",34295547.00,791884.00,477600.00,470741.00,1740225.00,,,508146.00,,508146.00,791884.00,477600.00,-37405.00,,1232079.00,"(35.0463535, -85.323334)"
Industrial Development Board- School Tax,RIVERCITY CO - MAJESTIC 12 THEATER,311 Broad St,311 Broad St,35.053296,-85.3114792,25682,09/30/2008,https://drive.google.com/file/d/0B2WuOPFKWns_dEQ0cnByQVI4YUU/view?usp=sharing,1008-27,10/01/2008,https://drive.google.com/file/d/0B2WuOPFKWns_UUo2aG5fX1JmV3c/view?usp=sharing,2010,2024,,,,7000000,,135NB-A-003,4242240.00,97953.00,59077.00,58229.00,215260.00,,,62856.00,,62856.00,97953.00,59077.00,-4627.00,,152404.00,"(35.053296, -85.3114792)"
Industrial Development Board- School Tax,SCENIC INDUSTRIES LLC,946 Business Park Dr,946 Business Park Dr,34.996421,-85.385332,25728,11/11/2008,https://drive.google.com/file/d/0B2WuOPFKWns_UlFULVZkSFdENTQ/view?usp=sharing,1108-23,11/05/2008,https://drive.google.com/file/d/0B2WuOPFKWns_S3p6Wk4xY2x4dVU/view?usp=sharing,2009,2014,100,43680.00,N/A,6400000,,166-004.02; Per 035373,915927.00,21149.00,12755.00,12572.00,46476.00,,,13571.00,,13571.00,21149.00,12755.00,-999.00,,32905.00,"(34.996421, -85.385332)"
"Health, Education and Housing Facility Board",WALNUT COMMONS LLC,212 Walnut St,212 Walnut St,35.05460668,-85.30728133,,12/01/2010,https://drive.google.com/file/d/0B2WuOPFKWns_N29iRklnb0dvckE/view?usp=sharing,302-41A,04/03/2002,https://drive.google.com/file/d/0B2WuOPFKWns_Qld1Vkd1TTdXbUU/view?usp=sharing,2012,2025,,,,,,135M-B-008 L001,3956080.00,91346.00,55092.00,54301.00,200739.00,,,,,,91346.00,55092.00,54301.00,,200739.00,"(35.05460668, -85.30728133)"
Industrial Development Board,FEDEX INC / SCANNELL ,3021 Alton Park Blvd,3021 Alton Park Blvd,35.0220182,-85.3147053,25294,10/09/2007,https://drive.google.com/file/d/0B2WuOPFKWns_Skp1UVpfc3h1WWM/view?usp=sharing,1007-29,10/17/2007,https://drive.google.com/file/d/0B2WuOPFKWns_WXZkMzVvcXp0MWc/view?usp=sharing,2009,2016,,,,5000000,,Per 037083,593551.00,13705.00,8266.00,8147.00,30118.00,6853.00,4133.00,4074.00,,15059.00,6853.00,4133.00,4074.00,,15059.00,"(35.0220182, -85.3147053)"
Industrial Development Board,INVISTA (Formerly:  E.I. duPont),4501 N Access Rd,N Access Rd,35.1147498,-85.2444208,21398,06/03/1997,https://drive.google.com/file/d/0B2WuOPFKWns_aXFVUEE0QW1ldG8/view?usp=sharing,697-19,06/04/1997,https://drive.google.com/file/d/0B2WuOPFKWns_WUptMTZXbzFWT00/view?usp=sharing,1998,2017,,,,,,"110P-B-001, L001; Per 029337",1102565.00,25458.00,15354.00,15134.00,55946.00,19038.00,11482.00,11317.00,,41837.00,6420.00,3872.00,3817.00,,14109.00,"(35.1147498, -85.2444208)"
Industrial Development Board- School Tax,VOLKSWAGEN GROUP OF AMERICA INC - 2014,8001 Volkswagen Dr,8001 Volkswagen Dr & Discovery Dr,35.07919,-85.13822,27960,07/29/2014,https://drive.google.com/file/d/0B2WuOPFKWns_Wm5LMEJJbnhnUFk/view?usp=sharing,714-31,07/23/2014,https://drive.google.com/file/d/0B2WuOPFKWns_cXVqbXl2NFlVT3M/view?usp=sharing,2015,2039,2000,,,900000000,,,,,,,,,,,250000.00,250000.00,,,,-250000.00,-250000.00,"(35.07919, -85.13822)"
"Health, Education and Housing Facility Board","MK, LLC",Market St,Market St,,,23253,09/16/2005,https://drive.google.com/file/d/0B2WuOPFKWns_TlREb294bm51Vkk/view?usp=sharing,302-41A,04/03/2002,https://drive.google.com/file/d/0B2WuOPFKWns_Qld1Vkd1TTdXbUU/view?usp=sharing,2005,2021,,,,,,145L-B-006.01,735480.00,16982.00,10242.00,10095.00,37320.00,2030.00,1344.00,1324.00,,4698.00,14952.00,8899.00,8771.00,,32621.00,
"Health, Education and Housing Facility Board",CHIT CHATT PROPERTIES,1617 Rossville Ave,1617 Rossville Ave,35.034036,-85.304926,23253,01/08/2002,https://drive.google.com/file/d/0B2WuOPFKWns_dl9nMHBSRTlYWE0/view?usp=sharing,302-41A,04/03/2002,https://drive.google.com/file/d/0B2WuOPFKWns_Qld1Vkd1TTdXbUU/view?usp=sharing,2012,2027,,,,,,"145LD-H-004 C201, C301",153160.00,3536.00,2133.00,2102.00,7772.00,672.00,406.00,400.00,,1478.00,2864.00,1727.00,1703.00,,6294.00,"(35.034036, -85.304926)"
Industrial Development Board- School Tax,WNA AMERICAN PLASTIC INDUSTRIES INC,5930 Quintus Loop,5930 Quintus Loop,35.053291,-85.196592,27639,09/10/2013,https://drive.google.com/file/d/0B2WuOPFKWns_SFpPSEJ5N2NyMEE/view?usp=sharing,813-44,08/21/2013,https://drive.google.com/file/d/0B2WuOPFKWns_NjhabFZfZ0IwZzA/view?usp=sharing,2014,2017,53,33125.00,,15245000,,Per 045376,461885.00,10665.00,6432.00,6340.00,23437.00,,,6351.00,,6351.00,10665.00,6432.00,-12.00,,17086.00,"(35.053291, -85.196592)"
Industrial Development Board,BLUE CROSS BLUE SHIELD OF TN INC,23 Cameron Hill Cir,1 & 23 Cameron Hill Cir & 505 E MLK Blvd,35.052216,-85.317968,24361,03/22/2005,https://drive.google.com/file/d/0B2WuOPFKWns_NXNOMHR0aFp2ZGM/view?usp=sharing,305-34,03/23/2005,https://drive.google.com/file/d/0B2WuOPFKWns_a3NBamEzT1FPRm8/view?usp=sharing,2008,2024,,,N/A,,,"135N-B-005, 005.01, 005.02; Per 031074",78421314.00,1810748.00,1092095.00,1076411.00,3979254.00,905374.00,546048.00,538205.00,,1989627.00,905374.00,546048.00,538205.00,,1989627.00,"(35.052216, -85.317968)"
Industrial Development Board,"UNITED PACKERS OF CHATT., LLC (#1)",4000 Amnicola Hwy,"4000 Amnicola Hwy, 909 Creekside Rd",35.091945,-85.2526929,24818,07/25/2006,https://drive.google.com/file/d/0B2WuOPFKWns_RTNKa2ptSlBZS2c/view?usp=sharing,706-29,07/19/2006,https://drive.google.com/file/d/0B2WuOPFKWns_RS04b2JpOXZLVHM/view?usp=sharing,2007,2014,27,47000.00,,16500000,,127D-B-004; Per 033089,2126172.00,49093.00,29609.00,29184.00,107886.00,24547.00,14805.00,14592.00,,53943.00,24547.00,14805.00,14592.00,,53943.00,"(35.091945, -85.2526929)"
Industrial Development Board- School Tax,ALSTOM POWER INC - #2,1119 Riverfront Pkwy,1120 Riverfront Pkwy & 974 W 19th St,35.0463535,-85.323334,25561,06/17/2008,https://drive.google.com/file/d/0B2WuOPFKWns_UVBhQ2o2TVV0aXM/view?usp=sharing,608-44,06/18/2008,https://drive.google.com/file/d/0B2WuOPFKWns_OWY3R09jbnc3NWc/view?usp=sharing,2011,2025,,,,,,"Per 038523, 041418",9327700.00,215377.00,129898.00,128032.00,473306.00,,,138205.00,,138205.00,215377.00,129898.00,-10173.00,,335101.00,"(35.0463535, -85.323334)"
Industrial Development Board,SOUTHERN CHAMPION TRAY ,Compress St,"Compress St, 3480 Amnicola, 625 Hulsey",,,24716,03/21/2006,https://drive.google.com/file/d/0B2WuOPFKWns_UGdkdk95YUVqSzQ/view?usp=sharing,1007-30,10/17/2007,https://drive.google.com/file/d/0B2WuOPFKWns_dF9rTlJ6bFpXXzg/view?usp=sharing,2008,2014,50,40000.00,,10300000,,Per 036897,549044.00,12677.00,7646.00,7536.00,27860.00,6339.00,3823.00,3768.00,,13930.00,6339.00,3823.00,3768.00,,13930.00,
Industrial Development Board,WM WRIGLEY JR CO,,,,,26441,09/21/2010,https://drive.google.com/file/d/0B2WuOPFKWns_ZkNJT2Z5ZUdDN00/view?usp=sharing,1010-8,10/06/2010,https://drive.google.com/file/d/0B2WuOPFKWns_dG11YlowWjVtdnM/view?usp=sharing,2011,2023,54,69500.00,,23100000,,138I-A-002.01; Per 404153,2781664.00,64229.00,38737.00,38181.00,141147.00,,,38251.00,,38251.00,64229.00,38737.00,-70.00,,102896.00,
Industrial Development Board,FEDEX INC / SCANNELL ,3021 Alton Park Blvd,3021 Alton Park Blvd,35.0220182,-85.3147053,25293,10/09/2007,https://drive.google.com/file/d/0B2WuOPFKWns_Skp1UVpfc3h1WWM/view?usp=sharing,1007-28,10/17/2007,https://drive.google.com/file/d/0B2WuOPFKWns_aDUzSjhWMmRPM2s/view?usp=sharing,2009,2016,83,,32 (Independent Contractors) 51 (PT),10500000,,155F-D-004,3914600.00,90388.00,54515.00,53732.00,198635.00,45194.00,27257.00,26866.00,,99317.00,45194.00,27257.00,26866.00,,99317.00,"(35.0220182, -85.3147053)"
Industrial Development Board- School Tax,WOODBRIDGE CHATTANOOGA PLASTICS LP,1120 Judd Rd,1120 Judd Rd,35.0860011,-85.2658046,27705,11/12/2013,https://drive.google.com/file/d/0B2WuOPFKWns_YmtfOU02WklSTkE/view?usp=sharing,1113-26,11/06/2013,https://drive.google.com/file/d/0B2WuOPFKWns_bi1rS1puanc5RVE/view?usp=sharing,2014,2017,70,34819.00,,8500000,,Per 040158,1370275.00,31640.00,19082.00,18808.00,69530.00,,,18843.00,,18843.00,31640.00,19082.00,-34.00,,50688.00,"(35.0860011, -85.2658046)"
Industrial Development Board- School Tax,DESIGN ALLOY/STAINLESS RIVER,3033 Alton Park Blvd,3033 Alton Park Blvd,35.018403,-85.316166,25483,04/15/2008,https://drive.google.com/file/d/0B2WuOPFKWns_WlJxVkxSZmdTN2M/view?usp=sharing,408-26A,04/16/2008,https://drive.google.com/file/d/0B2WuOPFKWns_bC12V3VaUGNkZkU/view?usp=sharing,2009,2014,16,,,6000000,,155F-D-001.02; Per 037077,1752095.00,40456.00,24400.00,24049.00,88905.00,,,25960.00,,25960.00,40456.00,24400.00,-1911.00,,62945.00,"(35.018403, -85.316166)"
Industrial Development Board,PROVIDENT/UNUM PROVIDENT CORP.,425 High St ,425 High St ,35.0590361,-85.298221,23190,11/13/2001,https://drive.google.com/file/d/0B2WuOPFKWns_R0lEZlBxZjJOY00/view?usp=sharing,1101-26,11/07/2001,https://drive.google.com/file/d/0B2WuOPFKWns_amxJbWt6X21JY2M/view?usp=sharing,2001,2015,,,N/A,,,135M-F-019; Per 023983,2017809.00,46591.00,28100.00,27696.00,102388.00,11648.00,7025.00,6924.00,,25597.00,34943.00,21075.00,20772.00,,76791.00,"(35.0590361, -85.298221)"
Industrial Development Board- School Tax,CHATT SEATING SYSTEMS LLC,8005 Volkswagen Dr,8005 Volkswagen Dr,35.08694877,-85.1346012,26518,12/07/2010,https://drive.google.com/file/d/0B2WuOPFKWns_dWx3RXdrMllEcEU/view?usp=sharing,1210-18,12/15/2010,https://drive.google.com/file/d/0B2WuOPFKWns_bVViTE9OQllVWHc/view?usp=sharing,2011,2014,105,,,4700000,,Per 040027,676395.00,15618.00,9419.00,9284.00,34322.00,,,9301.00,,9301.00,15618.00,9419.00,-17.00,,25020.00,"(35.08694877, -85.1346012)"
Industrial Development Board- School Tax,VOLKSWAGEN GROUP OF AMERICA INC,8001 Volkswagen Dr,8001 Volkswagen Dr & Discovery Dr,35.07919,-85.13822,25738,11/25/2008,https://drive.google.com/file/d/0B2WuOPFKWns_OEVQNXhtOHpJcUU/view?usp=sharing,1108-43,11/13/2008,https://drive.google.com/file/d/0B2WuOPFKWns_OTV2Y2NDVUNFeGM/view?usp=sharing,2010,2039,2000,,,1000000000,,"130-008.18, 24; Per 036767, Per 042026",214496995.00,4952736.00,2987085.00,2944186.00,10884007.00,,,2787066.00,,2787066.00,4952736.00,2987085.00,157120.00,,8096941.00,"(35.07919, -85.13822)"
Industrial Development Board,U.S. XPRESS INC,3939 Jenkins Rd,"3939, 3745 & 4081 Jenkins Rd",35.055839,-85.129782,24237,10/19/2004,https://drive.google.com/file/d/0B2WuOPFKWns_cVd0ZTBXMERjOXM/view?usp=sharing,1004-27,10/06/2004,https://drive.google.com/file/d/0B2WuOPFKWns_QS0wRUYxa3hZQWs/view?usp=sharing,2008,2015,1000,,,,,"139-003.04, 08,09; Per 030855",4496714.00,103829.00,62621.00,61722.00,228172.00,51915.00,31311.00,30861.00,,114086.00,51915.00,31311.00,30861.00,,114086.00,"(35.055839, -85.129782)"
Industrial Development Board of Hamilton County,McKee Foods (City of Collegedale),,,,,,,,706-17,07/05/2006,https://drive.google.com/file/d/0B2WuOPFKWns_X2FLOW5uOEYzM2s/view?usp=sharing,2009,2019,175,36800.00,,75000000,,151-036-L000; Per 033050,9407116.00,129000.00,131003.00,129122.00,389125.00,64500.00,65502.00,64561.00,,194563.00,64500.00,65502.00,64561.00,,194563.00,
Industrial Development Board,JARNIGAN ROAD/EMJ CORP (CBL),2034 Hamilton Place Blvd,2034 Hamilton Place Blvd,35.030859,-85.161441,25042,02/20/2007,https://drive.google.com/file/d/0B2WuOPFKWns_c2hMc3lSRTA0TVE/view?usp=sharing,207-26,02/21/2007,https://drive.google.com/file/d/0B2WuOPFKWns_WGpLN2tXTHItY2c/view?usp=sharing,2007,2011,104,56500.00,,11000000,,148M-G-005.01; Per 035391,3511062.00,81070.00,48895.00,48193.00,178158.00,40535.00,24448.00,24096.00,,89079.00,40535.00,24448.00,24096.00,,89079.00,"(35.030859, -85.161441)"
"Health, Education and Housing Facility Board",BREAD FACTORY,1615 Cowart St,1615 Cowart St,35.035925,-85.311307,23253,01/08/2002,https://drive.google.com/file/d/0B2WuOPFKWns_VUJ4MF9YOE5ldWc/view?usp=sharing,302-41A,04/03/2002,https://drive.google.com/file/d/0B2WuOPFKWns_Qld1Vkd1TTdXbUU/view?usp=sharing,2003,2018,,,,,,145K-K-014,668440.00,15434.00,9309.00,9175.00,33918.00,1938.00,1188.00,1171.00,,4297.00,13496.00,8121.00,8004.00,,29621.00,"(35.035925, -85.311307)"
"Health, Education and Housing Facility Board",SOUTH MARKET LLC,1280 Market St,1280 Market St,35.040156,-85.307471,23253,01/08/2002,https://drive.google.com/file/d/0B2WuOPFKWns_SlR0NkQ0UjBocnM/view?usp=sharing,302-41A,04/03/2002,https://drive.google.com/file/d/0B2WuOPFKWns_Qld1Vkd1TTdXbUU/view?usp=sharing,2003,2020,,,,,,145E-L-013.01 C001,462200.00,10672.00,6437.00,6344.00,23453.00,1762.00,1080.00,1064.00,,3906.00,8910.00,5357.00,5280.00,,19547.00,"(35.040156, -85.307471)"
Industrial Development Board,PROVIDENT/UNUM PROVIDENT CORP.,473 Walnut St,473 Walnut St,35.052191,85.307854,25483,03/10/2009,https://drive.google.com/file/d/0B2WuOPFKWns_RWRjYWcyTGh6LVk/view?usp=sharing,309-37,03/18/2009,https://drive.google.com/file/d/0B2WuOPFKWns_WG1aSHVuLVV5TmM/view?usp=sharing,2009,2023,,,N/A,21000000,,135M-E-001,2802720.00,64715.00,39031.00,38470.00,142216.00,19414.00,11709.00,11541.00,,42665.00,45300.00,27321.00,26929.00,,99551.00,"(35.052191, 85.307854)"
"Health, Education and Housing Facility Board",FRAZIER PARTNERS LLC,330 Frazier Ave,330 Frazier Ave,35.061832,-85.305652,23253,01/08/2002,https://drive.google.com/file/d/0B2WuOPFKWns_bzQ3R3hYYWduc00/view?usp=sharing,302-41A,04/03/2002,https://drive.google.com/file/d/0B2WuOPFKWns_Qld1Vkd1TTdXbUU/view?usp=sharing,2005,2018,,,,,,135E-N-004,821761.00,18974.00,11444.00,11279.00,41698.00,618.00,379.00,373.00,,1370.00,18357.00,11065.00,10906.00,,40328.00,"(35.061832, -85.305652)"
Industrial Development Board- School Tax,ALSTOM POWER INC - #3,1119 Riverfront Pkwy,1121 Riverfront Pkwy & 974 W 19th St,35.0463535,-85.323334,25561,06/17/2008,https://drive.google.com/file/d/0B2WuOPFKWns_UVBhQ2o2TVV0aXM/view?usp=sharing,608-44,06/18/2008,https://drive.google.com/file/d/0B2WuOPFKWns_OWY3R09jbnc3NWc/view?usp=sharing,2012,2026,,,,,,"Per 042005, 038524",15750095.00,363670.00,219336.00,216186.00,799191.00,,,233364.00,,233364.00,363670.00,219336.00,-17178.00,,565827.00,"(35.0463535, -85.323334)"
Industrial Development Board,WM WRIGLEY JR CO,3002 Jersey Pike,3002 Jersey Pike,35.057449,-85.1964177,24923,10/24/2006,https://drive.google.com/file/d/0B2WuOPFKWns_QUR5T0M4bF9scXc/view?usp=sharing,1006-36,10/18/2006,https://drive.google.com/file/d/0B2WuOPFKWns_MXRXUHFGTXZ6R0U/view?usp=sharing,2008,2018,150,49000.00,,23000000,,138I-A-002.01; Per 033241,2623627.00,60580.00,36537.00,36012.00,133128.00,30290.00,18268.00,18006.00,,66564.00,30290.00,18268.00,18006.00,,66564.00,"(35.057449, -85.1964177)"
Industrial Development Board- School Tax,COLUMBUS MCKINNON CORP / DIXIE INDUSTRIES,3510 N Orchard Knob & 1402 E 12th St,3510 N Orchard Knob & 1402 E 12th St,,,26092,10/06/2009,https://drive.google.com/file/d/0B2WuOPFKWns_aW9tYzhUWEJ5S28/view?usp=sharing,1009-15,10/01/2009,https://drive.google.com/file/d/0B2WuOPFKWns_YldyZnJlNGxUUHc/view?usp=sharing,2010,2017,120,,,5500000,,Per 038580,2225966.00,51398.00,30999.00,30554.00,112950.00,,,32981.00,,32981.00,51398.00,30999.00,-2428.00,,79969.00,
