Median Earnings,Census Geography,Year,Education
16337,Chattanooga,2017,Less than high school graduate
19696,Chattanooga,2016,Less than high school graduate
17921,Chattanooga,2015,Less than high school graduate
15777,Chattanooga,2014,Less than high school graduate
17021,Chattanooga,2013,Less than high school graduate
16622,Chattanooga,2012,Less than high school graduate
15459,Chattanooga,2011,Less than high school graduate
22309,Chattanooga,2011,High school graduate
23182,Chattanooga,2012,High school graduate
23138,Chattanooga,2013,High school graduate
21249,Chattanooga,2014,High school graduate
24338,Chattanooga,2015,High school graduate
23534,Chattanooga,2016,High school graduate
29049,Chattanooga,2017,High school graduate
29374,Chattanooga,2017,Some college or associate degree
31335,Chattanooga,2016,Some college or associate degree
30640,Chattanooga,2015,Some college or associate degree
30988,Chattanooga,2014,Some college or associate degree
25969,Chattanooga,2013,Some college or associate degree
26800,Chattanooga,2012,Some college or associate degree
27035,Chattanooga,2011,Some college or associate degree
36682,Chattanooga,2011,Bachelor degree
45010,Chattanooga,2012,Bachelor degree
38893,Chattanooga,2013,Bachelor degree
41793,Chattanooga,2014,Bachelor degree
42261,Chattanooga,2015,Bachelor degree
44293,Chattanooga,2016,Bachelor degree
49187,Chattanooga,2017,Bachelor degree
60676,Chattanooga,2017,Graduate or professional degree
55116,Chattanooga,2016,Graduate or professional degree
58927,Chattanooga,2015,Graduate or professional degree
54301,Chattanooga,2014,Graduate or professional degree
55168,Chattanooga,2013,Graduate or professional degree
53447,Chattanooga,2012,Graduate or professional degree
51157,Chattanooga,2011,Graduate or professional degree
