Per Capita Income,Census Geography,Year,Race
32608,Chattanooga,2016,White Alone
36925,Chattanooga,2017,White Alone
29327,Chattanooga,2015,White Alone
29986,Chattanooga,2014,White Alone
27339,Chattanooga,2013,White Alone
31025,Chattanooga,2012,White Alone
28220,Chattanooga,2011,White Alone
18720,Chattanooga,2017,Black or African American Alone
17289,Chattanooga,2016,Black or African American Alone
16587,Chattanooga,2015,Black or African American Alone
16134,Chattanooga,2014,Black or African American Alone
14851,Chattanooga,2013,Black or African American Alone
14052,Chattanooga,2012,Black or African American Alone
12545,Chattanooga,2011,Black or African American Alone
