Type,School_Code,School_Name,School_Address,City,St,Zip,Phone,Fax,Grade
3,059,East Hamilton High,2015 Ooltewah Ringgold Road,Chattanooga,TN,37421,,,
2,060,East Hamilton Middle,2015 Ooltewah Ringgold Road,Chattanooga,TN,37421,,,
3,211,Signal Mountain High,,Signal Mountain,TN,37377,,,6-12
2,166,Lookout Valley Middle,350 Lookout High Street,Chattanooga,TN,,825-7352,821-7951,6-8
1,005,Allen Elementary,9811 Dallas Hollow Road,Soddy Daisy,TN,37379,843-4713,843-4714,K-5
1,010,Alpine Crest Elementary,4700 Stagg Road,Chattanooga,TN,,874-1921,874-1939,K-5
1,013,Apison Elementary,11206 Old East Brainerd Road,Apison,TN,,236-4322,236-4000,K-5
1,097,Barger Academy of Fine Arts,4808 Brainerd Road,Chattanooga,TN,,493-0348,493-0354,K-5
1,019,Big Ridge Elementary,5210 Cassandra Smith Road; Hixson,Hixson,TN,37343,842-8200,842-0659,K-5
3,021,Brainerd High,1020 North Moore Road,Chattanooga,TN,37411,855-2615,855-2628,9-12
2,035,Brown Middle,5716 Highway 58,Harrison,TN,,344-1439,344-1471,6-8
3,040,Central High,5728 Highway 58,Harrison,TN,,344-1447,344-1470,9-12
2,043,Normal Park Upper,1219 West Mississippi Avenue,Chattanooga,TN,,209-5914,209-5920,6-8
1,016,Battle Academy,,Chattanooga,TN,,,,K-5
1,033,Brown Academy,,Chattanooga,TN,,,,K-5
1,048,Clifton Hills Elementary,1815 East 32nd Street,Chattanooga,TN,,493-0357,493-0362,K-5
1,050,Daisy Elementary,620 Sequoyah Road,Soddy Daisy,TN,37379,332-8815,332-8816,K-5
2,055,Dalewood Middle,1300 Shallowford Road,Chattanooga,TN,,493-0323,493-0324,6-8
1,037,"Donaldson, Calvin Elementary",927 West 37th Street,Chattanooga,TN,,825-7337,825-7335,preK-5
1,058,DuPont Elementary,4134 Hixson Pike,Chattanooga,TN,,870-0615,870-0615,K-5
1,062,East Brainerd Elementary,7453 East Brainerd Road,Chattanooga,TN,,855-2600,855-2610,K-5
1,063,East Lake Elementary,3600 13th Avenue,Chattanooga,TN,,493-0366,493-0370,K-5
2,064,East Lake Academy of Fine Arts,2700 E. 34th Street,Chattanooga,TN,,493-0334,493-0343,6-8
1,065,East Ridge Elementary,1014 John Ross Road,,,,493-9296,493-9298,K-5
3,070,East Ridge High,4320 Bennett Road,,,,867-6200,867-6220,9-12
2,075,East Ridge Middle,4400 Bennett Road,,,,867-6214,867-6226,6-8
1,078,East Side Elementary,1603 South Lyerly Street,Chattanooga,TN,,493-7780,493-7784,pre K-5
1,085,Middle Valley Elementary,1609 Thrasher Pike,Hixson,TN,37343,843-4700,843-4731,K-5
1,110,Hardy Elementary,2115 Dodson Avenue,Chattanooga,TN,,493-0300,493-0302,3-5
1,090,Harrison Elementary,5637 Highway 58,Harrison,TN,,344-1428,344-1430,K-5
1,133,Hillcrest Elementary,4302 Bonny Oaks Drive,Chattanooga,TN,,855-2602,855-2604,K-5
1,127,Hixson Elementary,5950 Winding Lane,Hixson,TN,37343,870-0621,870-0628,K-5
3,128,Hixson High,5705 Middle Valley Road,Hixson,TN,37343,842-4141,842-6310,9-12
2,129,Hixson Middle,5401 School Drive,Hixson,TN,37343,870-0600,870-0623,6-8
3,137,Howard High School,2500 South Market Street,Chattanooga,TN,,209-5868,209-5869,9-12
2,100,Hunter Middle,5973 Hunter Road,Ooltewah,TN,37363,344-1474,344-1485,6-8
1,159,Lakeside Academy,4850 Jersey Pike,Chattanooga,TN,37416,855-2605,855-2607,K-5
2,120,Loftis Middle,8611 Columbus Road,Hixson,TN,37343,843-4749,843-4758,6-8
1,125,Lookout Mountain Elementary,321 North Bragg Avenue,Lookout Mountain,TN,,821-6116,825-6402,K-6
1,241,Lookout Valley Elementary,701 Brown's Ferry Road,Chattanooga,TN,,825-0661,825-1463,K-5
3,165,Lookout Valley High,350 Lookout High Street,Chattanooga,TN,,825-7352,821-7951,6-12
1,051,McConnell Elementary,8629 Columbus Road,Hixson,TN,37343,843-4704,843-4706,K-5
1,149,Nolan Elementary,4435 Shackleford Ridge Road,Signal Mountain,TN,37377,886-0898,886-0897,K-5
1,041,Normal Park Elementary,1009 Mississippi Avenue,Chattanooga,TN,37405,209-5900,209-5900,K-5
1,147,North Hamilton County Elementary,601 Industrial Boulevard,Sale Creek,TN,37373,332-8848,332-8850,K-5
1,155,Ooltewah Elementary,8890 Snowy Owl Trl,Ooltewah,TN,37363,238-4204,238-4250,K-3
3,160,Ooltewah High,6123 Mountain View Road,Ooltewah,TN,37363,238-5221,238-5871,9-12
1,148,Wolftever Creek Elementary,5080 Ooltewah-Ringgold Road,Ooltewah,TN,37363,238-7300,238-6502,K-5
2,157,Ooltewah Middle,5100 Ooltewah-Ringgold Road,Ooltewah,TN,37363,238-5732,238-5735,6-8
1,194,Orchard Knob Elementary,400 North Orchard Knob Avenue,Chattanooga,TN,,493-0385,493-0388,K-5
2,200,Orchard Knob Middle,500 North Highland Park Avenue,Chattanooga,TN,,493-7793,493-7795,6-8
1,171,Red Bank Elementary,1100 Mountain Creek Road,Chattanooga,TN,,874-1917,874-1918,K-5
3,175,Red Bank High,640 Morrison Springs Road,Chattanooga,TN,,874-1900,874-1924,9-12
2,180,Red Bank Middle,3701 Tom Weathers Dr,Chattanooga,TN,,874-1908,874-1938,6-8
1,183,Rivermont Elementary,3330 Hixson Pike,Chattanooga,TN,,870-0610,870-0611,K-5
3,190,Sale Creek High,211 Patterson Road,Sale Creek,TN,37373,332-8819,332-8847,6-12
1,017,"Shepherd, Bess T. Elementary",7126 Tyner Road,Chattanooga,TN,,855-2611,855-2668,K-5
2,210,Signal Mountain Middle,315 Ault Road,Signal Mountain,TN,37377,886-0876,886-0894,6-8
1,260,"Smith, Wallace A. Elementary",5971 Hunter Road,Ooltewah,TN,37363,344-1425,344-1462,K-5
1,215,Snow Hill Elementary,9042 Career Lane,Ooltewah,TN,37363,344-1456,344-1472,K-5
1,230,Soddy Elementary,260 School Street,Soddy Daisy,TN,37379,332-8823,332-8843,K-5
3,220,Soddy-Daisy High,618 Sequoyah-Access Rd,Soddy Daisy,TN,37379,332-8828,332-8831,9-12
2,225,Soddy-Daisy Middle,200 Turner Road,Soddy Daisy,TN,37379,332-8800,332-8810,6-8
1,235,Spring Creek Elementary,1100 Spring Creek Road,Chattanooga,TN,37412,855-6138,855-6150,K-5
1,240,Thrasher Elementary,1301 James Boulevard,Signal Mountain,TN,37377,886-0882,886-0888,K-5
3,237,Tyner Academy,6836 Tyner Road,Chattanooga,TN,,855-2635,855-9417,9-12
2,239,Tyner Middle Academy,6837 Tyner Road,Chattanooga,TN,,855-2648,855-2699,6-8
1,265,Westview Elementary,9629 East Brainerd Road,Chattanooga,TN,,855-6142,892-2199,K-5
1,245,Woodmore Elementary,800 Woodmore Lane,Chattanooga,TN,,493-0394,493-0396,K-5
1,WST,Battle_Brown,WESTSIDE,CHATTANOOGA,TN,,,,K-5
2,191,Sale Creek Middle,211 Patterson Road,Sale Creek,TN,37373,332-8819,332-8847,6-8
4,045,Chattanooga High,1301 Dallas Rd,Chattanooga,TN,37405,,,
4,046,C.S.A.S. High,865 E. 3rd St,Chattanooga,TN,37403,,,
4,047,C.S.A.S. Elementary,865 E. 3rd St,Chattanooga,TN,37403,,,
4,162,C.S.L.A.,6579 E. Brainerd Rd,Chattanooga,TN,37421,,,
