AIO Number,Disposition,Complainant Race,Complainant Sex,Allegation Number,Incident Number,Case Number,File Number,Allegation,Finding,Incident Type,Incident Status,Allegation Finding Date,Allegation Created Date,Incident Created Date,Incident Occurred Date,Incident Received Date,Beat,Officer Role,Person Type,Officer Race,Officer Sex,Officer Number,Command
30609,Sustained,Black,Male,9305,20008,18-068383,IA 2018-121,Evidence / Property Procedure (Class II),Sustained,IA Investigation,Completed,05/23/2019 12:00:00 AM,05/23/2019 12:00:00 AM,11/21/2018 12:00:00 AM,07/19/2018 12:00:00 AM,11/21/2018 12:00:00 AM,Military 9/21/17,,Officer,White,Male,4242,Investigative Services
29013,Sustained,Black,Female,8884,19143,COC 2018-14,COC 2018-14,Unsatisfactory Performance (Class II),Sustained,Citizen complaint,Completed,10/11/2018 12:00:00 AM,02/07/2018 12:00:00 AM,02/07/2018 04:12:00 PM,12/22/2017 12:00:00 AM,02/07/2018 12:00:00 AM,Sector 3,,Officer,Hispanic,Male,4088,Uniform Operations
28880,Unfounded,White,Female,9009,19070,18-005494,COC 2018-60,Unsatisfactory Performance (Class II),Unfounded,Citizen complaint,Completed,10/15/2018 12:00:00 AM,06/25/2018 12:00:00 AM,01/21/2018 08:04:00 AM,01/19/2018 12:00:00 AM,01/20/2018 12:00:00 AM,Sector 1,,Officer,White,Male,4418,Uniform Operations
29091,Not Sustained,White,Female,9107,19180,18-008737,COC 2018-42,Negligence (Class II),Not Sustained,Citizen complaint,Completed,10/12/2018 12:00:00 AM,10/12/2018 12:00:00 AM,02/19/2018 11:05:00 AM,01/30/2018 12:00:00 AM,02/19/2018 12:00:00 AM,Sector 2,,Officer,Black,Male,814,Uniform Operations
30870,Sustained,White,Male,9197,20151,18-123269,IA 2018-143,False Arrest (Class I),Sustained,Citizen complaint,Completed,01/31/2020 12:00:00 AM,12/27/2018 12:00:00 AM,12/27/2018 12:00:00 AM,12/23/2018 12:00:00 AM,12/24/2018 12:00:00 AM,Charlie Sector,,Officer,White,Male,3074,Uniform Operations
28873,Unfounded,Unknown,Female,8936,19064,COC 2018-01,COC 2018-01,Improper Procedure (Class II),Not Sustained,Citizen complaint,Completed,05/21/2018 12:00:00 AM,03/21/2018 12:00:00 AM,01/19/2018 11:00:00 AM,01/08/2018 12:00:00 AM,01/19/2018 12:00:00 AM,,,Officer,White,Male,2034,Investigative Services
32924,Sustained,,,9855,21247,,COC 2019-124,Unsatisfactory Performance (Class II),Sustained,COC Investigation,Completed,11/11/2020 12:00:00 AM,01/11/2021 12:00:00 AM,10/28/2019 01:01:00 PM,10/28/2019 12:00:00 AM,10/28/2019 12:00:00 AM,Sector 2,,Officer,White,Male,4580,Uniform Operations
28837,Unfounded,Black,Male,8946,19049,COC 2018-33,COC 2018-33,Discourtesy (Class II),Unfounded,Citizen complaint,Completed,08/16/2018 12:00:00 AM,04/13/2018 12:00:00 AM,01/12/2018 04:39:00 AM,01/11/2018 12:00:00 AM,01/12/2018 12:00:00 AM,Sector 3,,Officer,White,Male,4592,Uniform Operations
29096,Unfounded,,Female,8893,19184,COC 2018-16,COC 2018-16,Abuse of Process (Class II),Unfounded,Citizen complaint,Completed,08/16/2018 12:00:00 AM,02/20/2018 12:00:00 AM,02/20/2018 03:56:00 PM,02/15/2018 12:00:00 AM,02/20/2018 12:00:00 AM,,,Officer,White,Male,4396,Spec Ops Bureau
29116,Sustained,White,Male,9562,19195,COC 2018-22,COC 2018-22,Improper Procedure (Class II),Sustained,Citizen complaint,Completed,03/04/2020 12:00:00 AM,03/04/2020 12:00:00 AM,02/23/2018 11:18:00 PM,02/17/2018 12:00:00 AM,02/18/2018 12:00:00 AM,Sector 1,Involved (Officer Completing Report),Officer,Black,Male,4100,Uniform Operations
28873,Unfounded,Unknown,Female,8935,19064,COC 2018-01,COC 2018-01,Discourtesy (Class II),Unfounded,Citizen complaint,Completed,05/21/2018 12:00:00 AM,03/21/2018 12:00:00 AM,01/19/2018 11:00:00 AM,01/08/2018 12:00:00 AM,01/19/2018 12:00:00 AM,,,Officer,White,Male,2034,Investigative Services
31406,Unfounded,Black,Male,9265,20446,,COC 2019-36,Discourtesy (Class II),Unfounded,COC Investigation,Completed,12/19/2019 12:00:00 AM,04/04/2019 12:00:00 AM,04/04/2019 12:00:00 AM,03/30/2019 12:00:00 AM,04/04/2019 12:00:00 AM,,,Officer,White,Male,1162,Admin & Sup
29091,Not Sustained,White,Female,8891,19180,18-008737,COC 2018-42,Submitting Department Reports (Class II),Not Sustained,Citizen complaint,Completed,10/12/2018 12:00:00 AM,02/19/2018 12:00:00 AM,02/19/2018 11:05:00 AM,01/30/2018 12:00:00 AM,02/19/2018 12:00:00 AM,Sector 2,,Officer,Black,Male,814,Uniform Operations
29022,Administratively Closed,Black,Male,8887,19148,COC 2018-19,COC 2018-19,Discourtesy (Class II),Resigned Under Inv,Citizen complaint,Completed,01/31/2019 12:00:00 AM,02/09/2018 12:00:00 AM,02/09/2018 04:44:00 AM,02/06/2018 12:00:00 AM,02/06/2018 12:00:00 AM,Sector 2,Involved Officer,Officer,Black,Male,4590,Uniform Operations
29721,Exonerated,Black,Male,9014,19542,18-056019,IA 2018-53,Firearm Discharge (Class I),Exonerated,IA Investigation,Completed,10/04/2019 12:00:00 AM,06/25/2018 12:00:00 AM,06/25/2018 12:00:00 AM,06/16/2018 12:00:00 AM,06/16/2018 12:00:00 AM,Charlie Sector,,Officer,White,Male,4904,Neighborhood Pol Bureau
30037,Sustained,Black,Female,9069,19143,COC 2018-14,COC 2018-14,Unsatisfactory Performance (Class II),Unfounded,Citizen complaint,Completed,10/11/2018 12:00:00 AM,08/27/2018 12:00:00 AM,02/07/2018 04:12:00 PM,12/22/2017 12:00:00 AM,02/07/2018 12:00:00 AM,Sector 3,,Officer,Black,Male,666,Uniform Operations
32924,Sustained,,,9463,21247,,COC 2019-124,Submitting Department Reports (Class II),Sustained,COC Investigation,Completed,,11/26/2019 12:00:00 AM,10/28/2019 01:01:00 PM,10/28/2019 12:00:00 AM,10/28/2019 12:00:00 AM,Sector 2,,Officer,White,Male,4580,Uniform Operations
29097,Not Sustained,White,Female,8894,19185,COC 2018-17,COC 2018-17,Improper Investigation (Class II),Unfounded,Citizen complaint,Completed,11/13/2018 12:00:00 AM,02/20/2018 12:00:00 AM,02/20/2018 04:54:00 PM,01/26/2018 12:00:00 AM,02/20/2018 12:00:00 AM,Sector 1,,Officer,White,Male,4668,Uniform Operations
29097,Not Sustained,White,Female,8895,19185,COC 2018-17,COC 2018-17,Discourtesy (Class II),Not Sustained,Citizen complaint,Completed,11/13/2018 12:00:00 AM,02/20/2018 12:00:00 AM,02/20/2018 04:54:00 PM,01/26/2018 12:00:00 AM,02/20/2018 12:00:00 AM,Sector 1,,Officer,White,Male,4668,Uniform Operations
31948,Unfounded,White,Male,9777,20731,19-059712,COC 2019-72,Discourtesy (Class II),Unfounded,Citizen complaint,Completed,11/25/2019 12:00:00 AM,10/05/2020 12:00:00 AM,06/20/2019 12:00:00 AM,06/20/2019 12:00:00 AM,06/20/2019 12:00:00 AM,Charlie Sector,,Officer,Black,Male,4978,Neighborhood Pol Bureau
31406,Unfounded,Black,Male,9264,20446,,COC 2019-36,Improper Investigation (Class II),Unfounded,COC Investigation,Completed,12/19/2019 12:00:00 AM,04/04/2019 12:00:00 AM,04/04/2019 12:00:00 AM,03/30/2019 12:00:00 AM,04/04/2019 12:00:00 AM,,,Officer,White,Male,1162,Admin & Sup
29220,Unfounded,White,Female,9063,19182,COC 2018-21,COC 2018-21,Discourtesy (Class II),Unfounded,Citizen complaint,Completed,08/17/2018 12:00:00 AM,08/17/2018 12:00:00 AM,02/20/2018 02:30:00 PM,,01/31/2018 12:00:00 AM,Sector 3,,Officer,White,Male,3532,Uniform Operations
29116,Sustained,White,Male,8899,19195,COC 2018-22,COC 2018-22,Unsatisfactory Conduct (Class II),Unfounded,Citizen complaint,Completed,03/04/2020 12:00:00 AM,02/23/2018 12:00:00 AM,02/23/2018 11:18:00 PM,02/17/2018 12:00:00 AM,02/18/2018 12:00:00 AM,Sector 1,Involved (Officer Completing Report),Officer,Black,Male,4100,Uniform Operations
29722,Exonerated,Black,Male,9015,19542,18-056019,IA 2018-53,Firearm Discharge (Class I),Exonerated,IA Investigation,Completed,10/04/2019 12:00:00 AM,06/25/2018 12:00:00 AM,06/25/2018 12:00:00 AM,06/16/2018 12:00:00 AM,06/16/2018 12:00:00 AM,,,Officer,White,Male,4890,Neighborhood Pol Bureau
29091,Not Sustained,White,Female,9005,19180,18-008737,COC 2018-42,Improper Procedure (Class II),Not Sustained,Citizen complaint,Completed,10/12/2018 12:00:00 AM,06/25/2018 12:00:00 AM,02/19/2018 11:05:00 AM,01/30/2018 12:00:00 AM,02/19/2018 12:00:00 AM,Sector 2,,Officer,Black,Male,814,Uniform Operations
31406,Unfounded,Black,Male,9263,20446,,COC 2019-36,Harassment (Class II),Unfounded,COC Investigation,Completed,12/19/2019 12:00:00 AM,04/04/2019 12:00:00 AM,04/04/2019 12:00:00 AM,03/30/2019 12:00:00 AM,04/04/2019 12:00:00 AM,,,Officer,White,Male,1162,Admin & Sup
29221,Unfounded,White,Female,9061,19182,COC 2018-21,COC 2018-21,Discourtesy (Class II),Unfounded,Citizen complaint,Completed,08/17/2018 12:00:00 AM,08/17/2018 12:00:00 AM,02/20/2018 02:30:00 PM,,01/31/2018 12:00:00 AM,Charlie Sector,,Officer,White,Male,5044,Neighborhood Pol Bureau
31953,In Policy,White,Male,9324,20733,19-059712,COC 2019-72,Discourtesy (Class II),Unfounded,Citizen complaint,Completed,11/25/2019 12:00:00 AM,06/21/2019 12:00:00 AM,06/21/2019 12:00:00 AM,06/19/2019 12:00:00 AM,06/21/2019 12:00:00 AM,Charlie Sector,,Officer,White,Male,4142,Uniform Operations
31949,Unfounded,White,Male,9778,20731,19-059712,COC 2019-72,Discourtesy (Class II),Unfounded,Citizen complaint,Completed,11/25/2019 12:00:00 AM,10/05/2020 12:00:00 AM,06/20/2019 12:00:00 AM,06/20/2019 12:00:00 AM,06/20/2019 12:00:00 AM,Sector 3,,Officer,White,Male,4142,Uniform Operations
29022,Administratively Closed,Black,Male,8900,19148,COC 2018-19,COC 2018-19,Improper Procedure (Class II),Resigned Under Inv,Citizen complaint,Completed,01/31/2019 12:00:00 AM,02/27/2018 12:00:00 AM,02/09/2018 04:44:00 AM,02/06/2018 12:00:00 AM,02/06/2018 12:00:00 AM,Sector 2,Involved Officer,Officer,Black,Male,4590,Uniform Operations
31954,In Policy,White,Male,9325,20733,19-059712,COC 2019-72,Discourtesy (Class II),Unfounded,Citizen complaint,Completed,11/25/2019 12:00:00 AM,06/21/2019 12:00:00 AM,06/21/2019 12:00:00 AM,06/19/2019 12:00:00 AM,06/21/2019 12:00:00 AM,Charlie Sector,,Officer,Black,Male,4978,Neighborhood Pol Bureau
29116,Sustained,White,Male,9171,19195,COC 2018-22,COC 2018-22,Use of Force Violation / No Injury / Improper Application (Class I),Unfounded,Citizen complaint,Completed,03/04/2020 12:00:00 AM,11/27/2018 12:00:00 AM,02/23/2018 11:18:00 PM,02/17/2018 12:00:00 AM,02/18/2018 12:00:00 AM,Sector 1,Involved (Officer Completing Report),Officer,Black,Male,4100,Uniform Operations
28904,Sustained,White,Female,8861,19084,COC 2018-08,COC 2018-08,Unsatisfactory Performance (Class II),Sustained,Citizen complaint,Completed,10/13/2018 12:00:00 AM,01/25/2018 12:00:00 AM,01/25/2018 03:38:00 PM,12/28/2017 12:00:00 AM,01/25/2018 12:00:00 AM,Sector 1,,Officer,White,Female,4738,Uniform Operations
30225,Unfounded,,Female,9081,19803,COC 2018-89,COC 2018-89,Discourtesy (Class II),Unfounded,Citizen complaint,Completed,01/02/2019 12:00:00 AM,09/19/2018 12:00:00 AM,09/19/2018 12:00:00 AM,09/09/2018 12:00:00 AM,09/18/2018 12:00:00 AM,Charlie Sector,,Officer,Hispanic,Male,5038,Neighborhood Pol Bureau
29348,Unfounded,White,Female,8943,19322,COC 2018-31,COC 2018-31,Unsatisfactory Conduct (Class II),Unfounded,Citizen complaint,Completed,05/07/2019 12:00:00 AM,03/30/2018 12:00:00 AM,03/30/2018 11:14:00 AM,03/17/2018 12:00:00 AM,03/20/2018 12:00:00 AM,Sector 3,,Officer,White,Male,3532,Uniform Operations
28838,Unfounded,Black,Male,8945,19049,COC 2018-33,COC 2018-33,Discourtesy (Class II),Unfounded,Citizen complaint,Completed,08/16/2018 12:00:00 AM,04/13/2018 12:00:00 AM,01/12/2018 04:39:00 AM,01/11/2018 12:00:00 AM,01/12/2018 12:00:00 AM,Sector 3,,Officer,White,Male,894,Uniform Operations
30037,Sustained,Black,Female,9068,19143,COC 2018-14,COC 2018-14,Improper Procedure (Class II),Sustained,Citizen complaint,Completed,10/11/2018 12:00:00 AM,08/27/2018 12:00:00 AM,02/07/2018 04:12:00 PM,12/22/2017 12:00:00 AM,02/07/2018 12:00:00 AM,Sector 3,,Officer,Black,Male,666,Uniform Operations
29014,Sustained,Black,Female,8885,19143,COC 2018-14,COC 2018-14,Unsatisfactory Performance (Class II),Unfounded,Citizen complaint,Completed,11/19/2018 12:00:00 AM,02/07/2018 12:00:00 AM,02/07/2018 04:12:00 PM,12/22/2017 12:00:00 AM,02/07/2018 12:00:00 AM,Sector 3,,Officer,White,Male,2882,Uniform Operations
32216,Administratively Closed,White,Female,9781,20839,COC 2019-88,COC 2019-88,Unsatisfactory Conduct (Class II),Sustained,COC Investigation,Completed,10/14/2019 12:00:00 AM,10/13/2020 12:00:00 AM,07/26/2019 11:31:00 AM,03/13/2019 12:00:00 AM,07/26/2019 12:00:00 AM,,,Officer,White,Male,4972,Spec Ops Bureau
29094,Unfounded,White,Female,9062,19182,COC 2018-21,COC 2018-21,Discourtesy (Class II),Unfounded,Citizen complaint,Completed,08/17/2018 12:00:00 AM,08/17/2018 12:00:00 AM,02/20/2018 02:30:00 PM,,01/31/2018 12:00:00 AM,Adam Sector,,Officer,White,Male,972,Uniform Operations
29095,Unfounded,White,Male,8892,19183,COC 2018-15,COC 2018-15,Improper Investigation (Class II),Unfounded,Citizen complaint,Completed,11/30/2018 12:00:00 AM,02/20/2018 12:00:00 AM,02/20/2018 03:34:00 PM,12/18/2017 12:00:00 AM,02/20/2018 12:00:00 AM,Sector 1,,Officer,Asian,Male,4236,Uniform Operations
30225,Unfounded,,Female,9080,19803,COC 2018-89,COC 2018-89,Unsatisfactory Performance (Class II),Unfounded,Citizen complaint,Completed,01/02/2019 12:00:00 AM,09/19/2018 12:00:00 AM,09/19/2018 12:00:00 AM,09/09/2018 12:00:00 AM,09/18/2018 12:00:00 AM,Charlie Sector,,Officer,Hispanic,Male,5038,Neighborhood Pol Bureau
29013,Sustained,Black,Female,8883,19143,COC 2018-14,COC 2018-14,Discourtesy (Class II),Not Sustained,Citizen complaint,Completed,10/11/2018 12:00:00 AM,02/07/2018 12:00:00 AM,02/07/2018 04:12:00 PM,12/22/2017 12:00:00 AM,02/07/2018 12:00:00 AM,Sector 3,,Officer,Hispanic,Male,4088,Uniform Operations
33278,Sustained,,,9556,20629,19-048791,COC 2019-65,Abuse or Loss of Equipment (Class II),Sustained,COC Investigation,Completed,02/26/2020 12:00:00 AM,02/26/2020 12:00:00 AM,05/20/2019 03:55:00 PM,05/19/2019 12:00:00 AM,05/20/2019 12:00:00 AM,Sector 1,,Officer,White,Male,622,Uniform Operations
31085,Unfounded,,,9218,20278,,COC 2019-17,Unsatisfactory Conduct (Class II),Unfounded,COC Investigation,Completed,06/19/2019 12:00:00 AM,02/04/2019 12:00:00 AM,02/04/2019 12:00:00 AM,01/26/2019 12:00:00 AM,02/04/2019 12:00:00 AM,Baker Sector,,Officer,White,Male,3040,Uniform Operations
31242,Not Sustained,"Black,Black","Female,Female",9422,20360,,COC 2019-30,Improper Procedure (Class II),Not Sustained,Citizen complaint,Completed,10/18/2019 12:00:00 AM,10/18/2019 12:00:00 AM,02/27/2019 12:00:00 AM,,02/27/2019 12:00:00 AM,Baker Sector,,Officer,White,Male,4944,Neighborhood Pol Bureau
33148,Sustained,White,Female,9801,21367,19-092172,COC 2019-142,Pursuit Violation (Class II),Sustained,COC Investigation,Completed,11/18/2020 12:00:00 AM,11/18/2020 12:00:00 AM,12/03/2019 12:00:00 AM,09/13/2019 12:00:00 AM,09/15/2019 12:00:00 AM,Baker Sector,Involved Officer,Officer,White,Male,4906,Neighborhood Pol Bureau
32832,Sustained,,Female,9457,21197,,COC 2019-133,Unsatisfactory Performance (Class II) (LOC),Sustained,Citizen complaint,Completed,07/15/2020 12:00:00 AM,11/26/2019 12:00:00 AM,10/15/2019 12:00:00 AM,,10/15/2019 12:00:00 AM,Adam Sector,,Officer,White,Male,5018,Neighborhood Pol Bureau
31765,Sustained,White,Male,9302,20633,18-085389,COC 2019-59,Improper Investigation (Class II),Sustained,COC Investigation,Completed,02/26/2020 12:00:00 AM,05/21/2019 12:00:00 AM,05/21/2019 12:00:00 AM,,05/21/2019 12:00:00 AM,Adam Sector,,Officer,Hispanic,Male,1960,Neighborhood Pol Bureau
32696,Unfounded,,Female,9664,21110,,COC 2019-115,Improper Investigation (Class II),Unfounded,Citizen complaint,Completed,03/15/2020 12:00:00 AM,07/07/2020 12:00:00 AM,09/26/2019 12:00:00 AM,02/02/2019 12:00:00 AM,09/26/2019 12:00:00 AM,,,Officer,White,Male,842,Uniform Operations
31765,Sustained,White,Male,9303,20633,18-085389,COC 2019-59,Improper Procedure (Class II),Not Sustained,COC Investigation,Completed,02/26/2020 12:00:00 AM,05/21/2019 12:00:00 AM,05/21/2019 12:00:00 AM,,05/21/2019 12:00:00 AM,Adam Sector,,Officer,Hispanic,Male,1960,Neighborhood Pol Bureau
32502,Not Sustained,Black,Male,9666,21021,,COC 2019-114,Improper Procedure (Class II),Resigned Under Inv,Citizen complaint,Completed,03/15/2020 12:00:00 AM,07/07/2020 12:00:00 AM,09/05/2019 12:00:00 AM,,09/05/2019 12:00:00 AM,Adam Sector,,Officer,White,Female,4994,Neighborhood Pol Bureau
33023,Sustained,,Female,9458,21197,,COC 2019-133,Discourtesy (Class II),Not Sustained,Citizen complaint,Completed,07/15/2020 12:00:00 AM,11/26/2019 12:00:00 AM,10/15/2019 12:00:00 AM,,10/15/2019 12:00:00 AM,Adam Sector,,Officer,White,Male,5076,Neighborhood Pol Bureau
31287,Not Sustained,White,Male,9256,20390,,COC 2019-33,Discourtesy (Class II),Not Sustained,COC Investigation,Completed,05/21/2020 12:00:00 AM,03/12/2019 12:00:00 AM,03/12/2019 12:00:00 AM,02/07/2019 12:00:00 AM,03/12/2019 12:00:00 AM,,,Officer,White,Male,4396,Spec Ops Bureau
31731,Unfounded,White,Male,9293,20612,,COC 2019-54,Unsatisfactory Performance (Class II),Unfounded,COC Investigation,Completed,11/27/2019 12:00:00 AM,05/15/2019 12:00:00 AM,05/15/2019 12:00:00 AM,,05/15/2019 12:00:00 AM,Charlie Sector,,Officer,White,Male,644,Uniform Operations
32502,Not Sustained,Black,Male,9667,21021,,COC 2019-114,Vehicle Use Violation (Class II),Resigned Under Inv,Citizen complaint,Completed,03/15/2020 12:00:00 AM,07/07/2020 12:00:00 AM,09/05/2019 12:00:00 AM,,09/05/2019 12:00:00 AM,Adam Sector,,Officer,White,Female,4994,Neighborhood Pol Bureau
31752,Exonerated,,,9299,20625,19-047966,IA 2019-57,Firearm Discharge (Class I),Exonerated,IA Investigation,Completed,03/20/2020 12:00:00 AM,05/20/2019 12:00:00 AM,05/20/2019 12:00:00 AM,,05/20/2019 12:00:00 AM,Baker Sector,,Officer,White,Male,4956,Neighborhood Pol Bureau
31083,Administratively Closed,,,9217,20275,,COC 2019-15,Fact Finding,Non-Formalized,COC Investigation,Completed,06/19/2019 12:00:00 AM,02/04/2019 12:00:00 AM,02/04/2019 12:00:00 AM,,02/04/2019 12:00:00 AM,Baker Sector,,Officer,White,Male,120,Uniform Operations
33061,Not Sustained,White,Female,9656,21317,19-107735,COC 2019-135,Unsatisfactory Performance (Class II),Not Sustained,Citizen complaint,Completed,06/25/2020 12:00:00 AM,06/26/2020 12:00:00 AM,11/19/2019 12:00:00 AM,,11/19/2019 12:00:00 AM,Adam Sector,,Officer,White,Male,5340,Neighborhood Pol Bureau
32502,Not Sustained,Black,Male,9399,21021,,COC 2019-114,Harassment (Class II),Not Sustained,Citizen complaint,Completed,03/15/2020 12:00:00 AM,09/19/2019 12:00:00 AM,09/05/2019 12:00:00 AM,,09/05/2019 12:00:00 AM,Adam Sector,,Officer,White,Female,4994,Neighborhood Pol Bureau
31242,Not Sustained,"Black,Black","Female,Female",9247,20360,,COC 2019-30,Discourtesy (Class II),Not Sustained,Citizen complaint,Completed,10/18/2019 12:00:00 AM,02/27/2019 12:00:00 AM,02/27/2019 12:00:00 AM,,02/27/2019 12:00:00 AM,Baker Sector,,Officer,White,Male,4944,Neighborhood Pol Bureau
31105,Unfounded,,Female,9278,20289,,COC 2019-23,Improper Procedure (Class II),Not Sustained,COC Investigation,Completed,11/08/2019 12:00:00 AM,04/30/2019 12:00:00 AM,02/06/2019 12:00:00 AM,01/24/2019 12:00:00 AM,02/06/2019 12:00:00 AM,Baker Sector,,Officer,White,Male,1244,Neighborhood Pol Bureau
30609,Sustained,Black,Male,9153,20008,18-068383,IA 2018-121,Use of Force Violation / No Injury / Improper Application (Class I),Sustained,IA Investigation,Completed,05/23/2019 12:00:00 AM,11/21/2018 12:00:00 AM,11/21/2018 12:00:00 AM,07/19/2018 12:00:00 AM,11/21/2018 12:00:00 AM,Military 9/21/17,,Officer,White,Male,4242,Investigative Services
31731,Unfounded,White,Male,9292,20612,,COC 2019-54,Discourtesy (Class II),Unfounded,COC Investigation,Completed,11/27/2019 12:00:00 AM,05/15/2019 12:00:00 AM,05/15/2019 12:00:00 AM,,05/15/2019 12:00:00 AM,Charlie Sector,,Officer,White,Male,644,Uniform Operations
30498,Non-Formalized,White,Male,9132,19956,,NF 2018-09,Discrimination,Non-Formalized,Non Formalized Complaints,Completed,11/07/2018 12:00:00 AM,11/07/2018 12:00:00 AM,11/07/2018 12:00:00 AM,,11/02/2018 12:00:00 AM,,,Officer,Black,Male,948,Investigations
33038,Sustained,Black,Male,9453,21302,19-113525,COC 2019-126,Improper Procedure (Class II),Non-Formalized,COC Investigation,Completed,07/08/2020 12:00:00 AM,11/25/2019 12:00:00 AM,11/15/2019 12:00:00 AM,11/09/2019 12:00:00 AM,11/10/2019 12:00:00 AM,,,Officer,White,Male,4588,Organized Crime
31088,Not Sustained,White,Male,9219,20280,,COC 2019-18,Vehicle Use Violation (Class II),Not Sustained,COC Investigation,Completed,06/19/2019 12:00:00 AM,02/04/2019 12:00:00 AM,02/04/2019 12:00:00 AM,01/27/2019 12:00:00 AM,02/04/2019 12:00:00 AM,Charlie Sector,,Officer,White,Male,3980,Uniform Operations
29901,Unfounded,White,Male,9042,19638,18-070309,COC 2018-82,Discourtesy (Class II),Unfounded,Citizen complaint,Completed,01/02/2019 12:00:00 AM,07/26/2018 12:00:00 AM,07/26/2018 12:39:00 PM,06/25/2018 12:00:00 AM,07/26/2018 12:00:00 AM,Sector 1,,Officer,Black,Female,3512,Uniform Operations
31105,Unfounded,,Female,9221,20289,,COC 2019-23,Discourtesy (Class II),Not Sustained,COC Investigation,Completed,11/08/2019 12:00:00 AM,02/06/2019 12:00:00 AM,02/06/2019 12:00:00 AM,01/24/2019 12:00:00 AM,02/06/2019 12:00:00 AM,Baker Sector,,Officer,White,Male,1244,Neighborhood Pol Bureau
32491,Not Sustained,White,Male,9681,21017,,COC 2019-112,Unsatisfactory Performance (Class II),Not Sustained,Citizen complaint,Completed,07/15/2020 12:00:00 AM,07/16/2020 12:00:00 AM,09/04/2019 12:00:00 AM,08/30/2019 12:00:00 AM,09/04/2019 12:00:00 AM,Adam Sector,,Officer,White,Male,5018,Neighborhood Pol Bureau
28970,Administratively Closed,,,8868,19114,,IA 2018-10,Unsatisfactory Conduct (Class II),Resigned Under Inv,Administrative investigation,Completed,02/19/2018 12:00:00 AM,01/31/2018 12:00:00 AM,01/31/2018 12:00:00 AM,,01/31/2018 12:00:00 AM,,,Officer,White,Male,4146,Investigative Services
31978,Unfounded,Black,Male,9353,20742,19-055959,COC 2019-85,Improper Procedure (Class II),Unfounded,Citizen complaint,Completed,11/20/2019 12:00:00 AM,07/18/2019 12:00:00 AM,06/24/2019 12:00:00 AM,06/10/2019 12:00:00 AM,06/10/2019 12:00:00 AM,Adam Sector,,Officer,White,Female,5278,Neighborhood Pol Bureau
29819,Sustained,,,9029,19597,18-045321,IA 2018-64,Use of Force Violation / No Injury / Improper Application (Class I),Sustained,IA Investigation,Completed,01/11/2019 12:00:00 AM,07/11/2018 12:00:00 AM,07/11/2018 12:00:00 AM,,07/11/2018 12:00:00 AM,Baker Sector,,Officer,White,Male,4948,Neighborhood Pol Bureau
30498,Non-Formalized,White,Male,9133,19956,,NF 2018-09,Discourtesy (Class II),Non-Formalized,Non Formalized Complaints,Completed,11/07/2018 12:00:00 AM,11/07/2018 12:00:00 AM,11/07/2018 12:00:00 AM,,11/02/2018 12:00:00 AM,,,Officer,Black,Male,948,Investigations
29901,Unfounded,White,Male,9043,19638,18-070309,COC 2018-82,Unsatisfactory Conduct (Class II),Unfounded,Citizen complaint,Completed,01/02/2019 12:00:00 AM,07/26/2018 12:00:00 AM,07/26/2018 12:39:00 PM,06/25/2018 12:00:00 AM,07/26/2018 12:00:00 AM,Sector 1,,Officer,Black,Female,3512,Uniform Operations
30936,Unfounded,"Black,Black","Female,Male",9209,20190,18-120810,COC 2019-02,Unsatisfactory Performance (Class II),Unfounded,Citizen complaint,Completed,11/22/2019 12:00:00 AM,01/10/2019 12:00:00 AM,01/10/2019 12:00:00 AM,12/16/2018 12:00:00 AM,01/10/2019 12:00:00 AM,Sector 1,,Officer,White,Male,4490,Neighborhood Pol Bureau
30237,Unfounded,White,Male,9146,19809,18-081089,COC 2018-115,Improper Procedure (Class II),Unfounded,Citizen complaint,Completed,03/04/2019 12:00:00 AM,11/13/2018 12:00:00 AM,09/21/2018 03:39:00 AM,08/24/2018 12:00:00 AM,08/30/2018 12:00:00 AM,Baker Sector,Involved Officer,Officer,Black,Female,4844,Uniform Operations
31106,Unfounded,,Female,9223,20289,,COC 2019-23,Improper Investigation (Class II),Unfounded,COC Investigation,Completed,08/12/2019 12:00:00 AM,02/06/2019 12:00:00 AM,02/06/2019 12:00:00 AM,01/24/2019 12:00:00 AM,02/06/2019 12:00:00 AM,Baker Sector,,Officer,Hispanic,Male,5186,Neighborhood Pol Bureau
31260,Unfounded,,Female,9252,20372,,COC 2019-32,Discourtesy (Class II),Unfounded,COC Investigation,Completed,08/05/2019 12:00:00 AM,03/05/2019 12:00:00 AM,03/05/2019 12:00:00 AM,02/07/2019 12:00:00 AM,03/05/2019 12:00:00 AM,,,Officer,White,Female,3006,Spec Ops Bureau
30892,Sustained,White,Male,9204,20165,18-040554,IA 2018-144,Use of Force Violation / No Injury / Improper Application (Class I),Sustained,Administrative investigation,Completed,06/26/2019 12:00:00 AM,01/02/2019 12:00:00 AM,01/02/2019 12:00:00 AM,05/06/2018 12:00:00 AM,12/17/2018 12:00:00 AM,Charlie Sector,Involved Officer,Officer,White,Male,4388,Neighborhood Pol Bureau
31480,Sustained,,Male,9268,20479,,COC 2019-41,Discourtesy (Class II),Unfounded,COC Investigation,Completed,09/21/2019 12:00:00 AM,04/11/2019 12:00:00 AM,04/11/2019 12:00:00 AM,04/09/2019 12:00:00 AM,04/11/2019 12:00:00 AM,,,Officer,White,Male,2174,Investigative Services
33038,Sustained,Black,Male,9454,21302,19-113525,COC 2019-126,Pursuit Violation (Class II),Non-Formalized,COC Investigation,Completed,07/08/2020 12:00:00 AM,11/25/2019 12:00:00 AM,11/15/2019 12:00:00 AM,11/09/2019 12:00:00 AM,11/10/2019 12:00:00 AM,,,Officer,White,Male,4588,Organized Crime
33040,Sustained,Black,Male,9452,21302,19-113525,COC 2019-126,Improper Procedure (Class II),Sustained,COC Investigation,Completed,06/09/2019 12:00:00 AM,11/25/2019 12:00:00 AM,11/15/2019 12:00:00 AM,11/09/2019 12:00:00 AM,11/10/2019 12:00:00 AM,Baker Sector,,Officer,White,Male,5074,Neighborhood Pol Bureau
28876,Not Sustained,Black,Male,8856,19066,,IA 2018-02,Use of Force Violation / No Injury / Improper Application (Class I),Not Sustained,Administrative investigation,Completed,08/02/2018 12:00:00 AM,01/19/2018 12:00:00 AM,01/19/2018 12:00:00 AM,12/15/2017 12:00:00 AM,01/09/2018 12:00:00 AM,Sector 3,,Officer,White,Male,4268,Uniform Operations
29658,Sustained,Unknown,Male,9040,19504,COC 2018-69,COC 2018-69,Unsatisfactory Performance (Class II),Sustained,Citizen complaint,Completed,12/28/2018 12:00:00 AM,07/16/2018 12:00:00 AM,06/15/2018 06:05:00 PM,06/15/2018 12:00:00 AM,06/15/2018 12:00:00 AM,Adam Sector,,Officer,White,Male,4726,Uniform Operations
31622,Not Sustained,,,9561,20552,19-036351,COC 2019-46,Improper Procedure (Class II),Not Sustained,COC Investigation,Completed,03/04/2020 12:00:00 AM,03/04/2020 12:00:00 AM,04/29/2019 12:00:00 AM,04/16/2019 12:00:00 AM,04/29/2019 12:00:00 AM,Charlie Sector,,Officer,White,Male,4984,Neighborhood Pol Bureau
31016,Exonerated,White,Male,9288,20239,18-055784,IA 2019-13,Use of Force Violation / No Injury / Improper Application (Class I),Exonerated,IA Investigation,Completed,07/16/2019 12:00:00 AM,05/09/2019 12:00:00 AM,01/28/2019 12:00:00 AM,06/16/2018 12:00:00 AM,01/28/2019 12:00:00 AM,,,Officer,White,Female,4830,Uniform Operations
33274,Administratively Closed,White,Male,9523,21444,19-099016,IA 2019-151,Use of Force Violation / No Injury / Improper Application (Class I),Resigned Under Inv,IA Investigation,Completed,03/19/2020 12:00:00 AM,01/13/2020 12:00:00 AM,12/30/2019 12:00:00 AM,10/01/2019 12:00:00 AM,10/01/2019 12:00:00 AM,Sector 3,Involved Officer,Officer,White,Male,4670,Uniform Operations
30958,Sustained,,,9498,20199,18-123463,COC 2019-03,Abuse or Loss of Equipment (Class II),Sustained,COC Investigation,Completed,01/28/2020 12:00:00 AM,12/31/2019 12:00:00 AM,01/14/2019 12:00:00 AM,10/01/2018 12:00:00 AM,01/14/2019 12:00:00 AM,,,Officer,White,Male,4836,Uniform Operations
29884,Unfounded,,Female,9041,19630,IA 2018-71,IA 2018-71,False Arrest (Class I),Unfounded,Citizen complaint,Completed,12/10/2018 12:00:00 AM,07/23/2018 12:00:00 AM,07/23/2018 12:00:00 AM,08/20/2018 12:00:00 AM,07/23/2018 12:00:00 AM,,,Officer,White,Male,4102,Criminal Inv Bureau
32503,Not Sustained,Black,Male,9400,21021,,COC 2019-114,Harassment (Class II),Not Sustained,Citizen complaint,Completed,03/15/2020 12:00:00 AM,09/19/2019 12:00:00 AM,09/05/2019 12:00:00 AM,,09/05/2019 12:00:00 AM,Sector 1,,Officer,White,Male,3088,Uniform Operations
32483,Sustained,White,Female,9532,21010,19-066056,COC 2019-104,Improper Procedure (Class II),Not Sustained,COC Investigation,Completed,01/14/2020 12:00:00 AM,01/15/2020 12:00:00 AM,09/03/2019 12:00:00 AM,07/06/2019 12:00:00 AM,07/06/2019 12:00:00 AM,,Involved Officer,Officer,White,Male,4402,Investigative Services
30495,Sustained,Black,Male,9131,19954,COC 2018-109,COC 2018-109,Harassment (Class II),Unfounded,Citizen complaint,Completed,04/19/2019 12:00:00 AM,11/07/2018 12:00:00 AM,11/07/2018 12:00:00 AM,10/15/2018 12:00:00 AM,10/15/2018 12:00:00 AM,Sector 2,,Officer,Hispanic,Male,4604,Uniform Operations
31480,Sustained,,Male,9269,20479,,COC 2019-41,Improper Procedure (Class II),Sustained,COC Investigation,Completed,09/21/2019 12:00:00 AM,04/11/2019 12:00:00 AM,04/11/2019 12:00:00 AM,04/09/2019 12:00:00 AM,04/11/2019 12:00:00 AM,,,Officer,White,Male,2174,Investigative Services
33066,Unfounded,White,Female,9462,21322,,COC 2019-140,Improper Investigation (Class II),Unfounded,Citizen complaint,Completed,06/25/2020 12:00:00 AM,11/26/2019 12:00:00 AM,11/20/2019 12:00:00 AM,,11/20/2019 12:00:00 AM,Charlie Sector,,Officer,White,Male,4814,Uniform Operations
33039,Sustained,Black,Male,9451,21302,19-113525,COC 2019-126,Improper Procedure (Class II),Non-Formalized,COC Investigation,Completed,07/08/2020 12:00:00 AM,11/25/2019 12:00:00 AM,11/15/2019 12:00:00 AM,11/09/2019 12:00:00 AM,11/10/2019 12:00:00 AM,,Involved Officer,Officer,White,Male,4400,Investigative Services
33157,Sustained,,,9566,21373,,COC 2019-146,Vehicle Use Violation (Class II),Sustained,Citizen complaint,Completed,03/09/2020 12:00:00 AM,03/09/2020 12:00:00 AM,12/04/2019 01:19:00 PM,12/03/2019 12:00:00 AM,12/03/2019 12:00:00 AM,,,Officer,Black,Male,470,Chief of Police
31106,Unfounded,,Female,9222,20289,,COC 2019-23,Discourtesy (Class II),Unfounded,COC Investigation,Completed,08/12/2019 12:00:00 AM,02/06/2019 12:00:00 AM,02/06/2019 12:00:00 AM,01/24/2019 12:00:00 AM,02/06/2019 12:00:00 AM,Baker Sector,,Officer,Hispanic,Male,5186,Neighborhood Pol Bureau
30936,Unfounded,"Black,Black","Female,Male",9208,20190,18-120810,COC 2019-02,Discourtesy (Class II),Unfounded,Citizen complaint,Completed,11/22/2019 12:00:00 AM,01/10/2019 12:00:00 AM,01/10/2019 12:00:00 AM,12/16/2018 12:00:00 AM,01/10/2019 12:00:00 AM,Sector 1,,Officer,White,Male,4490,Neighborhood Pol Bureau
30023,Sustained,,Male,9067,19711,,IA 2018-77,Missing Property / Evidence (Class I),Sustained,Citizen complaint,Completed,02/07/2019 12:00:00 AM,08/24/2018 12:00:00 AM,08/24/2018 12:00:00 AM,,08/24/2018 12:00:00 AM,Sector 1,,Officer,Black,Male,3544,Uniform Operations
28875,Not Sustained,Black,Male,8855,19066,,IA 2018-02,Harassment (Class II),Not Sustained,Administrative investigation,Completed,08/02/2018 12:00:00 AM,01/19/2018 12:00:00 AM,01/19/2018 12:00:00 AM,12/15/2017 12:00:00 AM,01/09/2018 12:00:00 AM,Sector 3,,Officer,White,Female,4414,Uniform Operations
30495,Sustained,Black,Male,9713,19954,COC 2018-109,COC 2018-109,Discourtesy (Class II),Sustained,Citizen complaint,Completed,04/19/2019 12:00:00 AM,08/19/2020 12:00:00 AM,11/07/2018 12:00:00 AM,10/15/2018 12:00:00 AM,10/15/2018 12:00:00 AM,Sector 2,,Officer,Hispanic,Male,4604,Uniform Operations
32483,Sustained,White,Female,9382,21010,19-066056,COC 2019-104,Unsatisfactory Performance (Class II),Sustained,COC Investigation,Completed,01/14/2020 12:00:00 AM,09/03/2019 12:00:00 AM,09/03/2019 12:00:00 AM,07/06/2019 12:00:00 AM,07/06/2019 12:00:00 AM,,Involved Officer,Officer,White,Male,4402,Investigative Services
33061,Not Sustained,White,Female,9655,21317,19-107735,COC 2019-135,Improper Investigation,Not Sustained,Citizen complaint,Completed,06/25/2020 12:00:00 AM,06/26/2020 12:00:00 AM,11/19/2019 12:00:00 AM,,11/19/2019 12:00:00 AM,Adam Sector,,Officer,White,Male,5340,Neighborhood Pol Bureau
32013,Unfounded,Black,Male,9336,20753,,COC 2019-76,Unsatisfactory Conduct (Class II),Unfounded,Citizen complaint,Completed,12/05/2019 12:00:00 AM,06/25/2019 12:00:00 AM,06/25/2019 12:00:00 AM,06/05/2019 12:00:00 AM,06/25/2019 12:00:00 AM,,,Officer,Black,Male,4542,Investigative Services
31481,Unfounded,Black,Female,9270,20480,,COC 2019-42,Discourtesy (Class II),Unfounded,COC Investigation,Completed,11/27/2019 12:00:00 AM,04/11/2019 12:00:00 AM,04/11/2019 12:00:00 AM,03/18/2019 12:00:00 AM,04/11/2019 12:00:00 AM,Baker Sector,,Officer,White,Male,4942,Neighborhood Pol Bureau
30028,Sustained,,,9118,19715,18-081038,IA 2018-100,False Arrest (Class I),Exonerated,IA Investigation,Completed,10/17/2019 12:00:00 AM,10/23/2018 12:00:00 AM,08/25/2018 04:11:00 PM,08/24/2018 12:00:00 AM,08/25/2018 12:00:00 AM,Sector 3,,Officer,Black,Male,3056,Uniform Operations
32602,Administratively Closed,,,9398,21070,,COC 2019-120,Unauthorized Employee Recordings (Class II),Resigned Under Inv,COC Investigation,Completed,11/30/2020 12:00:00 AM,09/18/2019 12:00:00 AM,09/18/2019 07:13:00 PM,09/15/2019 12:00:00 AM,09/15/2019 12:00:00 AM,Baker Sector,,Officer,Black,Female,5190,Neighborhood Pol Bureau
30013,Sustained,Unknown,Female,9229,19708,COC 2018-80,COC 2018-80,Improper Procedure (Class II),Sustained,Citizen complaint,Completed,07/23/2019 12:00:00 AM,02/07/2019 12:00:00 AM,08/23/2018 01:36:00 PM,08/18/2018 12:00:00 AM,08/23/2018 12:00:00 AM,Adam Sector,,Officer,Hispanic,Male,4998,Neighborhood Pol Bureau
29855,Not Sustained,White,Male,9038,19612,COC 2018-67,COC 2018-67,Improper Procedure (Class II),Not Sustained,Citizen complaint,Completed,02/06/2019 12:00:00 AM,07/16/2018 12:00:00 AM,07/16/2018 11:42:00 AM,07/10/2018 12:00:00 AM,07/12/2018 12:00:00 AM,Adam Sector,,Officer,Hispanic,Male,4998,Neighborhood Pol Bureau
29418,Unfounded,"Black,Black","Male,Female",8948,19372,18-031949,COC 2018-58,Discourtesy (Class II),Unfounded,Citizen complaint,Completed,12/10/2018 12:00:00 AM,04/13/2018 12:00:00 AM,04/13/2018 09:14:00 PM,04/11/2018 12:00:00 AM,04/13/2018 12:00:00 AM,Sector 1,,Officer,White,Female,4738,Uniform Operations
30244,Sustained,White,Male,9088,19812,IA 2018-91,IA 2018-91,Unsatisfactory Conduct (Class II),Sustained,Administrative investigation,Completed,04/17/2019 12:00:00 AM,09/24/2018 12:00:00 AM,09/24/2018 12:00:00 AM,09/12/2018 12:00:00 AM,09/14/2018 12:00:00 AM,Charlie Sector,,Officer,White,Male,4142,Neighborhood Pol Bureau
31829,Unfounded,Black,Female,9317,20669,19-053329,COC 2019-67,Discourtesy (Class II),Unfounded,Citizen complaint,Completed,02/24/2020 12:00:00 AM,06/02/2019 12:00:00 AM,06/02/2019 04:47:00 PM,06/01/2019 12:00:00 AM,06/02/2019 12:00:00 AM,Sector 2,,Officer,White,Male,4240,Uniform Operations
29692,Unfounded,,Female,9002,19524,COC 2018-54,COC 2018-54,Discourtesy (Class II),Unfounded,Citizen complaint,Completed,10/31/2018 12:00:00 AM,06/20/2018 12:00:00 AM,06/20/2018 08:12:00 AM,06/18/2018 12:00:00 AM,06/18/2018 12:00:00 AM,Sector 2,,Officer,Black,Male,1030,Uniform Operations
31874,Unfounded,White,Male,9322,20695,19-055918,IA 2019-70,Use of Force Violation / No Injury / Improper Application (Class I),Unfounded,Citizen complaint,Completed,10/10/2019 12:00:00 AM,06/09/2019 12:00:00 AM,06/09/2019 03:23:00 PM,06/08/2019 12:00:00 AM,06/08/2019 12:00:00 AM,Sector 2,,Officer,White,Male,4562,Uniform Operations
30028,Sustained,,,9119,19715,18-081038,IA 2018-100,Improper Procedure (Class II),Sustained,IA Investigation,Completed,10/17/2019 12:00:00 AM,10/23/2018 12:00:00 AM,08/25/2018 04:11:00 PM,08/24/2018 12:00:00 AM,08/25/2018 12:00:00 AM,Sector 3,,Officer,Black,Male,3056,Uniform Operations
29524,Sustained,,Female,8969,19435,COC 2018-44,COC 2018-44,Unsatisfactory Performance (Class II),Unfounded,Citizen complaint,Completed,09/13/2018 12:00:00 AM,05/09/2018 12:00:00 AM,05/09/2018 10:22:00 AM,03/22/2018 12:00:00 AM,05/09/2018 12:00:00 AM,Charlie Sector,,Officer,Black,Male,1062,Uniform Operations
33124,Not Sustained,White,Female,9659,21352,19-112968,COC 2019-141,Improper Procedure,Not Sustained,Citizen complaint,Completed,06/25/2020 12:00:00 AM,06/26/2020 12:00:00 AM,11/27/2019 12:00:00 AM,11/08/2019 12:00:00 AM,11/27/2019 12:00:00 AM,Charlie Sector,,Officer,Hispanic,Male,5082,Neighborhood Pol Bureau
32555,Sustained,,,9388,21048,19-092457,IA 2019-118,Extra Employment Violation (Class I),Sustained,IA Investigation,Completed,09/03/2020 12:00:00 AM,09/14/2019 12:00:00 AM,09/14/2019 01:47:00 AM,09/14/2019 12:00:00 AM,09/14/2019 12:00:00 AM,Charlie Sector,,Officer,Black,Male,1420,Uniform Operations
29488,Sustained,White,Male,9147,19409,COC 2018-39,COC 2018-39,Improper Investigation (Class II),Not Sustained,Citizen complaint,Completed,11/15/2018 12:00:00 AM,11/15/2018 12:00:00 AM,04/26/2018 05:54:00 PM,05/12/2017 12:00:00 AM,04/26/2018 12:00:00 AM,,,Officer,White,Male,884,Investigative Services
31051,Sustained,,,9307,20258,19-008107,COC 2019-16,Vehicle Use Violation (Class II),Sustained,COC Investigation,Completed,05/23/2019 12:00:00 AM,05/23/2019 12:00:00 AM,01/30/2019 04:25:00 PM,01/24/2019 12:00:00 AM,01/30/2019 12:00:00 AM,Baker Sector,Involved Officer,Officer,White,Male,5074,Neighborhood Pol Bureau
30783,Not Sustained,W,M,9281,20101,,COC 2018-141,Unsatisfactory Performance (Class II),Not Sustained,Citizen complaint,Completed,05/03/2019 12:00:00 AM,05/07/2019 12:00:00 AM,12/12/2018 12:00:00 AM,10/27/2018 12:00:00 AM,11/29/2018 12:00:00 AM,Sector 1,,Officer,White,Male,4472,Uniform Operations
29486,Unfounded,,Female,8959,19408,COC 2018-38,COC 2018-38,Unsatisfactory Performance (Class II),Unfounded,Citizen complaint,Completed,08/12/2018 12:00:00 AM,04/26/2018 12:00:00 AM,04/26/2018 05:17:00 PM,04/22/2018 12:00:00 AM,04/26/2018 12:00:00 AM,Sector 3,,Officer,Black,Male,4484,Uniform Operations
29524,Sustained,,Female,8972,19435,COC 2018-44,COC 2018-44,Discourtesy (Class II),Unfounded,Citizen complaint,Completed,09/13/2018 12:00:00 AM,05/09/2018 12:00:00 AM,05/09/2018 10:22:00 AM,03/22/2018 12:00:00 AM,05/09/2018 12:00:00 AM,Charlie Sector,,Officer,Black,Male,1062,Uniform Operations
30244,Sustained,White,Male,9089,19812,IA 2018-91,IA 2018-91,Submitting Department Reports (Class II),Sustained,Administrative investigation,Completed,04/17/2019 12:00:00 AM,09/24/2018 12:00:00 AM,09/24/2018 12:00:00 AM,09/12/2018 12:00:00 AM,09/14/2018 12:00:00 AM,Charlie Sector,,Officer,White,Male,4142,Neighborhood Pol Bureau
30402,Sustained,Unknown,Female,9250,19870,,IA 2018-95,Discourtesy (Class II),Sustained,Citizen complaint,Completed,08/16/2019 12:00:00 AM,03/04/2019 12:00:00 AM,10/12/2018 12:00:00 AM,09/16/2018 12:00:00 AM,10/02/2018 12:00:00 AM,Charlie Sector,,Officer,White,Male,4796,Uniform Operations
29736,Not Sustained,White,Male,9025,19548,COC 2018-63,COC 2018-63,Abuse of Process (Class II),Not Sustained,Citizen complaint,Completed,10/15/2018 12:00:00 AM,06/26/2018 12:00:00 AM,06/26/2018 10:41:00 AM,06/19/2018 12:00:00 AM,06/25/2018 12:00:00 AM,,,Officer,Black,Male,4600,Criminal Inv Bureau
29485,Unfounded,,Female,8956,19408,COC 2018-38,COC 2018-38,Discourtesy (Class II),Unfounded,Citizen complaint,Completed,08/12/2018 12:00:00 AM,04/26/2018 12:00:00 AM,04/26/2018 05:17:00 PM,04/22/2018 12:00:00 AM,04/26/2018 12:00:00 AM,Charlie Sector,,Officer,Black,Female,3658,Neighborhood Pol Bureau
31246,Sustained,White,Male,9367,20362,18-110623,IA 2019-31,Submitting Department Reports (Class II),Sustained,Citizen complaint,Completed,08/08/2019 12:00:00 AM,08/08/2019 12:00:00 AM,03/01/2019 12:00:00 AM,11/16/2018 12:00:00 AM,02/15/2019 12:00:00 AM,Charlie Sector,,Officer,White,Male,4820,Neighborhood Pol Bureau
29524,Sustained,,Female,8973,19435,COC 2018-44,COC 2018-44,Improper Procedure (Class II),Sustained,Citizen complaint,Completed,09/13/2018 12:00:00 AM,05/09/2018 12:00:00 AM,05/09/2018 10:22:00 AM,03/22/2018 12:00:00 AM,05/09/2018 12:00:00 AM,Charlie Sector,,Officer,Black,Male,1062,Uniform Operations
31246,Sustained,White,Male,9262,20362,18-110623,IA 2019-31,Improper Procedure (Class II),Sustained,Citizen complaint,Completed,08/08/2019 12:00:00 AM,03/28/2019 12:00:00 AM,03/01/2019 12:00:00 AM,11/16/2018 12:00:00 AM,02/15/2019 12:00:00 AM,Charlie Sector,,Officer,White,Male,4820,Neighborhood Pol Bureau
31669,Unfounded,Black,Female,9313,20581,19-041739,COC 2019-62,Discourtesy (Class II),Unfounded,Citizen complaint,Completed,02/03/2020 12:00:00 AM,05/28/2019 12:00:00 AM,05/08/2019 10:16:00 PM,05/01/2019 12:00:00 AM,05/08/2019 12:00:00 AM,Sector 2,,Officer,White,Male,4240,Uniform Operations
32553,Sustained,,,9751,21047,19-084303,COC 2019-117,Vehicle Use Violation (Class II),Sustained,COC Investigation,Completed,08/14/2020 12:00:00 AM,09/11/2020 12:00:00 AM,09/13/2019 05:29:00 PM,08/23/2019 12:00:00 AM,09/13/2019 12:00:00 AM,Adam Sector,Involved Officer,Officer,White,Male,5184,Neighborhood Pol Bureau
32435,Sustained,Black,Male,9555,20982,19-085221,COC 2019-107,Discourtesy (Class II),Sustained,Citizen complaint,Completed,02/21/2020 12:00:00 AM,02/21/2020 12:00:00 AM,08/27/2019 12:00:00 AM,08/15/2019 12:00:00 AM,08/27/2019 12:00:00 AM,,,Officer,White,Male,4578,Criminal Inv Bureau
30402,Sustained,Unknown,Female,9113,19870,,IA 2018-95,Use of Force Violation - Injury / Deadly Force (Class I),Exonerated,Citizen complaint,Completed,08/16/2019 12:00:00 AM,10/22/2018 12:00:00 AM,10/12/2018 12:00:00 AM,09/16/2018 12:00:00 AM,10/02/2018 12:00:00 AM,Charlie Sector,,Officer,White,Male,4796,Uniform Operations
29526,Withdrawn,,Male,8974,19436,18-074615,COC 2018-45,Unsatisfactory Performance (Class II),Withdrawn,Citizen complaint,Completed,05/21/2018 12:00:00 AM,05/09/2018 12:00:00 AM,05/09/2018 12:13:00 PM,04/09/2018 12:00:00 AM,05/02/2018 12:00:00 AM,,,Officer,White,Male,2882,Spec Ops Bureau
31246,Sustained,White,Male,9248,20362,18-110623,IA 2019-31,Use of Force Violation / No Injury / Improper Application (Class I),Exonerated,Citizen complaint,Completed,08/08/2019 12:00:00 AM,03/01/2019 12:00:00 AM,03/01/2019 12:00:00 AM,11/16/2018 12:00:00 AM,02/15/2019 12:00:00 AM,Charlie Sector,,Officer,White,Male,4820,Neighborhood Pol Bureau
31056,Sustained,,,9306,20258,19-008107,COC 2019-16,Vehicle Use Violation (Class II),Sustained,COC Investigation,Completed,05/23/2019 12:00:00 AM,05/23/2019 12:00:00 AM,01/30/2019 04:25:00 PM,01/24/2019 12:00:00 AM,01/30/2019 12:00:00 AM,Military 9/21/17,,Officer,White,Male,4242,Investigative Services
32939,Exonerated,Black,Male,9428,21259,19-109762,COC 2019-139,Improper Search (Class II),Exonerated,Citizen complaint,Completed,,10/31/2019 12:00:00 AM,10/31/2019 12:50:00 PM,10/30/2019 12:00:00 AM,10/30/2019 12:00:00 AM,Baker Sector,Involved Officer,Officer,White,Male,4250,Uniform Operations
31814,Unfounded,Black,Female,9314,20661,19-051514,COC 2019-78,Discourtesy (Class II),Unfounded,Citizen complaint,Completed,11/25/2019 12:00:00 AM,05/29/2019 12:00:00 AM,05/29/2019 06:51:00 PM,05/29/2019 12:00:00 AM,05/29/2019 12:00:00 AM,Adam Sector,,Officer,Asian,Male,4236,Uniform Operations
32555,Sustained,,,9727,21048,19-092457,IA 2019-118,Improper Procedure (Class II),Sustained,IA Investigation,Completed,09/03/2020 12:00:00 AM,09/03/2020 12:00:00 AM,09/14/2019 01:47:00 AM,09/14/2019 12:00:00 AM,09/14/2019 12:00:00 AM,Charlie Sector,,Officer,Black,Male,1420,Uniform Operations
31135,Unfounded,Black,Female,9240,20303,19-012735,COC 2019-24,Harassment,Unfounded,Citizen complaint,Completed,07/01/2019 12:00:00 AM,02/12/2019 12:00:00 AM,02/08/2019 01:58:00 PM,02/07/2019 12:00:00 AM,02/08/2019 12:00:00 AM,Sector 1,Involved Officer,Officer,Black,Male,4706,Uniform Operations
31141,Sustained,,,9433,20308,18-117282,COC 2019-26,Unsatisfactory Performance (Class II),Sustained,COC Investigation,Completed,11/08/2019 12:00:00 AM,11/08/2019 12:00:00 AM,02/11/2019 07:38:00 PM,12/06/2018 12:00:00 AM,02/11/2019 12:00:00 AM,Sector 3,Involved Officer,Officer,Black,Male,3644,Uniform Operations
31654,Administratively Closed,White,Female,9279,20567,,COC 2019-51,Unsatisfactory Conduct (Class II),Non-Formalized,COC Investigation,Completed,11/22/2019 12:00:00 AM,05/06/2019 12:00:00 AM,05/06/2019 12:00:00 AM,05/03/2019 12:00:00 AM,05/06/2019 12:00:00 AM,,,Officer,White,Male,160,Spec Ops Bureau
31676,Sustained,,,9501,20582,19-044734,COC 2019-64,Abuse or Loss of Equipment (Class II),Sustained,COC Investigation,Completed,01/03/2020 12:00:00 AM,01/03/2020 12:00:00 AM,05/09/2019 09:50:00 PM,05/09/2019 12:00:00 AM,05/09/2019 12:00:00 AM,Sector 1,Involved Officer,Officer,White,Male,3578,Uniform Operations
31171,Not Sustained,,,9242,20316,19-002508,COC 2019-27,Improper Procedure (Class II),Not Sustained,Citizen complaint,Completed,11/20/2019 12:00:00 AM,02/14/2019 12:00:00 AM,02/13/2019 12:00:00 AM,01/07/2019 12:00:00 AM,02/13/2019 12:00:00 AM,Adam Sector,Involved Officer,Officer,Black,Male,5180,Neighborhood Pol Bureau
30891,Sustained,,,9203,20164,,COC 2019-20,Unsatisfactory Performance (Class II),Sustained,COC Investigation,Completed,05/22/2019 12:00:00 AM,01/02/2019 12:00:00 AM,01/02/2019 07:49:00 AM,01/02/2019 12:00:00 AM,01/02/2019 12:00:00 AM,Sector 2,Involved Officer,Officer,White,Male,3084,Uniform Operations
30246,Sustained,White,Male,9090,19812,IA 2018-91,IA 2018-91,Submitting Department Reports (Class II),Sustained,Administrative investigation,Completed,07/07/2020 12:00:00 AM,09/24/2018 12:00:00 AM,09/24/2018 12:00:00 AM,09/12/2018 12:00:00 AM,09/14/2018 12:00:00 AM,Charlie Sector,,Officer,White,Male,4256,Neighborhood Pol Bureau
31829,Unfounded,Black,Female,9318,20669,19-053329,COC 2019-67,Improper Investigation,Unfounded,Citizen complaint,Completed,02/24/2020 12:00:00 AM,06/03/2019 12:00:00 AM,06/02/2019 04:47:00 PM,06/01/2019 12:00:00 AM,06/02/2019 12:00:00 AM,Sector 2,,Officer,White,Male,4240,Uniform Operations
30252,Sustained,,,9091,19817,18-091678,COC 2018-103,Improper Search (Class II),Sustained,COC Investigation,Completed,02/07/2019 12:00:00 AM,09/25/2018 12:00:00 AM,09/25/2018 08:59:00 AM,09/24/2018 12:00:00 AM,09/25/2018 12:00:00 AM,Sector 3,Involved Officer,Officer,White,Male,4592,Uniform Operations
29485,Unfounded,,Female,8958,19408,COC 2018-38,COC 2018-38,Improper Procedure (Class II),Unfounded,Citizen complaint,Completed,08/12/2018 12:00:00 AM,04/26/2018 12:00:00 AM,04/26/2018 05:17:00 PM,04/22/2018 12:00:00 AM,04/26/2018 12:00:00 AM,Charlie Sector,,Officer,Black,Female,3658,Neighborhood Pol Bureau
31669,Unfounded,Black,Female,9283,20581,19-041739,COC 2019-62,Improper Procedure (Class II),Unfounded,Citizen complaint,Completed,02/03/2020 12:00:00 AM,05/08/2019 12:00:00 AM,05/08/2019 10:16:00 PM,05/01/2019 12:00:00 AM,05/08/2019 12:00:00 AM,Sector 2,,Officer,White,Male,4240,Uniform Operations
31366,Not Sustained,,,9443,20316,19-002508,COC 2019-27,Improper Procedure (Class II),Not Sustained,Citizen complaint,Completed,11/20/2019 12:00:00 AM,11/20/2019 12:00:00 AM,02/13/2019 12:00:00 AM,01/07/2019 12:00:00 AM,02/13/2019 12:00:00 AM,Sector 1,Involved Officer,Officer,Black,Male,3544,Uniform Operations
29418,Unfounded,"Black,Black","Male,Female",8947,19372,18-031949,COC 2018-58,Use of Force Violation / No Injury / Improper Application (Class I),Withdrawn,Citizen complaint,Completed,06/25/2018 12:00:00 AM,04/13/2018 12:00:00 AM,04/13/2018 09:14:00 PM,04/11/2018 12:00:00 AM,04/13/2018 12:00:00 AM,Sector 1,,Officer,White,Female,4738,Uniform Operations
30244,Sustained,White,Male,9087,19812,IA 2018-91,IA 2018-91,Use of Force Violation / No Injury / Improper Application (Class I),Exonerated,Administrative investigation,Completed,04/17/2019 12:00:00 AM,09/24/2018 12:00:00 AM,09/24/2018 12:00:00 AM,09/12/2018 12:00:00 AM,09/14/2018 12:00:00 AM,Charlie Sector,,Officer,White,Male,4142,Neighborhood Pol Bureau
29969,Sustained,Black,Male,9076,19678,COC 2018-81,COC 2018-81,Improper Procedure (Class II),Not Sustained,Citizen complaint,Completed,03/28/2019 12:00:00 AM,09/04/2018 12:00:00 AM,08/12/2018 11:29:00 PM,08/10/2018 12:00:00 AM,08/12/2018 12:00:00 AM,Adam Sector,Involved Officer,Officer,White,Male,5076,Neighborhood Pol Bureau
29525,Sustained,,Female,8970,19435,COC 2018-44,COC 2018-44,Unsatisfactory Performance (Class II),Not Sustained,Citizen complaint,Completed,08/16/2018 12:00:00 AM,05/09/2018 12:00:00 AM,05/09/2018 10:22:00 AM,03/22/2018 12:00:00 AM,05/09/2018 12:00:00 AM,Sector 3,,Officer,Hispanic,Male,4088,Uniform Operations
31805,Unfounded,Black,Female,9312,20654,19-022862,COC 2019-63,Improper Procedure,Unfounded,Citizen complaint,Completed,11/20/2019 12:00:00 AM,05/08/2019 12:00:00 AM,05/28/2019 12:00:00 AM,05/01/2019 12:00:00 AM,05/08/2019 12:00:00 AM,Sector 2,,Officer,Black,Male,814,Uniform Operations
31141,Sustained,,,9432,20308,18-117282,COC 2019-26,Negligence (Class II),Not Sustained,COC Investigation,Completed,11/08/2019 12:00:00 AM,11/08/2019 12:00:00 AM,02/11/2019 07:38:00 PM,12/06/2018 12:00:00 AM,02/11/2019 12:00:00 AM,Sector 3,Involved Officer,Officer,Black,Male,3644,Uniform Operations
30402,Sustained,Unknown,Female,9249,19870,,IA 2018-95,Submitting Department Reports (Class II),Sustained,Citizen complaint,Completed,08/16/2019 12:00:00 AM,03/04/2019 12:00:00 AM,10/12/2018 12:00:00 AM,09/16/2018 12:00:00 AM,10/02/2018 12:00:00 AM,Charlie Sector,,Officer,White,Male,4796,Uniform Operations
32747,Non-Formalized,White,Female,9406,21140,19-096066,NF 2019-37,Unsatisfactory Performance (Class II),Non-Formalized,Citizen complaint,Completed,10/16/2019 12:00:00 AM,10/04/2019 12:00:00 AM,10/03/2019 11:46:00 PM,09/23/2019 12:00:00 AM,09/25/2019 12:00:00 AM,Baker Sector,Involved Officer,Officer,White,Male,4702,Uniform Operations
31549,Not Sustained,,Female,9274,20513,,COC 2019-44,Vehicle Use Violation (Class II),Not Sustained,Citizen complaint,Completed,04/08/2020 12:00:00 AM,04/18/2019 12:00:00 AM,04/18/2019 12:28:00 PM,04/08/2019 12:00:00 AM,04/18/2019 12:00:00 AM,Sector 1,Involved Officer,Officer,Black,Female,152,Uniform Operations
31194,Non-Formalized,Black,Female,9244,20333,19-016928,NF 2019-05,Unsatisfactory Conduct (Class II),Non-Formalized,Citizen complaint,Completed,03/26/2019 12:00:00 AM,02/20/2019 12:00:00 AM,02/20/2019 09:53:00 AM,02/19/2019 12:00:00 AM,02/19/2019 12:00:00 AM,Sector 1,,Officer,White,Male,4468,Uniform Operations
29736,Not Sustained,White,Male,9024,19548,COC 2018-63,COC 2018-63,Discourtesy (Class II),Not Sustained,Citizen complaint,Completed,10/15/2018 12:00:00 AM,06/26/2018 12:00:00 AM,06/26/2018 10:41:00 AM,06/19/2018 12:00:00 AM,06/25/2018 12:00:00 AM,,,Officer,Black,Male,4600,Criminal Inv Bureau
31618,Sustained,,,9276,20522,,COC 2019-52,Submitting Department Reports (Class II),Sustained,COC Investigation,Completed,08/29/2019 12:00:00 AM,04/29/2019 12:00:00 AM,04/22/2019 08:59:00 AM,04/22/2019 12:00:00 AM,04/22/2019 12:00:00 AM,Sector 3,,Officer,Black,Male,3644,Uniform Operations
30783,Not Sustained,W,M,9188,20101,,COC 2018-141,Improper Procedure (Class II),Not Sustained,Citizen complaint,Completed,05/03/2019 12:00:00 AM,12/12/2018 12:00:00 AM,12/12/2018 12:00:00 AM,10/27/2018 12:00:00 AM,11/29/2018 12:00:00 AM,Sector 1,,Officer,White,Male,4472,Uniform Operations
30013,Sustained,Unknown,Female,9066,19708,COC 2018-80,COC 2018-80,Discourtesy (Class II),Not Sustained,Citizen complaint,Completed,07/23/2019 12:00:00 AM,08/23/2018 12:00:00 AM,08/23/2018 01:36:00 PM,08/18/2018 12:00:00 AM,08/23/2018 12:00:00 AM,Adam Sector,,Officer,Hispanic,Male,4998,Neighborhood Pol Bureau
30349,Sustained,,,9567,19864,18-097486,IA 2018-105,Reporting Violations of Rules and Orders (Class II),Not Sustained,IA Investigation,Completed,06/26/2020 12:00:00 AM,03/11/2020 12:00:00 AM,10/10/2018 10:35:00 AM,09/13/2018 12:00:00 AM,10/10/2018 12:00:00 AM,Baker Sector,Involved Officer,Officer,White,Male,4702,Uniform Operations
32553,Sustained,,,9387,21047,19-084303,COC 2019-117,Improper Procedure (Class II),Sustained  1 Day Suspension,COC Investigation,Completed,08/14/2020 12:00:00 AM,09/13/2019 12:00:00 AM,09/13/2019 05:29:00 PM,08/23/2019 12:00:00 AM,09/13/2019 12:00:00 AM,Adam Sector,Involved Officer,Officer,White,Male,5184,Neighborhood Pol Bureau
31764,Sustained,White,Female,9301,20632,19-048996,COC 2019-60,Unsatisfactory Performance (Class II),Sustained,COC Investigation,Completed,03/17/2020 12:00:00 AM,05/21/2019 12:00:00 AM,05/21/2019 12:00:00 AM,05/21/2019 12:00:00 AM,05/21/2019 12:00:00 AM,Charlie Sector,,Officer,W,M,4866,Uniform Operations
29855,Not Sustained,White,Male,9037,19612,COC 2018-67,COC 2018-67,Unsatisfactory Conduct (Class II),Not Sustained,Citizen complaint,Completed,02/06/2019 12:00:00 AM,07/16/2018 12:00:00 AM,07/16/2018 11:42:00 AM,07/10/2018 12:00:00 AM,07/12/2018 12:00:00 AM,Adam Sector,,Officer,Hispanic,Male,4998,Neighborhood Pol Bureau
33124,Not Sustained,White,Female,9465,21352,19-112968,COC 2019-141,Improper Investigation (Class II),Not Sustained,Citizen complaint,Completed,06/25/2020 12:00:00 AM,11/27/2019 12:00:00 AM,11/27/2019 12:00:00 AM,11/08/2019 12:00:00 AM,11/27/2019 12:00:00 AM,Charlie Sector,,Officer,Hispanic,Male,5082,Neighborhood Pol Bureau
29857,Unfounded,White,Male,9057,19614,IA 2018-70,IA 2018-70,Use of Force Violation - Injury / Deadly Force (Class I),Unfounded,Citizen complaint,Completed,12/17/2018 12:00:00 AM,08/13/2018 12:00:00 AM,07/16/2018 12:00:00 AM,07/03/2016 12:00:00 AM,06/29/2018 12:00:00 AM,Sector 3,,Officer,White,Male,4268,Uniform Operations
29969,Sustained,Black,Male,9056,19678,COC 2018-81,COC 2018-81,Discourtesy (Class II),Sustained,Citizen complaint,Completed,03/28/2019 12:00:00 AM,08/12/2018 12:00:00 AM,08/12/2018 11:29:00 PM,08/10/2018 12:00:00 AM,08/12/2018 12:00:00 AM,Adam Sector,Involved Officer,Officer,White,Male,5076,Neighborhood Pol Bureau
29586,Unfounded,Black,Female,8981,19466,COC 2018-50,COC 2018-50,Unsatisfactory Performance (Class II),Unfounded,Citizen complaint,Completed,08/16/2018 12:00:00 AM,05/24/2018 12:00:00 AM,05/24/2018 02:07:00 PM,04/09/2018 12:00:00 AM,05/14/2018 12:00:00 AM,Sector 1,,Officer,Hispanic,Male,4734,Uniform Operations
31047,Sustained,Black,Male,9297,20255,19-007988,COC 2019-21,Discourtesy (Class II),Sustained,COC Investigation,Completed,03/17/2019 12:00:00 AM,05/17/2019 12:00:00 AM,01/30/2019 12:38:00 PM,01/24/2019 12:00:00 AM,01/30/2019 12:00:00 AM,Adam Sector,Involved Officer,Officer,White,Female,4994,Neighborhood Pol Bureau
32170,Unfounded,Black,Female,9354,20823,19-064537,COC 2019-89,Improper Procedure (Class II),Unfounded,Citizen complaint,Completed,11/20/2019 12:00:00 AM,07/19/2019 12:00:00 AM,07/19/2019 01:45:00 PM,07/02/2019 12:00:00 AM,07/19/2019 12:00:00 AM,,,Officer,Black,Male,4086,Criminal Inv Bureau
30349,Sustained,,,9105,19864,18-097486,IA 2018-105,Submitting Department Reports (Class II),Sustained,IA Investigation,Completed,06/26/2020 12:00:00 AM,10/10/2018 12:00:00 AM,10/10/2018 10:35:00 AM,09/13/2018 12:00:00 AM,10/10/2018 12:00:00 AM,Baker Sector,Involved Officer,Officer,White,Male,4702,Uniform Operations
31433,Sustained,,,9550,20462,,COC 2019-39,Unauthorized Employee Recordings (Class II),Sustained,COC Investigation,Completed,09/17/2019 12:00:00 AM,02/07/2020 12:00:00 AM,04/08/2019 02:18:00 PM,04/07/2019 12:00:00 AM,04/07/2019 12:00:00 AM,Sector 2,,Officer,White,Male,4398,Uniform Operations
29586,Unfounded,Black,Female,8982,19466,COC 2018-50,COC 2018-50,Submitting Department Reports (Class II),Unfounded,Citizen complaint,Completed,08/16/2018 12:00:00 AM,05/24/2018 12:00:00 AM,05/24/2018 02:07:00 PM,04/09/2018 12:00:00 AM,05/14/2018 12:00:00 AM,Sector 1,,Officer,Hispanic,Male,4734,Uniform Operations
29487,Sustained,White,Male,8961,19409,COC 2018-39,COC 2018-39,Supervisory Responsibility (Class II),Sustained,Citizen complaint,Completed,09/07/2018 12:00:00 AM,04/26/2018 12:00:00 AM,04/26/2018 05:54:00 PM,05/12/2017 12:00:00 AM,04/26/2018 12:00:00 AM,,,Officer,Black,Male,1050,Investigative Services
30891,Sustained,,,9202,20164,,COC 2019-20,Insubordination - Level II (Class II),Not Sustained,COC Investigation,Completed,05/22/2019 12:00:00 AM,01/02/2019 12:00:00 AM,01/02/2019 07:49:00 AM,01/02/2019 12:00:00 AM,01/02/2019 12:00:00 AM,Sector 2,Involved Officer,Officer,White,Male,3084,Uniform Operations
30776,Sustained,Unknown,Female,9251,19870,,IA 2018-95,Submitting Department Reports (Class II),Resigned Under Inv,Citizen complaint,Completed,08/07/2019 12:00:00 AM,03/04/2019 12:00:00 AM,10/12/2018 12:00:00 AM,09/16/2018 12:00:00 AM,10/02/2018 12:00:00 AM,Charlie Sector,,Officer,White,Male,5068,Neighborhood Pol Bureau
32939,Exonerated,Black,Male,9427,21259,19-109762,COC 2019-139,Improper Procedure (Class II),Exonerated,Citizen complaint,Completed,,10/31/2019 12:00:00 AM,10/31/2019 12:50:00 PM,10/30/2019 12:00:00 AM,10/30/2019 12:00:00 AM,Baker Sector,Involved Officer,Officer,White,Male,4250,Uniform Operations
32481,Sustained,Black,Male,9540,21009,19-030314,COC 2019-103,Improper Procedure (Class II),Sustained,COC Investigation,Completed,01/21/2020 12:00:00 AM,01/21/2020 12:00:00 AM,09/03/2019 12:00:00 AM,03/31/2019 12:00:00 AM,04/02/2019 12:00:00 AM,Adam Sector,Involved Officer,Officer,White,Male,4530,Uniform Operations
32940,Exonerated,Black,Male,9429,21259,19-109762,COC 2019-139,Improper Procedure (Class II),Exonerated,Citizen complaint,Completed,,10/31/2019 12:00:00 AM,10/31/2019 12:50:00 PM,10/30/2019 12:00:00 AM,10/30/2019 12:00:00 AM,Baker Sector,,Officer,White,Male,4482,Community Srvcs Bureau
32555,Sustained,,,9728,21048,19-092457,IA 2019-118,Reporting for Duty (Class II),Sustained,IA Investigation,Completed,09/03/2020 12:00:00 AM,09/03/2020 12:00:00 AM,09/14/2019 01:47:00 AM,09/14/2019 12:00:00 AM,09/14/2019 12:00:00 AM,Charlie Sector,,Officer,Black,Male,1420,Uniform Operations
29488,Sustained,White,Male,8962,19409,COC 2018-39,COC 2018-39,Unsatisfactory Performance (Class II),Sustained,Citizen complaint,Completed,11/15/2018 12:00:00 AM,04/26/2018 12:00:00 AM,04/26/2018 05:54:00 PM,05/12/2017 12:00:00 AM,04/26/2018 12:00:00 AM,,,Officer,White,Male,884,Investigative Services
29988,Unfounded,White,Male,9060,19689,COC 2018-74,COC 2018-74,Discourtesy (Class II),Unfounded,Citizen complaint,Completed,12/17/2018 12:00:00 AM,08/16/2018 12:00:00 AM,08/16/2018 10:00:00 AM,08/14/2018 12:00:00 AM,08/16/2018 12:00:00 AM,Sector 2,,Officer,Black,Male,328,Uniform Operations
29434,Unfounded,Black,Female,8950,19383,COC 2018-35,COC 2018-35,Unsatisfactory Performance (Class II),Unfounded,Citizen complaint,Completed,11/13/2018 12:00:00 AM,04/18/2018 12:00:00 AM,04/18/2018 01:36:00 PM,02/27/2018 12:00:00 AM,04/11/2018 12:00:00 AM,,,Officer,White,Male,4078,Investigaions II
29485,Unfounded,,Female,8957,19408,COC 2018-38,COC 2018-38,Unsatisfactory Performance (Class II),Unfounded,Citizen complaint,Completed,08/12/2018 12:00:00 AM,04/26/2018 12:00:00 AM,04/26/2018 05:17:00 PM,04/22/2018 12:00:00 AM,04/26/2018 12:00:00 AM,Charlie Sector,,Officer,Black,Female,3658,Neighborhood Pol Bureau
30776,Sustained,Unknown,Female,9186,19870,,IA 2018-95,Use of Force Violation - Injury / Deadly Force (Class I),Resigned Under Inv,Citizen complaint,Completed,08/07/2019 12:00:00 AM,12/11/2018 12:00:00 AM,10/12/2018 12:00:00 AM,09/16/2018 12:00:00 AM,10/02/2018 12:00:00 AM,Charlie Sector,,Officer,White,Male,5068,Neighborhood Pol Bureau
29525,Sustained,,Female,8971,19435,COC 2018-44,COC 2018-44,Discourtesy (Class II),Not Sustained,Citizen complaint,Completed,08/08/2016 12:00:00 AM,05/09/2018 12:00:00 AM,05/09/2018 10:22:00 AM,03/22/2018 12:00:00 AM,05/09/2018 12:00:00 AM,Sector 3,,Officer,Hispanic,Male,4088,Uniform Operations
33036,Sustained,,,9714,21048,19-092457,IA 2019-118,Extra Employment Violation (Class I),Sustained,IA Investigation,Completed,09/11/2020 12:00:00 AM,08/21/2020 12:00:00 AM,09/14/2019 01:47:00 AM,09/14/2019 12:00:00 AM,09/14/2019 12:00:00 AM,BAKER,Involved Officer,Officer,Black,Male,814,Uniform Operations
29430,Administratively Closed,Black,Female,8949,19380,COC 2018-34,COC 2018-34,Discourtesy (Class II),Resigned Under Inv,Citizen complaint,Completed,06/22/2018 12:00:00 AM,04/17/2018 12:00:00 AM,04/17/2018 12:58:00 PM,04/07/2018 12:00:00 AM,04/16/2018 12:00:00 AM,Sector 2,,Officer,Asian,Male,4674,Uniform Operations
29486,Unfounded,,Female,8960,19408,COC 2018-38,COC 2018-38,Improper Procedure (Class II),Unfounded,Citizen complaint,Completed,08/12/2018 12:00:00 AM,04/26/2018 12:00:00 AM,04/26/2018 05:17:00 PM,04/22/2018 12:00:00 AM,04/26/2018 12:00:00 AM,Sector 3,,Officer,Black,Male,4484,Uniform Operations
32940,Exonerated,Black,Male,9430,21259,19-109762,COC 2019-139,Improper Search (Class II),Exonerated,Citizen complaint,Completed,,10/31/2019 12:00:00 AM,10/31/2019 12:50:00 PM,10/30/2019 12:00:00 AM,10/30/2019 12:00:00 AM,Baker Sector,,Officer,White,Male,4482,Community Srvcs Bureau
